mtllib ee_link_robotiq_arg2f_base_link_collisions_robotiq_arg2f_base_link_mesh.mtl
v -0.034322358667850494 -0.015107126906514168 0.02995000034570694
v -0.035063110291957855 -0.013297682628035545 0.0030999998562037945
v -0.03320460766553879 -0.017427118495106697 0.0030999998562037945
v -0.03641032427549362 -0.008974337950348854 0.0030999998562037945
v -0.03442778438329697 -0.008658936247229576 0.0004999999073334038
v -0.035063110291957855 -0.013297682628035545 0.0030999998562037945
v 0.00452012475579977 -0.03722658008337021 0.0030999998562037945
v -7.421311898347938e-10 -0.03750000149011612 0.0030999998562037945
v 0.0010932229924947023 -0.03548315912485123 0.0004999999073334038
v -0.035063110291957855 0.013297682628035545 0.0030999998562037945
v -0.03442778438329697 0.008658936247229576 0.0004999999073334038
v -0.03641032427549362 0.008974337950348854 0.0030999998562037945
v -0.03523092716932297 -0.004362532868981361 0.0004999999073334038
v -0.03500000387430191 1.2185967512845508e-10 -1.4664500169736527e-10
v -0.03473471850156784 -0.004301091656088829 -1.4664500169736527e-10
v -0.03523092716932297 -0.004362532868981361 0.0004999999073334038
v -0.03641032427549362 -0.008974337950348854 0.0030999998562037945
v -0.03722658008337021 -0.004520123824477196 0.0030999998562037945
v -0.037371136248111725 -0.0031062045600265265 0.02995000034570694
v -0.03750000149011612 1.2185967512845508e-10 0.0030999998562037945
v -0.03722658008337021 -0.004520123824477196 0.0030999998562037945
v -0.035499997437000275 1.2185967512845508e-10 0.0004999999073334038
v -0.03722658008337021 -0.004520123824477196 0.0030999998562037945
v -0.03750000149011612 1.2185967512845508e-10 0.0030999998562037945
v -0.017427124083042145 -0.03320460021495819 0.0030999998562037945
v -0.0078108469024300575 -0.041585445404052734 0.0553930401802063
v -0.021302424371242523 -0.03086189366877079 0.0030999998562037945
v -0.009999998845160007 0.015449999831616879 0.09000000357627869
v -0.03411637991666794 0.015016458928585052 0.031625594943761826
v -0.03376922756433487 0.01486365869641304 0.032653696835041046
v -0.03750000149011612 1.2185967512845508e-10 0.02995000034570694
v -0.037371136248111725 0.003106206888332963 0.02995000034570694
v -0.03750000149011612 1.2185967512845508e-10 0.0030999998562037945
v -0.037371136248111725 -0.0031062045600265265 0.02995000034570694
v -0.03750000149011612 1.2185967512845508e-10 0.02995000034570694
v -0.03750000149011612 1.2185967512845508e-10 0.0030999998562037945
v -0.03376922756433487 0.01486365869641304 0.032653696835041046
v -0.03488437086343765 0.01201540231704712 0.032653696835041046
v -0.009999998845160007 0.015449999831616879 0.09000000357627869
v -0.03411637991666794 0.015016458928585052 0.031625594943761826
v -0.03524298220872879 0.01213892176747322 0.031625594943761826
v -0.03488437086343765 0.01201540231704712 0.032653696835041046
v -0.03411637991666794 0.015016458928585052 0.031625594943761826
v -0.03488437086343765 0.01201540231704712 0.032653696835041046
v -0.03376922756433487 0.01486365869641304 0.032653696835041046
v -0.03575975447893143 0.009084563702344894 0.032653696835041046
v -0.03638935834169388 0.006091287359595299 0.032653696835041046
v -0.009999998845160007 0.015449999831616879 0.09000000357627869
v -0.03488437086343765 0.01201540231704712 0.032653696835041046
v -0.03575975447893143 0.009084563702344894 0.032653696835041046
v -0.009999998845160007 0.015449999831616879 0.09000000357627869
v -0.03320460766553879 -0.017427118495106697 0.0030999998562037945
v -0.033188141882419586 -0.01741904206573963 0.02995000034570694
v -0.034322358667850494 -0.015107126906514168 0.02995000034570694
v -0.03320460766553879 -0.017427118495106697 0.0030999998562037945
v -0.03086189180612564 -0.02130242995917797 0.0030999998562037945
v -0.03135726600885391 -0.020566271618008614 0.02995000034570694
v -0.0289749875664711 -0.020510969683527946 0.0004999999073334038
v -0.0280691459774971 -0.0248671006411314 0.0030999998562037945
v -0.03086189180612564 -0.02130242995917797 0.0030999998562037945
v -0.029545970261096954 -0.02309298701584339 0.02995000034570694
v -0.03086189180612564 -0.02130242995917797 0.0030999998562037945
v -0.0280691459774971 -0.0248671006411314 0.0030999998562037945
v -0.029545970261096954 -0.02309298701584339 0.02995000034570694
v -0.03135726600885391 -0.020566271618008614 0.02995000034570694
v -0.03086189180612564 -0.02130242995917797 0.0030999998562037945
v -0.03634548932313919 -0.009233368560671806 0.02995000034570694
v -0.03640041500329971 -0.008972255513072014 0.02995000034570694
v -0.03641032427549362 -0.008974337950348854 0.0030999998562037945
v -0.03640041500329971 -0.008972255513072014 0.02995000034570694
v -0.03631817549467087 -0.00922643207013607 0.03054758906364441
v -0.03695761412382126 -0.006186408922076225 0.03054758906364441
v -0.03640041500329971 -0.008972255513072014 0.02995000034570694
v -0.03634548932313919 -0.009233368560671806 0.02995000034570694
v -0.03631817549467087 -0.00922643207013607 0.03054758906364441
v 0.01329768355935812 -0.035063110291957855 0.0030999998562037945
v 0.006778082810342312 -0.041972316801548004 0.05365714803338051
v 0.00897433515638113 -0.036410316824913025 0.0030999998562037945
v 0.00786206778138876 -0.041471198201179504 0.05372043699026108
v 0.017427116632461548 -0.03320460021495819 0.0030999998562037945
v 0.02130243182182312 -0.03086189366877079 0.0030999998562037945
v 0.02130243182182312 -0.03086189366877079 0.0030999998562037945
v 0.021393530070781708 -0.02832961268723011 0.0004999999073334038
v 0.02486710250377655 -0.02806915156543255 0.0030999998562037945
v 0.024712756276130676 0.025485873222351074 0.0004999999073334038
v 0.027657359838485718 0.02225579507648945 0.0004999999073334038
v 0.02726782113313675 0.02194233424961567 -1.4664500169736527e-10
v 0.02486710250377655 0.028069153428077698 0.0030999998562037945
v 0.028069153428077698 0.0248671006411314 0.0030999998562037945
v 0.024712756276130676 0.025485873222351074 0.0004999999073334038
v 0.024712756276130676 0.025485873222351074 0.0004999999073334038
v 0.028069153428077698 0.0248671006411314 0.0030999998562037945
v 0.027657359838485718 0.02225579507648945 0.0004999999073334038
v 0.00452012475579977 0.03722658380866051 0.0030999998562037945
v 0.005445404909551144 0.035079874098300934 0.0004999999073334038
v 0.0010932229924947023 0.035483162850141525 0.0004999999073334038
v 0.01329768355935812 0.035063110291957855 0.0030999998562037945
v 0.00897433515638113 0.036410316824913025 0.0030999998562037945
v 0.006778380833566189 0.04197114333510399 0.053648725152015686
v 0.005445404909551144 0.035079874098300934 0.0004999999073334038
v 0.00452012475579977 0.03722658380866051 0.0030999998562037945
v 0.00897433515638113 0.036410316824913025 0.0030999998562037945
v -0.03641032427549362 0.008974337950348854 0.0030999998562037945
v -0.035455770790576935 0.01221221499145031 0.02995000034570694
v -0.035063110291957855 0.013297682628035545 0.0030999998562037945
v -0.024867095053195953 0.028069153428077698 0.0030999998562037945
v -0.026234813034534454 0.023916196078062057 0.0004999999073334038
v -0.0280691459774971 0.0248671006411314 0.0030999998562037945
v 0.0020000033546239138 -0.030500000342726707 -0.0027397775556892157
v 0.03493361920118332 -0.002154631307348609 -1.4664500169736527e-10
v 0.0019696124363690615 -0.030847297981381416 -0.0027397775556892157
v 0.0019696124363690615 -0.030847297981381416 -0.0027397775556892157
v 0.03493361920118332 -0.002154631307348609 -1.4664500169736527e-10
v 0.03440406173467636 -0.006431235000491142 -1.4664500169736527e-10
v 0.036410316824913025 0.008974337950348854 0.0030999998562037945
v 0.03382944315671921 0.010761920362710953 0.0004999999073334038
v 0.035063110291957855 0.013297682628035545 0.0030999998562037945
v 0.03493361920118332 -0.002154631307348609 -1.4664500169736527e-10
v 0.03489554673433304 -0.00652310810983181 0.0004999999073334038
v 0.03440406173467636 -0.006431235000491142 -1.4664500169736527e-10
v 0.0019696124363690615 -0.030847297981381416 -0.0027397775556892157
v 0.03335297107696533 -0.010610343888401985 -1.4664501557515308e-10
v 0.001879385905340314 -0.031184041872620583 -0.0027397775556892157
v 0.0019696124363690615 -0.030847297981381416 -0.0027397775556892157
v 0.03440406173467636 -0.006431235000491142 -1.4664500169736527e-10
v 0.03335297107696533 -0.010610343888401985 -1.4664501557515308e-10
v 0.00897433515638113 -0.036410316824913025 0.0030999998562037945
v 0.009715034626424313 -0.0341448113322258 0.0004999999073334038
v 0.01329768355935812 -0.035063110291957855 0.0030999998562037945
v -0.009628244675695896 -0.03951532393693924 0.05820722132921219
v -0.009204157628118992 -0.039973050355911255 0.058361876755952835
v -0.009596639312803745 -0.038982048630714417 0.05956563353538513
v -0.03523092716932297 -0.004362532868981361 0.0004999999073334038
v -0.035432763397693634 -0.001090114819817245 0.0004999999073334038
v -0.03500000387430191 1.2185967512845508e-10 -1.4664500169736527e-10
v -0.035499997437000275 1.2185967512845508e-10 0.0004999999073334038
v -0.03500000387430191 1.2185967512845508e-10 -1.4664500169736527e-10
v -0.035432763397693634 -0.001090114819817245 0.0004999999073334038
v -0.03722658008337021 -0.004520123824477196 0.0030999998562037945
v -0.035432763397693634 -0.001090114819817245 0.0004999999073334038
v -0.03523092716932297 -0.004362532868981361 0.0004999999073334038
v -0.03722658008337021 -0.004520123824477196 0.0030999998562037945
v -0.035499997437000275 1.2185967512845508e-10 0.0004999999073334038
v -0.035432763397693634 -0.001090114819817245 0.0004999999073334038
v -0.035499997437000275 1.2185967512845508e-10 0.0004999999073334038
v -0.03523092716932297 0.004362534731626511 0.0004999999073334038
v -0.03500000387430191 1.2185967512845508e-10 -1.4664500169736527e-10
v -0.03442778438329697 0.008658936247229576 0.0004999999073334038
v -0.03523092716932297 0.004362534731626511 0.0004999999073334038
v -0.03641032427549362 0.008974337950348854 0.0030999998562037945
v -0.03473471850156784 -0.004301091656088829 -1.4664500169736527e-10
v -0.03503023833036423 -0.0054361242800951 0.0004999999073334038
v -0.03523092716932297 -0.004362532868981361 0.0004999999073334038
v -0.03641032427549362 -0.008974337950348854 0.0030999998562037945
v -0.03503023833036423 -0.0054361242800951 0.0004999999073334038
v -0.03442778438329697 -0.008658936247229576 0.0004999999073334038
v -0.03523092716932297 -0.004362532868981361 0.0004999999073334038
v -0.03503023833036423 -0.0054361242800951 0.0004999999073334038
v -0.03641032427549362 -0.008974337950348854 0.0030999998562037945
v -0.036985404789447784 -0.006191061809659004 0.02995000034570694
v -0.03722658008337021 -0.004520123824477196 0.0030999998562037945
v -0.03641032427549362 -0.008974337950348854 0.0030999998562037945
v -0.036985404789447784 -0.006191061809659004 0.02995000034570694
v -0.03640041500329971 -0.008972255513072014 0.02995000034570694
v -0.03695761412382126 -0.006186408922076225 0.03054758906364441
v -0.03640041500329971 -0.008972255513072014 0.02995000034570694
v -0.036985404789447784 -0.006191061809659004 0.02995000034570694
v -0.03641032427549362 -0.008974337950348854 0.0030999998562037945
v -0.032636530697345734 0.01264345832169056 -1.4664500169736527e-10
v -0.03310275822877884 0.012824079021811485 0.0004999999073334038
v -0.03127593547105789 0.016794821247458458 0.0004999999073334038
v -0.03320460766553879 0.017427118495106697 0.0030999998562037945
v -0.03310275822877884 0.012824079021811485 0.0004999999073334038
v -0.035063110291957855 0.013297682628035545 0.0030999998562037945
v -0.03127593547105789 0.016794821247458458 0.0004999999073334038
v -0.03310275822877884 0.012824079021811485 0.0004999999073334038
v -0.03320460766553879 0.017427118495106697 0.0030999998562037945
v -0.01560083869844675 0.031330715864896774 -1.4664500169736527e-10
v -0.011632421053946018 0.03301040455698967 -1.4664500169736527e-10
v -0.0006840385613031685 -0.028620613738894463 -0.0027397775556892157
v -0.024867095053195953 -0.02806915156543255 0.0030999998562037945
v -0.027531586587429047 -0.0254609826952219 0.02995000034570694
v -0.0280691459774971 -0.0248671006411314 0.0030999998562037945
v -0.0280691459774971 -0.0248671006411314 0.0030999998562037945
v -0.027531586587429047 -0.0254609826952219 0.02995000034570694
v -0.029545970261096954 -0.02309298701584339 0.02995000034570694
v -0.0280691459774971 -0.0248671006411314 0.0030999998562037945
v -0.026234813034534454 -0.023916194215416908 0.0004999999073334038
v -0.024867095053195953 -0.02806915156543255 0.0030999998562037945
v -0.0289749875664711 -0.020510969683527946 0.0004999999073334038
v -0.026234813034534454 -0.023916194215416908 0.0004999999073334038
v -0.0280691459774971 -0.0248671006411314 0.0030999998562037945
v -0.03523092716932297 0.004362534731626511 0.0004999999073334038
v -0.03473471850156784 0.00430108979344368 -1.4664500169736527e-10
v -0.03500000387430191 1.2185967512845508e-10 -1.4664500169736527e-10
v -0.03523092716932297 0.004362534731626511 0.0004999999073334038
v -0.03442778438329697 0.008658936247229576 0.0004999999073334038
v -0.03473471850156784 0.00430108979344368 -1.4664500169736527e-10
v -0.03473471850156784 -0.004301091656088829 -1.4664500169736527e-10
v -0.03500000387430191 1.2185967512845508e-10 -1.4664500169736527e-10
v -0.0019999973010271788 -0.030500000342726707 -0.0027397775556892157
v -0.03473471850156784 0.00430108979344368 -1.4664500169736527e-10
v -0.0019999973010271788 -0.030500000342726707 -0.0027397775556892157
v -0.03500000387430191 1.2185967512845508e-10 -1.4664500169736527e-10
v -0.03473471850156784 0.00430108979344368 -1.4664500169736527e-10
v -0.0019696138333529234 -0.030152702704072 -0.0027397775556892157
v -0.0019999973010271788 -0.030500000342726707 -0.0027397775556892157
v -0.0098452502861619 0.022305713966488838 0.08221553266048431
v -0.01014926377683878 0.037562429904937744 0.060337912291288376
v -0.0327552929520607 0.017790786921977997 0.031625594943761826
v -0.009514384903013706 0.038296766579151154 0.06086975336074829
v -0.01014926377683878 0.037562429904937744 0.060337912291288376
v -0.0098452502861619 0.022305713966488838 0.08221553266048431
v -0.03411637991666794 0.015016458928585052 0.031625594943761826
v -0.0098452502861619 0.021676434203982353 0.08301291614770889
v -0.0327552929520607 0.017790786921977997 0.031625594943761826
v -0.0098452502861619 0.022305713966488838 0.08221553266048431
v -0.0327552929520607 0.017790786921977997 0.031625594943761826
v -0.0098452502861619 0.021676434203982353 0.08301291614770889
v -0.009999998845160007 0.015449999831616879 0.09000000357627869
v -0.0098452502861619 0.021676434203982353 0.08301291614770889
v -0.03411637991666794 0.015016458928585052 0.031625594943761826
v -0.009999998845160007 -0.015449998900294304 0.09000000357627869
v -0.03638935834169388 -0.006091287359595299 0.032653696835041046
v -0.03575975447893143 -0.009084565564990044 0.032653696835041046
v -0.009999998845160007 0.015449999831616879 0.09000000357627869
v -0.03689565509557724 1.2185967512845508e-10 0.032653696835041046
v -0.009999998845160007 -0.015449998900294304 0.09000000357627869
v -0.03631817549467087 -0.00922643207013607 0.03054758906364441
v -0.03612736612558365 -0.009177954867482185 0.031625594943761826
v -0.03695761412382126 -0.006186408922076225 0.03054758906364441
v -0.03638935834169388 -0.006091287359595299 0.032653696835041046
v -0.03612736612558365 -0.009177954867482185 0.031625594943761826
v -0.03575975447893143 -0.009084565564990044 0.032653696835041046
v -0.034322358667850494 -0.015107126906514168 0.02995000034570694
v -0.035455770790576935 -0.01221221499145031 0.02995000034570694
v -0.035063110291957855 -0.013297682628035545 0.0030999998562037945
v -0.035063110291957855 -0.013297682628035545 0.0030999998562037945
v -0.035455770790576935 -0.01221221499145031 0.02995000034570694
v -0.03641032427549362 -0.008974337950348854 0.0030999998562037945
v -0.03634548932313919 -0.009233368560671806 0.02995000034570694
v -0.03641032427549362 -0.008974337950348854 0.0030999998562037945
v -0.035455770790576935 -0.01221221499145031 0.02995000034570694
v -0.009999998845160007 -0.015449998900294304 0.09000000357627869
v -0.0098452502861619 -0.021676434203982353 0.08301291614770889
v -0.009140127338469028 -0.02231290377676487 0.08355932682752609
v -0.03575975447893143 -0.009084565564990044 0.032653696835041046
v -0.03488437086343765 -0.012015404179692268 0.032653696835041046
v -0.009999998845160007 -0.015449998900294304 0.09000000357627869
v -0.03612736612558365 -0.009177954867482185 0.031625594943761826
v -0.03488437086343765 -0.012015404179692268 0.032653696835041046
v -0.03575975447893143 -0.009084565564990044 0.032653696835041046
v -0.033188141882419586 -0.01741904206573963 0.02995000034570694
v -0.034296564757823944 -0.015095772221684456 0.03054758906364441
v -0.034322358667850494 -0.015107126906514168 0.02995000034570694
v -0.03292829543352127 -0.01788475550711155 0.03054758906364441
v -0.034296564757823944 -0.015095772221684456 0.03054758906364441
v -0.033188141882419586 -0.01741904206573963 0.02995000034570694
v -0.009976782836019993 -0.03851547837257385 0.05932486057281494
v -0.03116907924413681 -0.020442841574549675 0.031625594943761826
v -0.009596639312803745 -0.038982048630714417 0.05956563353538513
v -0.009628244675695896 -0.03951532393693924 0.05820722132921219
v -0.03116907924413681 -0.020442841574549675 0.031625594943761826
v -0.029368646442890167 -0.022954391315579414 0.031625594943761826
v -0.03116907924413681 -0.020442841574549675 0.031625594943761826
v -0.009628244675695896 -0.03951532393693924 0.05820722132921219
v -0.009596639312803745 -0.038982048630714417 0.05956563353538513
v -0.03135726600885391 -0.020566271618008614 0.02995000034570694
v -0.032953061163425446 -0.017898207530379295 0.02995000034570694
v -0.03320460766553879 -0.017427118495106697 0.0030999998562037945
v -0.032953061163425446 -0.017898207530379295 0.02995000034570694
v -0.033188141882419586 -0.01741904206573963 0.02995000034570694
v -0.03320460766553879 -0.017427118495106697 0.0030999998562037945
v -0.033188141882419586 -0.01741904206573963 0.02995000034570694
v -0.032953061163425446 -0.017898207530379295 0.02995000034570694
v -0.03292829543352127 -0.01788475550711155 0.03054758906364441
v 0.004699996672570705 -0.04242835193872452 0.05448383837938309
v -0.004699998535215855 -0.04237815737724304 0.05383343622088432
v -7.421311898347938e-10 -0.03750000149011612 0.0030999998562037945
v 0.00897433515638113 -0.036410316824913025 0.0030999998562037945
v 0.005671239458024502 -0.042254626750946045 0.05362149327993393
v 0.00452012475579977 -0.03722658008337021 0.0030999998562037945
v -0.005113639868795872 -0.04241223633289337 0.05505681037902832
v -0.004699998535215855 -0.04244302213191986 0.054994042962789536
v -0.005111590959131718 -0.042414598166942596 0.05510138347744942
v -0.005111590959131718 -0.042414598166942596 0.05510138347744942
v -0.004699998535215855 -0.04244302213191986 0.054994042962789536
v -0.004699998535215855 -0.0424322634935379 0.05560275539755821
v 0.004699996672570705 -0.04242835193872452 0.05448383837938309
v -0.004699998535215855 -0.04244302213191986 0.054994042962789536
v -0.004699998535215855 -0.04237815737724304 0.05383343622088432
v -0.004699998535215855 -0.0424322634935379 0.05560275539755821
v -0.004699998535215855 -0.04244302213191986 0.054994042962789536
v 0.004699996672570705 -0.042443349957466125 0.055065494030714035
v 0.017427116632461548 -0.03320460021495819 0.0030999998562037945
v 0.017750002443790436 -0.030743902549147606 0.0004999999073334038
v 0.02130243182182312 -0.03086189366877079 0.0030999998562037945
v 0.02130243182182312 -0.03086189366877079 0.0030999998562037945
v 0.017750002443790436 -0.030743902549147606 0.0004999999073334038
v 0.021393530070781708 -0.02832961268723011 0.0004999999073334038
v 0.009241296909749508 -0.04031093418598175 0.05689113587141037
v 0.02751089632511139 -0.025441849604249 0.03054758906364441
v 0.029523760080337524 -0.023075630888342857 0.03054758906364441
v 0.02295030653476715 -0.029656926169991493 0.02995000034570694
v 0.008821873925626278 -0.04086502641439438 0.055394772440195084
v 0.02486710250377655 -0.02806915156543255 0.0030999998562037945
v 0.03638935834169388 -0.006091287359595299 0.032653696835041046
v 0.03676886111497879 -0.0030561478342860937 0.032653696835041046
v 0.009999996982514858 -0.015449998900294304 0.09000000357627869
v 0.009999996982514858 -0.015449998900294304 0.09000000357627869
v 0.03575975447893143 -0.009084565564990044 0.032653696835041046
v 0.03638935834169388 -0.006091287359595299 0.032653696835041046
v 0.029545962810516357 -0.02309298701584339 0.02995000034570694
v 0.028069153428077698 -0.0248671006411314 0.0030999998562037945
v 0.030861899256706238 -0.02130242995917797 0.0030999998562037945
v 0.03320460021495819 -0.017427118495106697 0.0030999998562037945
v 0.03135727345943451 -0.020566271618008614 0.02995000034570694
v 0.030861899256706238 -0.02130242995917797 0.0030999998562037945
v 0.03225051611661911 -0.014837590977549553 0.0004999999073334038
v 0.035063110291957855 -0.013297682628035545 0.0030999998562037945
v 0.03320460021495819 -0.017427118495106697 0.0030999998562037945
v 0.02726782113313675 0.02194233424961567 -1.4664500169736527e-10
v 0.029757604002952576 0.018425125628709793 -1.4664500169736527e-10
v 0.0015320919919759035 -0.02921442501246929 -0.0027397775556892157
v 0.0015320919919759035 -0.02921442501246929 -0.0027397775556892157
v 0.024364687502384186 0.02512691728770733 -1.4664500169736527e-10
v 0.02726782113313675 0.02194233424961567 -1.4664500169736527e-10
v 0.024712756276130676 0.025485873222351074 0.0004999999073334038
v 0.024364687502384186 0.02512691728770733 -1.4664500169736527e-10
v 0.021092213690280914 0.027930602431297302 -1.4664500169736527e-10
v 0.02726782113313675 0.02194233424961567 -1.4664500169736527e-10
v 0.024364687502384186 0.02512691728770733 -1.4664500169736527e-10
v 0.024712756276130676 0.025485873222351074 0.0004999999073334038
v 0.001879385905340314 -0.029815958812832832 -0.0027397775556892157
v 0.03179628401994705 0.014628611505031586 -1.4664500169736527e-10
v 0.03335297107696533 0.010610343888401985 -1.4664500169736527e-10
v 0.03382944315671921 0.010761920362710953 0.0004999999073334038
v 0.03335297107696533 0.010610343888401985 -1.4664500169736527e-10
v 0.03179628401994705 0.014628611505031586 -1.4664500169736527e-10
v 0.03335297107696533 0.010610343888401985 -1.4664500169736527e-10
v 0.03382944315671921 0.010761920362710953 0.0004999999073334038
v 0.03440406173467636 0.006431233137845993 -1.4664500169736527e-10
v 0.001879385905340314 -0.029815958812832832 -0.0027397775556892157
v 0.03335297107696533 0.010610343888401985 -1.4664500169736527e-10
v 0.0019696124363690615 -0.030152702704072 -0.0027397775556892157
v 0.0019696124363690615 -0.030152702704072 -0.0027397775556892157
v 0.03335297107696533 0.010610343888401985 -1.4664500169736527e-10
v 0.03440406173467636 0.006431233137845993 -1.4664500169736527e-10
v 0.017427116632461548 0.03320460021495819 0.0030999998562037945
v 0.02130243182182312 0.03086189553141594 0.0030999998562037945
v 0.017750002443790436 0.030743902549147606 0.0004999999073334038
v 0.0012855746317654848 -0.02896791137754917 -0.0027397775556892157
v 0.0010000013280659914 -0.02876794897019863 -0.0027397775556892157
v 0.021092213690280914 0.027930602431297302 -1.4664500169736527e-10
v 0.024364687502384186 0.02512691728770733 -1.4664500169736527e-10
v 0.0012855746317654848 -0.02896791137754917 -0.0027397775556892157
v 0.021092213690280914 0.027930602431297302 -1.4664500169736527e-10
v 0.024364687502384186 0.02512691728770733 -1.4664500169736527e-10
v 0.0015320919919759035 -0.02921442501246929 -0.0027397775556892157
v 0.0012855746317654848 -0.02896791137754917 -0.0027397775556892157
v 1.5564291970804334e-06 0.03544953092932701 0.0004999999073334038
v 0.0010932229924947023 0.035483162850141525 0.0004999999073334038
v 0.0010778300929814577 0.034983400255441666 -1.4664500169736527e-10
v 1.5564291970804334e-06 0.03544953092932701 0.0004999999073334038
v 0.0010778300929814577 0.034983400255441666 -1.4664500169736527e-10
v -0.003229395253583789 0.034850697964429855 -1.4664500169736527e-10
v 0.004699996672570705 0.04237815737724304 0.05383343622088432
v -0.004699998535215855 0.04242835193872452 0.05448383837938309
v 0.004699996672570705 0.04244302213191986 0.054994042962789536
v 0.036410316824913025 0.008974337950348854 0.0030999998562037945
v 0.035063110291957855 0.013297682628035545 0.0030999998562037945
v 0.035455770790576935 0.01221221499145031 0.02995000034570694
v -0.03575975447893143 0.009084563702344894 0.032653696835041046
v -0.03612736612558365 0.009177953004837036 0.031625594943761826
v -0.03638935834169388 0.006091287359595299 0.032653696835041046
v -0.03488437086343765 0.01201540231704712 0.032653696835041046
v -0.03524298220872879 0.01213892176747322 0.031625594943761826
v -0.03612736612558365 0.009177953004837036 0.031625594943761826
v -0.03575975447893143 0.009084563702344894 0.032653696835041046
v -0.03488437086343765 0.01201540231704712 0.032653696835041046
v -0.03612736612558365 0.009177953004837036 0.031625594943761826
v -0.03411637991666794 0.015016458928585052 0.031625594943761826
v -0.035429127514362335 0.0122030358761549 0.03054758906364441
v -0.03524298220872879 0.01213892176747322 0.031625594943761826
v -0.035429127514362335 0.0122030358761549 0.03054758906364441
v -0.03612736612558365 0.009177953004837036 0.031625594943761826
v -0.03524298220872879 0.01213892176747322 0.031625594943761826
v -0.035455770790576935 0.01221221499145031 0.02995000034570694
v -0.03641032427549362 0.008974337950348854 0.0030999998562037945
v -0.03634548932313919 0.009233368560671806 0.02995000034570694
v -0.03634548932313919 0.009233368560671806 0.02995000034570694
v -0.035429127514362335 0.0122030358761549 0.03054758906364441
v -0.035455770790576935 0.01221221499145031 0.02995000034570694
v -0.03135726600885391 0.020566271618008614 0.02995000034570694
v -0.03086189180612564 0.02130242809653282 0.0030999998562037945
v -0.03320460766553879 0.017427118495106697 0.0030999998562037945
v -0.03127593547105789 0.016794821247458458 0.0004999999073334038
v -0.03320460766553879 0.017427118495106697 0.0030999998562037945
v -0.03086189180612564 0.02130242809653282 0.0030999998562037945
v 0.03493361920118332 0.0021546317730098963 -1.4664500169736527e-10
v 0.03493361920118332 -0.002154631307348609 -1.4664500169736527e-10
v 0.0020000033546239138 -0.030500000342726707 -0.0027397775556892157
v 0.0019696124363690615 -0.030152702704072 -0.0027397775556892157
v 0.03493361920118332 0.0021546317730098963 -1.4664500169736527e-10
v 0.0020000033546239138 -0.030500000342726707 -0.0027397775556892157
v 0.0019696124363690615 -0.030152702704072 -0.0027397775556892157
v 0.03440406173467636 0.006431233137845993 -1.4664500169736527e-10
v 0.03493361920118332 0.0021546317730098963 -1.4664500169736527e-10
v 0.03382944315671921 0.010761920362710953 0.0004999999073334038
v 0.03489554673433304 0.00652310810983181 0.0004999999073334038
v 0.03440406173467636 0.006431233137845993 -1.4664500169736527e-10
v 0.03489554673433304 0.00652310810983181 0.0004999999073334038
v 0.03382944315671921 0.010761920362710953 0.0004999999073334038
v 0.036410316824913025 0.008974337950348854 0.0030999998562037945
v 0.03722658008337021 0.004520125687122345 0.0030999998562037945
v 0.03489554673433304 0.00652310810983181 0.0004999999073334038
v 0.036410316824913025 0.008974337950348854 0.0030999998562037945
v 0.03493361920118332 0.0021546317730098963 -1.4664500169736527e-10
v 0.03440406173467636 0.006431233137845993 -1.4664500169736527e-10
v 0.03489554673433304 0.00652310810983181 0.0004999999073334038
v 0.03489554673433304 -0.00652310810983181 0.0004999999073334038
v 0.03722658008337021 -0.004520123824477196 0.0030999998562037945
v 0.036410316824913025 -0.008974337950348854 0.0030999998562037945
v 0.021092213690280914 -0.02793060429394245 -1.4664501557515308e-10
v 0.017750002443790436 -0.030743902549147606 0.0004999999073334038
v 0.017499998211860657 -0.030310889706015587 -1.4664501557515308e-10
v 0.017750002443790436 -0.030743902549147606 0.0004999999073334038
v 0.021092213690280914 -0.02793060429394245 -1.4664501557515308e-10
v 0.021393530070781708 -0.02832961268723011 0.0004999999073334038
v 0.021393530070781708 -0.02832961268723011 0.0004999999073334038
v 0.024712756276130676 -0.025485875084996223 0.0004999999073334038
v 0.02486710250377655 -0.02806915156543255 0.0030999998562037945
v 0.024712756276130676 -0.025485875084996223 0.0004999999073334038
v 0.028069153428077698 -0.0248671006411314 0.0030999998562037945
v 0.02486710250377655 -0.02806915156543255 0.0030999998562037945
v 0.021092213690280914 -0.02793060429394245 -1.4664501557515308e-10
v 0.024712756276130676 -0.025485875084996223 0.0004999999073334038
v 0.021393530070781708 -0.02832961268723011 0.0004999999073334038
v 0.021092213690280914 -0.02793060429394245 -1.4664501557515308e-10
v 0.024364687502384186 -0.02512691728770733 -1.4664501557515308e-10
v 0.024712756276130676 -0.025485875084996223 0.0004999999073334038
v 0.035063110291957855 -0.013297682628035545 0.0030999998562037945
v 0.03382944315671921 -0.010761918500065804 0.0004999999073334038
v 0.036410316824913025 -0.008974337950348854 0.0030999998562037945
v 0.036410316824913025 -0.008974337950348854 0.0030999998562037945
v 0.03382944315671921 -0.010761918500065804 0.0004999999073334038
v 0.03489554673433304 -0.00652310810983181 0.0004999999073334038
v 0.03489554673433304 -0.00652310810983181 0.0004999999073334038
v 0.03382944315671921 -0.010761918500065804 0.0004999999073334038
v 0.03440406173467636 -0.006431235000491142 -1.4664500169736527e-10
v 0.03335297107696533 -0.010610343888401985 -1.4664501557515308e-10
v 0.03440406173467636 -0.006431235000491142 -1.4664500169736527e-10
v 0.03382944315671921 -0.010761918500065804 0.0004999999073334038
v 0.03179628401994705 -0.014628613367676735 -1.4664501557515308e-10
v 0.03225051611661911 -0.014837590977549553 0.0004999999073334038
v 0.029757604002952576 -0.018425127491354942 -1.4664501557515308e-10
v 0.03335297107696533 -0.010610343888401985 -1.4664501557515308e-10
v 0.03179628401994705 -0.014628613367676735 -1.4664501557515308e-10
v 0.001879385905340314 -0.031184041872620583 -0.0027397775556892157
v 0.03382944315671921 -0.010761918500065804 0.0004999999073334038
v 0.03179628401994705 -0.014628613367676735 -1.4664501557515308e-10
v 0.03335297107696533 -0.010610343888401985 -1.4664501557515308e-10
v 0.017499998211860657 -0.030310889706015587 -1.4664501557515308e-10
v 0.0010000013280659914 -0.032232046127319336 -0.0027397775556892157
v 0.021092213690280914 -0.02793060429394245 -1.4664501557515308e-10
v -7.421311898347938e-10 -0.03750000149011612 0.0030999998562037945
v -0.003275529248639941 -0.0353485643863678 0.0004999999073334038
v 0.0010932229924947023 -0.03548315912485123 0.0004999999073334038
v 0.009715034626424313 -0.0341448113322258 0.0004999999073334038
v 0.005445404909551144 -0.035079874098300934 0.0004999999073334038
v 0.009578204713761806 -0.03366389870643616 -1.4664501557515308e-10
v 0.00897433515638113 -0.036410316824913025 0.0030999998562037945
v 0.00452012475579977 -0.03722658008337021 0.0030999998562037945
v 0.005445404909551144 -0.035079874098300934 0.0004999999073334038
v 0.005445404909551144 -0.035079874098300934 0.0004999999073334038
v 0.009715034626424313 -0.0341448113322258 0.0004999999073334038
v 0.00897433515638113 -0.036410316824913025 0.0030999998562037945
v -0.008716464973986149 -0.023273522034287453 0.08291646838188171
v -0.008731701411306858 -0.038930654525756836 0.06132884696125984
v -0.008301281370222569 -0.023556174710392952 0.0831211730837822
v -0.00873351190239191 -0.04038771241903305 0.05850198119878769
v -0.009162665344774723 -0.03941381722688675 0.05978843942284584
v -0.009204157628118992 -0.039973050355911255 0.058361876755952835
v -0.009204157628118992 -0.039973050355911255 0.058361876755952835
v -0.009162665344774723 -0.03941381722688675 0.05978843942284584
v -0.009596639312803745 -0.038982048630714417 0.05956563353538513
v -0.009162665344774723 -0.03941381722688675 0.05978843942284584
v -0.009514384903013706 -0.038296766579151154 0.06086975336074829
v -0.009596639312803745 -0.038982048630714417 0.05956563353538513
v -0.009976782836019993 -0.03851547837257385 0.05932486057281494
v -0.009596639312803745 -0.038982048630714417 0.05956563353538513
v -0.009514384903013706 -0.038296766579151154 0.06086975336074829
v -0.01014926377683878 -0.037562429904937744 0.060337912291288376
v -0.009514384903013706 -0.038296766579151154 0.06086975336074829
v -0.0098452502861619 -0.022305713966488838 0.08221553266048431
v -0.009140127338469028 -0.02231290377676487 0.08355932682752609
v -0.008301281370222569 -0.022847911342978477 0.08401863276958466
v -0.009999998845160007 -0.015449998900294304 0.09000000357627869
v -0.008716464973986149 -0.023273522034287453 0.08291646838188171
v -0.008301281370222569 -0.023556174710392952 0.0831211730837822
v -0.008301281370222569 -0.022847911342978477 0.08401863276958466
v -0.008716464973986149 -0.023273522034287453 0.08291646838188171
v -0.008301281370222569 -0.022847911342978477 0.08401863276958466
v -0.009140127338469028 -0.02231290377676487 0.08355932682752609
v -0.004699998535215855 -0.029601143673062325 0.07674293220043182
v -0.004699998535215855 -0.040133699774742126 0.0622001476585865
v -0.004649997688829899 -0.029601143673062325 0.07674326747655869
v -0.005247586406767368 -0.01914999820291996 0.08833487331867218
v -0.004649997688829899 -0.01916280947625637 0.08835997432470322
v -0.009999998845160007 -0.015449998900294304 0.09000000357627869
v 0.009999996982514858 -0.015449998900294304 0.09000000357627869
v 0.005247584544122219 -0.01914999820291996 0.08833487331867218
v 0.005247584544122219 -0.020818712189793587 0.08734163641929626
v 0.009999996982514858 -0.015449998900294304 0.09000000357627869
v 0.0046500032767653465 -0.01916280947625637 0.08835997432470322
v 0.005247584544122219 -0.01914999820291996 0.08833487331867218
v -0.03523092716932297 0.004362534731626511 0.0004999999073334038
v -0.03722658008337021 0.004520125687122345 0.0030999998562037945
v -0.03641032427549362 0.008974337950348854 0.0030999998562037945
v -0.037371136248111725 0.003106206888332963 0.02995000034570694
v -0.03722658008337021 0.004520125687122345 0.0030999998562037945
v -0.03750000149011612 1.2185967512845508e-10 0.0030999998562037945
v -0.03750000149011612 1.2185967512845508e-10 0.0030999998562037945
v -0.03722658008337021 0.004520125687122345 0.0030999998562037945
v -0.035499997437000275 1.2185967512845508e-10 0.0004999999073334038
v -0.03523092716932297 0.004362534731626511 0.0004999999073334038
v -0.035499997437000275 1.2185967512845508e-10 0.0004999999073334038
v -0.03722658008337021 0.004520125687122345 0.0030999998562037945
v -0.03719484061002731 0.004516156390309334 0.02995000034570694
v -0.03722658008337021 0.004520125687122345 0.0030999998562037945
v -0.037371136248111725 0.003106206888332963 0.02995000034570694
v -0.036985404789447784 0.0061910636723041534 0.02995000034570694
v -0.03641032427549362 0.008974337950348854 0.0030999998562037945
v -0.03722658008337021 0.004520125687122345 0.0030999998562037945
v -0.03719484061002731 0.004516156390309334 0.02995000034570694
v -0.036985404789447784 0.0061910636723041534 0.02995000034570694
v -0.03722658008337021 0.004520125687122345 0.0030999998562037945
v -0.03722658008337021 -0.004520123824477196 0.0030999998562037945
v -0.03719484061002731 -0.004516156390309334 0.02995000034570694
v -0.037371136248111725 -0.0031062045600265265 0.02995000034570694
v -0.036985404789447784 -0.006191061809659004 0.02995000034570694
v -0.03719484061002731 -0.004516156390309334 0.02995000034570694
v -0.03722658008337021 -0.004520123824477196 0.0030999998562037945
v -0.03719484061002731 -0.004516156390309334 0.02995000034570694
v -0.036985404789447784 -0.006191061809659004 0.02995000034570694
v -0.03695761412382126 -0.006186408922076225 0.03054758906364441
v -0.03734304755926132 -0.0031038725282996893 0.03054758906364441
v -0.03719484061002731 -0.004516156390309334 0.02995000034570694
v -0.03695761412382126 -0.006186408922076225 0.03054758906364441
v -0.037371136248111725 -0.0031062045600265265 0.02995000034570694
v -0.03719484061002731 -0.004516156390309334 0.02995000034570694
v -0.03734304755926132 -0.0031038725282996893 0.03054758906364441
v -0.03086189180612564 0.02130242809653282 0.0030999998562037945
v -0.0289749875664711 0.020510971546173096 0.0004999999073334038
v -0.03127593547105789 0.016794821247458458 0.0004999999073334038
v -0.03086189180612564 0.02130242809653282 0.0030999998562037945
v -0.0280691459774971 0.0248671006411314 0.0030999998562037945
v -0.0289749875664711 0.020510971546173096 0.0004999999073334038
v -0.03442778438329697 0.008658936247229576 0.0004999999073334038
v -0.033433862030506134 0.011783286929130554 0.0004999999073334038
v -0.032636530697345734 0.01264345832169056 -1.4664500169736527e-10
v -0.03310275822877884 0.012824079021811485 0.0004999999073334038
v -0.032636530697345734 0.01264345832169056 -1.4664500169736527e-10
v -0.033433862030506134 0.011783286929130554 0.0004999999073334038
v -0.033433862030506134 0.011783286929130554 0.0004999999073334038
v -0.03442778438329697 0.008658936247229576 0.0004999999073334038
v -0.035063110291957855 0.013297682628035545 0.0030999998562037945
v -0.03310275822877884 0.012824079021811485 0.0004999999073334038
v -0.033433862030506134 0.011783286929130554 0.0004999999073334038
v -0.035063110291957855 0.013297682628035545 0.0030999998562037945
v -0.011632421053946018 0.03301040455698967 -1.4664500169736527e-10
v -0.007487655617296696 0.03418968990445137 -1.4664500169736527e-10
v -0.0006840385613031685 -0.028620613738894463 -0.0027397775556892157
v -0.024867095053195953 0.028069153428077698 0.0030999998562037945
v -0.023096956312656403 0.026958875358104706 0.0004999999073334038
v -0.026234813034534454 0.023916196078062057 0.0004999999073334038
v -0.023096956312656403 0.026958875358104706 0.0004999999073334038
v -0.025865308940410614 0.023579347878694534 -1.4664500169736527e-10
v -0.026234813034534454 0.023916196078062057 0.0004999999073334038
v -0.021302424371242523 0.03086189553141594 0.0030999998562037945
v -0.023096956312656403 0.026958875358104706 0.0004999999073334038
v -0.024867095053195953 0.028069153428077698 0.0030999998562037945
v -0.0078108469024300575 -0.041585445404052734 0.0553930401802063
v -0.00833174679428339 -0.04125184565782547 0.05538485199213028
v -0.021302424371242523 -0.03086189366877079 0.0030999998562037945
v -0.024867095053195953 -0.02806915156543255 0.0030999998562037945
v -0.021302424371242523 -0.03086189366877079 0.0030999998562037945
v -0.00833174679428339 -0.04125184565782547 0.05538485199213028
v -0.024867095053195953 -0.02806915156543255 0.0030999998562037945
v -0.00833174679428339 -0.04125184565782547 0.05538485199213028
v -0.022950313985347748 -0.029656926169991493 0.02995000034570694
v -0.00882235262542963 -0.040865108370780945 0.0553753599524498
v -0.022950313985347748 -0.029656926169991493 0.02995000034570694
v -0.00833174679428339 -0.04125184565782547 0.05538485199213028
v -0.022950313985347748 -0.029656926169991493 0.02995000034570694
v -0.02532798796892166 -0.02765398658812046 0.02995000034570694
v -0.024867095053195953 -0.02806915156543255 0.0030999998562037945
v -0.02532798796892166 -0.02765398658812046 0.02995000034570694
v -0.027531586587429047 -0.0254609826952219 0.02995000034570694
v -0.024867095053195953 -0.02806915156543255 0.0030999998562037945
v -0.00882235262542963 -0.040865108370780945 0.0553753599524498
v -0.02532798796892166 -0.02765398658812046 0.02995000034570694
v -0.022950313985347748 -0.029656926169991493 0.02995000034570694
v -0.009204157628118992 -0.039973050355911255 0.058361876755952835
v -0.009628244675695896 -0.03951532393693924 0.05820722132921219
v -0.009241455234587193 -0.04031198471784592 0.056884270161390305
v -0.03264627605676651 -0.013816295191645622 0.0004999999073334038
v -0.03127593547105789 -0.016794821247458458 0.0004999999073334038
v -0.03320460766553879 -0.017427118495106697 0.0030999998562037945
v -0.03320460766553879 -0.017427118495106697 0.0030999998562037945
v -0.03127593547105789 -0.016794821247458458 0.0004999999073334038
v -0.03086189180612564 -0.02130242995917797 0.0030999998562037945
v -0.035063110291957855 -0.013297682628035545 0.0030999998562037945
v -0.03310275822877884 -0.012824079021811485 0.0004999999073334038
v -0.03320460766553879 -0.017427118495106697 0.0030999998562037945
v -0.03264627605676651 -0.013816295191645622 0.0004999999073334038
v -0.03320460766553879 -0.017427118495106697 0.0030999998562037945
v -0.03310275822877884 -0.012824079021811485 0.0004999999073334038
v -0.024867095053195953 -0.02806915156543255 0.0030999998562037945
v -0.023096956312656403 -0.026958873495459557 0.0004999999073334038
v -0.021302424371242523 -0.03086189366877079 0.0030999998562037945
v -0.026234813034534454 -0.023916194215416908 0.0004999999073334038
v -0.023096956312656403 -0.026958873495459557 0.0004999999073334038
v -0.024867095053195953 -0.02806915156543255 0.0030999998562037945
v -0.03473471850156784 0.00430108979344368 -1.4664500169736527e-10
v -0.03394288569688797 0.00853697955608368 -1.4664500169736527e-10
v -0.0019696138333529234 -0.030152702704072 -0.0027397775556892157
v -0.032636530697345734 0.01264345832169056 -1.4664500169736527e-10
v -0.03394288569688797 0.00853697955608368 -1.4664500169736527e-10
v -0.03442778438329697 0.008658936247229576 0.0004999999073334038
v -0.03473471850156784 0.00430108979344368 -1.4664500169736527e-10
v -0.03442778438329697 0.008658936247229576 0.0004999999073334038
v -0.03394288569688797 0.00853697955608368 -1.4664500169736527e-10
v -0.023096956312656403 0.026958875358104706 0.0004999999073334038
v -0.02277163416147232 0.026579171419143677 -1.4664500169736527e-10
v -0.025865308940410614 0.023579347878694534 -1.4664500169736527e-10
v -0.019332773983478546 0.02917608432471752 -1.4664500169736527e-10
v -0.02277163416147232 0.026579171419143677 -1.4664500169736527e-10
v -0.023096956312656403 0.026958875358104706 0.0004999999073334038
v -0.01560083869844675 0.031330715864896774 -1.4664500169736527e-10
v -0.0006840385613031685 -0.028620613738894463 -0.0027397775556892157
v -0.0010000027250498533 -0.02876794897019863 -0.0027397775556892157
v -0.01560083869844675 0.031330715864896774 -1.4664500169736527e-10
v -0.0010000027250498533 -0.02876794897019863 -0.0027397775556892157
v -0.019332773983478546 0.02917608432471752 -1.4664500169736527e-10
v -0.03127593547105789 0.016794821247458458 0.0004999999073334038
v -0.030835427343845367 0.016558274626731873 -1.4664500169736527e-10
v -0.032636530697345734 0.01264345832169056 -1.4664500169736527e-10
v -0.008223184384405613 0.040747739374637604 0.05864352360367775
v -0.008160226978361607 0.040142972022295 0.06017404422163963
v -0.007646703161299229 0.04077534005045891 0.059549730271101
v -0.027531586587429047 0.02546098455786705 0.02995000034570694
v -0.027510903775691986 0.025441849604249 0.03054758906364441
v -0.02532798796892166 0.02765398845076561 0.02995000034570694
v -0.027531586587429047 0.02546098455786705 0.02995000034570694
v -0.02532798796892166 0.02765398845076561 0.02995000034570694
v -0.024867095053195953 0.028069153428077698 0.0030999998562037945
v -0.0280691459774971 0.0248671006411314 0.0030999998562037945
v -0.027531586587429047 0.02546098455786705 0.02995000034570694
v -0.024867095053195953 0.028069153428077698 0.0030999998562037945
v -0.02532798796892166 0.02765398845076561 0.02995000034570694
v -0.022950313985347748 0.029656928032636642 0.02995000034570694
v -0.024867095053195953 0.028069153428077698 0.0030999998562037945
v -0.024867095053195953 0.028069153428077698 0.0030999998562037945
v -0.022950313985347748 0.029656928032636642 0.02995000034570694
v -0.008821875788271427 0.04086503013968468 0.055394772440195084
v -0.008821875788271427 0.04086503013968468 0.055394772440195084
v -0.022950313985347748 0.029656928032636642 0.02995000034570694
v -0.02532798796892166 0.02765398845076561 0.02995000034570694
v -0.00916245672851801 0.039411064237356186 0.05979565158486366
v -0.009596475400030613 0.0389794297516346 0.0595724992454052
v -0.009514384903013706 0.038296766579151154 0.06086975336074829
v -0.03116907924413681 0.020442841574549675 0.031625594943761826
v -0.03133370727300644 0.020550817251205444 0.03054758906364441
v -0.0327552929520607 0.017790786921977997 0.031625594943761826
v -0.03714684396982193 -0.003087563207373023 0.031625594943761826
v -0.03747182339429855 1.2185967512845508e-10 0.03054758906364441
v -0.03734304755926132 -0.0031038725282996893 0.03054758906364441
v -0.03750000149011612 1.2185967512845508e-10 0.02995000034570694
v -0.037371136248111725 -0.0031062045600265265 0.02995000034570694
v -0.03747182339429855 1.2185967512845508e-10 0.03054758906364441
v -0.03734304755926132 -0.0031038725282996893 0.03054758906364441
v -0.03747182339429855 1.2185967512845508e-10 0.03054758906364441
v -0.037371136248111725 -0.0031062045600265265 0.02995000034570694
v -0.03750000149011612 1.2185967512845508e-10 0.02995000034570694
v -0.03747182339429855 1.2185967512845508e-10 0.03054758906364441
v -0.037371136248111725 0.003106206888332963 0.02995000034570694
v -0.03676343709230423 -0.006153905764222145 0.031625594943761826
v -0.03638935834169388 -0.006091287359595299 0.032653696835041046
v -0.03714684396982193 -0.003087563207373023 0.031625594943761826
v -0.03734304755926132 -0.0031038725282996893 0.03054758906364441
v -0.03695761412382126 -0.006186408922076225 0.03054758906364441
v -0.03676343709230423 -0.006153905764222145 0.031625594943761826
v -0.03734304755926132 -0.0031038725282996893 0.03054758906364441
v -0.03676343709230423 -0.006153905764222145 0.031625594943761826
v -0.03714684396982193 -0.003087563207373023 0.031625594943761826
v -0.03612736612558365 -0.009177954867482185 0.031625594943761826
v -0.03676343709230423 -0.006153905764222145 0.031625594943761826
v -0.03695761412382126 -0.006186408922076225 0.03054758906364441
v -0.03638935834169388 -0.006091287359595299 0.032653696835041046
v -0.03676343709230423 -0.006153905764222145 0.031625594943761826
v -0.03612736612558365 -0.009177954867482185 0.031625594943761826
v -0.03689565509557724 1.2185967512845508e-10 0.032653696835041046
v -0.03676886111497879 -0.0030561478342860937 0.032653696835041046
v -0.009999998845160007 -0.015449998900294304 0.09000000357627869
v -0.03714684396982193 -0.003087563207373023 0.031625594943761826
v -0.03676886111497879 -0.0030561478342860937 0.032653696835041046
v -0.03689565509557724 1.2185967512845508e-10 0.032653696835041046
v -0.009999998845160007 -0.015449998900294304 0.09000000357627869
v -0.03676886111497879 -0.0030561478342860937 0.032653696835041046
v -0.03638935834169388 -0.006091287359595299 0.032653696835041046
v -0.03638935834169388 -0.006091287359595299 0.032653696835041046
v -0.03676886111497879 -0.0030561478342860937 0.032653696835041046
v -0.03714684396982193 -0.003087563207373023 0.031625594943761826
v -0.03638935834169388 0.006091287359595299 0.032653696835041046
v -0.03676886111497879 0.003056146437302232 0.032653696835041046
v -0.009999998845160007 0.015449999831616879 0.09000000357627869
v -0.03676886111497879 0.003056146437302232 0.032653696835041046
v -0.03689565509557724 1.2185967512845508e-10 0.032653696835041046
v -0.009999998845160007 0.015449999831616879 0.09000000357627869
v -0.03631817549467087 -0.00922643207013607 0.03054758906364441
v -0.03634548932313919 -0.009233368560671806 0.02995000034570694
v -0.035429127514362335 -0.0122030358761549 0.03054758906364441
v -0.035455770790576935 -0.01221221499145031 0.02995000034570694
v -0.035429127514362335 -0.0122030358761549 0.03054758906364441
v -0.03634548932313919 -0.009233368560671806 0.02995000034570694
v -0.03612736612558365 -0.009177954867482185 0.031625594943761826
v -0.03631817549467087 -0.00922643207013607 0.03054758906364441
v -0.035429127514362335 -0.0122030358761549 0.03054758906364441
v -0.035429127514362335 -0.0122030358761549 0.03054758906364441
v -0.035455770790576935 -0.01221221499145031 0.02995000034570694
v -0.034322358667850494 -0.015107126906514168 0.02995000034570694
v -0.034296564757823944 -0.015095772221684456 0.03054758906364441
v -0.035429127514362335 -0.0122030358761549 0.03054758906364441
v -0.034322358667850494 -0.015107126906514168 0.02995000034570694
v -0.03116907924413681 -0.020442841574549675 0.031625594943761826
v -0.03133370727300644 -0.020550815388560295 0.03054758906364441
v -0.029368646442890167 -0.022954391315579414 0.031625594943761826
v -0.029545970261096954 -0.02309298701584339 0.02995000034570694
v -0.03133370727300644 -0.020550815388560295 0.03054758906364441
v -0.03135726600885391 -0.020566271618008614 0.02995000034570694
v -0.03135726600885391 -0.020566271618008614 0.02995000034570694
v -0.03133370727300644 -0.020550815388560295 0.03054758906364441
v -0.032953061163425446 -0.017898207530379295 0.02995000034570694
v -0.032953061163425446 -0.017898207530379295 0.02995000034570694
v -0.03133370727300644 -0.020550815388560295 0.03054758906364441
v -0.03292829543352127 -0.01788475550711155 0.03054758906364441
v 0.006778082810342312 -0.041972316801548004 0.05365714803338051
v 0.006223677657544613 -0.04214010387659073 0.05363595858216286
v 0.00897433515638113 -0.036410316824913025 0.0030999998562037945
v 0.005671239458024502 -0.042254626750946045 0.05362149327993393
v 0.00897433515638113 -0.036410316824913025 0.0030999998562037945
v 0.006223677657544613 -0.04214010387659073 0.05363595858216286
v 0.005671239458024502 -0.042254626750946045 0.05362149327993393
v 0.005148149095475674 -0.04238510876893997 0.05431739240884781
v 0.00452012475579977 -0.03722658008337021 0.0030999998562037945
v -0.004699998535215855 -0.04244302213191986 0.054994042962789536
v 0.004699996672570705 -0.04244247078895569 0.055031392723321915
v 0.004699996672570705 -0.042443349957466125 0.055065494030714035
v 0.004699996672570705 -0.04242835193872452 0.05448383837938309
v 0.004699996672570705 -0.04244247078895569 0.055031392723321915
v -0.004699998535215855 -0.04244302213191986 0.054994042962789536
v 0.004699996672570705 -0.042443349957466125 0.055065494030714035
v 0.004699996672570705 -0.04244247078895569 0.055031392723321915
v 0.005148149095475674 -0.04238510876893997 0.05431739240884781
v 0.005148149095475674 -0.04238510876893997 0.05431739240884781
v 0.004699996672570705 -0.04244247078895569 0.055031392723321915
v 0.004699996672570705 -0.04242835193872452 0.05448383837938309
v 0.009578204713761806 -0.03366389870643616 -1.4664501557515308e-10
v 0.013837396167218685 -0.03269214183092117 0.0004999999073334038
v 0.009715034626424313 -0.0341448113322258 0.0004999999073334038
v 0.009715034626424313 -0.0341448113322258 0.0004999999073334038
v 0.013837396167218685 -0.03269214183092117 0.0004999999073334038
v 0.01329768355935812 -0.035063110291957855 0.0030999998562037945
v 0.013837396167218685 -0.03269214183092117 0.0004999999073334038
v 0.017427116632461548 -0.03320460021495819 0.0030999998562037945
v 0.01329768355935812 -0.035063110291957855 0.0030999998562037945
v 0.02751089632511139 -0.025441849604249 0.03054758906364441
v 0.02530895173549652 -0.02763320691883564 0.03054758906364441
v 0.02532798796892166 -0.02765398658812046 0.02995000034570694
v 0.009241296909749508 -0.04031093418598175 0.05689113587141037
v 0.02530895173549652 -0.02763320691883564 0.03054758906364441
v 0.02751089632511139 -0.025441849604249 0.03054758906364441
v 0.02530895173549652 -0.02763320691883564 0.03054758906364441
v 0.008821873925626278 -0.04086502641439438 0.055394772440195084
v 0.02532798796892166 -0.02765398658812046 0.02995000034570694
v 0.008821873925626278 -0.04086502641439438 0.055394772440195084
v 0.02530895173549652 -0.02763320691883564 0.03054758906364441
v 0.009241296909749508 -0.04031093418598175 0.05689113587141037
v 0.008821873925626278 -0.04086502641439438 0.055394772440195084
v 0.024853840470314026 -0.02805340848863125 0.02995000034570694
v 0.02532798796892166 -0.02765398658812046 0.02995000034570694
v 0.024853840470314026 -0.02805340848863125 0.02995000034570694
v 0.008821873925626278 -0.04086502641439438 0.055394772440195084
v 0.02295030653476715 -0.029656926169991493 0.02995000034570694
v 0.02532798796892166 -0.02765398658812046 0.02995000034570694
v 0.024853840470314026 -0.02805340848863125 0.02995000034570694
v 0.02486710250377655 -0.02806915156543255 0.0030999998562037945
v 0.024853840470314026 -0.02805340848863125 0.02995000034570694
v 0.02295030653476715 -0.029656926169991493 0.02995000034570694
v 0.02486710250377655 -0.02806915156543255 0.0030999998562037945
v 0.02130243182182312 -0.03086189366877079 0.0030999998562037945
v 0.02486710250377655 -0.02806915156543255 0.0030999998562037945
v 0.00833116378635168 -0.04125174880027771 0.05540498346090317
v 0.008821873925626278 -0.04086502641439438 0.055394772440195084
v 0.00833116378635168 -0.04125174880027771 0.05540498346090317
v 0.02486710250377655 -0.02806915156543255 0.0030999998562037945
v 0.007353699766099453 -0.023265523836016655 0.08437716215848923
v 0.006325594149529934 -0.024309130385518074 0.08366650342941284
v 0.006813651882112026 -0.024163303896784782 0.08356089144945145
v 0.03676886111497879 -0.0030561478342860937 0.032653696835041046
v 0.03689565509557724 1.218596890062429e-10 0.032653696835041046
v 0.009999996982514858 -0.015449998900294304 0.09000000357627869
v 0.03676886111497879 -0.0030561478342860937 0.032653696835041046
v 0.03727494180202484 1.218596890062429e-10 0.031625594943761826
v 0.03689565509557724 1.218596890062429e-10 0.032653696835041046
v 0.009999996982514858 0.015449999831616879 0.09000000357627869
v 0.009999996982514858 -0.015449998900294304 0.09000000357627869
v 0.03689565509557724 1.218596890062429e-10 0.032653696835041046
v 0.03676886111497879 0.003056146437302232 0.032653696835041046
v 0.03689565509557724 1.218596890062429e-10 0.032653696835041046
v 0.03727494180202484 1.218596890062429e-10 0.031625594943761826
v 0.03689565509557724 1.218596890062429e-10 0.032653696835041046
v 0.03676886111497879 0.003056146437302232 0.032653696835041046
v 0.009999996982514858 0.015449999831616879 0.09000000357627869
v 0.009999996982514858 -0.015449998900294304 0.09000000357627869
v 0.03488437086343765 -0.012015404179692268 0.032653696835041046
v 0.03575975447893143 -0.009084565564990044 0.032653696835041046
v 0.03676886111497879 -0.0030561478342860937 0.032653696835041046
v 0.03714684396982193 -0.003087563207373023 0.031625594943761826
v 0.03727494180202484 1.218596890062429e-10 0.031625594943761826
v 0.03714684396982193 -0.003087563207373023 0.031625594943761826
v 0.03734304755926132 -0.0031038725282996893 0.03054758906364441
v 0.03727494180202484 1.218596890062429e-10 0.031625594943761826
v 0.03612736612558365 -0.009177954867482185 0.031625594943761826
v 0.03488437086343765 -0.012015404179692268 0.032653696835041046
v 0.03524298220872879 -0.012138919904828072 0.031625594943761826
v 0.03488437086343765 -0.012015404179692268 0.032653696835041046
v 0.03612736612558365 -0.009177954867482185 0.031625594943761826
v 0.03575975447893143 -0.009084565564990044 0.032653696835041046
v 0.03135727345943451 -0.020566271618008614 0.02995000034570694
v 0.03084053099155426 -0.021287111565470695 0.02995000034570694
v 0.030861899256706238 -0.02130242995917797 0.0030999998562037945
v 0.030861899256706238 -0.02130242995917797 0.0030999998562037945
v 0.03084053099155426 -0.021287111565470695 0.02995000034570694
v 0.029545962810516357 -0.02309298701584339 0.02995000034570694
v 0.029545962810516357 -0.02309298701584339 0.02995000034570694
v 0.03084053099155426 -0.021287111565470695 0.02995000034570694
v 0.029523760080337524 -0.023075630888342857 0.03054758906364441
v 0.02751089632511139 -0.025441849604249 0.03054758906364441
v 0.02532798796892166 -0.02765398658812046 0.02995000034570694
v 0.027531586587429047 -0.0254609826952219 0.02995000034570694
v 0.02532798796892166 -0.02765398658812046 0.02995000034570694
v 0.02486710250377655 -0.02806915156543255 0.0030999998562037945
v 0.027531586587429047 -0.0254609826952219 0.02995000034570694
v 0.028069153428077698 -0.0248671006411314 0.0030999998562037945
v 0.027531586587429047 -0.0254609826952219 0.02995000034570694
v 0.02486710250377655 -0.02806915156543255 0.0030999998562037945
v 0.03225051611661911 -0.014837590977549553 0.0004999999073334038
v 0.03018271178007126 -0.018688341602683067 0.0004999999073334038
v 0.029757604002952576 -0.018425127491354942 -1.4664501557515308e-10
v 0.03320460021495819 -0.017427118495106697 0.0030999998562037945
v 0.03018271178007126 -0.018688341602683067 0.0004999999073334038
v 0.03225051611661911 -0.014837590977549553 0.0004999999073334038
v 0.03320460021495819 -0.017427118495106697 0.0030999998562037945
v 0.030861899256706238 -0.02130242995917797 0.0030999998562037945
v 0.03018271178007126 -0.018688341602683067 0.0004999999073334038
v 0.029757604002952576 0.018425125628709793 -1.4664500169736527e-10
v 0.03225051611661911 0.014837592840194702 0.0004999999073334038
v 0.03179628401994705 0.014628611505031586 -1.4664500169736527e-10
v 0.03225051611661911 0.014837592840194702 0.0004999999073334038
v 0.03320460021495819 0.017427118495106697 0.0030999998562037945
v 0.035063110291957855 0.013297682628035545 0.0030999998562037945
v 0.03225051611661911 0.014837592840194702 0.0004999999073334038
v 0.03382944315671921 0.010761920362710953 0.0004999999073334038
v 0.03179628401994705 0.014628611505031586 -1.4664500169736527e-10
v 0.03382944315671921 0.010761920362710953 0.0004999999073334038
v 0.03225051611661911 0.014837592840194702 0.0004999999073334038
v 0.035063110291957855 0.013297682628035545 0.0030999998562037945
v 0.028069153428077698 0.0248671006411314 0.0030999998562037945
v 0.030861899256706238 0.02130242809653282 0.0030999998562037945
v 0.027657359838485718 0.02225579507648945 0.0004999999073334038
v 0.029757604002952576 0.018425125628709793 -1.4664500169736527e-10
v 0.0017320506740361452 -0.029499998316168785 -0.0027397775556892157
v 0.0015320919919759035 -0.02921442501246929 -0.0027397775556892157
v 0.001879385905340314 -0.029815958812832832 -0.0027397775556892157
v 0.0017320506740361452 -0.029499998316168785 -0.0027397775556892157
v 0.03179628401994705 0.014628611505031586 -1.4664500169736527e-10
v 0.03179628401994705 0.014628611505031586 -1.4664500169736527e-10
v 0.0017320506740361452 -0.029499998316168785 -0.0027397775556892157
v 0.029757604002952576 0.018425125628709793 -1.4664500169736527e-10
v 0.004699996672570705 0.04244302213191986 0.054994042962789536
v 0.004699996672570705 0.04244236275553703 0.05503135919570923
v 0.0051115890964865685 0.042414598166942596 0.05510138347744942
v 0.004699996672570705 0.04244302213191986 0.054994042962789536
v -0.004699998535215855 0.042443349957466125 0.055065494030714035
v 0.004699996672570705 0.04244236275553703 0.05503135919570923
v 0.00897433515638113 0.036410316824913025 0.0030999998562037945
v 0.006223998032510281 0.04213894158601761 0.05362740904092789
v 0.006778380833566189 0.04197114333510399 0.053648725152015686
v 0.0051115890964865685 0.042414598166942596 0.05510138347744942
v 0.0051136380061507225 0.04241223633289337 0.05505681037902832
v 0.004699996672570705 0.04244302213191986 0.054994042962789536
v 0.005633934400975704 0.0423392690718174 0.054509732872247696
v 0.0051136380061507225 0.04241223633289337 0.05505681037902832
v 0.0051115890964865685 0.042414598166942596 0.05510138347744942
v 0.004699996672570705 0.04237815737724304 0.05383343622088432
v 0.005164525471627712 0.04235357791185379 0.05395000800490379
v 0.00452012475579977 0.03722658380866051 0.0030999998562037945
v 0.004699996672570705 0.04244302213191986 0.054994042962789536
v 0.005164525471627712 0.04235357791185379 0.05395000800490379
v 0.004699996672570705 0.04237815737724304 0.05383343622088432
v 0.005164525471627712 0.04235357791185379 0.05395000800490379
v 0.0051136380061507225 0.04241223633289337 0.05505681037902832
v 0.005633934400975704 0.0423392690718174 0.054509732872247696
v 0.0051136380061507225 0.04241223633289337 0.05505681037902832
v 0.005164525471627712 0.04235357791185379 0.05395000800490379
v 0.004699996672570705 0.04244302213191986 0.054994042962789536
v 0.00897433515638113 0.036410316824913025 0.0030999998562037945
v 0.00452012475579977 0.03722658380866051 0.0030999998562037945
v 0.005671589635312557 0.04225347563624382 0.053612858057022095
v 0.005164525471627712 0.04235357791185379 0.05395000800490379
v 0.005671589635312557 0.04225347563624382 0.053612858057022095
v 0.00452012475579977 0.03722658380866051 0.0030999998562037945
v 0.005671589635312557 0.04225347563624382 0.053612858057022095
v 0.005164525471627712 0.04235357791185379 0.05395000800490379
v 0.005633934400975704 0.0423392690718174 0.054509732872247696
v 0.006223998032510281 0.04213894158601761 0.05362740904092789
v 0.00897433515638113 0.036410316824913025 0.0030999998562037945
v 0.005671589635312557 0.04225347563624382 0.053612858057022095
v 0.017750002443790436 0.030743902549147606 0.0004999999073334038
v 0.021393530070781708 0.02832961082458496 0.0004999999073334038
v 0.021092213690280914 0.027930602431297302 -1.4664500169736527e-10
v 0.017750002443790436 0.030743902549147606 0.0004999999073334038
v 0.02130243182182312 0.03086189553141594 0.0030999998562037945
v 0.021393530070781708 0.02832961082458496 0.0004999999073334038
v 0.02130243182182312 0.03086189553141594 0.0030999998562037945
v 0.02486710250377655 0.028069153428077698 0.0030999998562037945
v 0.021393530070781708 0.02832961082458496 0.0004999999073334038
v 0.024712756276130676 0.025485873222351074 0.0004999999073334038
v 0.021393530070781708 0.02832961082458496 0.0004999999073334038
v 0.02486710250377655 0.028069153428077698 0.0030999998562037945
v 0.021092213690280914 0.027930602431297302 -1.4664500169736527e-10
v 0.021393530070781708 0.02832961082458496 0.0004999999073334038
v 0.024712756276130676 0.025485873222351074 0.0004999999073334038
v 0.017499998211860657 0.030310889706015587 -1.4664500169736527e-10
v 0.017750002443790436 0.030743902549147606 0.0004999999073334038
v 0.021092213690280914 0.027930602431297302 -1.4664500169736527e-10
v 0.0010000013280659914 -0.02876794897019863 -0.0027397775556892157
v 0.017499998211860657 0.030310889706015587 -1.4664500169736527e-10
v 0.021092213690280914 0.027930602431297302 -1.4664500169736527e-10
v 0.00897433515638113 0.036410316824913025 0.0030999998562037945
v 0.01329768355935812 0.035063110291957855 0.0030999998562037945
v 0.009715034626424313 0.0341448113322258 0.0004999999073334038
v 0.00897433515638113 0.036410316824913025 0.0030999998562037945
v 0.009715034626424313 0.0341448113322258 0.0004999999073334038
v 0.005445404909551144 0.035079874098300934 0.0004999999073334038
v 0.017427116632461548 0.03320460021495819 0.0030999998562037945
v 0.013837396167218685 0.03269214555621147 0.0004999999073334038
v 0.01329768355935812 0.035063110291957855 0.0030999998562037945
v 0.017750002443790436 0.030743902549147606 0.0004999999073334038
v 0.013837396167218685 0.03269214555621147 0.0004999999073334038
v 0.017427116632461548 0.03320460021495819 0.0030999998562037945
v 0.009715034626424313 0.0341448113322258 0.0004999999073334038
v 0.01329768355935812 0.035063110291957855 0.0030999998562037945
v 0.013837396167218685 0.03269214555621147 0.0004999999073334038
v 0.009715034626424313 0.0341448113322258 0.0004999999073334038
v 0.013837396167218685 0.03269214555621147 0.0004999999073334038
v 0.009578204713761806 0.03366389870643616 -1.4664500169736527e-10
v 0.004699996672570705 0.04244302213191986 0.054994042962789536
v -0.004699998535215855 0.04244247078895569 0.055031392723321915
v -0.004699998535215855 0.042443349957466125 0.055065494030714035
v -0.004699998535215855 0.04242835193872452 0.05448383837938309
v -0.004699998535215855 0.04244247078895569 0.055031392723321915
v 0.004699996672570705 0.04244302213191986 0.054994042962789536
v 0.00452012475579977 0.03722658380866051 0.0030999998562037945
v -7.42131245345945e-10 0.03750000149011612 0.0030999998562037945
v 0.004699996672570705 0.04237815737724304 0.05383343622088432
v -0.004699998535215855 0.04242835193872452 0.05448383837938309
v 0.004699996672570705 0.04237815737724304 0.05383343622088432
v -7.42131245345945e-10 0.03750000149011612 0.0030999998562037945
v -7.42131245345945e-10 0.03750000149011612 0.0030999998562037945
v 0.00452012475579977 0.03722658380866051 0.0030999998562037945
v 0.0010932229924947023 0.035483162850141525 0.0004999999073334038
v 1.5564291970804334e-06 0.03544953092932701 0.0004999999073334038
v -7.42131245345945e-10 0.03750000149011612 0.0030999998562037945
v 0.0010932229924947023 0.035483162850141525 0.0004999999073334038
v 0.03320460021495819 0.017427118495106697 0.0030999998562037945
v 0.03432236611843109 0.015107125043869019 0.02995000034570694
v 0.035063110291957855 0.013297682628035545 0.0030999998562037945
v 0.03722658008337021 0.004520125687122345 0.0030999998562037945
v 0.036410316824913025 0.008974337950348854 0.0030999998562037945
v 0.03698541224002838 0.0061910636723041534 0.02995000034570694
v -0.03612736612558365 0.009177953004837036 0.031625594943761826
v -0.03676343709230423 0.006153905764222145 0.031625594943761826
v -0.03638935834169388 0.006091287359595299 0.032653696835041046
v -0.036985404789447784 0.0061910636723041534 0.02995000034570694
v -0.03640041500329971 0.008972253650426865 0.02995000034570694
v -0.03641032427549362 0.008974337950348854 0.0030999998562037945
v -0.03634548932313919 0.009233368560671806 0.02995000034570694
v -0.03641032427549362 0.008974337950348854 0.0030999998562037945
v -0.03640041500329971 0.008972253650426865 0.02995000034570694
v -0.035063110291957855 0.013297682628035545 0.0030999998562037945
v -0.034322358667850494 0.015107125043869019 0.02995000034570694
v -0.03320460766553879 0.017427118495106697 0.0030999998562037945
v -0.035455770790576935 0.01221221499145031 0.02995000034570694
v -0.034322358667850494 0.015107125043869019 0.02995000034570694
v -0.035063110291957855 0.013297682628035545 0.0030999998562037945
v -0.035429127514362335 0.0122030358761549 0.03054758906364441
v -0.034322358667850494 0.015107125043869019 0.02995000034570694
v -0.035455770790576935 0.01221221499145031 0.02995000034570694
v 0.03493361920118332 0.0021546317730098963 -1.4664500169736527e-10
v 0.035499997437000275 1.218596890062429e-10 0.0004999999073334038
v 0.03493361920118332 -0.002154631307348609 -1.4664500169736527e-10
v 0.03529845178127289 0.0032693224493414164 0.0004999999073334038
v 0.03489554673433304 0.00652310810983181 0.0004999999073334038
v 0.03722658008337021 0.004520125687122345 0.0030999998562037945
v 0.03489554673433304 0.00652310810983181 0.0004999999073334038
v 0.03529845178127289 0.0032693224493414164 0.0004999999073334038
v 0.03493361920118332 0.0021546317730098963 -1.4664500169736527e-10
v 0.03489554673433304 -0.00652310810983181 0.0004999999073334038
v 0.03493361920118332 -0.002154631307348609 -1.4664500169736527e-10
v 0.035432666540145874 -0.0021854133810847998 0.0004999999073334038
v 0.03722658008337021 -0.004520123824477196 0.0030999998562037945
v 0.03489554673433304 -0.00652310810983181 0.0004999999073334038
v 0.035432666540145874 -0.0021854133810847998 0.0004999999073334038
v 0.03722658008337021 -0.004520123824477196 0.0030999998562037945
v 0.035432666540145874 -0.0021854133810847998 0.0004999999073334038
v 0.03750000149011612 1.218596890062429e-10 0.0030999998562037945
v 0.028288401663303375 -0.021364355459809303 0.0004999999073334038
v 0.03018271178007126 -0.018688341602683067 0.0004999999073334038
v 0.030861899256706238 -0.02130242995917797 0.0030999998562037945
v 0.02726782113313675 -0.02194233424961567 -1.4664501557515308e-10
v 0.029757604002952576 -0.018425127491354942 -1.4664501557515308e-10
v 0.028288401663303375 -0.021364355459809303 0.0004999999073334038
v 0.03018271178007126 -0.018688341602683067 0.0004999999073334038
v 0.028288401663303375 -0.021364355459809303 0.0004999999073334038
v 0.029757604002952576 -0.018425127491354942 -1.4664501557515308e-10
v 0.028288401663303375 -0.021364355459809303 0.0004999999073334038
v 0.027657359838485718 -0.02225579507648945 0.0004999999073334038
v 0.02726782113313675 -0.02194233424961567 -1.4664501557515308e-10
v 0.028069153428077698 -0.0248671006411314 0.0030999998562037945
v 0.027657359838485718 -0.02225579507648945 0.0004999999073334038
v 0.030861899256706238 -0.02130242995917797 0.0030999998562037945
v 0.027657359838485718 -0.02225579507648945 0.0004999999073334038
v 0.028288401663303375 -0.021364355459809303 0.0004999999073334038
v 0.030861899256706238 -0.02130242995917797 0.0030999998562037945
v 0.03179628401994705 -0.014628613367676735 -1.4664501557515308e-10
v 0.03264506161212921 -0.013819156214594841 0.0004999999073334038
v 0.03225051611661911 -0.014837590977549553 0.0004999999073334038
v 0.03382944315671921 -0.010761918500065804 0.0004999999073334038
v 0.03264506161212921 -0.013819156214594841 0.0004999999073334038
v 0.03179628401994705 -0.014628613367676735 -1.4664501557515308e-10
v 0.03225051611661911 -0.014837590977549553 0.0004999999073334038
v 0.03264506161212921 -0.013819156214594841 0.0004999999073334038
v 0.035063110291957855 -0.013297682628035545 0.0030999998562037945
v 0.03264506161212921 -0.013819156214594841 0.0004999999073334038
v 0.03382944315671921 -0.010761918500065804 0.0004999999073334038
v 0.035063110291957855 -0.013297682628035545 0.0030999998562037945
v 0.0010000013280659914 -0.032232046127319336 -0.0027397775556892157
v 0.017499998211860657 -0.030310889706015587 -1.4664501557515308e-10
v 0.013642503879964352 -0.032231688499450684 -1.4664501557515308e-10
v 0.013642503879964352 -0.032231688499450684 -1.4664501557515308e-10
v 0.013837396167218685 -0.03269214183092117 0.0004999999073334038
v 0.009578204713761806 -0.03366389870643616 -1.4664501557515308e-10
v 0.017750002443790436 -0.030743902549147606 0.0004999999073334038
v 0.013642503879964352 -0.032231688499450684 -1.4664501557515308e-10
v 0.017499998211860657 -0.030310889706015587 -1.4664501557515308e-10
v 0.021092213690280914 -0.02793060429394245 -1.4664501557515308e-10
v 0.0012855746317654848 -0.032032087445259094 -0.0027397775556892157
v 0.024364687502384186 -0.02512691728770733 -1.4664501557515308e-10
v 0.0010000013280659914 -0.032232046127319336 -0.0027397775556892157
v 0.0012855746317654848 -0.032032087445259094 -0.0027397775556892157
v 0.021092213690280914 -0.02793060429394245 -1.4664501557515308e-10
v -0.003275529248639941 -0.0353485643863678 0.0004999999073334038
v -7.421311898347938e-10 -0.034999996423721313 -1.4664501557515308e-10
v 0.0010932229924947023 -0.03548315912485123 0.0004999999073334038
v -0.00452012661844492 -0.03722658008337021 0.0030999998562037945
v -0.003275529248639941 -0.0353485643863678 0.0004999999073334038
v -7.421311898347938e-10 -0.03750000149011612 0.0030999998562037945
v -0.004699998535215855 -0.04237815737724304 0.05383343622088432
v -0.00452012661844492 -0.03722658008337021 0.0030999998562037945
v -7.421311898347938e-10 -0.03750000149011612 0.0030999998562037945
v -0.008731701411306858 -0.038930654525756836 0.06132884696125984
v -0.008618787862360477 -0.038994692265987396 0.061375223100185394
v -0.008301281370222569 -0.023556174710392952 0.0831211730837822
v -0.008618787862360477 -0.038994692265987396 0.061375223100185394
v -0.007825003005564213 -0.03944484889507294 0.06170124560594559
v -0.008301281370222569 -0.023556174710392952 0.0831211730837822
v -0.009162665344774723 -0.03941381722688675 0.05978843942284584
v -0.00868132058531046 -0.039803698658943176 0.05998963862657547
v -0.008731701411306858 -0.038930654525756836 0.06132884696125984
v -0.00868132058531046 -0.039803698658943176 0.05998963862657547
v -0.009162665344774723 -0.03941381722688675 0.05978843942284584
v -0.00873351190239191 -0.04038771241903305 0.05850198119878769
v -0.009514384903013706 -0.038296766579151154 0.06086975336074829
v -0.00949625764042139 -0.022641969844698906 0.08245906978845596
v -0.0098452502861619 -0.022305713966488838 0.08221553266048431
v -0.00949625764042139 -0.022641969844698906 0.08245906978845596
v -0.0098452502861619 -0.021676434203982353 0.08301291614770889
v -0.0098452502861619 -0.022305713966488838 0.08221553266048431
v -0.0098452502861619 -0.021676434203982353 0.08301291614770889
v -0.00949625764042139 -0.022641969844698906 0.08245906978845596
v -0.009140127338469028 -0.02231290377676487 0.08355932682752609
v -0.009514384903013706 -0.038296766579151154 0.06086975336074829
v -0.008731701411306858 -0.038930654525756836 0.06132884696125984
v -0.009140127338469028 -0.022985095158219337 0.08270757645368576
v -0.008716464973986149 -0.023273522034287453 0.08291646838188171
v -0.009140127338469028 -0.02231290377676487 0.08355932682752609
v -0.009140127338469028 -0.022985095158219337 0.08270757645368576
v -0.008716464973986149 -0.023273522034287453 0.08291646838188171
v -0.009140127338469028 -0.022985095158219337 0.08270757645368576
v -0.008731701411306858 -0.038930654525756836 0.06132884696125984
v -0.00949625764042139 -0.022641969844698906 0.08245906978845596
v -0.009140127338469028 -0.022985095158219337 0.08270757645368576
v -0.009140127338469028 -0.02231290377676487 0.08355932682752609
v -0.009140127338469028 -0.022985095158219337 0.08270757645368576
v -0.00949625764042139 -0.022641969844698906 0.08245906978845596
v -0.009514384903013706 -0.038296766579151154 0.06086975336074829
v -0.009162665344774723 -0.03941381722688675 0.05978843942284584
v -0.008731701411306858 -0.038930654525756836 0.06132884696125984
v -0.009100721217691898 -0.03863178938627243 0.06111239269375801
v -0.009514384903013706 -0.038296766579151154 0.06086975336074829
v -0.009100721217691898 -0.03863178938627243 0.06111239269375801
v -0.008731701411306858 -0.038930654525756836 0.06132884696125984
v -0.009100721217691898 -0.03863178938627243 0.06111239269375801
v -0.009514384903013706 -0.038296766579151154 0.06086975336074829
v -0.009162665344774723 -0.03941381722688675 0.05978843942284584
v 0.005752666853368282 -0.04005572944879532 0.06214367598295212
v 0.006821825169026852 -0.039823710918426514 0.0619756355881691
v 0.006325594149529934 -0.024309130385518074 0.08366650342941284
v 0.006813651882112026 -0.024163303896784782 0.08356089144945145
v 0.006325594149529934 -0.024309130385518074 0.08366650342941284
v 0.006821825169026852 -0.039823710918426514 0.0619756355881691
v -0.005247586406767368 -0.020818712189793587 0.08734163641929626
v -0.005247586406767368 -0.01914999820291996 0.08833487331867218
v -0.009999998845160007 -0.015449998900294304 0.09000000357627869
v -0.005247586406767368 -0.01914999820291996 0.08833487331867218
v -0.004649997688829899 -0.0208346676081419 0.08736486732959747
v -0.004649997688829899 -0.01916280947625637 0.08835997432470322
v -0.005247586406767368 -0.020818712189793587 0.08734163641929626
v -0.004649997688829899 -0.0208346676081419 0.08736486732959747
v -0.005247586406767368 -0.01914999820291996 0.08833487331867218
v 0.005247584544122219 -0.01914999820291996 0.08833487331867218
v 0.0046500032767653465 -0.0208346676081419 0.08736486732959747
v 0.005247584544122219 -0.020818712189793587 0.08734163641929626
v 0.0046500032767653465 -0.01916280947625637 0.08835997432470322
v 0.0046500032767653465 -0.0208346676081419 0.08736486732959747
v 0.005247584544122219 -0.01914999820291996 0.08833487331867218
v -0.025865308940410614 0.023579347878694534 -1.4664500169736527e-10
v -0.026919536292552948 0.023065293207764626 0.0004999999073334038
v -0.026234813034534454 0.023916196078062057 0.0004999999073334038
v -0.0280691459774971 0.0248671006411314 0.0030999998562037945
v -0.026234813034534454 0.023916196078062057 0.0004999999073334038
v -0.026919536292552948 0.023065293207764626 0.0004999999073334038
v -0.0289749875664711 0.020510971546173096 0.0004999999073334038
v -0.0280691459774971 0.0248671006411314 0.0030999998562037945
v -0.026919536292552948 0.023065293207764626 0.0004999999073334038
v -0.008821875788271427 0.04086503013968468 0.055394772440195084
v -0.00833116564899683 0.04125174880027771 0.05540498346090317
v -0.024867095053195953 0.028069153428077698 0.0030999998562037945
v -0.00833116564899683 0.04125174880027771 0.05540498346090317
v -0.021302424371242523 0.03086189553141594 0.0030999998562037945
v -0.024867095053195953 0.028069153428077698 0.0030999998562037945
v -0.00878023449331522 0.04074075073003769 0.05696788802742958
v -0.00833116564899683 0.04125174880027771 0.05540498346090317
v -0.008821875788271427 0.04086503013968468 0.055394772440195084
v -0.023096956312656403 0.026958875358104706 0.0004999999073334038
v -0.01960895210504532 0.029592884704470634 0.0004999999073334038
v -0.019332773983478546 0.02917608432471752 -1.4664500169736527e-10
v -0.01960895210504532 0.029592884704470634 0.0004999999073334038
v -0.023096956312656403 0.026958875358104706 0.0004999999073334038
v -0.021302424371242523 0.03086189553141594 0.0030999998562037945
v -0.009204157628118992 -0.039973050355911255 0.058361876755952835
v -0.008780435658991337 -0.04074184596538544 0.05696072429418564
v -0.00873351190239191 -0.04038771241903305 0.05850198119878769
v -0.009241455234587193 -0.04031198471784592 0.056884270161390305
v -0.008780435658991337 -0.04074184596538544 0.05696072429418564
v -0.009204157628118992 -0.039973050355911255 0.058361876755952835
v -0.00833174679428339 -0.04125184565782547 0.05538485199213028
v -0.008780435658991337 -0.04074184596538544 0.05696072429418564
v -0.00882235262542963 -0.040865108370780945 0.0553753599524498
v -0.009241455234587193 -0.04031198471784592 0.056884270161390305
v -0.00882235262542963 -0.040865108370780945 0.0553753599524498
v -0.008780435658991337 -0.04074184596538544 0.05696072429418564
v -0.029523752629756927 -0.023075630888342857 0.03054758906364441
v -0.009628244675695896 -0.03951532393693924 0.05820722132921219
v -0.029368646442890167 -0.022954391315579414 0.031625594943761826
v -0.029523752629756927 -0.023075630888342857 0.03054758906364441
v -0.009241455234587193 -0.04031198471784592 0.056884270161390305
v -0.009628244675695896 -0.03951532393693924 0.05820722132921219
v -0.03133370727300644 -0.020550815388560295 0.03054758906364441
v -0.029523752629756927 -0.023075630888342857 0.03054758906364441
v -0.029368646442890167 -0.022954391315579414 0.031625594943761826
v -0.03133370727300644 -0.020550815388560295 0.03054758906364441
v -0.029545970261096954 -0.02309298701584339 0.02995000034570694
v -0.029523752629756927 -0.023075630888342857 0.03054758906364441
v -0.02532798796892166 -0.02765398658812046 0.02995000034570694
v -0.027510903775691986 -0.025441849604249 0.03054758906364441
v -0.027531586587429047 -0.0254609826952219 0.02995000034570694
v -0.029523752629756927 -0.023075630888342857 0.03054758906364441
v -0.027510903775691986 -0.025441849604249 0.03054758906364441
v -0.009241455234587193 -0.04031198471784592 0.056884270161390305
v -0.027531586587429047 -0.0254609826952219 0.02995000034570694
v -0.027510903775691986 -0.025441849604249 0.03054758906364441
v -0.029545970261096954 -0.02309298701584339 0.02995000034570694
v -0.029523752629756927 -0.023075630888342857 0.03054758906364441
v -0.029545970261096954 -0.02309298701584339 0.02995000034570694
v -0.027510903775691986 -0.025441849604249 0.03054758906364441
v -0.03086189180612564 -0.02130242995917797 0.0030999998562037945
v -0.03070097416639328 -0.017723416909575462 0.0004999999073334038
v -0.0289749875664711 -0.020510969683527946 0.0004999999073334038
v -0.03127593547105789 -0.016794821247458458 0.0004999999073334038
v -0.03070097416639328 -0.017723416909575462 0.0004999999073334038
v -0.03086189180612564 -0.02130242995917797 0.0030999998562037945
v -0.030835427343845367 -0.016558272764086723 -1.4664501557515308e-10
v -0.0018793873023241758 -0.031184041872620583 -0.0027397775556892157
v -0.0017320520710200071 -0.03149999678134918 -0.0027397775556892157
v -0.03070097416639328 -0.017723416909575462 0.0004999999073334038
v -0.03127593547105789 -0.016794821247458458 0.0004999999073334038
v -0.030835427343845367 -0.016558272764086723 -1.4664501557515308e-10
v -0.035063110291957855 -0.013297682628035545 0.0030999998562037945
v -0.03442778438329697 -0.008658936247229576 0.0004999999073334038
v -0.034096695482730865 -0.009699730202555656 0.0004999999073334038
v -0.035063110291957855 -0.013297682628035545 0.0030999998562037945
v -0.034096695482730865 -0.009699730202555656 0.0004999999073334038
v -0.03310275822877884 -0.012824079021811485 0.0004999999073334038
v -0.015823714435100555 -0.03177829831838608 0.0004999999073334038
v -0.019332773983478546 -0.02917608432471752 -1.4664501557515308e-10
v -0.01560083869844675 -0.031330712139606476 -1.4664501557515308e-10
v -0.017427124083042145 -0.03320460021495819 0.0030999998562037945
v -0.007862300612032413 -0.04147004336118698 0.0537123829126358
v -0.0078108469024300575 -0.041585445404052734 0.0553930401802063
v -0.0078108469024300575 -0.041585445404052734 0.0553930401802063
v -0.007862300612032413 -0.04147004336118698 0.0537123829126358
v -0.007327177561819553 -0.04174830764532089 0.0536770336329937
v -0.007327177561819553 -0.04174830764532089 0.0536770336329937
v -0.007862300612032413 -0.04147004336118698 0.0537123829126358
v -0.017427124083042145 -0.03320460021495819 0.0030999998562037945
v -0.005111590959131718 -0.042414598166942596 0.05510138347744942
v -0.005633936263620853 -0.0423392653465271 0.054509732872247696
v -0.005113639868795872 -0.04241223633289337 0.05505681037902832
v -0.0019999973010271788 -0.030500000342726707 -0.0027397775556892157
v -0.0019696138333529234 -0.030847297981381416 -0.0027397775556892157
v -0.03473471850156784 -0.004301091656088829 -1.4664500169736527e-10
v -0.019332773983478546 0.02917608432471752 -1.4664500169736527e-10
v -0.0012855760287493467 -0.02896791137754917 -0.0027397775556892157
v -0.02277163416147232 0.026579171419143677 -1.4664500169736527e-10
v -0.0010000027250498533 -0.02876794897019863 -0.0027397775556892157
v -0.0012855760287493467 -0.02896791137754917 -0.0027397775556892157
v -0.019332773983478546 0.02917608432471752 -1.4664500169736527e-10
v -0.0012855760287493467 -0.02896791137754917 -0.0027397775556892157
v -0.0015320859383791685 -0.02921442501246929 -0.0027397775556892157
v -0.025865308940410614 0.023579347878694534 -1.4664500169736527e-10
v -0.02277163416147232 0.026579171419143677 -1.4664500169736527e-10
v -0.0012855760287493467 -0.02896791137754917 -0.0027397775556892157
v -0.025865308940410614 0.023579347878694534 -1.4664500169736527e-10
v -0.0015320859383791685 -0.02921442501246929 -0.0027397775556892157
v -0.028566889464855194 0.02022208459675312 -1.4664500169736527e-10
v -0.025865308940410614 0.023579347878694534 -1.4664500169736527e-10
v -0.025865308940410614 0.023579347878694534 -1.4664500169736527e-10
v -0.028566889464855194 0.02022208459675312 -1.4664500169736527e-10
v -0.026919536292552948 0.023065293207764626 0.0004999999073334038
v -0.026919536292552948 0.023065293207764626 0.0004999999073334038
v -0.028566889464855194 0.02022208459675312 -1.4664500169736527e-10
v -0.0289749875664711 0.020510971546173096 0.0004999999073334038
v -0.0289749875664711 0.020510971546173096 0.0004999999073334038
v -0.028566889464855194 0.02022208459675312 -1.4664500169736527e-10
v -0.03127593547105789 0.016794821247458458 0.0004999999073334038
v -0.030835427343845367 0.016558274626731873 -1.4664500169736527e-10
v -0.03127593547105789 0.016794821247458458 0.0004999999073334038
v -0.028566889464855194 0.02022208459675312 -1.4664500169736527e-10
v -0.028566889464855194 0.02022208459675312 -1.4664500169736527e-10
v -0.0015320859383791685 -0.02921442501246929 -0.0027397775556892157
v -0.0017320520710200071 -0.029499998316168785 -0.0027397775556892157
v -0.028566889464855194 0.02022208459675312 -1.4664500169736527e-10
v -0.0017320520710200071 -0.029499998316168785 -0.0027397775556892157
v -0.030835427343845367 0.016558274626731873 -1.4664500169736527e-10
v -0.009140127338469028 0.022985095158219337 0.08270757645368576
v -0.008731701411306858 0.038930658251047134 0.06132884696125984
v -0.009514384903013706 0.038296766579151154 0.06086975336074829
v -0.008716464973986149 0.023273522034287453 0.08291646838188171
v -0.008731701411306858 0.038930658251047134 0.06132884696125984
v -0.009140127338469028 0.022985095158219337 0.08270757645368576
v -0.009514384903013706 0.038296766579151154 0.06086975336074829
v -0.008731701411306858 0.038930658251047134 0.06132884696125984
v -0.00916245672851801 0.039411064237356186 0.05979565158486366
v 0.03488437086343765 0.01201540231704712 0.032653696835041046
v 0.009999996982514858 0.015449999831616879 0.09000000357627869
v 0.03575975447893143 0.009084563702344894 0.032653696835041046
v 0.009999996982514858 0.015449999831616879 0.09000000357627869
v 0.03488437086343765 0.01201540231704712 0.032653696835041046
v 0.03376922756433487 0.01486365869641304 0.032653696835041046
v -0.00716144684702158 0.04154933616518974 0.05799384042620659
v -0.00712155643850565 0.04131583124399185 0.05883655697107315
v -0.006592669524252415 0.04175588861107826 0.05804700776934624
v -0.02532798796892166 0.02765398845076561 0.02995000034570694
v -0.025308959186077118 0.02763320505619049 0.03054758906364441
v -0.008821875788271427 0.04086503013968468 0.055394772440195084
v -0.027510903775691986 0.025441849604249 0.03054758906364441
v -0.025308959186077118 0.02763320505619049 0.03054758906364441
v -0.02532798796892166 0.02765398845076561 0.02995000034570694
v -0.0098452502861619 0.022305713966488838 0.08221553266048431
v -0.00949625764042139 0.022641969844698906 0.08245906978845596
v -0.009514384903013706 0.038296766579151154 0.06086975336074829
v -0.009140127338469028 0.022985095158219337 0.08270757645368576
v -0.009514384903013706 0.038296766579151154 0.06086975336074829
v -0.00949625764042139 0.022641969844698906 0.08245906978845596
v -0.0098452502861619 0.021676434203982353 0.08301291614770889
v -0.00949625764042139 0.022641969844698906 0.08245906978845596
v -0.0098452502861619 0.022305713966488838 0.08221553266048431
v -0.009999998845160007 0.015449999831616879 0.09000000357627869
v -0.009140127338469028 0.02231290191411972 0.08355932682752609
v -0.0098452502861619 0.021676434203982353 0.08301291614770889
v -0.009140127338469028 0.022985095158219337 0.08270757645368576
v -0.009140127338469028 0.02231290191411972 0.08355932682752609
v -0.008716464973986149 0.023273522034287453 0.08291646838188171
v -0.0098452502861619 0.021676434203982353 0.08301291614770889
v -0.009140127338469028 0.02231290191411972 0.08355932682752609
v -0.00949625764042139 0.022641969844698906 0.08245906978845596
v -0.00949625764042139 0.022641969844698906 0.08245906978845596
v -0.009140127338469028 0.02231290191411972 0.08355932682752609
v -0.009140127338469028 0.022985095158219337 0.08270757645368576
v -0.009596475400030613 0.0389794297516346 0.0595724992454052
v -0.009976663626730442 0.03851298615336418 0.05933135002851486
v -0.009514384903013706 0.038296766579151154 0.06086975336074829
v -0.01014926377683878 0.037562429904937744 0.060337912291288376
v -0.009976663626730442 0.03851298615336418 0.05933135002851486
v -0.0327552929520607 0.017790786921977997 0.031625594943761826
v -0.01014926377683878 0.037562429904937744 0.060337912291288376
v -0.009514384903013706 0.038296766579151154 0.06086975336074829
v -0.009976663626730442 0.03851298615336418 0.05933135002851486
v -0.0327552929520607 0.017790786921977997 0.031625594943761826
v -0.009976663626730442 0.03851298615336418 0.05933135002851486
v -0.03116907924413681 0.020442841574549675 0.031625594943761826
v -0.009596475400030613 0.0389794297516346 0.0595724992454052
v -0.03116907924413681 0.020442841574549675 0.031625594943761826
v -0.009976663626730442 0.03851298615336418 0.05933135002851486
v -0.009596475400030613 0.0389794297516346 0.0595724992454052
v -0.00962789449840784 0.03951041027903557 0.05822308734059334
v -0.03116907924413681 0.020442841574549675 0.031625594943761826
v -0.03689565509557724 1.2185967512845508e-10 0.032653696835041046
v -0.037274934351444244 1.2185967512845508e-10 0.031625594943761826
v -0.03714684396982193 -0.003087563207373023 0.031625594943761826
v -0.03714684396982193 -0.003087563207373023 0.031625594943761826
v -0.037274934351444244 1.2185967512845508e-10 0.031625594943761826
v -0.03747182339429855 1.2185967512845508e-10 0.03054758906364441
v -0.035429127514362335 -0.0122030358761549 0.03054758906364441
v -0.034296564757823944 -0.015095772221684456 0.03054758906364441
v -0.03411637991666794 -0.015016457065939903 0.031625594943761826
v -0.034296564757823944 -0.015095772221684456 0.03054758906364441
v -0.03292829543352127 -0.01788475550711155 0.03054758906364441
v -0.03411637991666794 -0.015016457065939903 0.031625594943761826
v -0.009999998845160007 -0.015449998900294304 0.09000000357627869
v -0.03411637991666794 -0.015016457065939903 0.031625594943761826
v -0.0098452502861619 -0.021676434203982353 0.08301291614770889
v 0.006223677657544613 -0.04214010387659073 0.05363595858216286
v 0.006188421510159969 -0.042227521538734436 0.054531630128622055
v 0.005671239458024502 -0.042254626750946045 0.05362149327993393
v 0.00452012475579977 -0.03722658008337021 0.0030999998562037945
v 0.004699996672570705 -0.04231575131416321 0.05333652347326279
v -7.421311898347938e-10 -0.03750000149011612 0.0030999998562037945
v 0.005148149095475674 -0.04238510876893997 0.05431739240884781
v 0.004699996672570705 -0.04231575131416321 0.05333652347326279
v 0.00452012475579977 -0.03722658008337021 0.0030999998562037945
v -7.421311898347938e-10 -0.03750000149011612 0.0030999998562037945
v 0.004699996672570705 -0.04231575131416321 0.05333652347326279
v 0.004699996672570705 -0.04242835193872452 0.05448383837938309
v 0.005148149095475674 -0.04238510876893997 0.05431739240884781
v 0.004699996672570705 -0.04242835193872452 0.05448383837938309
v 0.004699996672570705 -0.04231575131416321 0.05333652347326279
v 0.02130243182182312 -0.03086189366877079 0.0030999998562037945
v 0.007810159586369991 -0.04158531129360199 0.05541379004716873
v 0.00786206778138876 -0.041471198201179504 0.05372043699026108
v 0.00833116378635168 -0.04125174880027771 0.05540498346090317
v 0.007810159586369991 -0.04158531129360199 0.05541379004716873
v 0.02130243182182312 -0.03086189366877079 0.0030999998562037945
v 0.009241296909749508 -0.04031093418598175 0.05689113587141037
v 0.00878023263067007 -0.04074074327945709 0.05696788802742958
v 0.008821873925626278 -0.04086502641439438 0.055394772440195084
v 0.00878023263067007 -0.04074074327945709 0.05696788802742958
v 0.00833116378635168 -0.04125174880027771 0.05540498346090317
v 0.008821873925626278 -0.04086502641439438 0.055394772440195084
v 0.00830127950757742 -0.022847911342978477 0.08401863276958466
v 0.00914012547582388 -0.02231290377676487 0.08355932682752609
v 0.009999996982514858 -0.015449998900294304 0.09000000357627869
v 0.009999996982514858 -0.015449998900294304 0.09000000357627869
v 0.00914012547582388 -0.02231290377676487 0.08355932682752609
v 0.00984524842351675 -0.021676434203982353 0.08301291614770889
v 0.009496255777776241 -0.022641969844698906 0.08245906978845596
v 0.00914012547582388 -0.02231290377676487 0.08355932682752609
v 0.00914012547582388 -0.022985095158219337 0.08270757645368576
v 0.009496255777776241 -0.022641969844698906 0.08245906978845596
v 0.00984524842351675 -0.021676434203982353 0.08301291614770889
v 0.00914012547582388 -0.02231290377676487 0.08355932682752609
v 0.006813651882112026 -0.024163303896784782 0.08356089144945145
v 0.007353699766099453 -0.024001942947506905 0.0834440216422081
v 0.007353699766099453 -0.023265523836016655 0.08437716215848923
v 0.006821825169026852 -0.039823710918426514 0.0619756355881691
v 0.007353699766099453 -0.024001942947506905 0.0834440216422081
v 0.006813651882112026 -0.024163303896784782 0.08356089144945145
v 0.005247584544122219 -0.020818712189793587 0.08734163641929626
v 0.006325594149529934 -0.020707255229353905 0.08717934787273407
v 0.009999996982514858 -0.015449998900294304 0.09000000357627869
v 0.00830127950757742 -0.022847911342978477 0.08401863276958466
v 0.00830127950757742 -0.02159223146736622 0.08530247211456299
v 0.007353699766099453 -0.023265523836016655 0.08437716215848923
v 0.007353699766099453 -0.021959928795695305 0.08571203052997589
v 0.007353699766099453 -0.023265523836016655 0.08437716215848923
v 0.00830127950757742 -0.02159223146736622 0.08530247211456299
v 0.00830127950757742 -0.02159223146736622 0.08530247211456299
v 0.00830127950757742 -0.022847911342978477 0.08401863276958466
v 0.009999996982514858 -0.015449998900294304 0.09000000357627869
v 0.007353699766099453 -0.021959928795695305 0.08571203052997589
v 0.00830127950757742 -0.02159223146736622 0.08530247211456299
v 0.009999996982514858 -0.015449998900294304 0.09000000357627869
v 0.007353699766099453 -0.021959928795695305 0.08571203052997589
v 0.006325594149529934 -0.02221331186592579 0.08599426597356796
v 0.007353699766099453 -0.023265523836016655 0.08437716215848923
v 0.009999996982514858 -0.015449998900294304 0.09000000357627869
v 0.006325594149529934 -0.02221331186592579 0.08599426597356796
v 0.007353699766099453 -0.021959928795695305 0.08571203052997589
v 0.006325594149529934 -0.020707255229353905 0.08717934787273407
v 0.006325594149529934 -0.02221331186592579 0.08599426597356796
v 0.009999996982514858 -0.015449998900294304 0.09000000357627869
v 0.00984524842351675 -0.021676434203982353 0.08301291614770889
v 0.00984524842351675 -0.022305713966488838 0.08221553266048431
v 0.0327552929520607 -0.017790788784623146 0.031625594943761826
v 0.009496255777776241 -0.022641969844698906 0.08245906978845596
v 0.00984524842351675 -0.022305713966488838 0.08221553266048431
v 0.00984524842351675 -0.021676434203982353 0.08301291614770889
v 0.0327552929520607 -0.017790788784623146 0.031625594943761826
v 0.009976661764085293 -0.03851298242807388 0.05933135002851486
v 0.03116907924413681 -0.020442841574549675 0.031625594943761826
v 0.02936863899230957 -0.022954391315579414 0.031625594943761826
v 0.029523760080337524 -0.023075630888342857 0.03054758906364441
v 0.03116907924413681 -0.020442841574549675 0.031625594943761826
v 0.00984524842351675 -0.021676434203982353 0.08301291614770889
v 0.03411637991666794 -0.015016457065939903 0.031625594943761826
v 0.009999996982514858 -0.015449998900294304 0.09000000357627869
v 0.0327552929520607 -0.017790788784623146 0.031625594943761826
v 0.03411637991666794 -0.015016457065939903 0.031625594943761826
v 0.00984524842351675 -0.021676434203982353 0.08301291614770889
v 0.03488437086343765 -0.012015404179692268 0.032653696835041046
v 0.03411637991666794 -0.015016457065939903 0.031625594943761826
v 0.03524298220872879 -0.012138919904828072 0.031625594943761826
v 0.03429657220840454 -0.015095772221684456 0.03054758906364441
v 0.03411637991666794 -0.015016457065939903 0.031625594943761826
v 0.0327552929520607 -0.017790788784623146 0.031625594943761826
v 0.008731699548661709 -0.038930654525756836 0.06132884696125984
v 0.009514383040368557 -0.038296766579151154 0.06086975336074829
v 0.00914012547582388 -0.022985095158219337 0.08270757645368576
v 0.00914012547582388 -0.022985095158219337 0.08270757645368576
v 0.009514383040368557 -0.038296766579151154 0.06086975336074829
v 0.009496255777776241 -0.022641969844698906 0.08245906978845596
v 0.009934335015714169 -0.037811025977134705 0.06051795929670334
v 0.009514383040368557 -0.038296766579151154 0.06086975336074829
v 0.009976661764085293 -0.03851298242807388 0.05933135002851486
v 0.00984524842351675 -0.022305713966488838 0.08221553266048431
v 0.009514383040368557 -0.038296766579151154 0.06086975336074829
v 0.009934335015714169 -0.037811025977134705 0.06051795929670334
v 0.009514383040368557 -0.038296766579151154 0.06086975336074829
v 0.00984524842351675 -0.022305713966488838 0.08221553266048431
v 0.009496255777776241 -0.022641969844698906 0.08245906978845596
v 0.008731699548661709 -0.038930654525756836 0.06132884696125984
v 0.00914012547582388 -0.022985095158219337 0.08270757645368576
v 0.008716463111341 -0.023273522034287453 0.08291646838188171
v 0.00914012547582388 -0.02231290377676487 0.08355932682752609
v 0.008716463111341 -0.023273522034287453 0.08291646838188171
v 0.00914012547582388 -0.022985095158219337 0.08270757645368576
v 0.008716463111341 -0.023273522034287453 0.08291646838188171
v 0.00914012547582388 -0.02231290377676487 0.08355932682752609
v 0.00830127950757742 -0.022847911342978477 0.08401863276958466
v 0.00830127950757742 -0.023556174710392952 0.0831211730837822
v 0.008716463111341 -0.023273522034287453 0.08291646838188171
v 0.00830127950757742 -0.022847911342978477 0.08401863276958466
v 0.008716463111341 -0.023273522034287453 0.08291646838188171
v 0.00830127950757742 -0.023556174710392952 0.0831211730837822
v 0.008731699548661709 -0.038930654525756836 0.06132884696125984
v 0.009514383040368557 -0.038296766579151154 0.06086975336074829
v 0.009596473537385464 -0.0389794260263443 0.0595724992454052
v 0.009976661764085293 -0.03851298242807388 0.05933135002851486
v 0.009596473537385464 -0.0389794260263443 0.0595724992454052
v 0.03116907924413681 -0.020442841574549675 0.031625594943761826
v 0.009976661764085293 -0.03851298242807388 0.05933135002851486
v 0.03411637991666794 -0.015016457065939903 0.031625594943761826
v 0.035429127514362335 -0.0122030358761549 0.03054758906364441
v 0.03524298220872879 -0.012138919904828072 0.031625594943761826
v 0.035429127514362335 -0.0122030358761549 0.03054758906364441
v 0.03411637991666794 -0.015016457065939903 0.031625594943761826
v 0.03429657220840454 -0.015095772221684456 0.03054758906364441
v 0.027531586587429047 -0.0254609826952219 0.02995000034570694
v 0.02805037796497345 -0.024851126596331596 0.02995000034570694
v 0.02751089632511139 -0.025441849604249 0.03054758906364441
v 0.02751089632511139 -0.025441849604249 0.03054758906364441
v 0.02805037796497345 -0.024851126596331596 0.02995000034570694
v 0.029523760080337524 -0.023075630888342857 0.03054758906364441
v 0.029545962810516357 -0.02309298701584339 0.02995000034570694
v 0.029523760080337524 -0.023075630888342857 0.03054758906364441
v 0.02805037796497345 -0.024851126596331596 0.02995000034570694
v 0.029545962810516357 -0.02309298701584339 0.02995000034570694
v 0.02805037796497345 -0.024851126596331596 0.02995000034570694
v 0.028069153428077698 -0.0248671006411314 0.0030999998562037945
v 0.028069153428077698 -0.0248671006411314 0.0030999998562037945
v 0.02805037796497345 -0.024851126596331596 0.02995000034570694
v 0.027531586587429047 -0.0254609826952219 0.02995000034570694
v 0.03225051611661911 0.014837592840194702 0.0004999999073334038
v 0.031733810901641846 0.01579982228577137 0.0004999999073334038
v 0.03320460021495819 0.017427118495106697 0.0030999998562037945
v 0.03225051611661911 0.014837592840194702 0.0004999999073334038
v 0.029757604002952576 0.018425125628709793 -1.4664500169736527e-10
v 0.031733810901641846 0.01579982228577137 0.0004999999073334038
v 0.03320460021495819 0.017427118495106697 0.0030999998562037945
v 0.03018271178007126 0.018688341602683067 0.0004999999073334038
v 0.030861899256706238 0.02130242809653282 0.0030999998562037945
v 0.031733810901641846 0.01579982228577137 0.0004999999073334038
v 0.03018271178007126 0.018688341602683067 0.0004999999073334038
v 0.03320460021495819 0.017427118495106697 0.0030999998562037945
v 0.031733810901641846 0.01579982228577137 0.0004999999073334038
v 0.029757604002952576 0.018425125628709793 -1.4664500169736527e-10
v 0.03018271178007126 0.018688341602683067 0.0004999999073334038
v 0.030861899256706238 0.02130242809653282 0.0030999998562037945
v 0.03018271178007126 0.018688341602683067 0.0004999999073334038
v 0.027657359838485718 0.02225579507648945 0.0004999999073334038
v 0.02726782113313675 0.02194233424961567 -1.4664500169736527e-10
v 0.027657359838485718 0.02225579507648945 0.0004999999073334038
v 0.03018271178007126 0.018688341602683067 0.0004999999073334038
v 0.029757604002952576 0.018425125628709793 -1.4664500169736527e-10
v 0.02726782113313675 0.02194233424961567 -1.4664500169736527e-10
v 0.03018271178007126 0.018688341602683067 0.0004999999073334038
v 0.017499998211860657 0.030310889706015587 -1.4664500169736527e-10
v 0.013642503879964352 0.03223169222474098 -1.4664500169736527e-10
v 0.017750002443790436 0.030743902549147606 0.0004999999073334038
v 0.017750002443790436 0.030743902549147606 0.0004999999073334038
v 0.013642503879964352 0.03223169222474098 -1.4664500169736527e-10
v 0.013837396167218685 0.03269214555621147 0.0004999999073334038
v 0.013837396167218685 0.03269214555621147 0.0004999999073334038
v 0.013642503879964352 0.03223169222474098 -1.4664500169736527e-10
v 0.009578204713761806 0.03366389870643616 -1.4664500169736527e-10
v 0.013642503879964352 0.03223169222474098 -1.4664500169736527e-10
v 0.017499998211860657 0.030310889706015587 -1.4664500169736527e-10
v 0.0010000013280659914 -0.02876794897019863 -0.0027397775556892157
v -0.003229395253583789 0.034850697964429855 -1.4664500169736527e-10
v -0.0003472946409601718 -0.028530383482575417 -0.0027397775556892157
v -0.007487655617296696 0.03418968990445137 -1.4664500169736527e-10
v -0.007487655617296696 0.03418968990445137 -1.4664500169736527e-10
v -0.0003472946409601718 -0.028530383482575417 -0.0027397775556892157
v -0.0006840385613031685 -0.028620613738894463 -0.0027397775556892157
v 0.000347293185768649 -0.028530383482575417 -0.0027397775556892157
v 0.00536870863288641 0.03458579257130623 -1.4664500169736527e-10
v 0.009578204713761806 0.03366389870643616 -1.4664500169736527e-10
v 0.000347293185768649 -0.028530383482575417 -0.0027397775556892157
v 0.0010778300929814577 0.034983400255441666 -1.4664500169736527e-10
v 0.00536870863288641 0.03458579257130623 -1.4664500169736527e-10
v 0.009578204713761806 0.03366389870643616 -1.4664500169736527e-10
v 0.00536870863288641 0.03458579257130623 -1.4664500169736527e-10
v 0.009715034626424313 0.0341448113322258 0.0004999999073334038
v 0.009715034626424313 0.0341448113322258 0.0004999999073334038
v 0.00536870863288641 0.03458579257130623 -1.4664500169736527e-10
v 0.005445404909551144 0.035079874098300934 0.0004999999073334038
v 0.005445404909551144 0.035079874098300934 0.0004999999073334038
v 0.00536870863288641 0.03458579257130623 -1.4664500169736527e-10
v 0.0010932229924947023 0.035483162850141525 0.0004999999073334038
v 0.0010778300929814577 0.034983400255441666 -1.4664500169736527e-10
v 0.0010932229924947023 0.035483162850141525 0.0004999999073334038
v 0.00536870863288641 0.03458579257130623 -1.4664500169736527e-10
v -0.00716144684702158 0.04154933616518974 0.05799384042620659
v -0.007199005223810673 0.04171798378229141 0.05714239180088043
v -0.007750586606562138 0.04144787788391113 0.057094160467386246
v -0.007750586606562138 0.04144787788391113 0.057094160467386246
v -0.007199005223810673 0.04171798378229141 0.05714239180088043
v -0.007234253920614719 0.04182244837284088 0.05628487095236778
v -0.0061884233728051186 0.042227525264024734 0.054531630128622055
v -0.005671241320669651 0.042254626750946045 0.05362149327993393
v -0.006223679520189762 0.04214010760188103 0.05363595858216286
v -0.0061502764001488686 0.042247503995895386 0.055431269109249115
v -0.006674193777143955 0.042039696127176285 0.05630703270435333
v -0.0061095962300896645 0.042200107127428055 0.056323397904634476
v -0.007199005223810673 0.04171798378229141 0.05714239180088043
v -0.006674193777143955 0.042039696127176285 0.05630703270435333
v -0.007234253920614719 0.04182244837284088 0.05628487095236778
v -0.0061095962300896645 0.042200107127428055 0.056323397904634476
v -0.005592086352407932 0.04235696792602539 0.05543415993452072
v -0.0061502764001488686 0.042247503995895386 0.055431269109249115
v -0.005548262037336826 0.042305730283260345 0.056334175169467926
v -0.005592086352407932 0.04235696792602539 0.05543415993452072
v -0.0061095962300896645 0.042200107127428055 0.056323397904634476
v -7.42131245345945e-10 0.03750000149011612 0.0030999998562037945
v -0.004699998535215855 0.04231575131416321 0.05333652347326279
v -0.004699998535215855 0.04242835193872452 0.05448383837938309
v -0.003229395253583789 0.034850697964429855 -1.4664500169736527e-10
v -0.003275529248639941 0.0353485643863678 0.0004999999073334038
v 1.5564291970804334e-06 0.03544953092932701 0.0004999999073334038
v -7.42131245345945e-10 0.03750000149011612 0.0030999998562037945
v 1.5564291970804334e-06 0.03544953092932701 0.0004999999073334038
v -0.003275529248639941 0.0353485643863678 0.0004999999073334038
v 0.02532798796892166 0.02765398845076561 0.02995000034570694
v 0.02530895173549652 0.02763320505619049 0.03054758906364441
v 0.02751089632511139 0.025441849604249 0.03054758906364441
v 0.008822358213365078 0.040865108370780945 0.0553753599524498
v 0.02530895173549652 0.02763320505619049 0.03054758906364441
v 0.02532798796892166 0.02765398845076561 0.02995000034570694
v 0.0061890920624136925 0.04222676530480385 0.05451546609401703
v 0.005671589635312557 0.04225347563624382 0.053612858057022095
v 0.005633934400975704 0.0423392690718174 0.054509732872247696
v 0.005671589635312557 0.04225347563624382 0.053612858057022095
v 0.0061890920624136925 0.04222676530480385 0.05451546609401703
v 0.006223998032510281 0.04213894158601761 0.05362740904092789
v 0.02805037796497345 0.024851124733686447 0.02995000034570694
v 0.02751089632511139 0.025441849604249 0.03054758906364441
v 0.029523760080337524 0.023075632750988007 0.03054758906364441
v 0.017427116632461548 0.03320460021495819 0.0030999998562037945
v 0.007810845039784908 0.041585445404052734 0.0553930401802063
v 0.02130243182182312 0.03086189553141594 0.0030999998562037945
v 0.007862298749387264 0.04147004336118698 0.0537123829126358
v 0.007810845039784908 0.041585445404052734 0.0553930401802063
v 0.017427116632461548 0.03320460021495819 0.0030999998562037945
v 0.007327175699174404 0.04174830764532089 0.0536770336329937
v 0.007862298749387264 0.04147004336118698 0.0537123829126358
v 0.017427116632461548 0.03320460021495819 0.0030999998562037945
v 0.007810845039784908 0.041585445404052734 0.0553930401802063
v 0.007327175699174404 0.04174830764532089 0.0536770336329937
v 0.007268114946782589 0.041863106191158295 0.055399857461452484
v 0.007327175699174404 0.04174830764532089 0.0536770336329937
v 0.007810845039784908 0.041585445404052734 0.0553930401802063
v 0.007862298749387264 0.04147004336118698 0.0537123829126358
v 0.01329768355935812 0.035063110291957855 0.0030999998562037945
v 0.007327175699174404 0.04174830764532089 0.0536770336329937
v 0.017427116632461548 0.03320460021495819 0.0030999998562037945
v 0.03722658008337021 0.004520125687122345 0.0030999998562037945
v 0.03737112879753113 0.003106206888332963 0.02995000034570694
v 0.03750000149011612 1.218596890062429e-10 0.0030999998562037945
v 0.03737112879753113 0.003106206888332963 0.02995000034570694
v 0.03750000149011612 1.218596890062429e-10 0.02995000034570694
v 0.03750000149011612 1.218596890062429e-10 0.0030999998562037945
v 0.035455770790576935 0.01221221499145031 0.02995000034570694
v 0.03634549677371979 0.009233368560671806 0.02995000034570694
v 0.036410316824913025 0.008974337950348854 0.0030999998562037945
v 0.03698541224002838 0.0061910636723041534 0.02995000034570694
v 0.036410316824913025 0.008974337950348854 0.0030999998562037945
v 0.03634549677371979 0.009233368560671806 0.02995000034570694
v 0.009999996982514858 0.015449999831616879 0.09000000357627869
v 0.03638935834169388 0.006091287359595299 0.032653696835041046
v 0.03575975447893143 0.009084563702344894 0.032653696835041046
v 0.03676886111497879 0.003056146437302232 0.032653696835041046
v 0.03638935834169388 0.006091287359595299 0.032653696835041046
v 0.009999996982514858 0.015449999831616879 0.09000000357627869
v -0.03719484061002731 0.004516156390309334 0.02995000034570694
v -0.03695761412382126 0.0061864107847213745 0.03054758906364441
v -0.036985404789447784 0.0061910636723041534 0.02995000034570694
v -0.03695761412382126 0.0061864107847213745 0.03054758906364441
v -0.03676343709230423 0.006153905764222145 0.031625594943761826
v -0.03612736612558365 0.009177953004837036 0.031625594943761826
v -0.036985404789447784 0.0061910636723041534 0.02995000034570694
v -0.03695761412382126 0.0061864107847213745 0.03054758906364441
v -0.03640041500329971 0.008972253650426865 0.02995000034570694
v -0.03676886111497879 0.003056146437302232 0.032653696835041046
v -0.03638935834169388 0.006091287359595299 0.032653696835041046
v -0.03714684396982193 0.0030875636730343103 0.031625594943761826
v -0.03676343709230423 0.006153905764222145 0.031625594943761826
v -0.03714684396982193 0.0030875636730343103 0.031625594943761826
v -0.03638935834169388 0.006091287359595299 0.032653696835041046
v -0.03676886111497879 0.003056146437302232 0.032653696835041046
v -0.03714684396982193 0.0030875636730343103 0.031625594943761826
v -0.03689565509557724 1.2185967512845508e-10 0.032653696835041046
v -0.037274934351444244 1.2185967512845508e-10 0.031625594943761826
v -0.03689565509557724 1.2185967512845508e-10 0.032653696835041046
v -0.03714684396982193 0.0030875636730343103 0.031625594943761826
v -0.037274934351444244 1.2185967512845508e-10 0.031625594943761826
v -0.03714684396982193 0.0030875636730343103 0.031625594943761826
v -0.03747182339429855 1.2185967512845508e-10 0.03054758906364441
v -0.03135726600885391 0.020566271618008614 0.02995000034570694
v -0.03320460766553879 0.017427118495106697 0.0030999998562037945
v -0.032953061163425446 0.017898205667734146 0.02995000034570694
v -0.032953061163425446 0.017898205667734146 0.02995000034570694
v -0.03133370727300644 0.020550817251205444 0.03054758906364441
v -0.03135726600885391 0.020566271618008614 0.02995000034570694
v -0.035429127514362335 0.0122030358761549 0.03054758906364441
v -0.03411637991666794 0.015016458928585052 0.031625594943761826
v -0.034296564757823944 0.015095772221684456 0.03054758906364441
v -0.034322358667850494 0.015107125043869019 0.02995000034570694
v -0.035429127514362335 0.0122030358761549 0.03054758906364441
v -0.034296564757823944 0.015095772221684456 0.03054758906364441
v 0.035499997437000275 1.218596890062429e-10 0.0004999999073334038
v 0.03493361920118332 0.0021546317730098963 -1.4664500169736527e-10
v 0.035432666540145874 0.002185411984100938 0.0004999999073334038
v 0.03529845178127289 0.0032693224493414164 0.0004999999073334038
v 0.035432666540145874 0.002185411984100938 0.0004999999073334038
v 0.03493361920118332 0.0021546317730098963 -1.4664500169736527e-10
v 0.035432666540145874 0.002185411984100938 0.0004999999073334038
v 0.03529845178127289 0.0032693224493414164 0.0004999999073334038
v 0.03722658008337021 0.004520125687122345 0.0030999998562037945
v 0.03722658008337021 0.004520125687122345 0.0030999998562037945
v 0.03750000149011612 1.218596890062429e-10 0.0030999998562037945
v 0.035432666540145874 0.002185411984100938 0.0004999999073334038
v 0.035499997437000275 1.218596890062429e-10 0.0004999999073334038
v 0.035432666540145874 0.002185411984100938 0.0004999999073334038
v 0.03750000149011612 1.218596890062429e-10 0.0030999998562037945
v 0.035499997437000275 1.218596890062429e-10 0.0004999999073334038
v 0.03546633571386337 -0.0010927076218649745 0.0004999999073334038
v 0.03493361920118332 -0.002154631307348609 -1.4664500169736527e-10
v 0.035432666540145874 -0.0021854133810847998 0.0004999999073334038
v 0.03493361920118332 -0.002154631307348609 -1.4664500169736527e-10
v 0.03546633571386337 -0.0010927076218649745 0.0004999999073334038
v 0.03750000149011612 1.218596890062429e-10 0.0030999998562037945
v 0.03546633571386337 -0.0010927076218649745 0.0004999999073334038
v 0.035499997437000275 1.218596890062429e-10 0.0004999999073334038
v 0.035432666540145874 -0.0021854133810847998 0.0004999999073334038
v 0.03546633571386337 -0.0010927076218649745 0.0004999999073334038
v 0.03750000149011612 1.218596890062429e-10 0.0030999998562037945
v 0.027657359838485718 -0.02225579507648945 0.0004999999073334038
v 0.02544856071472168 -0.02467873878777027 0.0004999999073334038
v 0.02726782113313675 -0.02194233424961567 -1.4664501557515308e-10
v 0.02726782113313675 -0.02194233424961567 -1.4664501557515308e-10
v 0.02544856071472168 -0.02467873878777027 0.0004999999073334038
v 0.024364687502384186 -0.02512691728770733 -1.4664501557515308e-10
v 0.024712756276130676 -0.025485875084996223 0.0004999999073334038
v 0.024364687502384186 -0.02512691728770733 -1.4664501557515308e-10
v 0.02544856071472168 -0.02467873878777027 0.0004999999073334038
v 0.024712756276130676 -0.025485875084996223 0.0004999999073334038
v 0.02544856071472168 -0.02467873878777027 0.0004999999073334038
v 0.028069153428077698 -0.0248671006411314 0.0030999998562037945
v 0.02544856071472168 -0.02467873878777027 0.0004999999073334038
v 0.027657359838485718 -0.02225579507648945 0.0004999999073334038
v 0.028069153428077698 -0.0248671006411314 0.0030999998562037945
v 0.017750002443790436 -0.030743902549147606 0.0004999999073334038
v 0.01481508370488882 -0.03220531344413757 0.0004999999073334038
v 0.013642503879964352 -0.032231688499450684 -1.4664501557515308e-10
v 0.013642503879964352 -0.032231688499450684 -1.4664501557515308e-10
v 0.01481508370488882 -0.03220531344413757 0.0004999999073334038
v 0.013837396167218685 -0.03269214183092117 0.0004999999073334038
v 0.01481508370488882 -0.03220531344413757 0.0004999999073334038
v 0.017750002443790436 -0.030743902549147606 0.0004999999073334038
v 0.017427116632461548 -0.03320460021495819 0.0030999998562037945
v 0.013837396167218685 -0.03269214183092117 0.0004999999073334038
v 0.01481508370488882 -0.03220531344413757 0.0004999999073334038
v 0.017427116632461548 -0.03320460021495819 0.0030999998562037945
v 0.024364687502384186 -0.02512691728770733 -1.4664501557515308e-10
v 0.0015320919919759035 -0.031785570085048676 -0.0027397775556892157
v 0.02726782113313675 -0.02194233424961567 -1.4664501557515308e-10
v 0.0012855746317654848 -0.032032087445259094 -0.0027397775556892157
v 0.0015320919919759035 -0.031785570085048676 -0.0027397775556892157
v 0.024364687502384186 -0.02512691728770733 -1.4664501557515308e-10
v 0.02726782113313675 -0.02194233424961567 -1.4664501557515308e-10
v 0.0015320919919759035 -0.031785570085048676 -0.0027397775556892157
v 0.029757604002952576 -0.018425127491354942 -1.4664501557515308e-10
v -0.019332773983478546 -0.02917608432471752 -1.4664501557515308e-10
v -0.0012855760287493467 -0.032032087445259094 -0.0027397775556892157
v -0.0010000027250498533 -0.032232046127319336 -0.0027397775556892157
v -0.019332773983478546 -0.02917608432471752 -1.4664501557515308e-10
v -0.0010000027250498533 -0.032232046127319336 -0.0027397775556892157
v -0.01560083869844675 -0.031330712139606476 -1.4664501557515308e-10
v -7.421311898347938e-10 -0.032499998807907104 -0.0027397775556892157
v 0.000347293185768649 -0.03246961534023285 -0.0027397775556892157
v 0.0010932229924947023 -0.03548315912485123 0.0004999999073334038
v -7.421311898347938e-10 -0.034999996423721313 -1.4664501557515308e-10
v -7.421311898347938e-10 -0.032499998807907104 -0.0027397775556892157
v 0.0010932229924947023 -0.03548315912485123 0.0004999999073334038
v -0.003275529248639941 -0.0353485643863678 0.0004999999073334038
v -0.0003472946409601718 -0.03246961534023285 -0.0027397775556892157
v -7.421311898347938e-10 -0.032499998807907104 -0.0027397775556892157
v -0.003275529248639941 -0.0353485643863678 0.0004999999073334038
v -7.421311898347938e-10 -0.032499998807907104 -0.0027397775556892157
v -7.421311898347938e-10 -0.034999996423721313 -1.4664501557515308e-10
v 0.000347293185768649 -0.03246961534023285 -0.0027397775556892157
v 0.002180754439905286 -0.03538239002227783 0.0004999999073334038
v 0.0010932229924947023 -0.03548315912485123 0.0004999999073334038
v 0.000347293185768649 -0.03246961534023285 -0.0027397775556892157
v 0.005445404909551144 -0.035079874098300934 0.0004999999073334038
v 0.002180754439905286 -0.03538239002227783 0.0004999999073334038
v 0.0010932229924947023 -0.03548315912485123 0.0004999999073334038
v 0.002180754439905286 -0.03538239002227783 0.0004999999073334038
v 0.00452012475579977 -0.03722658008337021 0.0030999998562037945
v 0.005445404909551144 -0.035079874098300934 0.0004999999073334038
v 0.00452012475579977 -0.03722658008337021 0.0030999998562037945
v 0.002180754439905286 -0.03538239002227783 0.0004999999073334038
v 0.005445404909551144 -0.035079874098300934 0.0004999999073334038
v 0.00536870863288641 -0.03458578884601593 -1.4664501557515308e-10
v 0.009578204713761806 -0.03366389870643616 -1.4664501557515308e-10
v 0.00536870863288641 -0.03458578884601593 -1.4664501557515308e-10
v 0.000347293185768649 -0.03246961534023285 -0.0027397775556892157
v 0.009578204713761806 -0.03366389870643616 -1.4664501557515308e-10
v 0.000347293185768649 -0.03246961534023285 -0.0027397775556892157
v 0.00536870863288641 -0.03458578884601593 -1.4664501557515308e-10
v 0.005445404909551144 -0.035079874098300934 0.0004999999073334038
v 0.009578204713761806 -0.03366389870643616 -1.4664501557515308e-10
v 0.0006840370479039848 -0.032379381358623505 -0.0027397775556892157
v 0.013642503879964352 -0.032231688499450684 -1.4664501557515308e-10
v 0.000347293185768649 -0.03246961534023285 -0.0027397775556892157
v 0.0006840370479039848 -0.032379381358623505 -0.0027397775556892157
v 0.009578204713761806 -0.03366389870643616 -1.4664501557515308e-10
v 0.013642503879964352 -0.032231688499450684 -1.4664501557515308e-10
v 0.0006840370479039848 -0.032379381358623505 -0.0027397775556892157
v 0.0010000013280659914 -0.032232046127319336 -0.0027397775556892157
v -0.005229630507528782 -0.04061722755432129 0.06142949312925339
v -0.005812996067106724 -0.04054832458496094 0.06138709932565689
v -0.005288803018629551 -0.041058093309402466 0.060636959969997406
v -0.005229630507528782 -0.04061722755432129 0.06142949312925339
v -0.0057526687160134315 -0.04005572944879532 0.06214367598295212
v -0.005812996067106724 -0.04054832458496094 0.06138709932565689
v -0.008301281370222569 -0.022847911342978477 0.08401863276958466
v -0.008301281370222569 -0.023556174710392952 0.0831211730837822
v -0.00781311932951212 -0.023785820230841637 0.08328749984502792
v -0.008301281370222569 -0.022847911342978477 0.08401863276958466
v -0.00781311932951212 -0.023785820230841637 0.08328749984502792
v -0.007353701628744602 -0.023265523836016655 0.08437716215848923
v -0.007825003005564213 -0.03944484889507294 0.06170124560594559
v -0.00781311932951212 -0.023785820230841637 0.08328749984502792
v -0.008301281370222569 -0.023556174710392952 0.0831211730837822
v -0.00781311932951212 -0.023785820230841637 0.08328749984502792
v -0.007825003005564213 -0.03944484889507294 0.06170124560594559
v -0.007353701628744602 -0.024001942947506905 0.0834440216422081
v -0.00781311932951212 -0.023785820230841637 0.08328749984502792
v -0.007353701628744602 -0.024001942947506905 0.0834440216422081
v -0.007353701628744602 -0.023265523836016655 0.08437716215848923
v -0.006821827031672001 -0.039823710918426514 0.0619756355881691
v -0.0068136537447571754 -0.024163303896784782 0.08356089144945145
v -0.007353701628744602 -0.024001942947506905 0.0834440216422081
v -0.007353701628744602 -0.023265523836016655 0.08437716215848923
v -0.007353701628744602 -0.024001942947506905 0.0834440216422081
v -0.0068136537447571754 -0.024163303896784782 0.08356089144945145
v -0.007353701628744602 -0.023265523836016655 0.08437716215848923
v -0.006325596012175083 -0.023553306236863136 0.08462422341108322
v -0.006325596012175083 -0.02221331186592579 0.08599426597356796
v -0.008301281370222569 -0.022847911342978477 0.08401863276958466
v -0.008301281370222569 -0.02159223146736622 0.08530247211456299
v -0.009999998845160007 -0.015449998900294304 0.09000000357627869
v -0.007353701628744602 -0.023265523836016655 0.08437716215848923
v -0.008301281370222569 -0.02159223146736622 0.08530247211456299
v -0.008301281370222569 -0.022847911342978477 0.08401863276958466
v -0.009999998845160007 -0.015449998900294304 0.09000000357627869
v -0.007353701628744602 -0.021959928795695305 0.08571203052997589
v -0.006325596012175083 -0.02221331186592579 0.08599426597356796
v -0.007353701628744602 -0.023265523836016655 0.08437716215848923
v -0.006325596012175083 -0.02221331186592579 0.08599426597356796
v -0.007353701628744602 -0.021959928795695305 0.08571203052997589
v -0.008301281370222569 -0.02159223146736622 0.08530247211456299
v -0.007353701628744602 -0.021959928795695305 0.08571203052997589
v -0.009999998845160007 -0.015449998900294304 0.09000000357627869
v -0.008301281370222569 -0.02159223146736622 0.08530247211456299
v -0.007353701628744602 -0.023265523836016655 0.08437716215848923
v -0.007353701628744602 -0.021959928795695305 0.08571203052997589
v -0.006325596012175083 -0.023553306236863136 0.08462422341108322
v -0.005247586406767368 -0.02370268665254116 0.08475247025489807
v -0.006325596012175083 -0.02221331186592579 0.08599426597356796
v 0.007353699766099453 -0.024001942947506905 0.0834440216422081
v 0.006940885446965694 -0.03977874666452408 0.06194307282567024
v 0.007825001142919064 -0.03944484889507294 0.06170124560594559
v 0.006940885446965694 -0.03977874666452408 0.06194307282567024
v 0.007353699766099453 -0.024001942947506905 0.0834440216422081
v 0.006821825169026852 -0.039823710918426514 0.0619756355881691
v -0.004649997688829899 -0.0208346676081419 0.08736486732959747
v -0.005247586406767368 -0.020818712189793587 0.08734163641929626
v -0.004649997688829899 -0.021416759118437767 0.08690683543682098
v -0.006325596012175083 -0.02221331186592579 0.08599426597356796
v -0.006325596012175083 -0.020707255229353905 0.08717934787273407
v -0.009999998845160007 -0.015449998900294304 0.09000000357627869
v -0.009999998845160007 -0.015449998900294304 0.09000000357627869
v -0.006325596012175083 -0.020707255229353905 0.08717934787273407
v -0.005247586406767368 -0.020818712189793587 0.08734163641929626
v -0.01329768542200327 0.035063110291957855 0.0030999998562037945
v -0.017427124083042145 0.03320460021495819 0.0030999998562037945
v -0.0072983140125870705 0.041838571429252625 0.05455091968178749
v -0.01960895210504532 0.029592884704470634 0.0004999999073334038
v -0.021302424371242523 0.03086189553141594 0.0030999998562037945
v -0.017427124083042145 0.03320460021495819 0.0030999998562037945
v -0.005671241320669651 0.042254626750946045 0.05362149327993393
v -0.00897433701902628 0.036410316824913025 0.0030999998562037945
v -0.006223679520189762 0.04214010760188103 0.05363595858216286
v -0.006778084672987461 0.041972316801548004 0.05365714803338051
v -0.006223679520189762 0.04214010760188103 0.05363595858216286
v -0.00897433701902628 0.036410316824913025 0.0030999998562037945
v -0.006778084672987461 0.041972316801548004 0.05365714803338051
v -0.00897433701902628 0.036410316824913025 0.0030999998562037945
v -0.01329768542200327 0.035063110291957855 0.0030999998562037945
v -0.00833116564899683 0.04125174880027771 0.05540498346090317
v -0.0078101614490151405 0.04158531129360199 0.05541379004716873
v -0.021302424371242523 0.03086189553141594 0.0030999998562037945
v -0.0072983140125870705 0.041838571429252625 0.05455091968178749
v -0.0078101614490151405 0.04158531129360199 0.05541379004716873
v -0.007267327047884464 0.04186291992664337 0.055421117693185806
v -0.007267327047884464 0.04186291992664337 0.055421117693185806
v -0.0078101614490151405 0.04158531129360199 0.05541379004716873
v -0.007234253920614719 0.04182244837284088 0.05628487095236778
v -0.007234253920614719 0.04182244837284088 0.05628487095236778
v -0.0078101614490151405 0.04158531129360199 0.05541379004716873
v -0.007750586606562138 0.04144787788391113 0.057094160467386246
v -0.00833116564899683 0.04125174880027771 0.05540498346090317
v -0.00878023449331522 0.04074075073003769 0.05696788802742958
v -0.008280591107904911 0.0411212183535099 0.05703582614660263
v -0.008280591107904911 0.0411212183535099 0.05703582614660263
v -0.008223184384405613 0.040747739374637604 0.05864352360367775
v -0.007750586606562138 0.04144787788391113 0.057094160467386246
v -0.0078101614490151405 0.04158531129360199 0.05541379004716873
v -0.008280591107904911 0.0411212183535099 0.05703582614660263
v -0.007750586606562138 0.04144787788391113 0.057094160467386246
v -0.0078101614490151405 0.04158531129360199 0.05541379004716873
v -0.00833116564899683 0.04125174880027771 0.05540498346090317
v -0.008280591107904911 0.0411212183535099 0.05703582614660263
v -0.008223184384405613 0.040747739374637604 0.05864352360367775
v -0.008280591107904911 0.0411212183535099 0.05703582614660263
v -0.008732938207685947 0.04038232937455177 0.058519359678030014
v -0.00878023449331522 0.04074075073003769 0.05696788802742958
v -0.008732938207685947 0.04038232937455177 0.058519359678030014
v -0.008280591107904911 0.0411212183535099 0.05703582614660263
v -0.00828083697706461 -0.04112236201763153 0.057028405368328094
v -0.008780435658991337 -0.04074184596538544 0.05696072429418564
v -0.00833174679428339 -0.04125184565782547 0.05538485199213028
v -0.0077508846297860146 -0.04144906997680664 0.0570865124464035
v -0.00828083697706461 -0.04112236201763153 0.057028405368328094
v -0.0078108469024300575 -0.041585445404052734 0.0553930401802063
v -0.0078108469024300575 -0.041585445404052734 0.0553930401802063
v -0.00828083697706461 -0.04112236201763153 0.057028405368328094
v -0.00833174679428339 -0.04125184565782547 0.05538485199213028
v -0.008780435658991337 -0.04074184596538544 0.05696072429418564
v -0.00828083697706461 -0.04112236201763153 0.057028405368328094
v -0.00873351190239191 -0.04038771241903305 0.05850198119878769
v -0.027510903775691986 -0.025441849604249 0.03054758906364441
v -0.02532798796892166 -0.02765398658812046 0.02995000034570694
v -0.025308959186077118 -0.02763320691883564 0.03054758906364441
v -0.027510903775691986 -0.025441849604249 0.03054758906364441
v -0.025308959186077118 -0.02763320691883564 0.03054758906364441
v -0.009241455234587193 -0.04031198471784592 0.056884270161390305
v -0.02532798796892166 -0.02765398658812046 0.02995000034570694
v -0.00882235262542963 -0.040865108370780945 0.0553753599524498
v -0.025308959186077118 -0.02763320691883564 0.03054758906364441
v -0.009241455234587193 -0.04031198471784592 0.056884270161390305
v -0.025308959186077118 -0.02763320691883564 0.03054758906364441
v -0.00882235262542963 -0.040865108370780945 0.0553753599524498
v -0.030835427343845367 -0.016558272764086723 -1.4664501557515308e-10
v -0.032636530697345734 -0.01264345832169056 -1.4664501557515308e-10
v -0.0018793873023241758 -0.031184041872620583 -0.0027397775556892157
v -0.034096695482730865 -0.009699730202555656 0.0004999999073334038
v -0.032636530697345734 -0.01264345832169056 -1.4664501557515308e-10
v -0.03310275822877884 -0.012824079021811485 0.0004999999073334038
v -0.03310275822877884 -0.012824079021811485 0.0004999999073334038
v -0.032636530697345734 -0.01264345832169056 -1.4664501557515308e-10
v -0.03264627605676651 -0.013816295191645622 0.0004999999073334038
v -0.03127593547105789 -0.016794821247458458 0.0004999999073334038
v -0.03264627605676651 -0.013816295191645622 0.0004999999073334038
v -0.032636530697345734 -0.01264345832169056 -1.4664501557515308e-10
v -0.030835427343845367 -0.016558272764086723 -1.4664501557515308e-10
v -0.03127593547105789 -0.016794821247458458 0.0004999999073334038
v -0.032636530697345734 -0.01264345832169056 -1.4664501557515308e-10
v -0.021302424371242523 -0.03086189366877079 0.0030999998562037945
v -0.01960895210504532 -0.029592884704470634 0.0004999999073334038
v -0.017427124083042145 -0.03320460021495819 0.0030999998562037945
v -0.023096956312656403 -0.026958873495459557 0.0004999999073334038
v -0.01960895210504532 -0.029592884704470634 0.0004999999073334038
v -0.021302424371242523 -0.03086189366877079 0.0030999998562037945
v -0.019332773983478546 -0.02917608432471752 -1.4664501557515308e-10
v -0.01960895210504532 -0.029592884704470634 0.0004999999073334038
v -0.023096956312656403 -0.026958873495459557 0.0004999999073334038
v -0.019332773983478546 -0.02917608432471752 -1.4664501557515308e-10
v -0.023096956312656403 -0.026958873495459557 0.0004999999073334038
v -0.02277163416147232 -0.026579173281788826 -1.4664501557515308e-10
v -0.019332773983478546 -0.02917608432471752 -1.4664501557515308e-10
v -0.02277163416147232 -0.026579173281788826 -1.4664501557515308e-10
v -0.0012855760287493467 -0.032032087445259094 -0.0027397775556892157
v -0.005113639868795872 -0.04241223633289337 0.05505681037902832
v -0.0051645273342728615 -0.04235357791185379 0.05395000800490379
v -0.004699998535215855 -0.04244302213191986 0.054994042962789536
v -0.005633936263620853 -0.0423392653465271 0.054509732872247696
v -0.0051645273342728615 -0.04235357791185379 0.05395000800490379
v -0.005113639868795872 -0.04241223633289337 0.05505681037902832
v -0.004699998535215855 -0.04244302213191986 0.054994042962789536
v -0.0051645273342728615 -0.04235357791185379 0.05395000800490379
v -0.004699998535215855 -0.04237815737724304 0.05383343622088432
v -0.0051645273342728615 -0.04235357791185379 0.05395000800490379
v -0.00452012661844492 -0.03722658008337021 0.0030999998562037945
v -0.004699998535215855 -0.04237815737724304 0.05383343622088432
v -0.005593129433691502 -0.042357370257377625 0.055411990731954575
v -0.0055490294471383095 -0.04230695962905884 0.05631878972053528
v -0.006110304035246372 -0.042201265692710876 0.056308142840862274
v -0.005593129433691502 -0.042357370257377625 0.055411990731954575
v -0.005633936263620853 -0.0423392653465271 0.054509732872247696
v -0.005111590959131718 -0.042414598166942596 0.05510138347744942
v -0.005593129433691502 -0.042357370257377625 0.055411990731954575
v -0.005111590959131718 -0.042414598166942596 0.05510138347744942
v -0.004699998535215855 -0.0424322634935379 0.05560275539755821
v -0.006110304035246372 -0.042201265692710876 0.056308142840862274
v -0.006066695787012577 -0.0420876070857048 0.05720008164644241
v -0.006635085679590702 -0.041931845247745514 0.05717237666249275
v -0.0055490294471383095 -0.04230695962905884 0.05631878972053528
v -0.0055020758882164955 -0.04218864440917969 0.057218052446842194
v -0.006066695787012577 -0.0420876070857048 0.05720008164644241
v -0.0055490294471383095 -0.04230695962905884 0.05631878972053528
v -0.006066695787012577 -0.0420876070857048 0.05720008164644241
v -0.006110304035246372 -0.042201265692710876 0.056308142840862274
v -0.006189093925058842 -0.04222676157951355 0.05451546609401703
v -0.006712139584124088 -0.042083725333213806 0.05540527403354645
v -0.006746613420546055 -0.042060211300849915 0.054523956030607224
v -0.03394288569688797 0.00853697955608368 -1.4664500169736527e-10
v -0.032636530697345734 0.01264345832169056 -1.4664500169736527e-10
v -0.0018793873023241758 -0.029815958812832832 -0.0027397775556892157
v -0.03394288569688797 0.00853697955608368 -1.4664500169736527e-10
v -0.0018793873023241758 -0.029815958812832832 -0.0027397775556892157
v -0.0019696138333529234 -0.030152702704072 -0.0027397775556892157
v -0.030835427343845367 0.016558274626731873 -1.4664500169736527e-10
v -0.0018793873023241758 -0.029815958812832832 -0.0027397775556892157
v -0.032636530697345734 0.01264345832169056 -1.4664500169736527e-10
v -0.0017320520710200071 -0.029499998316168785 -0.0027397775556892157
v -0.0018793873023241758 -0.029815958812832832 -0.0027397775556892157
v -0.030835427343845367 0.016558274626731873 -1.4664500169736527e-10
v -0.008731701411306858 0.038930658251047134 0.06132884696125984
v -0.00868105236440897 0.03980082646012306 0.059997156262397766
v -0.00916245672851801 0.039411064237356186 0.05979565158486366
v -0.00868105236440897 0.03980082646012306 0.059997156262397766
v -0.008731701411306858 0.038930658251047134 0.06132884696125984
v -0.008160226978361607 0.040142972022295 0.06017404422163963
v -0.00916245672851801 0.039411064237356186 0.05979565158486366
v -0.00868105236440897 0.03980082646012306 0.059997156262397766
v -0.008732938207685947 0.04038232937455177 0.058519359678030014
v -0.008223184384405613 0.040747739374637604 0.05864352360367775
v -0.008732938207685947 0.04038232937455177 0.058519359678030014
v -0.00868105236440897 0.03980082646012306 0.059997156262397766
v -0.008160226978361607 0.040142972022295 0.06017404422163963
v -0.008223184384405613 0.040747739374637604 0.05864352360367775
v -0.00868105236440897 0.03980082646012306 0.059997156262397766
v -0.007569693960249424 0.04003340005874634 0.06107279285788536
v -0.008160226978361607 0.040142972022295 0.06017404422163963
v -0.007825003005564213 0.03944484889507294 0.06170124560594559
v 0.005247584544122219 0.01914999634027481 0.08833487331867218
v 0.0046500032767653465 0.01916280947625637 0.08835997432470322
v 0.009999996982514858 0.015449999831616879 0.09000000357627869
v 0.006325594149529934 0.02221331186592579 0.08599426597356796
v 0.005247584544122219 0.02370268851518631 0.08475247025489807
v 0.005247584544122219 0.022344836965203285 0.08614076673984528
v 0.006325594149529934 0.02221331186592579 0.08599426597356796
v 0.006325594149529934 0.020707257091999054 0.08717934787273407
v 0.009999996982514858 0.015449999831616879 0.09000000357627869
v 0.005247584544122219 0.022344836965203285 0.08614076673984528
v 0.006325594149529934 0.020707257091999054 0.08717934787273407
v 0.006325594149529934 0.02221331186592579 0.08599426597356796
v 0.006325594149529934 0.024309128522872925 0.08366650342941284
v 0.006325594149529934 0.023553306236863136 0.08462422341108322
v 0.006813651882112026 0.024163303896784782 0.08356089144945145
v 0.006325594149529934 0.02221331186592579 0.08599426597356796
v 0.006325594149529934 0.023553306236863136 0.08462422341108322
v 0.005247584544122219 0.02370268851518631 0.08475247025489807
v 0.005247584544122219 0.02370268851518631 0.08475247025489807
v 0.006325594149529934 0.023553306236863136 0.08462422341108322
v 0.006325594149529934 0.024309128522872925 0.08366650342941284
v 0.03488437086343765 0.01201540231704712 0.032653696835041046
v 0.03411637991666794 0.015016458928585052 0.031625594943761826
v 0.03376922756433487 0.01486365869641304 0.032653696835041046
v 0.03376922756433487 0.01486365869641304 0.032653696835041046
v 0.03411637991666794 0.015016458928585052 0.031625594943761826
v 0.009999996982514858 0.015449999831616879 0.09000000357627869
v -0.0076830098405480385 0.04105977714061737 0.058749549090862274
v -0.008223184384405613 0.040747739374637604 0.05864352360367775
v -0.007646703161299229 0.04077534005045891 0.059549730271101
v -0.00712155643850565 0.04131583124399185 0.05883655697107315
v -0.0076830098405480385 0.04105977714061737 0.058749549090862274
v -0.007646703161299229 0.04077534005045891 0.059549730271101
v -0.00716144684702158 0.04154933616518974 0.05799384042620659
v -0.0076830098405480385 0.04105977714061737 0.058749549090862274
v -0.00712155643850565 0.04131583124399185 0.05883655697107315
v -0.008223184384405613 0.040747739374637604 0.05864352360367775
v -0.0076830098405480385 0.04105977714061737 0.058749549090862274
v -0.007750586606562138 0.04144787788391113 0.057094160467386246
v -0.0076830098405480385 0.04105977714061737 0.058749549090862274
v -0.00716144684702158 0.04154933616518974 0.05799384042620659
v -0.007750586606562138 0.04144787788391113 0.057094160467386246
v -0.00712155643850565 0.04131583124399185 0.05883655697107315
v -0.006548040546476841 0.04151507467031479 0.0589042566716671
v -0.006592669524252415 0.04175588861107826 0.05804700776934624
v -0.006592669524252415 0.04175588861107826 0.05804700776934624
v -0.006548040546476841 0.04151507467031479 0.0589042566716671
v -0.006020204164087772 0.04190586879849434 0.0580856129527092
v -0.00878023449331522 0.04074075073003769 0.05696788802742958
v -0.008821875788271427 0.04086503013968468 0.055394772440195084
v -0.00924129132181406 0.04031093418598175 0.05689113587141037
v -0.025308959186077118 0.02763320505619049 0.03054758906364441
v -0.00924129132181406 0.04031093418598175 0.05689113587141037
v -0.008821875788271427 0.04086503013968468 0.055394772440195084
v -0.00924129132181406 0.04031093418598175 0.05689113587141037
v -0.025308959186077118 0.02763320505619049 0.03054758906364441
v -0.027510903775691986 0.025441849604249 0.03054758906364441
v -0.00703678373247385 0.04066958278417587 0.060446303337812424
v -0.0076089585199952126 0.0404333621263504 0.06032417342066765
v -0.007569693960249424 0.04003340005874634 0.06107279285788536
v -0.008160226978361607 0.040142972022295 0.06017404422163963
v -0.0076089585199952126 0.0404333621263504 0.06032417342066765
v -0.007646703161299229 0.04077534005045891 0.059549730271101
v -0.007569693960249424 0.04003340005874634 0.06107279285788536
v -0.0076089585199952126 0.0404333621263504 0.06032417342066765
v -0.008160226978361607 0.040142972022295 0.06017404422163963
v -0.00703678373247385 0.04066958278417587 0.060446303337812424
v -0.00650156382471323 0.04121297597885132 0.05973608046770096
v -0.007079982198774815 0.04102214425802231 0.05965482443571091
v -0.006548040546476841 0.04151507467031479 0.0589042566716671
v -0.007079982198774815 0.04102214425802231 0.05965482443571091
v -0.00650156382471323 0.04121297597885132 0.05973608046770096
v -0.006548040546476841 0.04151507467031479 0.0589042566716671
v -0.00712155643850565 0.04131583124399185 0.05883655697107315
v -0.007079982198774815 0.04102214425802231 0.05965482443571091
v -0.00712155643850565 0.04131583124399185 0.05883655697107315
v -0.007646703161299229 0.04077534005045891 0.059549730271101
v -0.007079982198774815 0.04102214425802231 0.05965482443571091
v -0.0076089585199952126 0.0404333621263504 0.06032417342066765
v -0.007079982198774815 0.04102214425802231 0.05965482443571091
v -0.007646703161299229 0.04077534005045891 0.059549730271101
v -0.007079982198774815 0.04102214425802231 0.05965482443571091
v -0.0076089585199952126 0.0404333621263504 0.06032417342066765
v -0.00703678373247385 0.04066958278417587 0.060446303337812424
v -0.00962789449840784 0.03951041027903557 0.05822308734059334
v -0.029368646442890167 0.022954391315579414 0.031625594943761826
v -0.03116907924413681 0.020442841574549675 0.031625594943761826
v -0.03116907924413681 0.020442841574549675 0.031625594943761826
v -0.029368646442890167 0.022954391315579414 0.031625594943761826
v -0.03133370727300644 0.020550817251205444 0.03054758906364441
v -0.03411637991666794 -0.015016457065939903 0.031625594943761826
v -0.03488437086343765 -0.012015404179692268 0.032653696835041046
v -0.03524298220872879 -0.012138919904828072 0.031625594943761826
v -0.03411637991666794 -0.015016457065939903 0.031625594943761826
v -0.03524298220872879 -0.012138919904828072 0.031625594943761826
v -0.035429127514362335 -0.0122030358761549 0.03054758906364441
v -0.03488437086343765 -0.012015404179692268 0.032653696835041046
v -0.03612736612558365 -0.009177954867482185 0.031625594943761826
v -0.03524298220872879 -0.012138919904828072 0.031625594943761826
v -0.035429127514362335 -0.0122030358761549 0.03054758906364441
v -0.03524298220872879 -0.012138919904828072 0.031625594943761826
v -0.03612736612558365 -0.009177954867482185 0.031625594943761826
v -0.03488437086343765 -0.012015404179692268 0.032653696835041046
v -0.03376922756433487 -0.01486366055905819 0.032653696835041046
v -0.009999998845160007 -0.015449998900294304 0.09000000357627869
v -0.03376922756433487 -0.01486366055905819 0.032653696835041046
v -0.03411637991666794 -0.015016457065939903 0.031625594943761826
v -0.009999998845160007 -0.015449998900294304 0.09000000357627869
v -0.03411637991666794 -0.015016457065939903 0.031625594943761826
v -0.03376922756433487 -0.01486366055905819 0.032653696835041046
v -0.03488437086343765 -0.012015404179692268 0.032653696835041046
v -0.03411637991666794 -0.015016457065939903 0.031625594943761826
v -0.03292829543352127 -0.01788475550711155 0.03054758906364441
v -0.0327552929520607 -0.017790788784623146 0.031625594943761826
v -0.03411637991666794 -0.015016457065939903 0.031625594943761826
v -0.0327552929520607 -0.017790788784623146 0.031625594943761826
v -0.0098452502861619 -0.021676434203982353 0.08301291614770889
v -0.03133370727300644 -0.020550815388560295 0.03054758906364441
v -0.0327552929520607 -0.017790788784623146 0.031625594943761826
v -0.03292829543352127 -0.01788475550711155 0.03054758906364441
v -0.03133370727300644 -0.020550815388560295 0.03054758906364441
v -0.03116907924413681 -0.020442841574549675 0.031625594943761826
v -0.0327552929520607 -0.017790788784623146 0.031625594943761826
v -0.0098452502861619 -0.021676434203982353 0.08301291614770889
v -0.0327552929520607 -0.017790788784623146 0.031625594943761826
v -0.0098452502861619 -0.022305713966488838 0.08221553266048431
v -0.03116907924413681 -0.020442841574549675 0.031625594943761826
v -0.009976782836019993 -0.03851547837257385 0.05932486057281494
v -0.0327552929520607 -0.017790788784623146 0.031625594943761826
v -0.0098452502861619 -0.022305713966488838 0.08221553266048431
v -0.0327552929520607 -0.017790788784623146 0.031625594943761826
v -0.01014926377683878 -0.037562429904937744 0.060337912291288376
v -0.0327552929520607 -0.017790788784623146 0.031625594943761826
v -0.009514384903013706 -0.038296766579151154 0.06086975336074829
v -0.01014926377683878 -0.037562429904937744 0.060337912291288376
v -0.009514384903013706 -0.038296766579151154 0.06086975336074829
v -0.0327552929520607 -0.017790788784623146 0.031625594943761826
v -0.009976782836019993 -0.03851547837257385 0.05932486057281494
v 0.006778082810342312 -0.041972316801548004 0.05365714803338051
v 0.006746000610291958 -0.042061008512973785 0.054539889097213745
v 0.006223677657544613 -0.04214010387659073 0.05363595858216286
v 0.006223677657544613 -0.04214010387659073 0.05363595858216286
v 0.006746000610291958 -0.042061008512973785 0.054539889097213745
v 0.006188421510159969 -0.042227521538734436 0.054531630128622055
v 0.006778082810342312 -0.041972316801548004 0.05365714803338051
v 0.01329768355935812 -0.035063110291957855 0.0030999998562037945
v 0.006746000610291958 -0.042061008512973785 0.054539889097213745
v 0.005148149095475674 -0.04238510876893997 0.05431739240884781
v 0.005671239458024502 -0.042254626750946045 0.05362149327993393
v 0.005633211694657803 -0.04233997315168381 0.05452605336904526
v 0.006188421510159969 -0.042227521538734436 0.054531630128622055
v 0.005633211694657803 -0.04233997315168381 0.05452605336904526
v 0.005671239458024502 -0.042254626750946045 0.05362149327993393
v 0.005148149095475674 -0.04238510876893997 0.05431739240884781
v 0.005633211694657803 -0.04233997315168381 0.05452605336904526
v 0.004699996672570705 -0.042443349957466125 0.055065494030714035
v 0.009514383040368557 -0.038296766579151154 0.06086975336074829
v 0.00916245486587286 -0.03941106051206589 0.05979565158486366
v 0.009596473537385464 -0.0389794260263443 0.0595724992454052
v 0.007353699766099453 -0.023265523836016655 0.08437716215848923
v 0.006325594149529934 -0.023553306236863136 0.08462422341108322
v 0.006325594149529934 -0.024309130385518074 0.08366650342941284
v 0.006325594149529934 -0.02221331186592579 0.08599426597356796
v 0.006325594149529934 -0.023553306236863136 0.08462422341108322
v 0.007353699766099453 -0.023265523836016655 0.08437716215848923
v 0.00984524842351675 -0.022305713966488838 0.08221553266048431
v 0.009934335015714169 -0.037811025977134705 0.06051795929670334
v 0.01014926191419363 -0.037562429904937744 0.060337912291288376
v 0.00984524842351675 -0.022305713966488838 0.08221553266048431
v 0.01014926191419363 -0.037562429904937744 0.060337912291288376
v 0.0327552929520607 -0.017790788784623146 0.031625594943761826
v 0.009976661764085293 -0.03851298242807388 0.05933135002851486
v 0.01014926191419363 -0.037562429904937744 0.060337912291288376
v 0.009934335015714169 -0.037811025977134705 0.06051795929670334
v 0.0327552929520607 -0.017790788784623146 0.031625594943761826
v 0.01014926191419363 -0.037562429904937744 0.060337912291288376
v 0.009976661764085293 -0.03851298242807388 0.05933135002851486
v 0.03116907924413681 -0.020442841574549675 0.031625594943761826
v 0.029523760080337524 -0.023075630888342857 0.03054758906364441
v 0.03133370727300644 -0.020550815388560295 0.03054758906364441
v 0.03084053099155426 -0.021287111565470695 0.02995000034570694
v 0.03133370727300644 -0.020550815388560295 0.03054758906364441
v 0.029523760080337524 -0.023075630888342857 0.03054758906364441
v 0.03084053099155426 -0.021287111565470695 0.02995000034570694
v 0.03135727345943451 -0.020566271618008614 0.02995000034570694
v 0.03133370727300644 -0.020550815388560295 0.03054758906364441
v 0.03116907924413681 -0.020442841574549675 0.031625594943761826
v 0.03133370727300644 -0.020550815388560295 0.03054758906364441
v 0.0327552929520607 -0.017790788784623146 0.031625594943761826
v 0.035035088658332825 -0.013286711648106575 0.02995000034570694
v 0.03432236611843109 -0.015107126906514168 0.02995000034570694
v 0.035063110291957855 -0.013297682628035545 0.0030999998562037945
v 0.03320460021495819 -0.017427118495106697 0.0030999998562037945
v 0.035063110291957855 -0.013297682628035545 0.0030999998562037945
v 0.03432236611843109 -0.015107126906514168 0.02995000034570694
v 0.035429127514362335 -0.0122030358761549 0.03054758906364441
v 0.03432236611843109 -0.015107126906514168 0.02995000034570694
v 0.035035088658332825 -0.013286711648106575 0.02995000034570694
v 0.035429127514362335 -0.0122030358761549 0.03054758906364441
v 0.03429657220840454 -0.015095772221684456 0.03054758906364441
v 0.03432236611843109 -0.015107126906514168 0.02995000034570694
v 0.03488437086343765 -0.012015404179692268 0.032653696835041046
v 0.009999996982514858 -0.015449998900294304 0.09000000357627869
v 0.03376922756433487 -0.01486366055905819 0.032653696835041046
v 0.03411637991666794 -0.015016457065939903 0.031625594943761826
v 0.03376922756433487 -0.01486366055905819 0.032653696835041046
v 0.009999996982514858 -0.015449998900294304 0.09000000357627869
v 0.03488437086343765 -0.012015404179692268 0.032653696835041046
v 0.03376922756433487 -0.01486366055905819 0.032653696835041046
v 0.03411637991666794 -0.015016457065939903 0.031625594943761826
v 0.007825001142919064 -0.03944484889507294 0.06170124560594559
v 0.00781311746686697 -0.023785820230841637 0.08328749984502792
v 0.007353699766099453 -0.024001942947506905 0.0834440216422081
v 0.00830127950757742 -0.023556174710392952 0.0831211730837822
v 0.00781311746686697 -0.023785820230841637 0.08328749984502792
v 0.007825001142919064 -0.03944484889507294 0.06170124560594559
v 0.007353699766099453 -0.024001942947506905 0.0834440216422081
v 0.00781311746686697 -0.023785820230841637 0.08328749984502792
v 0.007353699766099453 -0.023265523836016655 0.08437716215848923
v 0.00830127950757742 -0.022847911342978477 0.08401863276958466
v 0.007353699766099453 -0.023265523836016655 0.08437716215848923
v 0.00781311746686697 -0.023785820230841637 0.08328749984502792
v 0.00830127950757742 -0.023556174710392952 0.0831211730837822
v 0.00830127950757742 -0.022847911342978477 0.08401863276958466
v 0.00781311746686697 -0.023785820230841637 0.08328749984502792
v 0.035035088658332825 -0.013286711648106575 0.02995000034570694
v 0.035063110291957855 -0.013297682628035545 0.0030999998562037945
v 0.035455770790576935 -0.01221221499145031 0.02995000034570694
v 0.035455770790576935 -0.01221221499145031 0.02995000034570694
v 0.035429127514362335 -0.0122030358761549 0.03054758906364441
v 0.035035088658332825 -0.013286711648106575 0.02995000034570694
v 0.036410316824913025 -0.008974337950348854 0.0030999998562037945
v 0.035455770790576935 -0.01221221499145031 0.02995000034570694
v 0.035063110291957855 -0.013297682628035545 0.0030999998562037945
v 0.03634549677371979 -0.009233368560671806 0.02995000034570694
v 0.035455770790576935 -0.01221221499145031 0.02995000034570694
v 0.036410316824913025 -0.008974337950348854 0.0030999998562037945
v 0.035429127514362335 -0.0122030358761549 0.03054758906364441
v 0.035455770790576935 -0.01221221499145031 0.02995000034570694
v 0.03634549677371979 -0.009233368560671806 0.02995000034570694
v 0.03714684396982193 -0.003087563207373023 0.031625594943761826
v 0.03676344454288483 -0.006153905764222145 0.031625594943761826
v 0.03734304755926132 -0.0031038725282996893 0.03054758906364441
v 0.03638935834169388 -0.006091287359595299 0.032653696835041046
v 0.03676344454288483 -0.006153905764222145 0.031625594943761826
v 0.03676886111497879 -0.0030561478342860937 0.032653696835041046
v 0.03676344454288483 -0.006153905764222145 0.031625594943761826
v 0.03714684396982193 -0.003087563207373023 0.031625594943761826
v 0.03676886111497879 -0.0030561478342860937 0.032653696835041046
v 0.03575975447893143 -0.009084565564990044 0.032653696835041046
v 0.03676344454288483 -0.006153905764222145 0.031625594943761826
v 0.03638935834169388 -0.006091287359595299 0.032653696835041046
v 0.03612736612558365 -0.009177954867482185 0.031625594943761826
v 0.03676344454288483 -0.006153905764222145 0.031625594943761826
v 0.03575975447893143 -0.009084565564990044 0.032653696835041046
v 0.03719484061002731 -0.004516156390309334 0.02995000034570694
v 0.03737112879753113 -0.0031062045600265265 0.02995000034570694
v 0.03734304755926132 -0.0031038725282996893 0.03054758906364441
v 0.03719484061002731 -0.004516156390309334 0.02995000034570694
v 0.03722658008337021 -0.004520123824477196 0.0030999998562037945
v 0.03737112879753113 -0.0031062045600265265 0.02995000034570694
v 0.03750000149011612 1.218596890062429e-10 0.0030999998562037945
v 0.03737112879753113 -0.0031062045600265265 0.02995000034570694
v 0.03722658008337021 -0.004520123824477196 0.0030999998562037945
v 0.03750000149011612 1.218596890062429e-10 0.02995000034570694
v 0.03737112879753113 -0.0031062045600265265 0.02995000034570694
v 0.03750000149011612 1.218596890062429e-10 0.0030999998562037945
v 0.03750000149011612 1.218596890062429e-10 0.02995000034570694
v 0.03734304755926132 -0.0031038725282996893 0.03054758906364441
v 0.03737112879753113 -0.0031062045600265265 0.02995000034570694
v 0.027531586587429047 0.02546098455786705 0.02995000034570694
v 0.02805037796497345 0.024851124733686447 0.02995000034570694
v 0.028069153428077698 0.0248671006411314 0.0030999998562037945
v 0.02805037796497345 0.024851124733686447 0.02995000034570694
v 0.027531586587429047 0.02546098455786705 0.02995000034570694
v 0.02751089632511139 0.025441849604249 0.03054758906364441
v 0.02532798796892166 0.02765398845076561 0.02995000034570694
v 0.02751089632511139 0.025441849604249 0.03054758906364441
v 0.027531586587429047 0.02546098455786705 0.02995000034570694
v 0.028069153428077698 0.0248671006411314 0.0030999998562037945
v 0.02486710250377655 0.028069153428077698 0.0030999998562037945
v 0.027531586587429047 0.02546098455786705 0.02995000034570694
v 0.02532798796892166 0.02765398845076561 0.02995000034570694
v 0.027531586587429047 0.02546098455786705 0.02995000034570694
v 0.02486710250377655 0.028069153428077698 0.0030999998562037945
v 0.013642503879964352 0.03223169222474098 -1.4664500169736527e-10
v 0.0010000013280659914 -0.02876794897019863 -0.0027397775556892157
v 0.0006840370479039848 -0.028620613738894463 -0.0027397775556892157
v 0.0006840370479039848 -0.028620613738894463 -0.0027397775556892157
v 0.000347293185768649 -0.028530383482575417 -0.0027397775556892157
v 0.009578204713761806 0.03366389870643616 -1.4664500169736527e-10
v 0.013642503879964352 0.03223169222474098 -1.4664500169736527e-10
v 0.0006840370479039848 -0.028620613738894463 -0.0027397775556892157
v 0.009578204713761806 0.03366389870643616 -1.4664500169736527e-10
v 0.0010778300929814577 0.034983400255441666 -1.4664500169736527e-10
v -7.421311898347938e-10 -0.02850000001490116 -0.0027397775556892157
v -0.003229395253583789 0.034850697964429855 -1.4664500169736527e-10
v -7.421311898347938e-10 -0.02850000001490116 -0.0027397775556892157
v -0.0003472946409601718 -0.028530383482575417 -0.0027397775556892157
v -0.003229395253583789 0.034850697964429855 -1.4664500169736527e-10
v 0.000347293185768649 -0.028530383482575417 -0.0027397775556892157
v -7.421311898347938e-10 -0.02850000001490116 -0.0027397775556892157
v 0.0010778300929814577 0.034983400255441666 -1.4664500169736527e-10
v -0.0061884233728051186 0.042227525264024734 0.054531630128622055
v -0.005633213557302952 0.042339980602264404 0.05452605336904526
v -0.005671241320669651 0.042254626750946045 0.05362149327993393
v -0.005633213557302952 0.042339980602264404 0.05452605336904526
v -0.0061884233728051186 0.042227525264024734 0.054531630128622055
v -0.0061502764001488686 0.042247503995895386 0.055431269109249115
v -0.005592086352407932 0.04235696792602539 0.05543415993452072
v -0.005633213557302952 0.042339980602264404 0.05452605336904526
v -0.0061502764001488686 0.042247503995895386 0.055431269109249115
v -0.006711260415613651 0.04208347573876381 0.0554269403219223
v -0.006674193777143955 0.042039696127176285 0.05630703270435333
v -0.0061502764001488686 0.042247503995895386 0.055431269109249115
v -0.0061884233728051186 0.042227525264024734 0.054531630128622055
v -0.006711260415613651 0.04208347573876381 0.0554269403219223
v -0.0061502764001488686 0.042247503995895386 0.055431269109249115
v -0.007267327047884464 0.04186291992664337 0.055421117693185806
v -0.007234253920614719 0.04182244837284088 0.05628487095236778
v -0.006711260415613651 0.04208347573876381 0.0554269403219223
v -0.006674193777143955 0.042039696127176285 0.05630703270435333
v -0.006711260415613651 0.04208347573876381 0.0554269403219223
v -0.007234253920614719 0.04182244837284088 0.05628487095236778
v -0.007199005223810673 0.04171798378229141 0.05714239180088043
v -0.006634713150560856 0.04193055257201195 0.05718034878373146
v -0.006674193777143955 0.042039696127176285 0.05630703270435333
v -0.00716144684702158 0.04154933616518974 0.05799384042620659
v -0.006592669524252415 0.04175588861107826 0.05804700776934624
v -0.006634713150560856 0.04193055257201195 0.05718034878373146
v -0.007199005223810673 0.04171798378229141 0.05714239180088043
v -0.00716144684702158 0.04154933616518974 0.05799384042620659
v -0.006634713150560856 0.04193055257201195 0.05718034878373146
v -0.006674193777143955 0.042039696127176285 0.05630703270435333
v -0.006634713150560856 0.04193055257201195 0.05718034878373146
v -0.0061095962300896645 0.042200107127428055 0.056323397904634476
v -0.005548262037336826 0.042305730283260345 0.056334175169467926
v -0.005030878819525242 0.04231821000576019 0.056679826229810715
v -0.004699998535215855 0.042388930916786194 0.05623016878962517
v -0.005501636303961277 0.04218725860118866 0.057226188480854034
v -0.005030878819525242 0.04231821000576019 0.056679826229810715
v -0.005548262037336826 0.042305730283260345 0.056334175169467926
v -0.004699998535215855 0.042388930916786194 0.05623016878962517
v -0.005030878819525242 0.04231821000576019 0.056679826229810715
v -0.004699998535215855 0.04230468347668648 0.05681581422686577
v -0.004699998535215855 0.04222412779927254 0.057375792413949966
v -0.004699998535215855 0.04230468347668648 0.05681581422686577
v -0.005030878819525242 0.04231821000576019 0.056679826229810715
v -0.004699998535215855 0.04222412779927254 0.057375792413949966
v -0.005030878819525242 0.04231821000576019 0.056679826229810715
v -0.005501636303961277 0.04218725860118866 0.057226188480854034
v -0.004699998535215855 0.042388930916786194 0.05623016878962517
v -0.005092301405966282 0.042410027235746384 0.05549677088856697
v -0.005548262037336826 0.042305730283260345 0.056334175169467926
v -0.005592086352407932 0.04235696792602539 0.05543415993452072
v -0.005548262037336826 0.042305730283260345 0.056334175169467926
v -0.005092301405966282 0.042410027235746384 0.05549677088856697
v -0.005092301405966282 0.042410027235746384 0.05549677088856697
v -0.004699998535215855 0.042388930916786194 0.05623016878962517
v -0.004699998535215855 0.042443349957466125 0.055065494030714035
v -0.005633213557302952 0.042339980602264404 0.05452605336904526
v -0.005092301405966282 0.042410027235746384 0.05549677088856697
v -0.004699998535215855 0.042443349957466125 0.055065494030714035
v -0.005633213557302952 0.042339980602264404 0.05452605336904526
v -0.005592086352407932 0.04235696792602539 0.05543415993452072
v -0.005092301405966282 0.042410027235746384 0.05549677088856697
v -0.005452060140669346 0.04200148954987526 0.058110225945711136
v -0.005501636303961277 0.04218725860118866 0.057226188480854034
v -0.006020204164087772 0.04190586879849434 0.0580856129527092
v -0.004699998535215855 0.04222412779927254 0.057375792413949966
v 0.004699996672570705 0.04232769459486008 0.056752339005470276
v -0.004699998535215855 0.04230468347668648 0.05681581422686577
v -0.004699998535215855 0.04230468347668648 0.05681581422686577
v 0.004699996672570705 0.04232769459486008 0.056752339005470276
v -0.004699998535215855 0.042388930916786194 0.05623016878962517
v -0.004699998535215855 0.040133703500032425 0.0622001476585865
v -0.004699998535215855 0.029601143673062325 0.07674293220043182
v -0.004649997688829899 0.029601143673062325 0.07674326747655869
v 0.007327175699174404 0.04174830764532089 0.0536770336329937
v 0.006746611557900906 0.04206021502614021 0.054523956030607224
v 0.007268114946782589 0.041863106191158295 0.055399857461452484
v 0.006223998032510281 0.04213894158601761 0.05362740904092789
v 0.006746611557900906 0.04206021502614021 0.054523956030607224
v 0.006778380833566189 0.04197114333510399 0.053648725152015686
v 0.0061890920624136925 0.04222676530480385 0.05451546609401703
v 0.006746611557900906 0.04206021502614021 0.054523956030607224
v 0.006223998032510281 0.04213894158601761 0.05362740904092789
v 0.01329768355935812 0.035063110291957855 0.0030999998562037945
v 0.006778380833566189 0.04197114333510399 0.053648725152015686
v 0.006746611557900906 0.04206021502614021 0.054523956030607224
v 0.007327175699174404 0.04174830764532089 0.0536770336329937
v 0.01329768355935812 0.035063110291957855 0.0030999998562037945
v 0.006746611557900906 0.04206021502614021 0.054523956030607224
v 0.006325594149529934 0.024309128522872925 0.08366650342941284
v 0.005247584544122219 0.02446858212351799 0.08378198742866516
v 0.005247584544122219 0.02370268851518631 0.08475247025489807
v 0.006325594149529934 0.024309128522872925 0.08366650342941284
v 0.005752666853368282 0.04005572944879532 0.06214367598295212
v 0.005247584544122219 0.02446858212351799 0.08378198742866516
v 0.004699996672570705 0.040133703500032425 0.0622001476585865
v 0.005752666853368282 0.04005572944879532 0.06214367598295212
v 0.005229628644883633 0.04061723127961159 0.06142949312925339
v 0.005247584544122219 0.02446858212351799 0.08378198742866516
v 0.005752666853368282 0.04005572944879532 0.06214367598295212
v 0.004699996672570705 0.040133703500032425 0.0622001476585865
v 0.007810845039784908 0.041585445404052734 0.0553930401802063
v 0.00833174493163824 0.04125184565782547 0.05538485199213028
v 0.02130243182182312 0.03086189553141594 0.0030999998562037945
v 0.02130243182182312 0.03086189553141594 0.0030999998562037945
v 0.00833174493163824 0.04125184565782547 0.05538485199213028
v 0.02486710250377655 0.028069153428077698 0.0030999998562037945
v 0.008822358213365078 0.040865108370780945 0.0553753599524498
v 0.00833174493163824 0.04125184565782547 0.05538485199213028
v 0.008780441246926785 0.04074184596538544 0.05696072429418564
v 0.02486710250377655 0.028069153428077698 0.0030999998562037945
v 0.00833174493163824 0.04125184565782547 0.05538485199213028
v 0.02295030653476715 0.029656928032636642 0.02995000034570694
v 0.02295030653476715 0.029656928032636642 0.02995000034570694
v 0.00833174493163824 0.04125184565782547 0.05538485199213028
v 0.008822358213365078 0.040865108370780945 0.0553753599524498
v 0.03432236611843109 0.015107125043869019 0.02995000034570694
v 0.03320460021495819 0.017427118495106697 0.0030999998562037945
v 0.033188141882419586 0.01741904206573963 0.02995000034570694
v 0.032953061163425446 0.017898205667734146 0.02995000034570694
v 0.033188141882419586 0.01741904206573963 0.02995000034570694
v 0.03320460021495819 0.017427118495106697 0.0030999998562037945
v 0.029545962810516357 0.02309298701584339 0.02995000034570694
v 0.030861899256706238 0.02130242809653282 0.0030999998562037945
v 0.028069153428077698 0.0248671006411314 0.0030999998562037945
v 0.02805037796497345 0.024851124733686447 0.02995000034570694
v 0.029545962810516357 0.02309298701584339 0.02995000034570694
v 0.028069153428077698 0.0248671006411314 0.0030999998562037945
v 0.029523760080337524 0.023075632750988007 0.03054758906364441
v 0.029545962810516357 0.02309298701584339 0.02995000034570694
v 0.02805037796497345 0.024851124733686447 0.02995000034570694
v 0.029523760080337524 0.023075632750988007 0.03054758906364441
v 0.03116907924413681 0.020442841574549675 0.031625594943761826
v 0.03133370727300644 0.020550817251205444 0.03054758906364441
v 0.0327552929520607 0.017790786921977997 0.031625594943761826
v 0.03133370727300644 0.020550817251205444 0.03054758906364441
v 0.03116907924413681 0.020442841574549675 0.031625594943761826
v 0.03698541224002838 0.0061910636723041534 0.02995000034570694
v 0.03719484061002731 0.004516156390309334 0.02995000034570694
v 0.03722658008337021 0.004520125687122345 0.0030999998562037945
v 0.03719484061002731 0.004516156390309334 0.02995000034570694
v 0.03737112879753113 0.003106206888332963 0.02995000034570694
v 0.03722658008337021 0.004520125687122345 0.0030999998562037945
v 0.03734304755926132 -0.0031038725282996893 0.03054758906364441
v 0.03747181594371796 1.218596890062429e-10 0.03054758906364441
v 0.03727494180202484 1.218596890062429e-10 0.031625594943761826
v 0.03750000149011612 1.218596890062429e-10 0.02995000034570694
v 0.03747181594371796 1.218596890062429e-10 0.03054758906364441
v 0.03734304755926132 -0.0031038725282996893 0.03054758906364441
v 0.03676344454288483 0.006153905764222145 0.031625594943761826
v 0.03638935834169388 0.006091287359595299 0.032653696835041046
v 0.03676886111497879 0.003056146437302232 0.032653696835041046
v 0.03638935834169388 0.006091287359595299 0.032653696835041046
v 0.03676344454288483 0.006153905764222145 0.031625594943761826
v 0.03575975447893143 0.009084563702344894 0.032653696835041046
v 0.03575975447893143 0.009084563702344894 0.032653696835041046
v 0.03612736612558365 0.009177953004837036 0.031625594943761826
v 0.03488437086343765 0.01201540231704712 0.032653696835041046
v 0.03676344454288483 0.006153905764222145 0.031625594943761826
v 0.03612736612558365 0.009177953004837036 0.031625594943761826
v 0.03575975447893143 0.009084563702344894 0.032653696835041046
v -0.03640041500329971 0.008972253650426865 0.02995000034570694
v -0.03631817549467087 0.009226430207490921 0.03054758906364441
v -0.03634548932313919 0.009233368560671806 0.02995000034570694
v -0.03695761412382126 0.0061864107847213745 0.03054758906364441
v -0.03631817549467087 0.009226430207490921 0.03054758906364441
v -0.03640041500329971 0.008972253650426865 0.02995000034570694
v -0.03695761412382126 0.0061864107847213745 0.03054758906364441
v -0.03612736612558365 0.009177953004837036 0.031625594943761826
v -0.03631817549467087 0.009226430207490921 0.03054758906364441
v -0.035429127514362335 0.0122030358761549 0.03054758906364441
v -0.03631817549467087 0.009226430207490921 0.03054758906364441
v -0.03612736612558365 0.009177953004837036 0.031625594943761826
v -0.03634548932313919 0.009233368560671806 0.02995000034570694
v -0.03631817549467087 0.009226430207490921 0.03054758906364441
v -0.035429127514362335 0.0122030358761549 0.03054758906364441
v -0.03747182339429855 1.2185967512845508e-10 0.03054758906364441
v -0.03734304755926132 0.0031038711313158274 0.03054758906364441
v -0.037371136248111725 0.003106206888332963 0.02995000034570694
v -0.03714684396982193 0.0030875636730343103 0.031625594943761826
v -0.03734304755926132 0.0031038711313158274 0.03054758906364441
v -0.03747182339429855 1.2185967512845508e-10 0.03054758906364441
v -0.03719484061002731 0.004516156390309334 0.02995000034570694
v -0.037371136248111725 0.003106206888332963 0.02995000034570694
v -0.03734304755926132 0.0031038711313158274 0.03054758906364441
v -0.03695761412382126 0.0061864107847213745 0.03054758906364441
v -0.03719484061002731 0.004516156390309334 0.02995000034570694
v -0.03734304755926132 0.0031038711313158274 0.03054758906364441
v -0.03695761412382126 0.0061864107847213745 0.03054758906364441
v -0.03734304755926132 0.0031038711313158274 0.03054758906364441
v -0.03676343709230423 0.006153905764222145 0.031625594943761826
v -0.03714684396982193 0.0030875636730343103 0.031625594943761826
v -0.03676343709230423 0.006153905764222145 0.031625594943761826
v -0.03734304755926132 0.0031038711313158274 0.03054758906364441
v -0.034322358667850494 0.015107125043869019 0.02995000034570694
v -0.033188141882419586 0.01741904206573963 0.02995000034570694
v -0.03320460766553879 0.017427118495106697 0.0030999998562037945
v -0.032953061163425446 0.017898205667734146 0.02995000034570694
v -0.03320460766553879 0.017427118495106697 0.0030999998562037945
v -0.033188141882419586 0.01741904206573963 0.02995000034570694
v -0.034296564757823944 0.015095772221684456 0.03054758906364441
v -0.033188141882419586 0.01741904206573963 0.02995000034570694
v -0.034322358667850494 0.015107125043869019 0.02995000034570694
v -0.03133370727300644 0.020550817251205444 0.03054758906364441
v -0.03292829543352127 0.01788475550711155 0.03054758906364441
v -0.0327552929520607 0.017790786921977997 0.031625594943761826
v -0.032953061163425446 0.017898205667734146 0.02995000034570694
v -0.03292829543352127 0.01788475550711155 0.03054758906364441
v -0.03133370727300644 0.020550817251205444 0.03054758906364441
v -0.0327552929520607 0.017790786921977997 0.031625594943761826
v -0.03292829543352127 0.01788475550711155 0.03054758906364441
v -0.03411637991666794 0.015016458928585052 0.031625594943761826
v -0.03292829543352127 0.01788475550711155 0.03054758906364441
v -0.034296564757823944 0.015095772221684456 0.03054758906364441
v -0.03411637991666794 0.015016458928585052 0.031625594943761826
v -0.033188141882419586 0.01741904206573963 0.02995000034570694
v -0.03292829543352127 0.01788475550711155 0.03054758906364441
v -0.032953061163425446 0.017898205667734146 0.02995000034570694
v -0.03292829543352127 0.01788475550711155 0.03054758906364441
v -0.033188141882419586 0.01741904206573963 0.02995000034570694
v -0.034296564757823944 0.015095772221684456 0.03054758906364441
v 0.0015320919919759035 -0.031785570085048676 -0.0027397775556892157
v 0.0017320506740361452 -0.03149999678134918 -0.0027397775556892157
v 0.029757604002952576 -0.018425127491354942 -1.4664501557515308e-10
v 0.03179628401994705 -0.014628613367676735 -1.4664501557515308e-10
v 0.0017320506740361452 -0.03149999678134918 -0.0027397775556892157
v 0.001879385905340314 -0.031184041872620583 -0.0027397775556892157
v 0.029757604002952576 -0.018425127491354942 -1.4664501557515308e-10
v 0.0017320506740361452 -0.03149999678134918 -0.0027397775556892157
v 0.03179628401994705 -0.014628613367676735 -1.4664501557515308e-10
v -0.0010000027250498533 -0.032232046127319336 -0.0027397775556892157
v -0.0006840385613031685 -0.032379381358623505 -0.0027397775556892157
v -0.01560083869844675 -0.031330712139606476 -1.4664501557515308e-10
v -0.007487655617296696 -0.03418968617916107 -1.4664501557515308e-10
v -0.0006840385613031685 -0.032379381358623505 -0.0027397775556892157
v -0.0003472946409601718 -0.03246961534023285 -0.0027397775556892157
v -0.003275529248639941 -0.0353485643863678 0.0004999999073334038
v -0.003229395253583789 -0.03485069423913956 -1.4664501557515308e-10
v -0.0003472946409601718 -0.03246961534023285 -0.0027397775556892157
v -0.003229395253583789 -0.03485069423913956 -1.4664501557515308e-10
v -0.007487655617296696 -0.03418968617916107 -1.4664501557515308e-10
v -0.0003472946409601718 -0.03246961534023285 -0.0027397775556892157
v -0.00452012661844492 -0.03722658008337021 0.0030999998562037945
v -0.007594623602926731 -0.03467811644077301 0.0004999999073334038
v -0.003275529248639941 -0.0353485643863678 0.0004999999073334038
v -0.007594623602926731 -0.03467811644077301 0.0004999999073334038
v -0.003229395253583789 -0.03485069423913956 -1.4664501557515308e-10
v -0.003275529248639941 -0.0353485643863678 0.0004999999073334038
v -0.003229395253583789 -0.03485069423913956 -1.4664501557515308e-10
v -0.007594623602926731 -0.03467811644077301 0.0004999999073334038
v -0.007487655617296696 -0.03418968617916107 -1.4664501557515308e-10
v -0.00897433701902628 -0.036410316824913025 0.0030999998562037945
v -0.007594623602926731 -0.03467811644077301 0.0004999999073334038
v -0.00452012661844492 -0.03722658008337021 0.0030999998562037945
v -0.010748104192316532 -0.03378087282180786 0.0004999999073334038
v -0.007594623602926731 -0.03467811644077301 0.0004999999073334038
v -0.00897433701902628 -0.036410316824913025 0.0030999998562037945
v -0.00897433701902628 -0.036410316824913025 0.0030999998562037945
v -0.00622399989515543 -0.04213894158601761 0.05362740904092789
v -0.006778382696211338 -0.04197113960981369 0.053648725152015686
v -0.006778382696211338 -0.04197113960981369 0.053648725152015686
v -0.00622399989515543 -0.04213894158601761 0.05362740904092789
v -0.006746613420546055 -0.042060211300849915 0.054523956030607224
v -0.006746613420546055 -0.042060211300849915 0.054523956030607224
v -0.00622399989515543 -0.04213894158601761 0.05362740904092789
v -0.006189093925058842 -0.04222676157951355 0.05451546609401703
v -0.005229630507528782 -0.04061722755432129 0.06142949312925339
v -0.004699998535215855 -0.040133699774742126 0.0622001476585865
v -0.005166553892195225 -0.040099143981933594 0.062175117433071136
v -0.005166553892195225 -0.040099143981933594 0.062175117433071136
v -0.0057526687160134315 -0.04005572944879532 0.06214367598295212
v -0.005229630507528782 -0.04061722755432129 0.06142949312925339
v -0.0057526687160134315 -0.04005572944879532 0.06214367598295212
v -0.006403275765478611 -0.04042956978082657 0.06131403148174286
v -0.005812996067106724 -0.04054832458496094 0.06138709932565689
v -0.0057526687160134315 -0.04005572944879532 0.06214367598295212
v -0.006821827031672001 -0.039823710918426514 0.0619756355881691
v -0.006403275765478611 -0.04042956978082657 0.06131403148174286
v -0.007199340499937534 -0.0417192280292511 0.057134561240673065
v -0.007161923684179783 -0.04155184328556061 0.057983413338661194
v -0.0077508846297860146 -0.04144906997680664 0.0570865124464035
v -0.0077508846297860146 -0.04144906997680664 0.0570865124464035
v -0.007161923684179783 -0.04155184328556061 0.057983413338661194
v -0.007683821953833103 -0.04106558859348297 0.058731019496917725
v -0.007199340499937534 -0.0417192280292511 0.057134561240673065
v -0.006635085679590702 -0.041931845247745514 0.05717237666249275
v -0.007161923684179783 -0.04155184328556061 0.057983413338661194
v -0.007825003005564213 -0.03944484889507294 0.06170124560594559
v -0.008160554803907871 -0.04014596343040466 0.060166262090206146
v -0.007569790817797184 -0.04003416746854782 0.0610707551240921
v -0.008618787862360477 -0.038994692265987396 0.061375223100185394
v -0.008160554803907871 -0.04014596343040466 0.060166262090206146
v -0.007825003005564213 -0.03944484889507294 0.06170124560594559
v -0.008618787862360477 -0.038994692265987396 0.061375223100185394
v -0.008731701411306858 -0.038930654525756836 0.06132884696125984
v -0.008160554803907871 -0.04014596343040466 0.060166262090206146
v -0.00868132058531046 -0.039803698658943176 0.05998963862657547
v -0.008160554803907871 -0.04014596343040466 0.060166262090206146
v -0.008731701411306858 -0.038930654525756836 0.06132884696125984
v -0.006940887309610844 -0.03977874666452408 0.06194307282567024
v -0.007353701628744602 -0.024001942947506905 0.0834440216422081
v -0.007825003005564213 -0.03944484889507294 0.06170124560594559
v -0.007353701628744602 -0.024001942947506905 0.0834440216422081
v -0.006940887309610844 -0.03977874666452408 0.06194307282567024
v -0.006821827031672001 -0.039823710918426514 0.0619756355881691
v -0.007569790817797184 -0.04003416746854782 0.0610707551240921
v -0.006940887309610844 -0.03977874666452408 0.06194307282567024
v -0.007825003005564213 -0.03944484889507294 0.06170124560594559
v -0.006821827031672001 -0.039823710918426514 0.0619756355881691
v -0.006940887309610844 -0.03977874666452408 0.06194307282567024
v -0.007569790817797184 -0.04003416746854782 0.0610707551240921
v -0.006325596012175083 -0.024309130385518074 0.08366650342941284
v -0.007353701628744602 -0.023265523836016655 0.08437716215848923
v -0.0068136537447571754 -0.024163303896784782 0.08356089144945145
v -0.006325596012175083 -0.024309130385518074 0.08366650342941284
v -0.006325596012175083 -0.023553306236863136 0.08462422341108322
v -0.007353701628744602 -0.023265523836016655 0.08437716215848923
v -0.006821827031672001 -0.039823710918426514 0.0619756355881691
v -0.006325596012175083 -0.024309130385518074 0.08366650342941284
v -0.0068136537447571754 -0.024163303896784782 0.08356089144945145
v -0.0057526687160134315 -0.04005572944879532 0.06214367598295212
v -0.006325596012175083 -0.024309130385518074 0.08366650342941284
v -0.006821827031672001 -0.039823710918426514 0.0619756355881691
v -0.006325596012175083 -0.024309130385518074 0.08366650342941284
v -0.005247586406767368 -0.02370268665254116 0.08475247025489807
v -0.006325596012175083 -0.023553306236863136 0.08462422341108322
v -0.004649997688829899 -0.029601143673062325 0.07674326747655869
v -0.004649997688829899 -0.024491405114531517 0.08379851281642914
v -0.004699998535215855 -0.029601143673062325 0.07674293220043182
v 0.005229479633271694 -0.04061637818813324 0.061431635171175
v 0.0051665520295500755 -0.040099143981933594 0.062175117433071136
v 0.004699996672570705 -0.040133699774742126 0.0622001476585865
v 0.005752666853368282 -0.04005572944879532 0.06214367598295212
v 0.005229479633271694 -0.04061637818813324 0.061431635171175
v 0.00581286009401083 -0.04054749011993408 0.06138923391699791
v 0.0051665520295500755 -0.040099143981933594 0.062175117433071136
v 0.005229479633271694 -0.04061637818813324 0.061431635171175
v 0.005752666853368282 -0.04005572944879532 0.06214367598295212
v -0.005247586406767368 -0.022344836965203285 0.08614076673984528
v -0.004649997688829899 -0.021416759118437767 0.08690683543682098
v -0.005247586406767368 -0.020818712189793587 0.08734163641929626
v -0.006325596012175083 -0.02221331186592579 0.08599426597356796
v -0.005247586406767368 -0.022344836965203285 0.08614076673984528
v -0.006325596012175083 -0.020707255229353905 0.08717934787273407
v -0.006325596012175083 -0.020707255229353905 0.08717934787273407
v -0.005247586406767368 -0.022344836965203285 0.08614076673984528
v -0.005247586406767368 -0.020818712189793587 0.08734163641929626
v -0.005247586406767368 -0.02370268665254116 0.08475247025489807
v -0.005247586406767368 -0.022344836965203285 0.08614076673984528
v -0.006325596012175083 -0.02221331186592579 0.08599426597356796
v -0.005247586406767368 -0.02370268665254116 0.08475247025489807
v -0.004649997688829899 -0.023055536672472954 0.08545435220003128
v -0.005247586406767368 -0.022344836965203285 0.08614076673984528
v -0.004699998535215855 -0.04232768714427948 0.056752339005470276
v -0.004987181164324284 -0.04219278693199158 0.05745837464928627
v -0.0055020758882164955 -0.04218864440917969 0.057218052446842194
v -0.006223679520189762 0.04214010760188103 0.05363595858216286
v -0.006746002472937107 0.042061012238264084 0.054539889097213745
v -0.0061884233728051186 0.042227525264024734 0.054531630128622055
v -0.006778084672987461 0.041972316801548004 0.05365714803338051
v -0.006746002472937107 0.042061012238264084 0.054539889097213745
v -0.006223679520189762 0.04214010760188103 0.05363595858216286
v -0.006746002472937107 0.042061012238264084 0.054539889097213745
v -0.006711260415613651 0.04208347573876381 0.0554269403219223
v -0.0061884233728051186 0.042227525264024734 0.054531630128622055
v -0.01329768542200327 0.035063110291957855 0.0030999998562037945
v -0.0072983140125870705 0.041838571429252625 0.05455091968178749
v -0.006746002472937107 0.042061012238264084 0.054539889097213745
v -0.01329768542200327 0.035063110291957855 0.0030999998562037945
v -0.006746002472937107 0.042061012238264084 0.054539889097213745
v -0.006778084672987461 0.041972316801548004 0.05365714803338051
v -0.007267327047884464 0.04186291992664337 0.055421117693185806
v -0.006746002472937107 0.042061012238264084 0.054539889097213745
v -0.0072983140125870705 0.041838571429252625 0.05455091968178749
v -0.006711260415613651 0.04208347573876381 0.0554269403219223
v -0.006746002472937107 0.042061012238264084 0.054539889097213745
v -0.007267327047884464 0.04186291992664337 0.055421117693185806
v -0.005671241320669651 0.042254626750946045 0.05362149327993393
v -0.00452012661844492 0.03722658380866051 0.0030999998562037945
v -0.00897433701902628 0.036410316824913025 0.0030999998562037945
v -0.004699998535215855 0.04231575131416321 0.05333652347326279
v -7.42131245345945e-10 0.03750000149011612 0.0030999998562037945
v -0.00452012661844492 0.03722658380866051 0.0030999998562037945
v -0.003275529248639941 0.0353485643863678 0.0004999999073334038
v -0.00452012661844492 0.03722658380866051 0.0030999998562037945
v -7.42131245345945e-10 0.03750000149011612 0.0030999998562037945
v -0.017427124083042145 0.03320460021495819 0.0030999998562037945
v -0.01329768542200327 0.035063110291957855 0.0030999998562037945
v -0.015823714435100555 0.03177829831838608 0.0004999999073334038
v -0.017427124083042145 0.03320460021495819 0.0030999998562037945
v -0.015823714435100555 0.03177829831838608 0.0004999999073334038
v -0.01960895210504532 0.029592884704470634 0.0004999999073334038
v -0.015823714435100555 0.03177829831838608 0.0004999999073334038
v -0.011632421053946018 0.03301040455698967 -1.4664500169736527e-10
v -0.01560083869844675 0.031330715864896774 -1.4664500169736527e-10
v -0.019332773983478546 0.02917608432471752 -1.4664500169736527e-10
v -0.015823714435100555 0.03177829831838608 0.0004999999073334038
v -0.01560083869844675 0.031330715864896774 -1.4664500169736527e-10
v -0.01960895210504532 0.029592884704470634 0.0004999999073334038
v -0.015823714435100555 0.03177829831838608 0.0004999999073334038
v -0.019332773983478546 0.02917608432471752 -1.4664500169736527e-10
v -0.007862069644033909 0.0414712019264698 0.05372043699026108
v -0.017427124083042145 0.03320460021495819 0.0030999998562037945
v -0.021302424371242523 0.03086189553141594 0.0030999998562037945
v -0.0078101614490151405 0.04158531129360199 0.05541379004716873
v -0.007862069644033909 0.0414712019264698 0.05372043699026108
v -0.021302424371242523 0.03086189553141594 0.0030999998562037945
v -0.017427124083042145 0.03320460021495819 0.0030999998562037945
v -0.007862069644033909 0.0414712019264698 0.05372043699026108
v -0.0072983140125870705 0.041838571429252625 0.05455091968178749
v -0.0078101614490151405 0.04158531129360199 0.05541379004716873
v -0.0072983140125870705 0.041838571429252625 0.05455091968178749
v -0.007862069644033909 0.0414712019264698 0.05372043699026108
v -0.007683821953833103 -0.04106558859348297 0.058731019496917725
v -0.00822386983782053 -0.04075334221124649 0.05862551927566528
v -0.0077508846297860146 -0.04144906997680664 0.0570865124464035
v -0.00828083697706461 -0.04112236201763153 0.057028405368328094
v -0.0077508846297860146 -0.04144906997680664 0.0570865124464035
v -0.00822386983782053 -0.04075334221124649 0.05862551927566528
v -0.00828083697706461 -0.04112236201763153 0.057028405368328094
v -0.00822386983782053 -0.04075334221124649 0.05862551927566528
v -0.00873351190239191 -0.04038771241903305 0.05850198119878769
v -0.00868132058531046 -0.039803698658943176 0.05998963862657547
v -0.00873351190239191 -0.04038771241903305 0.05850198119878769
v -0.00822386983782053 -0.04075334221124649 0.05862551927566528
v -0.00868132058531046 -0.039803698658943176 0.05998963862657547
v -0.00822386983782053 -0.04075334221124649 0.05862551927566528
v -0.008160554803907871 -0.04014596343040466 0.060166262090206146
v -0.034096695482730865 -0.009699730202555656 0.0004999999073334038
v -0.03442778438329697 -0.008658936247229576 0.0004999999073334038
v -0.03394288569688797 -0.008536981418728828 -1.4664501557515308e-10
v -0.03394288569688797 -0.008536981418728828 -1.4664501557515308e-10
v -0.032636530697345734 -0.01264345832169056 -1.4664501557515308e-10
v -0.034096695482730865 -0.009699730202555656 0.0004999999073334038
v -0.03503023833036423 -0.0054361242800951 0.0004999999073334038
v -0.03394288569688797 -0.008536981418728828 -1.4664501557515308e-10
v -0.03442778438329697 -0.008658936247229576 0.0004999999073334038
v -0.03503023833036423 -0.0054361242800951 0.0004999999073334038
v -0.03473471850156784 -0.004301091656088829 -1.4664500169736527e-10
v -0.03394288569688797 -0.008536981418728828 -1.4664501557515308e-10
v -0.0019696138333529234 -0.030847297981381416 -0.0027397775556892157
v -0.03394288569688797 -0.008536981418728828 -1.4664501557515308e-10
v -0.03473471850156784 -0.004301091656088829 -1.4664500169736527e-10
v -0.0019696138333529234 -0.030847297981381416 -0.0027397775556892157
v -0.0018793873023241758 -0.031184041872620583 -0.0027397775556892157
v -0.03394288569688797 -0.008536981418728828 -1.4664501557515308e-10
v -0.032636530697345734 -0.01264345832169056 -1.4664501557515308e-10
v -0.03394288569688797 -0.008536981418728828 -1.4664501557515308e-10
v -0.0018793873023241758 -0.031184041872620583 -0.0027397775556892157
v -0.01866310089826584 -0.030138978734612465 0.0004999999073334038
v -0.019332773983478546 -0.02917608432471752 -1.4664501557515308e-10
v -0.015823714435100555 -0.03177829831838608 0.0004999999073334038
v -0.019332773983478546 -0.02917608432471752 -1.4664501557515308e-10
v -0.01866310089826584 -0.030138978734612465 0.0004999999073334038
v -0.01960895210504532 -0.029592884704470634 0.0004999999073334038
v -0.015823714435100555 -0.03177829831838608 0.0004999999073334038
v -0.017427124083042145 -0.03320460021495819 0.0030999998562037945
v -0.01866310089826584 -0.030138978734612465 0.0004999999073334038
v -0.01960895210504532 -0.029592884704470634 0.0004999999073334038
v -0.01866310089826584 -0.030138978734612465 0.0004999999073334038
v -0.017427124083042145 -0.03320460021495819 0.0030999998562037945
v -0.0015320859383791685 -0.031785570085048676 -0.0027397775556892157
v -0.028566889464855194 -0.02022208459675312 -1.4664501557515308e-10
v -0.0017320520710200071 -0.03149999678134918 -0.0027397775556892157
v -0.030835427343845367 -0.016558272764086723 -1.4664501557515308e-10
v -0.0017320520710200071 -0.03149999678134918 -0.0027397775556892157
v -0.028566889464855194 -0.02022208459675312 -1.4664501557515308e-10
v -0.026234813034534454 -0.023916194215416908 0.0004999999073334038
v -0.0289749875664711 -0.020510969683527946 0.0004999999073334038
v -0.028566889464855194 -0.02022208459675312 -1.4664501557515308e-10
v -0.03070097416639328 -0.017723416909575462 0.0004999999073334038
v -0.028566889464855194 -0.02022208459675312 -1.4664501557515308e-10
v -0.0289749875664711 -0.020510969683527946 0.0004999999073334038
v -0.030835427343845367 -0.016558272764086723 -1.4664501557515308e-10
v -0.028566889464855194 -0.02022208459675312 -1.4664501557515308e-10
v -0.03070097416639328 -0.017723416909575462 0.0004999999073334038
v -0.0015320859383791685 -0.031785570085048676 -0.0027397775556892157
v -0.0012855760287493467 -0.032032087445259094 -0.0027397775556892157
v -0.025865308940410614 -0.023579346016049385 -1.4664501557515308e-10
v -0.02277163416147232 -0.026579173281788826 -1.4664501557515308e-10
v -0.025865308940410614 -0.023579346016049385 -1.4664501557515308e-10
v -0.0012855760287493467 -0.032032087445259094 -0.0027397775556892157
v -0.025865308940410614 -0.023579346016049385 -1.4664501557515308e-10
v -0.028566889464855194 -0.02022208459675312 -1.4664501557515308e-10
v -0.0015320859383791685 -0.031785570085048676 -0.0027397775556892157
v -0.028566889464855194 -0.02022208459675312 -1.4664501557515308e-10
v -0.025865308940410614 -0.023579346016049385 -1.4664501557515308e-10
v -0.026234813034534454 -0.023916194215416908 0.0004999999073334038
v -0.023096956312656403 -0.026958873495459557 0.0004999999073334038
v -0.026234813034534454 -0.023916194215416908 0.0004999999073334038
v -0.025865308940410614 -0.023579346016049385 -1.4664501557515308e-10
v -0.02277163416147232 -0.026579173281788826 -1.4664501557515308e-10
v -0.023096956312656403 -0.026958873495459557 0.0004999999073334038
v -0.025865308940410614 -0.023579346016049385 -1.4664501557515308e-10
v -0.0051645273342728615 -0.04235357791185379 0.05395000800490379
v -0.0056715914979577065 -0.04225347191095352 0.053612858057022095
v -0.00452012661844492 -0.03722658008337021 0.0030999998562037945
v -0.0051645273342728615 -0.04235357791185379 0.05395000800490379
v -0.005633936263620853 -0.0423392653465271 0.054509732872247696
v -0.0056715914979577065 -0.04225347191095352 0.053612858057022095
v -0.00897433701902628 -0.036410316824913025 0.0030999998562037945
v -0.00452012661844492 -0.03722658008337021 0.0030999998562037945
v -0.0056715914979577065 -0.04225347191095352 0.053612858057022095
v -0.0056715914979577065 -0.04225347191095352 0.053612858057022095
v -0.00622399989515543 -0.04213894158601761 0.05362740904092789
v -0.00897433701902628 -0.036410316824913025 0.0030999998562037945
v -0.005633936263620853 -0.0423392653465271 0.054509732872247696
v -0.006189093925058842 -0.04222676157951355 0.05451546609401703
v -0.0056715914979577065 -0.04225347191095352 0.053612858057022095
v -0.00622399989515543 -0.04213894158601761 0.05362740904092789
v -0.0056715914979577065 -0.04225347191095352 0.053612858057022095
v -0.006189093925058842 -0.04222676157951355 0.05451546609401703
v -0.004987181164324284 -0.04219278693199158 0.05745837464928627
v -0.005452693440020084 -0.042004235088825226 0.0580994114279747
v -0.0055020758882164955 -0.04218864440917969 0.057218052446842194
v -0.004919477738440037 -0.04191844165325165 0.0585767887532711
v -0.005452693440020084 -0.042004235088825226 0.0580994114279747
v -0.004699998535215855 -0.042113564908504486 0.057888519018888474
v -0.004699998535215855 -0.042113564908504486 0.057888519018888474
v -0.005452693440020084 -0.042004235088825226 0.0580994114279747
v -0.004987181164324284 -0.04219278693199158 0.05745837464928627
v -0.006110304035246372 -0.042201265692710876 0.056308142840862274
v -0.006151244975626469 -0.04224782437086105 0.055409301072359085
v -0.005593129433691502 -0.042357370257377625 0.055411990731954575
v -0.006712139584124088 -0.042083725333213806 0.05540527403354645
v -0.006189093925058842 -0.04222676157951355 0.05451546609401703
v -0.006151244975626469 -0.04224782437086105 0.055409301072359085
v -0.005633936263620853 -0.0423392653465271 0.054509732872247696
v -0.006151244975626469 -0.04224782437086105 0.055409301072359085
v -0.006189093925058842 -0.04222676157951355 0.05451546609401703
v -0.005593129433691502 -0.042357370257377625 0.055411990731954575
v -0.006151244975626469 -0.04224782437086105 0.055409301072359085
v -0.005633936263620853 -0.0423392653465271 0.054509732872247696
v -0.006712139584124088 -0.042083725333213806 0.05540527403354645
v -0.007268116809427738 -0.041863106191158295 0.055399857461452484
v -0.006746613420546055 -0.042060211300849915 0.054523956030607224
v -0.007327177561819553 -0.04174830764532089 0.0536770336329937
v -0.007268116809427738 -0.041863106191158295 0.055399857461452484
v -0.0078108469024300575 -0.041585445404052734 0.0553930401802063
v -0.006746613420546055 -0.042060211300849915 0.054523956030607224
v -0.007268116809427738 -0.041863106191158295 0.055399857461452484
v -0.007327177561819553 -0.04174830764532089 0.0536770336329937
v -0.006635085679590702 -0.041931845247745514 0.05717237666249275
v -0.006674841977655888 -0.042040787637233734 0.05629197880625725
v -0.006110304035246372 -0.042201265692710876 0.056308142840862274
v -0.007199340499937534 -0.0417192280292511 0.057134561240673065
v -0.006674841977655888 -0.042040787637233734 0.05629197880625725
v -0.006635085679590702 -0.041931845247745514 0.05717237666249275
v -0.006151244975626469 -0.04224782437086105 0.055409301072359085
v -0.006110304035246372 -0.042201265692710876 0.056308142840862274
v -0.006674841977655888 -0.042040787637233734 0.05629197880625725
v -0.006151244975626469 -0.04224782437086105 0.055409301072359085
v -0.006674841977655888 -0.042040787637233734 0.05629197880625725
v -0.006712139584124088 -0.042083725333213806 0.05540527403354645
v -0.008731701411306858 0.038930658251047134 0.06132884696125984
v -0.008618787862360477 0.038994692265987396 0.061375223100185394
v -0.008160226978361607 0.040142972022295 0.06017404422163963
v -0.008618787862360477 0.038994692265987396 0.061375223100185394
v -0.007825003005564213 0.03944484889507294 0.06170124560594559
v -0.008160226978361607 0.040142972022295 0.06017404422163963
v 0.006325594149529934 0.020707257091999054 0.08717934787273407
v 0.005247584544122219 0.020818714052438736 0.08734163641929626
v 0.009999996982514858 0.015449999831616879 0.09000000357627869
v 0.005247584544122219 0.020818714052438736 0.08734163641929626
v 0.005247584544122219 0.01914999634027481 0.08833487331867218
v 0.009999996982514858 0.015449999831616879 0.09000000357627869
v 0.005247584544122219 0.020818714052438736 0.08734163641929626
v 0.006325594149529934 0.020707257091999054 0.08717934787273407
v 0.005247584544122219 0.022344836965203285 0.08614076673984528
v 0.0046500032767653465 0.01916280947625637 0.08835997432470322
v 0.005247584544122219 0.020818714052438736 0.08734163641929626
v 0.0046500032767653465 0.0208346676081419 0.08736486732959747
v 0.005247584544122219 0.01914999634027481 0.08833487331867218
v 0.005247584544122219 0.020818714052438736 0.08734163641929626
v 0.0046500032767653465 0.01916280947625637 0.08835997432470322
v -0.007353701628744602 0.021959926933050156 0.08571203052997589
v -0.009999998845160007 0.015449999831616879 0.09000000357627869
v -0.006325596012175083 0.02221331186592579 0.08599426597356796
v -0.008301281370222569 0.022847911342978477 0.08401863276958466
v -0.009140127338469028 0.02231290191411972 0.08355932682752609
v -0.009999998845160007 0.015449999831616879 0.09000000357627869
v -0.009140127338469028 0.02231290191411972 0.08355932682752609
v -0.008301281370222569 0.022847911342978477 0.08401863276958466
v -0.008716464973986149 0.023273522034287453 0.08291646838188171
v 0.005247584544122219 0.020818714052438736 0.08734163641929626
v 0.0046500032767653465 0.022363662719726562 0.08616174012422562
v 0.0046500032767653465 0.0208346676081419 0.08736486732959747
v 0.005247584544122219 0.020818714052438736 0.08734163641929626
v 0.005247584544122219 0.022344836965203285 0.08614076673984528
v 0.0046500032767653465 0.022363662719726562 0.08616174012422562
v 0.005247584544122219 0.022344836965203285 0.08614076673984528
v 0.005247584544122219 0.02370268851518631 0.08475247025489807
v 0.0046500032767653465 0.022363662719726562 0.08616174012422562
v 0.033188141882419586 0.01741904206573963 0.02995000034570694
v 0.03429657220840454 0.015095772221684456 0.03054758906364441
v 0.03432236611843109 0.015107125043869019 0.02995000034570694
v -0.00878023449331522 0.04074075073003769 0.05696788802742958
v -0.00920370314270258 0.03996789827942848 0.058378539979457855
v -0.008732938207685947 0.04038232937455177 0.058519359678030014
v -0.00924129132181406 0.04031093418598175 0.05689113587141037
v -0.00920370314270258 0.03996789827942848 0.058378539979457855
v -0.00878023449331522 0.04074075073003769 0.05696788802742958
v -0.00920370314270258 0.03996789827942848 0.058378539979457855
v -0.00924129132181406 0.04031093418598175 0.05689113587141037
v -0.00962789449840784 0.03951041027903557 0.05822308734059334
v -0.008732938207685947 0.04038232937455177 0.058519359678030014
v -0.00920370314270258 0.03996789827942848 0.058378539979457855
v -0.00916245672851801 0.039411064237356186 0.05979565158486366
v -0.00916245672851801 0.039411064237356186 0.05979565158486366
v -0.00920370314270258 0.03996789827942848 0.058378539979457855
v -0.009596475400030613 0.0389794297516346 0.0595724992454052
v -0.00920370314270258 0.03996789827942848 0.058378539979457855
v -0.00962789449840784 0.03951041027903557 0.05822308734059334
v -0.009596475400030613 0.0389794297516346 0.0595724992454052
v -0.029368646442890167 0.022954391315579414 0.031625594943761826
v -0.029523752629756927 0.023075632750988007 0.03054758906364441
v -0.03133370727300644 0.020550817251205444 0.03054758906364441
v -0.029368646442890167 0.022954391315579414 0.031625594943761826
v -0.00962789449840784 0.03951041027903557 0.05822308734059334
v -0.029523752629756927 0.023075632750988007 0.03054758906364441
v -0.029523752629756927 0.023075632750988007 0.03054758906364441
v -0.00924129132181406 0.04031093418598175 0.05689113587141037
v -0.027510903775691986 0.025441849604249 0.03054758906364441
v -0.00924129132181406 0.04031093418598175 0.05689113587141037
v -0.029523752629756927 0.023075632750988007 0.03054758906364441
v -0.00962789449840784 0.03951041027903557 0.05822308734059334
v 0.007810159586369991 -0.04158531129360199 0.05541379004716873
v 0.007298312149941921 -0.041838571429252625 0.05455091968178749
v 0.00786206778138876 -0.041471198201179504 0.05372043699026108
v 0.007298312149941921 -0.041838571429252625 0.05455091968178749
v 0.017427116632461548 -0.03320460021495819 0.0030999998562037945
v 0.00786206778138876 -0.041471198201179504 0.05372043699026108
v 0.017427116632461548 -0.03320460021495819 0.0030999998562037945
v 0.007298312149941921 -0.041838571429252625 0.05455091968178749
v 0.01329768355935812 -0.035063110291957855 0.0030999998562037945
v 0.006746000610291958 -0.042061008512973785 0.054539889097213745
v 0.01329768355935812 -0.035063110291957855 0.0030999998562037945
v 0.007298312149941921 -0.041838571429252625 0.05455091968178749
v 0.006746000610291958 -0.042061008512973785 0.054539889097213745
v 0.006711258552968502 -0.04208347201347351 0.0554269403219223
v 0.006188421510159969 -0.042227521538734436 0.054531630128622055
v 0.00916245486587286 -0.03941106051206589 0.05979565158486366
v 0.008731699548661709 -0.038930654525756836 0.06132884696125984
v 0.008681057952344418 -0.039800822734832764 0.059997156262397766
v 0.009100719355046749 -0.03863178938627243 0.06111239269375801
v 0.009514383040368557 -0.038296766579151154 0.06086975336074829
v 0.008731699548661709 -0.038930654525756836 0.06132884696125984
v 0.00916245486587286 -0.03941106051206589 0.05979565158486366
v 0.009100719355046749 -0.03863178938627243 0.06111239269375801
v 0.008731699548661709 -0.038930654525756836 0.06132884696125984
v 0.009514383040368557 -0.038296766579151154 0.06086975336074829
v 0.009100719355046749 -0.03863178938627243 0.06111239269375801
v 0.00916245486587286 -0.03941106051206589 0.05979565158486366
v 0.009627900086343288 -0.03951040655374527 0.05822308734059334
v 0.009241296909749508 -0.04031093418598175 0.05689113587141037
v 0.029523760080337524 -0.023075630888342857 0.03054758906364441
v 0.03116907924413681 -0.020442841574549675 0.031625594943761826
v 0.009627900086343288 -0.03951040655374527 0.05822308734059334
v 0.02936863899230957 -0.022954391315579414 0.031625594943761826
v 0.009596473537385464 -0.0389794260263443 0.0595724992454052
v 0.009627900086343288 -0.03951040655374527 0.05822308734059334
v 0.03116907924413681 -0.020442841574549675 0.031625594943761826
v 0.02936863899230957 -0.022954391315579414 0.031625594943761826
v 0.009627900086343288 -0.03951040655374527 0.05822308734059334
v 0.029523760080337524 -0.023075630888342857 0.03054758906364441
v 0.0046500032767653465 -0.0208346676081419 0.08736486732959747
v 0.0046500032767653465 -0.021416759118437767 0.08690683543682098
v 0.005247584544122219 -0.020818712189793587 0.08734163641929626
v 0.005247584544122219 -0.02370268665254116 0.08475247025489807
v 0.006325594149529934 -0.023553306236863136 0.08462422341108322
v 0.006325594149529934 -0.02221331186592579 0.08599426597356796
v 0.006325594149529934 -0.023553306236863136 0.08462422341108322
v 0.005247584544122219 -0.02370268665254116 0.08475247025489807
v 0.006325594149529934 -0.024309130385518074 0.08366650342941284
v 0.03429657220840454 -0.015095772221684456 0.03054758906364441
v 0.0327552929520607 -0.017790788784623146 0.031625594943761826
v 0.03292829543352127 -0.01788475550711155 0.03054758906364441
v 0.03133370727300644 -0.020550815388560295 0.03054758906364441
v 0.03292829543352127 -0.01788475550711155 0.03054758906364441
v 0.0327552929520607 -0.017790788784623146 0.031625594943761826
v 0.03634549677371979 -0.009233368560671806 0.02995000034570694
v 0.036318182945251465 -0.00922643207013607 0.03054758906364441
v 0.035429127514362335 -0.0122030358761549 0.03054758906364441
v 0.03524298220872879 -0.012138919904828072 0.031625594943761826
v 0.036318182945251465 -0.00922643207013607 0.03054758906364441
v 0.03612736612558365 -0.009177954867482185 0.031625594943761826
v 0.035429127514362335 -0.0122030358761549 0.03054758906364441
v 0.036318182945251465 -0.00922643207013607 0.03054758906364441
v 0.03524298220872879 -0.012138919904828072 0.031625594943761826
v -0.005633213557302952 0.042339980602264404 0.05452605336904526
v -0.005148150958120823 0.04238511249423027 0.05431739240884781
v -0.005671241320669651 0.042254626750946045 0.05362149327993393
v -0.005633213557302952 0.042339980602264404 0.05452605336904526
v -0.004699998535215855 0.042443349957466125 0.055065494030714035
v -0.005148150958120823 0.04238511249423027 0.05431739240884781
v -0.004699998535215855 0.04244247078895569 0.055031392723321915
v -0.004699998535215855 0.04242835193872452 0.05448383837938309
v -0.005148150958120823 0.04238511249423027 0.05431739240884781
v -0.004699998535215855 0.04244247078895569 0.055031392723321915
v -0.005148150958120823 0.04238511249423027 0.05431739240884781
v -0.004699998535215855 0.042443349957466125 0.055065494030714035
v -0.004699998535215855 0.04231575131416321 0.05333652347326279
v -0.005148150958120823 0.04238511249423027 0.05431739240884781
v -0.004699998535215855 0.04242835193872452 0.05448383837938309
v -0.005148150958120823 0.04238511249423027 0.05431739240884781
v -0.00452012661844492 0.03722658380866051 0.0030999998562037945
v -0.005671241320669651 0.042254626750946045 0.05362149327993393
v -0.00452012661844492 0.03722658380866051 0.0030999998562037945
v -0.005148150958120823 0.04238511249423027 0.05431739240884781
v -0.004699998535215855 0.04231575131416321 0.05333652347326279
v -0.006020204164087772 0.04190586879849434 0.0580856129527092
v -0.006066286005079746 0.04208626598119736 0.05720815435051918
v -0.006592669524252415 0.04175588861107826 0.05804700776934624
v -0.006066286005079746 0.04208626598119736 0.05720815435051918
v -0.006634713150560856 0.04193055257201195 0.05718034878373146
v -0.006592669524252415 0.04175588861107826 0.05804700776934624
v -0.005501636303961277 0.04218725860118866 0.057226188480854034
v -0.006066286005079746 0.04208626598119736 0.05720815435051918
v -0.006020204164087772 0.04190586879849434 0.0580856129527092
v -0.006634713150560856 0.04193055257201195 0.05718034878373146
v -0.006066286005079746 0.04208626598119736 0.05720815435051918
v -0.0061095962300896645 0.042200107127428055 0.056323397904634476
v -0.005548262037336826 0.042305730283260345 0.056334175169467926
v -0.0061095962300896645 0.042200107127428055 0.056323397904634476
v -0.006066286005079746 0.04208626598119736 0.05720815435051918
v -0.005501636303961277 0.04218725860118866 0.057226188480854034
v -0.005548262037336826 0.042305730283260345 0.056334175169467926
v -0.006066286005079746 0.04208626598119736 0.05720815435051918
v 0.008822358213365078 0.040865108370780945 0.0553753599524498
v 0.02532798796892166 0.02765398845076561 0.02995000034570694
v 0.024853840470314026 0.02805340848863125 0.02995000034570694
v 0.02295030653476715 0.029656928032636642 0.02995000034570694
v 0.008822358213365078 0.040865108370780945 0.0553753599524498
v 0.024853840470314026 0.02805340848863125 0.02995000034570694
v 0.02486710250377655 0.028069153428077698 0.0030999998562037945
v 0.024853840470314026 0.02805340848863125 0.02995000034570694
v 0.02532798796892166 0.02765398845076561 0.02995000034570694
v 0.02295030653476715 0.029656928032636642 0.02995000034570694
v 0.024853840470314026 0.02805340848863125 0.02995000034570694
v 0.02486710250377655 0.028069153428077698 0.0030999998562037945
v -0.00650156382471323 0.04121297597885132 0.05973608046770096
v -0.005971320904791355 0.04165834188461304 0.0589529387652874
v -0.006548040546476841 0.04151507467031479 0.0589042566716671
v -0.006548040546476841 0.04151507467031479 0.0589042566716671
v -0.005971320904791355 0.04165834188461304 0.0589529387652874
v -0.006020204164087772 0.04190586879849434 0.0580856129527092
v -0.005452060140669346 0.04200148954987526 0.058110225945711136
v -0.006020204164087772 0.04190586879849434 0.0580856129527092
v -0.005971320904791355 0.04165834188461304 0.0589529387652874
v -0.004699998535215855 0.04222412779927254 0.057375792413949966
v -0.005501636303961277 0.04218725860118866 0.057226188480854034
v -0.00495916698127985 0.04209021478891373 0.05793309956789017
v -0.005452060140669346 0.04200148954987526 0.058110225945711136
v -0.00495916698127985 0.04209021478891373 0.05793309956789017
v -0.005501636303961277 0.04218725860118866 0.057226188480854034
v -0.004699998535215855 0.041950810700654984 0.058500025421381
v -0.00495916698127985 0.04209021478891373 0.05793309956789017
v -0.005452060140669346 0.04200148954987526 0.058110225945711136
v 0.004699996672570705 0.04244236275553703 0.05503135919570923
v 0.004699996672570705 0.0424322634935379 0.05560275539755821
v 0.0051115890964865685 0.042414598166942596 0.05510138347744942
v 0.004699996672570705 0.04232769459486008 0.056752339005470276
v 0.004699996672570705 0.0424322634935379 0.05560275539755821
v -0.004699998535215855 0.042388930916786194 0.05623016878962517
v -0.004699998535215855 0.042388930916786194 0.05623016878962517
v 0.004699996672570705 0.0424322634935379 0.05560275539755821
v -0.004699998535215855 0.042443349957466125 0.055065494030714035
v 0.004699996672570705 0.04244236275553703 0.05503135919570923
v -0.004699998535215855 0.042443349957466125 0.055065494030714035
v 0.004699996672570705 0.0424322634935379 0.05560275539755821
v -0.00703678373247385 0.04066958278417587 0.060446303337812424
v -0.006453291513025761 0.040850985795259476 0.0605400875210762
v -0.00650156382471323 0.04121297597885132 0.05973608046770096
v 0.005247584544122219 0.02446858212351799 0.08378198742866516
v 0.004699996672570705 0.029601143673062325 0.07674293220043182
v 0.0046500032767653465 0.024491405114531517 0.08379851281642914
v 0.005247584544122219 0.02446858212351799 0.08378198742866516
v 0.004699996672570705 0.040133703500032425 0.0622001476585865
v 0.004699996672570705 0.029601143673062325 0.07674293220043182
v 0.0046500032767653465 0.029601143673062325 0.07674326747655869
v 0.004699996672570705 0.029601143673062325 0.07674293220043182
v 0.004699996672570705 0.040133703500032425 0.0622001476585865
v 0.004699996672570705 0.029601143673062325 0.07674293220043182
v 0.0046500032767653465 0.029601143673062325 0.07674326747655869
v 0.0046500032767653465 0.024491405114531517 0.08379851281642914
v 0.029545962810516357 0.02309298701584339 0.02995000034570694
v 0.029523760080337524 0.023075632750988007 0.03054758906364441
v 0.03084053099155426 0.021287111565470695 0.02995000034570694
v 0.03133370727300644 0.020550817251205444 0.03054758906364441
v 0.03084053099155426 0.021287111565470695 0.02995000034570694
v 0.029523760080337524 0.023075632750988007 0.03054758906364441
v 0.029545962810516357 0.02309298701584339 0.02995000034570694
v 0.03084053099155426 0.021287111565470695 0.02995000034570694
v 0.030861899256706238 0.02130242809653282 0.0030999998562037945
v 0.03133370727300644 0.020550817251205444 0.03054758906364441
v 0.032953061163425446 0.017898205667734146 0.02995000034570694
v 0.03135727345943451 0.020566271618008614 0.02995000034570694
v 0.030861899256706238 0.02130242809653282 0.0030999998562037945
v 0.03135727345943451 0.020566271618008614 0.02995000034570694
v 0.03320460021495819 0.017427118495106697 0.0030999998562037945
v 0.032953061163425446 0.017898205667734146 0.02995000034570694
v 0.03320460021495819 0.017427118495106697 0.0030999998562037945
v 0.03135727345943451 0.020566271618008614 0.02995000034570694
v 0.03084053099155426 0.021287111565470695 0.02995000034570694
v 0.03135727345943451 0.020566271618008614 0.02995000034570694
v 0.030861899256706238 0.02130242809653282 0.0030999998562037945
v 0.03133370727300644 0.020550817251205444 0.03054758906364441
v 0.03135727345943451 0.020566271618008614 0.02995000034570694
v 0.03084053099155426 0.021287111565470695 0.02995000034570694
v 0.03676886111497879 0.003056146437302232 0.032653696835041046
v 0.03727494180202484 1.218596890062429e-10 0.031625594943761826
v 0.03714684396982193 0.0030875636730343103 0.031625594943761826
v 0.03714684396982193 0.0030875636730343103 0.031625594943761826
v 0.03676344454288483 0.006153905764222145 0.031625594943761826
v 0.03676886111497879 0.003056146437302232 0.032653696835041046
v 0.03634549677371979 0.009233368560671806 0.02995000034570694
v 0.036957621574401855 0.0061864107847213745 0.03054758906364441
v 0.03698541224002838 0.0061910636723041534 0.02995000034570694
v 0.03719484061002731 0.004516156390309334 0.02995000034570694
v 0.03698541224002838 0.0061910636723041534 0.02995000034570694
v 0.036957621574401855 0.0061864107847213745 0.03054758906364441
v 0.03676344454288483 0.006153905764222145 0.031625594943761826
v 0.036957621574401855 0.0061864107847213745 0.03054758906364441
v 0.03612736612558365 0.009177953004837036 0.031625594943761826
v 0.035455770790576935 0.01221221499145031 0.02995000034570694
v 0.035429127514362335 0.0122030358761549 0.03054758906364441
v 0.03634549677371979 0.009233368560671806 0.02995000034570694
v 0.03429657220840454 0.015095772221684456 0.03054758906364441
v 0.03411637991666794 0.015016458928585052 0.031625594943761826
v 0.035429127514362335 0.0122030358761549 0.03054758906364441
v 0.03429657220840454 0.015095772221684456 0.03054758906364441
v 0.035429127514362335 0.0122030358761549 0.03054758906364441
v 0.03432236611843109 0.015107125043869019 0.02995000034570694
v -0.0006840385613031685 -0.032379381358623505 -0.0027397775556892157
v -0.011632421053946018 -0.03301040083169937 -1.4664501557515308e-10
v -0.01560083869844675 -0.031330712139606476 -1.4664501557515308e-10
v -0.011632421053946018 -0.03301040083169937 -1.4664501557515308e-10
v -0.0006840385613031685 -0.032379381358623505 -0.0027397775556892157
v -0.007487655617296696 -0.03418968617916107 -1.4664501557515308e-10
v -0.007594623602926731 -0.03467811644077301 0.0004999999073334038
v -0.011632421053946018 -0.03301040083169937 -1.4664501557515308e-10
v -0.007487655617296696 -0.03418968617916107 -1.4664501557515308e-10
v -0.007594623602926731 -0.03467811644077301 0.0004999999073334038
v -0.010748104192316532 -0.03378087282180786 0.0004999999073334038
v -0.011632421053946018 -0.03301040083169937 -1.4664501557515308e-10
v -0.01329768542200327 -0.035063110291957855 0.0030999998562037945
v -0.00897433701902628 -0.036410316824913025 0.0030999998562037945
v -0.006778382696211338 -0.04197113960981369 0.053648725152015686
v -0.015823714435100555 -0.03177829831838608 0.0004999999073334038
v -0.01329768542200327 -0.035063110291957855 0.0030999998562037945
v -0.017427124083042145 -0.03320460021495819 0.0030999998562037945
v -0.017427124083042145 -0.03320460021495819 0.0030999998562037945
v -0.01329768542200327 -0.035063110291957855 0.0030999998562037945
v -0.007327177561819553 -0.04174830764532089 0.0536770336329937
v -0.006746613420546055 -0.042060211300849915 0.054523956030607224
v -0.01329768542200327 -0.035063110291957855 0.0030999998562037945
v -0.006778382696211338 -0.04197113960981369 0.053648725152015686
v -0.006746613420546055 -0.042060211300849915 0.054523956030607224
v -0.007327177561819553 -0.04174830764532089 0.0536770336329937
v -0.01329768542200327 -0.035063110291957855 0.0030999998562037945
v -0.007037223316729069 -0.04067277908325195 0.060438122600317
v -0.006991983391344547 -0.040258534252643585 0.06120879948139191
v -0.007569790817797184 -0.04003416746854782 0.0610707551240921
v -0.007569790817797184 -0.04003416746854782 0.0610707551240921
v -0.006991983391344547 -0.040258534252643585 0.06120879948139191
v -0.006821827031672001 -0.039823710918426514 0.0619756355881691
v -0.006403275765478611 -0.04042956978082657 0.06131403148174286
v -0.006821827031672001 -0.039823710918426514 0.0619756355881691
v -0.006991983391344547 -0.040258534252643585 0.06120879948139191
v -0.006453783251345158 -0.04085426777601242 0.060531776398420334
v -0.006991983391344547 -0.040258534252643585 0.06120879948139191
v -0.007037223316729069 -0.04067277908325195 0.060438122600317
v -0.006991983391344547 -0.040258534252643585 0.06120879948139191
v -0.006453783251345158 -0.04085426777601242 0.060531776398420334
v -0.006403275765478611 -0.04042956978082657 0.06131403148174286
v -0.006593205966055393 -0.04175848513841629 0.05803639814257622
v -0.007161923684179783 -0.04155184328556061 0.057983413338661194
v -0.006635085679590702 -0.041931845247745514 0.05717237666249275
v -0.006066695787012577 -0.0420876070857048 0.05720008164644241
v -0.006593205966055393 -0.04175848513841629 0.05803639814257622
v -0.006635085679590702 -0.041931845247745514 0.05717237666249275
v -0.007037223316729069 -0.04067277908325195 0.060438122600317
v -0.007569790817797184 -0.04003416746854782 0.0610707551240921
v -0.007609338499605656 -0.040436454117298126 0.060316167771816254
v -0.008160554803907871 -0.04014596343040466 0.060166262090206146
v -0.007609338499605656 -0.040436454117298126 0.060316167771816254
v -0.007569790817797184 -0.04003416746854782 0.0610707551240921
v -0.007037223316729069 -0.04067277908325195 0.060438122600317
v -0.007609338499605656 -0.040436454117298126 0.060316167771816254
v -0.007080898620188236 -0.04102877527475357 0.05963719263672829
v 0.004699996672570705 -0.029601143673062325 0.07674293220043182
v 0.0046500032767653465 -0.029601143673062325 0.07674326747655869
v 0.004699996672570705 -0.040133699774742126 0.0622001476585865
v -0.005247586406767368 -0.02446858026087284 0.08378198742866516
v -0.006325596012175083 -0.024309130385518074 0.08366650342941284
v -0.0057526687160134315 -0.04005572944879532 0.06214367598295212
v -0.006325596012175083 -0.024309130385518074 0.08366650342941284
v -0.005247586406767368 -0.02446858026087284 0.08378198742866516
v -0.005247586406767368 -0.02370268665254116 0.08475247025489807
v -0.004649997688829899 -0.024491405114531517 0.08379851281642914
v -0.005247586406767368 -0.02446858026087284 0.08378198742866516
v -0.004699998535215855 -0.029601143673062325 0.07674293220043182
v -0.005166553892195225 -0.040099143981933594 0.062175117433071136
v -0.005247586406767368 -0.02446858026087284 0.08378198742866516
v -0.0057526687160134315 -0.04005572944879532 0.06214367598295212
v -0.004699998535215855 -0.029601143673062325 0.07674293220043182
v -0.005247586406767368 -0.02446858026087284 0.08378198742866516
v -0.004699998535215855 -0.040133699774742126 0.0622001476585865
v -0.005166553892195225 -0.040099143981933594 0.062175117433071136
v -0.004699998535215855 -0.040133699774742126 0.0622001476585865
v -0.005247586406767368 -0.02446858026087284 0.08378198742866516
v 0.005229479633271694 -0.04061637818813324 0.061431635171175
v 0.004699996672570705 -0.040133699774742126 0.0622001476585865
v 0.004700004123151302 -0.040532514452934265 0.06161437928676605
v 0.005229479633271694 -0.04061637818813324 0.061431635171175
v 0.004700004123151302 -0.040532514452934265 0.06161437928676605
v 0.004736452363431454 -0.040805473923683167 0.06116462126374245
v 0.004700004123151302 -0.040532514452934265 0.06161437928676605
v 0.004699996672570705 -0.04080980271100998 0.06115812063217163
v 0.004736452363431454 -0.040805473923683167 0.06116462126374245
v 0.004699996672570705 -0.040133699774742126 0.0622001476585865
v -0.004699998535215855 -0.040133699774742126 0.0622001476585865
v 0.004700004123151302 -0.040532514452934265 0.06161437928676605
v -0.005288803018629551 -0.041058093309402466 0.060636959969997406
v -0.0047815898433327675 -0.04112175107002258 0.060580313205718994
v -0.005229630507528782 -0.04061722755432129 0.06142949312925339
v -0.0047815898433327675 -0.04112175107002258 0.060580313205718994
v -0.004699998535215855 -0.0411115437746048 0.06060399115085602
v -0.005229630507528782 -0.04061722755432129 0.06142949312925339
v -0.005346075631678104 -0.04143889993429184 0.05981104448437691
v -0.0047815898433327675 -0.04112175107002258 0.060580313205718994
v -0.005288803018629551 -0.041058093309402466 0.060636959969997406
v -0.0048534804955124855 -0.041571877896785736 0.05957959592342377
v -0.0047815898433327675 -0.04112175107002258 0.060580313205718994
v -0.005346075631678104 -0.04143889993429184 0.05981104448437691
v -0.004699998535215855 -0.0411115437746048 0.06060399115085602
v -0.004699998535215855 -0.04130106419324875 0.06018536165356636
v 0.004699996672570705 -0.041342929005622864 0.060126177966594696
v -0.0047815898433327675 -0.04112175107002258 0.060580313205718994
v -0.004699998535215855 -0.04130106419324875 0.06018536165356636
v -0.004699998535215855 -0.0411115437746048 0.06060399115085602
v -0.004699998535215855 -0.0411115437746048 0.06060399115085602
v -0.004699998535215855 -0.04053240269422531 0.06161430850625038
v -0.005229630507528782 -0.04061722755432129 0.06142949312925339
v 0.004699996672570705 -0.04080980271100998 0.06115812063217163
v -0.004699998535215855 -0.04053240269422531 0.06161430850625038
v -0.004699998535215855 -0.0411115437746048 0.06060399115085602
v 0.004700004123151302 -0.040532514452934265 0.06161437928676605
v -0.004699998535215855 -0.04053240269422531 0.06161430850625038
v 0.004699996672570705 -0.04080980271100998 0.06115812063217163
v -0.005229630507528782 -0.04061722755432129 0.06142949312925339
v -0.004699998535215855 -0.04053240269422531 0.06161430850625038
v -0.004699998535215855 -0.040133699774742126 0.0622001476585865
v 0.004700004123151302 -0.040532514452934265 0.06161437928676605
v -0.004699998535215855 -0.040133699774742126 0.0622001476585865
v -0.004699998535215855 -0.04053240269422531 0.06161430850625038
v 0.004699996672570705 -0.04131033271551132 0.060189276933670044
v -0.004699998535215855 -0.0411115437746048 0.06060399115085602
v 0.004699996672570705 -0.041342929005622864 0.060126177966594696
v -0.004699998535215855 -0.0411115437746048 0.06060399115085602
v 0.004699996672570705 -0.04131033271551132 0.060189276933670044
v 0.004699996672570705 -0.04080980271100998 0.06115812063217163
v -0.005247586406767368 -0.022344836965203285 0.08614076673984528
v -0.004649997688829899 -0.022363660857081413 0.08616174012422562
v -0.004649997688829899 -0.021416759118437767 0.08690683543682098
v -0.005247586406767368 -0.022344836965203285 0.08614076673984528
v -0.004649997688829899 -0.023055536672472954 0.08545435220003128
v -0.004649997688829899 -0.022363660857081413 0.08616174012422562
v -0.004987181164324284 -0.04219278693199158 0.05745837464928627
v -0.004699998535215855 -0.04232768714427948 0.056752339005470276
v -0.004699998535215855 -0.04231547564268112 0.05681714788079262
v -0.004987181164324284 -0.04219278693199158 0.05745837464928627
v -0.004699998535215855 -0.04231547564268112 0.05681714788079262
v -0.004699998535215855 -0.042113564908504486 0.057888519018888474
v -0.00452012661844492 0.03722658380866051 0.0030999998562037945
v -0.007594623602926731 0.03467811644077301 0.0004999999073334038
v -0.00897433701902628 0.036410316824913025 0.0030999998562037945
v -0.007594623602926731 0.03467811644077301 0.0004999999073334038
v -0.008645118214190006 0.034379225224256516 0.0004999999073334038
v -0.00897433701902628 0.036410316824913025 0.0030999998562037945
v -0.003275529248639941 0.0353485643863678 0.0004999999073334038
v -0.007594623602926731 0.03467811644077301 0.0004999999073334038
v -0.00452012661844492 0.03722658380866051 0.0030999998562037945
v -0.007487655617296696 0.03418968990445137 -1.4664500169736527e-10
v -0.011632421053946018 0.03301040455698967 -1.4664500169736527e-10
v -0.007594623602926731 0.03467811644077301 0.0004999999073334038
v -0.008645118214190006 0.034379225224256516 0.0004999999073334038
v -0.007594623602926731 0.03467811644077301 0.0004999999073334038
v -0.011632421053946018 0.03301040455698967 -1.4664500169736527e-10
v -0.007487655617296696 0.03418968990445137 -1.4664500169736527e-10
v -0.007594623602926731 0.03467811644077301 0.0004999999073334038
v -0.003229395253583789 0.034850697964429855 -1.4664500169736527e-10
v -0.003229395253583789 0.034850697964429855 -1.4664500169736527e-10
v -0.007594623602926731 0.03467811644077301 0.0004999999073334038
v -0.003275529248639941 0.0353485643863678 0.0004999999073334038
v -0.00897433701902628 0.036410316824913025 0.0030999998562037945
v -0.011798598803579807 0.03348198160529137 0.0004999999073334038
v -0.01329768542200327 0.035063110291957855 0.0030999998562037945
v -0.008645118214190006 0.034379225224256516 0.0004999999073334038
v -0.011798598803579807 0.03348198160529137 0.0004999999073334038
v -0.00897433701902628 0.036410316824913025 0.0030999998562037945
v -0.015823714435100555 0.03177829831838608 0.0004999999073334038
v -0.01329768542200327 0.035063110291957855 0.0030999998562037945
v -0.011798598803579807 0.03348198160529137 0.0004999999073334038
v -0.008645118214190006 0.034379225224256516 0.0004999999073334038
v -0.011632421053946018 0.03301040455698967 -1.4664500169736527e-10
v -0.011798598803579807 0.03348198160529137 0.0004999999073334038
v -0.015823714435100555 0.03177829831838608 0.0004999999073334038
v -0.011798598803579807 0.03348198160529137 0.0004999999073334038
v -0.011632421053946018 0.03301040455698967 -1.4664500169736527e-10
v -0.0055490294471383095 -0.04230695962905884 0.05631878972053528
v -0.00505323801189661 -0.04236409813165665 0.056261975318193436
v -0.0055020758882164955 -0.04218864440917969 0.057218052446842194
v -0.0055020758882164955 -0.04218864440917969 0.057218052446842194
v -0.00505323801189661 -0.04236409813165665 0.056261975318193436
v -0.004699998535215855 -0.04232768714427948 0.056752339005470276
v -0.005593129433691502 -0.042357370257377625 0.055411990731954575
v -0.00505323801189661 -0.04236409813165665 0.056261975318193436
v -0.0055490294471383095 -0.04230695962905884 0.05631878972053528
v -0.004699998535215855 -0.04232768714427948 0.056752339005470276
v -0.00505323801189661 -0.04236409813165665 0.056261975318193436
v -0.004699998535215855 -0.0424322634935379 0.05560275539755821
v -0.00505323801189661 -0.04236409813165665 0.056261975318193436
v -0.005593129433691502 -0.042357370257377625 0.055411990731954575
v -0.004699998535215855 -0.0424322634935379 0.05560275539755821
v -0.007268116809427738 -0.041863106191158295 0.055399857461452484
v -0.006712139584124088 -0.042083725333213806 0.05540527403354645
v -0.0072348350659012794 -0.04182347655296326 0.056270092725753784
v -0.006674841977655888 -0.042040787637233734 0.05629197880625725
v -0.0072348350659012794 -0.04182347655296326 0.056270092725753784
v -0.006712139584124088 -0.042083725333213806 0.05540527403354645
v -0.006674841977655888 -0.042040787637233734 0.05629197880625725
v -0.007199340499937534 -0.0417192280292511 0.057134561240673065
v -0.0072348350659012794 -0.04182347655296326 0.056270092725753784
v -0.0077508846297860146 -0.04144906997680664 0.0570865124464035
v -0.0072348350659012794 -0.04182347655296326 0.056270092725753784
v -0.007199340499937534 -0.0417192280292511 0.057134561240673065
v -0.0072348350659012794 -0.04182347655296326 0.056270092725753784
v -0.0077508846297860146 -0.04144906997680664 0.0570865124464035
v -0.0078108469024300575 -0.041585445404052734 0.0553930401802063
v -0.007268116809427738 -0.041863106191158295 0.055399857461452484
v -0.0072348350659012794 -0.04182347655296326 0.056270092725753784
v -0.0078108469024300575 -0.041585445404052734 0.0553930401802063
v -0.004649997688829899 0.01916280947625637 0.08835997432470322
v -0.004649997688829899 0.0208346676081419 0.08736486732959747
v -0.005247586406767368 0.020818714052438736 0.08734163641929626
v -0.005247586406767368 0.022344836965203285 0.08614076673984528
v -0.005247586406767368 0.02370268851518631 0.08475247025489807
v -0.006325596012175083 0.02221331186592579 0.08599426597356796
v -0.007353701628744602 0.021959926933050156 0.08571203052997589
v -0.008301281370222569 0.02159223146736622 0.08530247211456299
v -0.009999998845160007 0.015449999831616879 0.09000000357627869
v -0.008301281370222569 0.02159223146736622 0.08530247211456299
v -0.008301281370222569 0.022847911342978477 0.08401863276958466
v -0.009999998845160007 0.015449999831616879 0.09000000357627869
v -0.008731701411306858 0.038930658251047134 0.06132884696125984
v -0.008716464973986149 0.023273522034287453 0.08291646838188171
v -0.008301281370222569 0.023556174710392952 0.0831211730837822
v -0.008301281370222569 0.022847911342978477 0.08401863276958466
v -0.008301281370222569 0.023556174710392952 0.0831211730837822
v -0.008716464973986149 0.023273522034287453 0.08291646838188171
v -0.008618787862360477 0.038994692265987396 0.061375223100185394
v -0.008731701411306858 0.038930658251047134 0.06132884696125984
v -0.008301281370222569 0.023556174710392952 0.0831211730837822
v -0.008618787862360477 0.038994692265987396 0.061375223100185394
v -0.008301281370222569 0.023556174710392952 0.0831211730837822
v -0.007825003005564213 0.03944484889507294 0.06170124560594559
v -0.00781311932951212 0.023785822093486786 0.08328749984502792
v -0.007825003005564213 0.03944484889507294 0.06170124560594559
v -0.008301281370222569 0.023556174710392952 0.0831211730837822
v -0.00781311932951212 0.023785822093486786 0.08328749984502792
v -0.008301281370222569 0.023556174710392952 0.0831211730837822
v -0.008301281370222569 0.022847911342978477 0.08401863276958466
v -0.005247586406767368 0.020818714052438736 0.08734163641929626
v -0.004649997688829899 0.022363662719726562 0.08616174012422562
v -0.005247586406767368 0.022344836965203285 0.08614076673984528
v -0.005247586406767368 0.020818714052438736 0.08734163641929626
v -0.004649997688829899 0.0208346676081419 0.08736486732959747
v -0.004649997688829899 0.022363662719726562 0.08616174012422562
v -0.005247586406767368 0.022344836965203285 0.08614076673984528
v -0.004649997688829899 0.022363662719726562 0.08616174012422562
v -0.005247586406767368 0.02370268851518631 0.08475247025489807
v 0.0046500032767653465 0.022363662719726562 0.08616174012422562
v 0.005247584544122219 0.02370268851518631 0.08475247025489807
v 0.0046500032767653465 0.023724069818854332 0.08477082848548889
v 0.005247584544122219 0.02446858212351799 0.08378198742866516
v 0.0046500032767653465 0.023724069818854332 0.08477082848548889
v 0.005247584544122219 0.02370268851518631 0.08475247025489807
v 0.0046500032767653465 0.024491405114531517 0.08379851281642914
v 0.0046500032767653465 0.023724069818854332 0.08477082848548889
v 0.005247584544122219 0.02446858212351799 0.08378198742866516
v 0.033188141882419586 0.01741904206573963 0.02995000034570694
v 0.032953061163425446 0.017898205667734146 0.02995000034570694
v 0.03292829543352127 0.01788475550711155 0.03054758906364441
v 0.03429657220840454 0.015095772221684456 0.03054758906364441
v 0.033188141882419586 0.01741904206573963 0.02995000034570694
v 0.03292829543352127 0.01788475550711155 0.03054758906364441
v 0.0327552929520607 0.017790786921977997 0.031625594943761826
v 0.03292829543352127 0.01788475550711155 0.03054758906364441
v 0.03133370727300644 0.020550817251205444 0.03054758906364441
v 0.03133370727300644 0.020550817251205444 0.03054758906364441
v 0.03292829543352127 0.01788475550711155 0.03054758906364441
v 0.032953061163425446 0.017898205667734146 0.02995000034570694
v 0.03411637991666794 0.015016458928585052 0.031625594943761826
v 0.03292829543352127 0.01788475550711155 0.03054758906364441
v 0.0327552929520607 0.017790786921977997 0.031625594943761826
v 0.03429657220840454 0.015095772221684456 0.03054758906364441
v 0.03292829543352127 0.01788475550711155 0.03054758906364441
v 0.03411637991666794 0.015016458928585052 0.031625594943761826
v -0.029523752629756927 0.023075632750988007 0.03054758906364441
v -0.029545970261096954 0.02309298701584339 0.02995000034570694
v -0.03133370727300644 0.020550817251205444 0.03054758906364441
v -0.03133370727300644 0.020550817251205444 0.03054758906364441
v -0.029545970261096954 0.02309298701584339 0.02995000034570694
v -0.03135726600885391 0.020566271618008614 0.02995000034570694
v -0.03086189180612564 0.02130242809653282 0.0030999998562037945
v -0.03135726600885391 0.020566271618008614 0.02995000034570694
v -0.029545970261096954 0.02309298701584339 0.02995000034570694
v -0.03086189180612564 0.02130242809653282 0.0030999998562037945
v -0.029545970261096954 0.02309298701584339 0.02995000034570694
v -0.0280691459774971 0.0248671006411314 0.0030999998562037945
v -0.027531586587429047 0.02546098455786705 0.02995000034570694
v -0.0280691459774971 0.0248671006411314 0.0030999998562037945
v -0.029545970261096954 0.02309298701584339 0.02995000034570694
v -0.027531586587429047 0.02546098455786705 0.02995000034570694
v -0.029545970261096954 0.02309298701584339 0.02995000034570694
v -0.027510903775691986 0.025441849604249 0.03054758906364441
v -0.029545970261096954 0.02309298701584339 0.02995000034570694
v -0.029523752629756927 0.023075632750988007 0.03054758906364441
v -0.027510903775691986 0.025441849604249 0.03054758906364441
v -0.004699998535215855 -0.042113564908504486 0.057888519018888474
v 0.004699996672570705 -0.041950806975364685 0.058500025421381
v -0.004919477738440037 -0.04191844165325165 0.0585767887532711
v 0.004959165118634701 -0.04209021478891373 0.05793309956789017
v 0.004699996672570705 -0.041950806975364685 0.058500025421381
v -0.004699998535215855 -0.042113564908504486 0.057888519018888474
v -0.004919477738440037 -0.04191844165325165 0.0585767887532711
v 0.004699996672570705 -0.041950806975364685 0.058500025421381
v -0.004699998535215855 -0.04178895056247711 0.05900847166776657
v 0.004959165118634701 -0.04209021478891373 0.05793309956789017
v 0.004699996672570705 -0.04222412407398224 0.057375792413949966
v 0.005501634441316128 -0.04218725860118866 0.057226188480854034
v -0.004699998535215855 -0.04231547564268112 0.05681714788079262
v -0.004699998535215855 -0.04232768714427948 0.056752339005470276
v 0.004699996672570705 -0.04222412407398224 0.057375792413949966
v 0.004959165118634701 -0.04209021478891373 0.05793309956789017
v -0.004699998535215855 -0.042113564908504486 0.057888519018888474
v 0.004699996672570705 -0.04222412407398224 0.057375792413949966
v -0.004699998535215855 -0.04231547564268112 0.05681714788079262
v 0.004699996672570705 -0.04222412407398224 0.057375792413949966
v -0.004699998535215855 -0.042113564908504486 0.057888519018888474
v 0.007267332635819912 -0.04186291992664337 0.055421117693185806
v 0.007298312149941921 -0.041838571429252625 0.05455091968178749
v 0.007810159586369991 -0.04158531129360199 0.05541379004716873
v 0.007298312149941921 -0.041838571429252625 0.05455091968178749
v 0.007267332635819912 -0.04186291992664337 0.055421117693185806
v 0.006746000610291958 -0.042061008512973785 0.054539889097213745
v 0.006711258552968502 -0.04208347201347351 0.0554269403219223
v 0.006746000610291958 -0.042061008512973785 0.054539889097213745
v 0.007267332635819912 -0.04186291992664337 0.055421117693185806
v 0.005229479633271694 -0.04061637818813324 0.061431635171175
v 0.005288227461278439 -0.04105466604232788 0.060645390301942825
v 0.00581286009401083 -0.04054749011993408 0.06138923391699791
v 0.005229479633271694 -0.04061637818813324 0.061431635171175
v 0.004736452363431454 -0.040805473923683167 0.06116462126374245
v 0.005288227461278439 -0.04105466604232788 0.060645390301942825
v 0.005288227461278439 -0.04105466604232788 0.060645390301942825
v 0.005867651663720608 -0.04097855091094971 0.060606036335229874
v 0.00581286009401083 -0.04054749011993408 0.06138923391699791
v 0.008618785999715328 -0.038994692265987396 0.061375223100185394
v 0.00830127950757742 -0.023556174710392952 0.0831211730837822
v 0.007825001142919064 -0.03944484889507294 0.06170124560594559
v 0.00830127950757742 -0.023556174710392952 0.0831211730837822
v 0.008618785999715328 -0.038994692265987396 0.061375223100185394
v 0.008731699548661709 -0.038930654525756836 0.06132884696125984
v 0.00916245486587286 -0.03941106051206589 0.05979565158486366
v 0.00920370128005743 -0.039967894554138184 0.058378539979457855
v 0.009596473537385464 -0.0389794260263443 0.0595724992454052
v 0.009596473537385464 -0.0389794260263443 0.0595724992454052
v 0.00920370128005743 -0.039967894554138184 0.058378539979457855
v 0.009627900086343288 -0.03951040655374527 0.05822308734059334
v 0.00920370128005743 -0.039967894554138184 0.058378539979457855
v 0.00878023263067007 -0.04074074327945709 0.05696788802742958
v 0.009241296909749508 -0.04031093418598175 0.05689113587141037
v 0.009627900086343288 -0.03951040655374527 0.05822308734059334
v 0.00920370128005743 -0.039967894554138184 0.058378539979457855
v 0.009241296909749508 -0.04031093418598175 0.05689113587141037
v 0.005247584544122219 -0.022344836965203285 0.08614076673984528
v 0.005247584544122219 -0.02370268665254116 0.08475247025489807
v 0.006325594149529934 -0.02221331186592579 0.08599426597356796
v 0.005247584544122219 -0.020818712189793587 0.08734163641929626
v 0.005247584544122219 -0.022344836965203285 0.08614076673984528
v 0.006325594149529934 -0.020707255229353905 0.08717934787273407
v 0.006325594149529934 -0.020707255229353905 0.08717934787273407
v 0.005247584544122219 -0.022344836965203285 0.08614076673984528
v 0.006325594149529934 -0.02221331186592579 0.08599426597356796
v 0.005247584544122219 -0.022344836965203285 0.08614076673984528
v 0.0046500032767653465 -0.021416759118437767 0.08690683543682098
v 0.0046500032767653465 -0.022363660857081413 0.08616174012422562
v 0.0046500032767653465 -0.021416759118437767 0.08690683543682098
v 0.005247584544122219 -0.022344836965203285 0.08614076673984528
v 0.005247584544122219 -0.020818712189793587 0.08734163641929626
v 0.006325594149529934 -0.024309130385518074 0.08366650342941284
v 0.005247584544122219 -0.02446858026087284 0.08378198742866516
v 0.005752666853368282 -0.04005572944879532 0.06214367598295212
v 0.005247584544122219 -0.02370268665254116 0.08475247025489807
v 0.005247584544122219 -0.02446858026087284 0.08378198742866516
v 0.006325594149529934 -0.024309130385518074 0.08366650342941284
v 0.005752666853368282 -0.04005572944879532 0.06214367598295212
v 0.005247584544122219 -0.02446858026087284 0.08378198742866516
v 0.0051665520295500755 -0.040099143981933594 0.062175117433071136
v 0.0046500032767653465 -0.023724069818854332 0.08477082848548889
v 0.005247584544122219 -0.02446858026087284 0.08378198742866516
v 0.005247584544122219 -0.02370268665254116 0.08475247025489807
v 0.004699996672570705 -0.040133699774742126 0.0622001476585865
v 0.005247584544122219 -0.02446858026087284 0.08378198742866516
v 0.004699996672570705 -0.029601143673062325 0.07674293220043182
v 0.0051665520295500755 -0.040099143981933594 0.062175117433071136
v 0.005247584544122219 -0.02446858026087284 0.08378198742866516
v 0.004699996672570705 -0.040133699774742126 0.0622001476585865
v 0.033188141882419586 -0.01741904206573963 0.02995000034570694
v 0.03432236611843109 -0.015107126906514168 0.02995000034570694
v 0.03429657220840454 -0.015095772221684456 0.03054758906364441
v 0.03292829543352127 -0.01788475550711155 0.03054758906364441
v 0.033188141882419586 -0.01741904206573963 0.02995000034570694
v 0.03429657220840454 -0.015095772221684456 0.03054758906364441
v 0.03432236611843109 -0.015107126906514168 0.02995000034570694
v 0.033188141882419586 -0.01741904206573963 0.02995000034570694
v 0.03320460021495819 -0.017427118495106697 0.0030999998562037945
v 0.03734304755926132 -0.0031038725282996893 0.03054758906364441
v 0.036957621574401855 -0.006186408922076225 0.03054758906364441
v 0.03719484061002731 -0.004516156390309334 0.02995000034570694
v 0.03676344454288483 -0.006153905764222145 0.031625594943761826
v 0.036957621574401855 -0.006186408922076225 0.03054758906364441
v 0.03734304755926132 -0.0031038725282996893 0.03054758906364441
v 0.03612736612558365 -0.009177954867482185 0.031625594943761826
v 0.036957621574401855 -0.006186408922076225 0.03054758906364441
v 0.03676344454288483 -0.006153905764222145 0.031625594943761826
v 0.036318182945251465 -0.00922643207013607 0.03054758906364441
v 0.036957621574401855 -0.006186408922076225 0.03054758906364441
v 0.03612736612558365 -0.009177954867482185 0.031625594943761826
v 0.03634549677371979 -0.009233368560671806 0.02995000034570694
v 0.036957621574401855 -0.006186408922076225 0.03054758906364441
v 0.036318182945251465 -0.00922643207013607 0.03054758906364441
v -0.005971320904791355 0.04165834188461304 0.0589529387652874
v -0.005399511195719242 0.041747916489839554 0.05898337438702583
v -0.005452060140669346 0.04200148954987526 0.058110225945711136
v -0.004699998535215855 0.041950810700654984 0.058500025421381
v -0.005399511195719242 0.041747916489839554 0.05898337438702583
v -0.00489205215126276 0.04178306832909584 0.05900353938341141
v -0.005399511195719242 0.041747916489839554 0.05898337438702583
v -0.004699998535215855 0.041950810700654984 0.058500025421381
v -0.005452060140669346 0.04200148954987526 0.058110225945711136
v -0.004699998535215855 0.041950810700654984 0.058500025421381
v 0.004699996672570705 0.04178895056247711 0.05900847166776657
v 0.0049194758757948875 0.041918445378541946 0.0585767887532711
v 0.00833174493163824 0.04125184565782547 0.05538485199213028
v 0.008280842565000057 0.04112236574292183 0.057028405368328094
v 0.008780441246926785 0.04074184596538544 0.05696072429418564
v 0.00833174493163824 0.04125184565782547 0.05538485199213028
v 0.007810845039784908 0.041585445404052734 0.0553930401802063
v 0.008280842565000057 0.04112236574292183 0.057028405368328094
v 0.007750882767140865 0.04144907370209694 0.0570865124464035
v 0.008280842565000057 0.04112236574292183 0.057028405368328094
v 0.007810845039784908 0.041585445404052734 0.0553930401802063
v 0.007810845039784908 0.041585445404052734 0.0553930401802063
v 0.007268114946782589 0.041863106191158295 0.055399857461452484
v 0.00723483320325613 0.041823480278253555 0.056270092725753784
v 0.00723483320325613 0.041823480278253555 0.056270092725753784
v 0.007750882767140865 0.04144907370209694 0.0570865124464035
v 0.007810845039784908 0.041585445404052734 0.0553930401802063
v 0.005452691577374935 0.042004235088825226 0.0580994114279747
v 0.004699996672570705 0.042113564908504486 0.057888519018888474
v 0.0049194758757948875 0.041918445378541946 0.0585767887532711
v 0.004699996672570705 0.04232769459486008 0.056752339005470276
v -0.004699998535215855 0.04222412779927254 0.057375792413949966
v 0.004699996672570705 0.042113564908504486 0.057888519018888474
v -0.00495916698127985 0.04209021478891373 0.05793309956789017
v 0.004699996672570705 0.042113564908504486 0.057888519018888474
v -0.004699998535215855 0.04222412779927254 0.057375792413949966
v -0.004699998535215855 0.041950810700654984 0.058500025421381
v 0.0049194758757948875 0.041918445378541946 0.0585767887532711
v 0.004699996672570705 0.042113564908504486 0.057888519018888474
v -0.004699998535215855 0.041950810700654984 0.058500025421381
v 0.004699996672570705 0.042113564908504486 0.057888519018888474
v -0.00495916698127985 0.04209021478891373 0.05793309956789017
v 0.006746611557900906 0.04206021502614021 0.054523956030607224
v 0.006712137721478939 0.042083725333213806 0.05540527403354645
v 0.007268114946782589 0.041863106191158295 0.055399857461452484
v 0.00723483320325613 0.041823480278253555 0.056270092725753784
v 0.007268114946782589 0.041863106191158295 0.055399857461452484
v 0.006712137721478939 0.042083725333213806 0.05540527403354645
v 0.0061890920624136925 0.04222676530480385 0.05451546609401703
v 0.006712137721478939 0.042083725333213806 0.05540527403354645
v 0.006746611557900906 0.04206021502614021 0.054523956030607224
v 0.005593127571046352 0.04235737398266792 0.055411990731954575
v 0.00554902758449316 0.042306963354349136 0.05631878972053528
v 0.00611030962318182 0.04220127314329147 0.056308142840862274
v 0.005593127571046352 0.04235737398266792 0.055411990731954575
v 0.005633934400975704 0.0423392690718174 0.054509732872247696
v 0.0051115890964865685 0.042414598166942596 0.05510138347744942
v 0.004699996672570705 0.0424322634935379 0.05560275539755821
v 0.005593127571046352 0.04235737398266792 0.055411990731954575
v 0.0051115890964865685 0.042414598166942596 0.05510138347744942
v -0.006403149105608463 0.040428753942251205 0.061316147446632385
v -0.0057526687160134315 0.04005572944879532 0.06214367598295212
v -0.005812854506075382 0.04054749011993408 0.06138923391699791
v 0.004699996672570705 0.04178895056247711 0.05900847166776657
v -0.004699998535215855 0.04177623987197876 0.05904536694288254
v 0.004699996672570705 0.041590023785829544 0.05954707786440849
v -0.004699998535215855 0.041950810700654984 0.058500025421381
v -0.00489205215126276 0.04178306832909584 0.05900353938341141
v -0.004699998535215855 0.04177623987197876 0.05904536694288254
v -0.004699998535215855 0.04177623987197876 0.05904536694288254
v 0.004699996672570705 0.04178895056247711 0.05900847166776657
v -0.004699998535215855 0.041950810700654984 0.058500025421381
v 0.004699996672570705 0.040133703500032425 0.0622001476585865
v -0.004699998535215855 0.040532514452934265 0.06161437928676605
v -0.004699998535215855 0.040133703500032425 0.0622001476585865
v 0.005752666853368282 0.04005572944879532 0.06214367598295212
v 0.0058129942044615746 0.040548328310251236 0.06138709932565689
v 0.005229628644883633 0.04061723127961159 0.06142949312925339
v 0.006403273902833462 0.04042957350611687 0.06131403148174286
v 0.0058129942044615746 0.040548328310251236 0.06138709932565689
v 0.005752666853368282 0.04005572944879532 0.06214367598295212
v 0.005288801155984402 0.041058097034692764 0.060636959969997406
v 0.005229628644883633 0.04061723127961159 0.06142949312925339
v 0.0058129942044615746 0.040548328310251236 0.06138709932565689
v 0.006821825169026852 0.039823710918426514 0.0619756355881691
v 0.006325594149529934 0.024309128522872925 0.08366650342941284
v 0.006813651882112026 0.024163303896784782 0.08356089144945145
v 0.029523760080337524 0.023075632750988007 0.03054758906364441
v 0.02936863899230957 0.022954391315579414 0.031625594943761826
v 0.03116907924413681 0.020442841574549675 0.031625594943761826
v 0.03116907924413681 0.020442841574549675 0.031625594943761826
v 0.02936863899230957 0.022954391315579414 0.031625594943761826
v 0.009628242813050747 0.03951532766222954 0.05820722132921219
v 0.009628242813050747 0.03951532766222954 0.05820722132921219
v 0.02936863899230957 0.022954391315579414 0.031625594943761826
v 0.029523760080337524 0.023075632750988007 0.03054758906364441
v 0.009628242813050747 0.03951532766222954 0.05820722132921219
v 0.009596637450158596 0.03898205608129501 0.05956563353538513
v 0.03116907924413681 0.020442841574549675 0.031625594943761826
v 0.009514383040368557 0.038296766579151154 0.06086975336074829
v 0.009596637450158596 0.03898205608129501 0.05956563353538513
v 0.009162663482129574 0.03941381722688675 0.05978843942284584
v 0.009162663482129574 0.03941381722688675 0.05978843942284584
v 0.009596637450158596 0.03898205608129501 0.05956563353538513
v 0.009204155765473843 0.03997305408120155 0.058361876755952835
v 0.009204155765473843 0.03997305408120155 0.058361876755952835
v 0.009596637450158596 0.03898205608129501 0.05956563353538513
v 0.009628242813050747 0.03951532766222954 0.05820722132921219
v 0.036318182945251465 0.009226430207490921 0.03054758906364441
v 0.036957621574401855 0.0061864107847213745 0.03054758906364441
v 0.03634549677371979 0.009233368560671806 0.02995000034570694
v 0.036957621574401855 0.0061864107847213745 0.03054758906364441
v 0.036318182945251465 0.009226430207490921 0.03054758906364441
v 0.03612736612558365 0.009177953004837036 0.031625594943761826
v 0.035429127514362335 0.0122030358761549 0.03054758906364441
v 0.036318182945251465 0.009226430207490921 0.03054758906364441
v 0.03634549677371979 0.009233368560671806 0.02995000034570694
v 0.03714684396982193 0.0030875636730343103 0.031625594943761826
v 0.03734304755926132 0.0031038711313158274 0.03054758906364441
v 0.03676344454288483 0.006153905764222145 0.031625594943761826
v 0.03676344454288483 0.006153905764222145 0.031625594943761826
v 0.03734304755926132 0.0031038711313158274 0.03054758906364441
v 0.036957621574401855 0.0061864107847213745 0.03054758906364441
v 0.03719484061002731 0.004516156390309334 0.02995000034570694
v 0.03734304755926132 0.0031038711313158274 0.03054758906364441
v 0.03737112879753113 0.003106206888332963 0.02995000034570694
v 0.036957621574401855 0.0061864107847213745 0.03054758906364441
v 0.03734304755926132 0.0031038711313158274 0.03054758906364441
v 0.03719484061002731 0.004516156390309334 0.02995000034570694
v 0.03737112879753113 0.003106206888332963 0.02995000034570694
v 0.03734304755926132 0.0031038711313158274 0.03054758906364441
v 0.03750000149011612 1.218596890062429e-10 0.02995000034570694
v 0.03747181594371796 1.218596890062429e-10 0.03054758906364441
v 0.03750000149011612 1.218596890062429e-10 0.02995000034570694
v 0.03734304755926132 0.0031038711313158274 0.03054758906364441
v 0.03747181594371796 1.218596890062429e-10 0.03054758906364441
v 0.03734304755926132 0.0031038711313158274 0.03054758906364441
v 0.03727494180202484 1.218596890062429e-10 0.031625594943761826
v 0.03714684396982193 0.0030875636730343103 0.031625594943761826
v 0.03727494180202484 1.218596890062429e-10 0.031625594943761826
v 0.03734304755926132 0.0031038711313158274 0.03054758906364441
v 0.03612736612558365 0.009177953004837036 0.031625594943761826
v 0.03524298220872879 0.01213892176747322 0.031625594943761826
v 0.03488437086343765 0.01201540231704712 0.032653696835041046
v 0.03411637991666794 0.015016458928585052 0.031625594943761826
v 0.03488437086343765 0.01201540231704712 0.032653696835041046
v 0.03524298220872879 0.01213892176747322 0.031625594943761826
v 0.035429127514362335 0.0122030358761549 0.03054758906364441
v 0.03411637991666794 0.015016458928585052 0.031625594943761826
v 0.03524298220872879 0.01213892176747322 0.031625594943761826
v 0.036318182945251465 0.009226430207490921 0.03054758906364441
v 0.03524298220872879 0.01213892176747322 0.031625594943761826
v 0.03612736612558365 0.009177953004837036 0.031625594943761826
v 0.03524298220872879 0.01213892176747322 0.031625594943761826
v 0.036318182945251465 0.009226430207490921 0.03054758906364441
v 0.035429127514362335 0.0122030358761549 0.03054758906364441
v 0.035035088658332825 0.013286711648106575 0.02995000034570694
v 0.035429127514362335 0.0122030358761549 0.03054758906364441
v 0.035455770790576935 0.01221221499145031 0.02995000034570694
v 0.035429127514362335 0.0122030358761549 0.03054758906364441
v 0.035035088658332825 0.013286711648106575 0.02995000034570694
v 0.03432236611843109 0.015107125043869019 0.02995000034570694
v 0.035455770790576935 0.01221221499145031 0.02995000034570694
v 0.035063110291957855 0.013297682628035545 0.0030999998562037945
v 0.035035088658332825 0.013286711648106575 0.02995000034570694
v 0.03432236611843109 0.015107125043869019 0.02995000034570694
v 0.035035088658332825 0.013286711648106575 0.02995000034570694
v 0.035063110291957855 0.013297682628035545 0.0030999998562037945
v -0.01329768542200327 -0.035063110291957855 0.0030999998562037945
v -0.015823714435100555 -0.03177829831838608 0.0004999999073334038
v -0.014817916788160801 -0.03220401704311371 0.0004999999073334038
v -0.01560083869844675 -0.031330712139606476 -1.4664501557515308e-10
v -0.014817916788160801 -0.03220401704311371 0.0004999999073334038
v -0.015823714435100555 -0.03177829831838608 0.0004999999073334038
v -0.011632421053946018 -0.03301040083169937 -1.4664501557515308e-10
v -0.014817916788160801 -0.03220401704311371 0.0004999999073334038
v -0.01560083869844675 -0.031330712139606476 -1.4664501557515308e-10
v -0.011632421053946018 -0.03301040083169937 -1.4664501557515308e-10
v -0.010748104192316532 -0.03378087282180786 0.0004999999073334038
v -0.011798598803579807 -0.03348197788000107 0.0004999999073334038
v -0.010748104192316532 -0.03378087282180786 0.0004999999073334038
v -0.00897433701902628 -0.036410316824913025 0.0030999998562037945
v -0.011798598803579807 -0.03348197788000107 0.0004999999073334038
v -0.01329768542200327 -0.035063110291957855 0.0030999998562037945
v -0.011798598803579807 -0.03348197788000107 0.0004999999073334038
v -0.00897433701902628 -0.036410316824913025 0.0030999998562037945
v -0.011632421053946018 -0.03301040083169937 -1.4664501557515308e-10
v -0.011798598803579807 -0.03348197788000107 0.0004999999073334038
v -0.014817916788160801 -0.03220401704311371 0.0004999999073334038
v -0.014817916788160801 -0.03220401704311371 0.0004999999073334038
v -0.011798598803579807 -0.03348197788000107 0.0004999999073334038
v -0.01329768542200327 -0.035063110291957855 0.0030999998562037945
v -0.0054007405415177345 -0.04175440967082977 0.05896375700831413
v -0.005921565927565098 -0.041355714201927185 0.059775784611701965
v -0.0059724608436226845 -0.041664689779281616 0.05893344432115555
v -0.005921565927565098 -0.041355714201927185 0.059775784611701965
v -0.0054007405415177345 -0.04175440967082977 0.05896375700831413
v -0.005346075631678104 -0.04143889993429184 0.05981104448437691
v -0.005452693440020084 -0.042004235088825226 0.0580994114279747
v -0.0054007405415177345 -0.04175440967082977 0.05896375700831413
v -0.0059724608436226845 -0.041664689779281616 0.05893344432115555
v -0.005452693440020084 -0.042004235088825226 0.0580994114279747
v -0.004919477738440037 -0.04191844165325165 0.0585767887532711
v -0.0054007405415177345 -0.04175440967082977 0.05896375700831413
v -0.005346075631678104 -0.04143889993429184 0.05981104448437691
v -0.0054007405415177345 -0.04175440967082977 0.05896375700831413
v -0.0048534804955124855 -0.041571877896785736 0.05957959592342377
v -0.004699998535215855 -0.04178895056247711 0.05900847166776657
v -0.0048534804955124855 -0.041571877896785736 0.05957959592342377
v -0.0054007405415177345 -0.04175440967082977 0.05896375700831413
v -0.004699998535215855 -0.04178895056247711 0.05900847166776657
v -0.0054007405415177345 -0.04175440967082977 0.05896375700831413
v -0.004919477738440037 -0.04191844165325165 0.0585767887532711
v -0.007080898620188236 -0.04102877527475357 0.05963719263672829
v -0.006502584554255009 -0.041219793260097504 0.059718165546655655
v -0.007037223316729069 -0.04067277908325195 0.060438122600317
v -0.006502584554255009 -0.041219793260097504 0.059718165546655655
v -0.006453783251345158 -0.04085426777601242 0.060531776398420334
v -0.007037223316729069 -0.04067277908325195 0.060438122600317
v -0.006453783251345158 -0.04085426777601242 0.060531776398420334
v -0.006502584554255009 -0.041219793260097504 0.059718165546655655
v -0.005921565927565098 -0.041355714201927185 0.059775784611701965
v -0.005921565927565098 -0.041355714201927185 0.059775784611701965
v -0.006502584554255009 -0.041219793260097504 0.059718165546655655
v -0.0059724608436226845 -0.041664689779281616 0.05893344432115555
v -0.0058681899681687355 -0.04098191112279892 0.06059764698147774
v -0.006453783251345158 -0.04085426777601242 0.060531776398420334
v -0.005921565927565098 -0.041355714201927185 0.059775784611701965
v -0.005346075631678104 -0.04143889993429184 0.05981104448437691
v -0.005288803018629551 -0.041058093309402466 0.060636959969997406
v -0.0058681899681687355 -0.04098191112279892 0.06059764698147774
v -0.005346075631678104 -0.04143889993429184 0.05981104448437691
v -0.0058681899681687355 -0.04098191112279892 0.06059764698147774
v -0.005921565927565098 -0.041355714201927185 0.059775784611701965
v -0.005288803018629551 -0.041058093309402466 0.060636959969997406
v -0.005812996067106724 -0.04054832458496094 0.06138709932565689
v -0.0058681899681687355 -0.04098191112279892 0.06059764698147774
v -0.006403275765478611 -0.04042956978082657 0.06131403148174286
v -0.0058681899681687355 -0.04098191112279892 0.06059764698147774
v -0.005812996067106724 -0.04054832458496094 0.06138709932565689
v -0.006453783251345158 -0.04085426777601242 0.060531776398420334
v -0.0058681899681687355 -0.04098191112279892 0.06059764698147774
v -0.006403275765478611 -0.04042956978082657 0.06131403148174286
v -0.006593205966055393 -0.04175848513841629 0.05803639814257622
v -0.007122487761080265 -0.04132183641195297 0.058817602694034576
v -0.007161923684179783 -0.04155184328556061 0.057983413338661194
v -0.007161923684179783 -0.04155184328556061 0.057983413338661194
v -0.007122487761080265 -0.04132183641195297 0.058817602694034576
v -0.007683821953833103 -0.04106558859348297 0.058731019496917725
v -0.006593205966055393 -0.04175848513841629 0.05803639814257622
v -0.006066695787012577 -0.0420876070857048 0.05720008164644241
v -0.006020792759954929 -0.041908539831638336 0.05807487294077873
v -0.006066695787012577 -0.0420876070857048 0.05720008164644241
v -0.0055020758882164955 -0.04218864440917969 0.057218052446842194
v -0.006020792759954929 -0.041908539831638336 0.05807487294077873
v -0.005452693440020084 -0.042004235088825226 0.0580994114279747
v -0.006020792759954929 -0.041908539831638336 0.05807487294077873
v -0.0055020758882164955 -0.04218864440917969 0.057218052446842194
v -0.0059724608436226845 -0.041664689779281616 0.05893344432115555
v -0.006020792759954929 -0.041908539831638336 0.05807487294077873
v -0.005452693440020084 -0.042004235088825226 0.0580994114279747
v -0.008160554803907871 -0.04014596343040466 0.060166262090206146
v -0.0076475003734230995 -0.04078175872564316 0.05953248217701912
v -0.007609338499605656 -0.040436454117298126 0.060316167771816254
v -0.00822386983782053 -0.04075334221124649 0.05862551927566528
v -0.007683821953833103 -0.04106558859348297 0.058731019496917725
v -0.0076475003734230995 -0.04078175872564316 0.05953248217701912
v -0.00822386983782053 -0.04075334221124649 0.05862551927566528
v -0.0076475003734230995 -0.04078175872564316 0.05953248217701912
v -0.008160554803907871 -0.04014596343040466 0.060166262090206146
v -0.007609338499605656 -0.040436454117298126 0.060316167771816254
v -0.0076475003734230995 -0.04078175872564316 0.05953248217701912
v -0.007080898620188236 -0.04102877527475357 0.05963719263672829
v -0.007122487761080265 -0.04132183641195297 0.058817602694034576
v -0.007080898620188236 -0.04102877527475357 0.05963719263672829
v -0.0076475003734230995 -0.04078175872564316 0.05953248217701912
v -0.007122487761080265 -0.04132183641195297 0.058817602694034576
v -0.0076475003734230995 -0.04078175872564316 0.05953248217701912
v -0.007683821953833103 -0.04106558859348297 0.058731019496917725
v 0.004699996672570705 -0.04131033271551132 0.060189276933670044
v 0.004812530241906643 -0.04132390767335892 0.060160767287015915
v 0.004699996672570705 -0.04080980271100998 0.06115812063217163
v 0.004699996672570705 -0.04080980271100998 0.06115812063217163
v 0.004812530241906643 -0.04132390767335892 0.060160767287015915
v 0.004736452363431454 -0.040805473923683167 0.06116462126374245
v 0.004699996672570705 -0.04131033271551132 0.060189276933670044
v 0.004699996672570705 -0.041342929005622864 0.060126177966594696
v 0.004812530241906643 -0.04132390767335892 0.060160767287015915
v 0.004812530241906643 -0.04132390767335892 0.060160767287015915
v 0.005288227461278439 -0.04105466604232788 0.060645390301942825
v 0.004736452363431454 -0.040805473923683167 0.06116462126374245
v -0.004699998535215855 -0.04178895056247711 0.05900847166776657
v -0.004699998535215855 -0.041590020060539246 0.05954707786440849
v -0.0048534804955124855 -0.041571877896785736 0.05957959592342377
v -0.004699998535215855 -0.04130106419324875 0.06018536165356636
v -0.004699998535215855 -0.041590020060539246 0.05954707786440849
v 0.004699996672570705 -0.041342929005622864 0.060126177966594696
v -0.004699998535215855 -0.041590020060539246 0.05954707786440849
v -0.0047815898433327675 -0.04112175107002258 0.060580313205718994
v -0.0048534804955124855 -0.041571877896785736 0.05957959592342377
v -0.0047815898433327675 -0.04112175107002258 0.060580313205718994
v -0.004699998535215855 -0.041590020060539246 0.05954707786440849
v -0.004699998535215855 -0.04130106419324875 0.06018536165356636
v -0.006325596012175083 0.02221331186592579 0.08599426597356796
v -0.009999998845160007 0.015449999831616879 0.09000000357627869
v -0.006325596012175083 0.020707257091999054 0.08717934787273407
v -0.005247586406767368 0.020818714052438736 0.08734163641929626
v -0.006325596012175083 0.020707257091999054 0.08717934787273407
v -0.009999998845160007 0.015449999831616879 0.09000000357627869
v -0.006325596012175083 0.02221331186592579 0.08599426597356796
v -0.006325596012175083 0.020707257091999054 0.08717934787273407
v -0.005247586406767368 0.022344836965203285 0.08614076673984528
v -0.006325596012175083 0.020707257091999054 0.08717934787273407
v -0.005247586406767368 0.020818714052438736 0.08734163641929626
v -0.005247586406767368 0.022344836965203285 0.08614076673984528
v -0.004649997688829899 0.01916280947625637 0.08835997432470322
v -0.005247586406767368 0.01914999634027481 0.08833487331867218
v -0.009999998845160007 0.015449999831616879 0.09000000357627869
v -0.005247586406767368 0.020818714052438736 0.08734163641929626
v -0.009999998845160007 0.015449999831616879 0.09000000357627869
v -0.005247586406767368 0.01914999634027481 0.08833487331867218
v -0.005247586406767368 0.020818714052438736 0.08734163641929626
v -0.005247586406767368 0.01914999634027481 0.08833487331867218
v -0.004649997688829899 0.01916280947625637 0.08835997432470322
v -0.004649997688829899 0.024491405114531517 0.08379851281642914
v -0.004649997688829899 0.029601143673062325 0.07674326747655869
v -0.004699998535215855 0.029601143673062325 0.07674293220043182
v -0.008301281370222569 0.022847911342978477 0.08401863276958466
v -0.007353701628744602 0.023265523836016655 0.08437716215848923
v -0.00781311932951212 0.023785822093486786 0.08328749984502792
v -0.007353701628744602 0.023265523836016655 0.08437716215848923
v -0.008301281370222569 0.02159223146736622 0.08530247211456299
v -0.007353701628744602 0.021959926933050156 0.08571203052997589
v -0.008301281370222569 0.02159223146736622 0.08530247211456299
v -0.007353701628744602 0.023265523836016655 0.08437716215848923
v -0.008301281370222569 0.022847911342978477 0.08401863276958466
v -0.006325596012175083 0.02221331186592579 0.08599426597356796
v -0.007353701628744602 0.023265523836016655 0.08437716215848923
v -0.007353701628744602 0.021959926933050156 0.08571203052997589
v -0.004649997688829899 0.022363662719726562 0.08616174012422562
v -0.004649997688829899 0.023724069818854332 0.08477082848548889
v -0.005247586406767368 0.02370268851518631 0.08475247025489807
v 0.006634711287915707 -0.04193054884672165 0.05718034878373146
v 0.006066284142434597 -0.04208626598119736 0.05720815435051918
v 0.006109594367444515 -0.042200103402137756 0.056323397904634476
v 0.006066284142434597 -0.04208626598119736 0.05720815435051918
v 0.006634711287915707 -0.04193054884672165 0.05718034878373146
v 0.0065926676616072655 -0.041755884885787964 0.05804700776934624
v 0.006634711287915707 -0.04193054884672165 0.05718034878373146
v 0.006109594367444515 -0.042200103402137756 0.056323397904634476
v 0.006674191914498806 -0.042039692401885986 0.05630703270435333
v 0.006634711287915707 -0.04193054884672165 0.05718034878373146
v 0.006674191914498806 -0.042039692401885986 0.05630703270435333
v 0.0071990033611655235 -0.04171798378229141 0.05714239180088043
v 0.005592084489762783 -0.04235696792602539 0.05543415993452072
v 0.006150274537503719 -0.042247503995895386 0.055431269109249115
v 0.006109594367444515 -0.042200103402137756 0.056323397904634476
v 0.006674191914498806 -0.042039692401885986 0.05630703270435333
v 0.006109594367444515 -0.042200103402137756 0.056323397904634476
v 0.006150274537503719 -0.042247503995895386 0.055431269109249115
v 0.006674191914498806 -0.042039692401885986 0.05630703270435333
v 0.006150274537503719 -0.042247503995895386 0.055431269109249115
v 0.006711258552968502 -0.04208347201347351 0.0554269403219223
v 0.006711258552968502 -0.04208347201347351 0.0554269403219223
v 0.006150274537503719 -0.042247503995895386 0.055431269109249115
v 0.006188421510159969 -0.042227521538734436 0.054531630128622055
v 0.006188421510159969 -0.042227521538734436 0.054531630128622055
v 0.006150274537503719 -0.042247503995895386 0.055431269109249115
v 0.005633211694657803 -0.04233997315168381 0.05452605336904526
v 0.006150274537503719 -0.042247503995895386 0.055431269109249115
v 0.005592084489762783 -0.04235696792602539 0.05543415993452072
v 0.005633211694657803 -0.04233997315168381 0.05452605336904526
v 0.005633211694657803 -0.04233997315168381 0.05452605336904526
v 0.00509230699390173 -0.042410023510456085 0.05549677088856697
v 0.004699996672570705 -0.042443349957466125 0.055065494030714035
v 0.005592084489762783 -0.04235696792602539 0.05543415993452072
v 0.00509230699390173 -0.042410023510456085 0.05549677088856697
v 0.005633211694657803 -0.04233997315168381 0.05452605336904526
v 0.005548260174691677 -0.042305730283260345 0.056334175169467926
v 0.005592084489762783 -0.04235696792602539 0.05543415993452072
v 0.006109594367444515 -0.042200103402137756 0.056323397904634476
v 0.005501634441316128 -0.04218725860118866 0.057226188480854034
v 0.005548260174691677 -0.042305730283260345 0.056334175169467926
v 0.006066284142434597 -0.04208626598119736 0.05720815435051918
v 0.006066284142434597 -0.04208626598119736 0.05720815435051918
v 0.005548260174691677 -0.042305730283260345 0.056334175169467926
v 0.006109594367444515 -0.042200103402137756 0.056323397904634476
v 0.005548260174691677 -0.042305730283260345 0.056334175169467926
v 0.00509230699390173 -0.042410023510456085 0.05549677088856697
v 0.005592084489762783 -0.04235696792602539 0.05543415993452072
v 0.006821825169026852 -0.039823710918426514 0.0619756355881691
v 0.006403147242963314 -0.04042875021696091 0.061316147446632385
v 0.006991869769990444 -0.040257737040519714 0.06121088191866875
v 0.006403147242963314 -0.04042875021696091 0.061316147446632385
v 0.005752666853368282 -0.04005572944879532 0.06214367598295212
v 0.00581286009401083 -0.04054749011993408 0.06138923391699791
v 0.006403147242963314 -0.04042875021696091 0.061316147446632385
v 0.006821825169026852 -0.039823710918426514 0.0619756355881691
v 0.005752666853368282 -0.04005572944879532 0.06214367598295212
v 0.006991869769990444 -0.040257737040519714 0.06121088191866875
v 0.006403147242963314 -0.04042875021696091 0.061316147446632385
v 0.006453297100961208 -0.04085098206996918 0.0605400875210762
v 0.005867651663720608 -0.04097855091094971 0.060606036335229874
v 0.006403147242963314 -0.04042875021696091 0.061316147446632385
v 0.00581286009401083 -0.04054749011993408 0.06138923391699791
v 0.006453297100961208 -0.04085098206996918 0.0605400875210762
v 0.006403147242963314 -0.04042875021696091 0.061316147446632385
v 0.005867651663720608 -0.04097855091094971 0.060606036335229874
v 0.007750592194497585 -0.04144787788391113 0.057094160467386246
v 0.0071614449843764305 -0.041549332439899445 0.05799384042620659
v 0.0071990033611655235 -0.04171798378229141 0.05714239180088043
v 0.006634711287915707 -0.04193054884672165 0.05718034878373146
v 0.0071990033611655235 -0.04171798378229141 0.05714239180088043
v 0.0071614449843764305 -0.041549332439899445 0.05799384042620659
v 0.0065926676616072655 -0.041755884885787964 0.05804700776934624
v 0.006634711287915707 -0.04193054884672165 0.05718034878373146
v 0.0071614449843764305 -0.041549332439899445 0.05799384042620659
v 0.0046500032767653465 -0.022363660857081413 0.08616174012422562
v 0.0046500032767653465 -0.023055536672472954 0.08545435220003128
v 0.005247584544122219 -0.022344836965203285 0.08614076673984528
v 0.005247584544122219 -0.022344836965203285 0.08614076673984528
v 0.0046500032767653465 -0.023055536672472954 0.08545435220003128
v 0.005247584544122219 -0.02370268665254116 0.08475247025489807
v 0.005247584544122219 -0.02370268665254116 0.08475247025489807
v 0.0046500032767653465 -0.023055536672472954 0.08545435220003128
v 0.0046500032767653465 -0.023724069818854332 0.08477082848548889
v -0.005247586406767368 -0.02370268665254116 0.08475247025489807
v -0.004649997688829899 -0.023724069818854332 0.08477082848548889
v -0.004649997688829899 -0.023055536672472954 0.08545435220003128
v -0.005247586406767368 -0.02446858026087284 0.08378198742866516
v -0.004649997688829899 -0.023724069818854332 0.08477082848548889
v -0.005247586406767368 -0.02370268665254116 0.08475247025489807
v -0.005247586406767368 -0.02446858026087284 0.08378198742866516
v -0.004649997688829899 -0.024491405114531517 0.08379851281642914
v -0.004649997688829899 -0.023724069818854332 0.08477082848548889
v 0.0046500032767653465 -0.023724069818854332 0.08477082848548889
v 0.0046500032767653465 -0.024491405114531517 0.08379851281642914
v 0.005247584544122219 -0.02446858026087284 0.08378198742866516
v 0.0046500032767653465 -0.029601143673062325 0.07674326747655869
v 0.004699996672570705 -0.029601143673062325 0.07674293220043182
v 0.0046500032767653465 -0.024491405114531517 0.08379851281642914
v 0.005247584544122219 -0.02446858026087284 0.08378198742866516
v 0.0046500032767653465 -0.024491405114531517 0.08379851281642914
v 0.004699996672570705 -0.029601143673062325 0.07674293220043182
v 0.033188141882419586 -0.01741904206573963 0.02995000034570694
v 0.032953061163425446 -0.017898207530379295 0.02995000034570694
v 0.03320460021495819 -0.017427118495106697 0.0030999998562037945
v 0.032953061163425446 -0.017898207530379295 0.02995000034570694
v 0.033188141882419586 -0.01741904206573963 0.02995000034570694
v 0.03292829543352127 -0.01788475550711155 0.03054758906364441
v 0.03320460021495819 -0.017427118495106697 0.0030999998562037945
v 0.032953061163425446 -0.017898207530379295 0.02995000034570694
v 0.03135727345943451 -0.020566271618008614 0.02995000034570694
v 0.03133370727300644 -0.020550815388560295 0.03054758906364441
v 0.03135727345943451 -0.020566271618008614 0.02995000034570694
v 0.032953061163425446 -0.017898207530379295 0.02995000034570694
v 0.03292829543352127 -0.01788475550711155 0.03054758906364441
v 0.03133370727300644 -0.020550815388560295 0.03054758906364441
v 0.032953061163425446 -0.017898207530379295 0.02995000034570694
v 0.03719484061002731 -0.004516156390309334 0.02995000034570694
v 0.03698541224002838 -0.006191061809659004 0.02995000034570694
v 0.03722658008337021 -0.004520123824477196 0.0030999998562037945
v 0.036957621574401855 -0.006186408922076225 0.03054758906364441
v 0.03698541224002838 -0.006191061809659004 0.02995000034570694
v 0.03719484061002731 -0.004516156390309334 0.02995000034570694
v 0.03722658008337021 -0.004520123824477196 0.0030999998562037945
v 0.03698541224002838 -0.006191061809659004 0.02995000034570694
v 0.036410316824913025 -0.008974337950348854 0.0030999998562037945
v 0.036410316824913025 -0.008974337950348854 0.0030999998562037945
v 0.03698541224002838 -0.006191061809659004 0.02995000034570694
v 0.03634549677371979 -0.009233368560671806 0.02995000034570694
v 0.03698541224002838 -0.006191061809659004 0.02995000034570694
v 0.036957621574401855 -0.006186408922076225 0.03054758906364441
v 0.03634549677371979 -0.009233368560671806 0.02995000034570694
v -0.006403149105608463 0.040428753942251205 0.061316147446632385
v -0.005812854506075382 0.04054749011993408 0.06138923391699791
v -0.005867653526365757 0.04097855091094971 0.060606036335229874
v -0.006403149105608463 0.040428753942251205 0.061316147446632385
v -0.005867653526365757 0.04097855091094971 0.060606036335229874
v -0.006453291513025761 0.040850985795259476 0.0605400875210762
v 0.006593204103410244 0.04175848513841629 0.05803639814257622
v 0.0071619292721152306 0.041551847010850906 0.057983413338661194
v 0.006635083816945553 0.04193184897303581 0.05717237666249275
v 0.006821825169026852 0.039823710918426514 0.0619756355881691
v 0.006991988979279995 0.040258534252643585 0.06120879948139191
v 0.006403273902833462 0.04042957350611687 0.06131403148174286
v 0.004699996672570705 0.042113564908504486 0.057888519018888474
v 0.004987179301679134 0.04219278693199158 0.05745837464928627
v 0.004699996672570705 0.04232769459486008 0.056752339005470276
v 0.004987179301679134 0.04219278693199158 0.05745837464928627
v 0.004699996672570705 0.042113564908504486 0.057888519018888474
v 0.005452691577374935 0.042004235088825226 0.0580994114279747
v 0.00611030962318182 0.04220127314329147 0.056308142840862274
v 0.006151243112981319 0.04224782809615135 0.055409301072359085
v 0.005593127571046352 0.04235737398266792 0.055411990731954575
v 0.006151243112981319 0.04224782809615135 0.055409301072359085
v 0.006712137721478939 0.042083725333213806 0.05540527403354645
v 0.0061890920624136925 0.04222676530480385 0.05451546609401703
v 0.006151243112981319 0.04224782809615135 0.055409301072359085
v 0.0061890920624136925 0.04222676530480385 0.05451546609401703
v 0.005633934400975704 0.0423392690718174 0.054509732872247696
v 0.005593127571046352 0.04235737398266792 0.055411990731954575
v 0.006151243112981319 0.04224782809615135 0.055409301072359085
v 0.005633934400975704 0.0423392690718174 0.054509732872247696
v 0.00602079089730978 0.041908543556928635 0.05807487294077873
v 0.005502074025571346 0.042188648134469986 0.057218052446842194
v 0.005452691577374935 0.042004235088825226 0.0580994114279747
v 0.005502074025571346 0.042188648134469986 0.057218052446842194
v 0.004987179301679134 0.04219278693199158 0.05745837464928627
v 0.005452691577374935 0.042004235088825226 0.0580994114279747
v 0.004987179301679134 0.04219278693199158 0.05745837464928627
v 0.005502074025571346 0.042188648134469986 0.057218052446842194
v 0.004699996672570705 0.04232769459486008 0.056752339005470276
v 0.004699996672570705 0.040133703500032425 0.0622001476585865
v 0.005229628644883633 0.04061723127961159 0.06142949312925339
v 0.004699996672570705 0.04053240641951561 0.06161430850625038
v 0.004699996672570705 0.040133703500032425 0.0622001476585865
v 0.004699996672570705 0.04053240641951561 0.06161430850625038
v -0.004699998535215855 0.040532514452934265 0.06161437928676605
v -0.004699998535215855 0.040532514452934265 0.06161437928676605
v 0.004699996672570705 0.04053240641951561 0.06161430850625038
v -0.004699998535215855 0.04080980643630028 0.06115812063217163
v 0.004699996672570705 0.041111547499895096 0.06060399115085602
v 0.004699996672570705 0.04053240641951561 0.06161430850625038
v 0.005229628644883633 0.04061723127961159 0.06142949312925339
v -0.004699998535215855 0.04080980643630028 0.06115812063217163
v 0.004699996672570705 0.04053240641951561 0.06161430850625038
v 0.004699996672570705 0.041111547499895096 0.06060399115085602
v 0.006403273902833462 0.04042957350611687 0.06131403148174286
v 0.005752666853368282 0.04005572944879532 0.06214367598295212
v 0.006344853900372982 0.03992721810936928 0.062050603330135345
v 0.006821825169026852 0.039823710918426514 0.0619756355881691
v 0.006403273902833462 0.04042957350611687 0.06131403148174286
v 0.006344853900372982 0.03992721810936928 0.062050603330135345
v 0.006325594149529934 0.024309128522872925 0.08366650342941284
v 0.006344853900372982 0.03992721810936928 0.062050603330135345
v 0.005752666853368282 0.04005572944879532 0.06214367598295212
v 0.006821825169026852 0.039823710918426514 0.0619756355881691
v 0.006344853900372982 0.03992721810936928 0.062050603330135345
v 0.006325594149529934 0.024309128522872925 0.08366650342941284
v 0.009204155765473843 0.03997305408120155 0.058361876755952835
v 0.008733510039746761 0.04038771241903305 0.05850198119878769
v 0.009162663482129574 0.03941381722688675 0.05978843942284584
v 0.008280842565000057 0.04112236574292183 0.057028405368328094
v 0.008733510039746761 0.04038771241903305 0.05850198119878769
v 0.008780441246926785 0.04074184596538544 0.05696072429418564
v 0.008733510039746761 0.04038771241903305 0.05850198119878769
v 0.009204155765473843 0.03997305408120155 0.058361876755952835
v 0.008780441246926785 0.04074184596538544 0.05696072429418564
v 0.009628242813050747 0.03951532766222954 0.05820722132921219
v 0.009241453371942043 0.04031198471784592 0.056884270161390305
v 0.009204155765473843 0.03997305408120155 0.058361876755952835
v 0.029523760080337524 0.023075632750988007 0.03054758906364441
v 0.02751089632511139 0.025441849604249 0.03054758906364441
v 0.009241453371942043 0.04031198471784592 0.056884270161390305
v 0.009628242813050747 0.03951532766222954 0.05820722132921219
v 0.029523760080337524 0.023075632750988007 0.03054758906364441
v 0.009241453371942043 0.04031198471784592 0.056884270161390305
v 0.009204155765473843 0.03997305408120155 0.058361876755952835
v 0.009241453371942043 0.04031198471784592 0.056884270161390305
v 0.008780441246926785 0.04074184596538544 0.05696072429418564
v 0.02530895173549652 0.02763320505619049 0.03054758906364441
v 0.009241453371942043 0.04031198471784592 0.056884270161390305
v 0.02751089632511139 0.025441849604249 0.03054758906364441
v 0.008780441246926785 0.04074184596538544 0.05696072429418564
v 0.009241453371942043 0.04031198471784592 0.056884270161390305
v 0.008822358213365078 0.040865108370780945 0.0553753599524498
v 0.02530895173549652 0.02763320505619049 0.03054758906364441
v 0.008822358213365078 0.040865108370780945 0.0553753599524498
v 0.009241453371942043 0.04031198471784592 0.056884270161390305
v 0.03116907924413681 0.020442841574549675 0.031625594943761826
v 0.009976780973374844 0.03851547837257385 0.05932486057281494
v 0.0327552929520607 0.017790786921977997 0.031625594943761826
v 0.009596637450158596 0.03898205608129501 0.05956563353538513
v 0.009976780973374844 0.03851547837257385 0.05932486057281494
v 0.03116907924413681 0.020442841574549675 0.031625594943761826
v 0.009514383040368557 0.038296766579151154 0.06086975336074829
v 0.0327552929520607 0.017790786921977997 0.031625594943761826
v 0.009976780973374844 0.03851547837257385 0.05932486057281494
v 0.009976780973374844 0.03851547837257385 0.05932486057281494
v 0.009596637450158596 0.03898205608129501 0.05956563353538513
v 0.009514383040368557 0.038296766579151154 0.06086975336074829
v 0.009514383040368557 0.038296766579151154 0.06086975336074829
v 0.01014926191419363 0.037562429904937744 0.060337912291288376
v 0.0327552929520607 0.017790786921977997 0.031625594943761826
v 0.00984524842351675 0.022305713966488838 0.08221553266048431
v 0.0327552929520607 0.017790786921977997 0.031625594943761826
v 0.01014926191419363 0.037562429904937744 0.060337912291288376
v 0.00984524842351675 0.022305713966488838 0.08221553266048431
v 0.01014926191419363 0.037562429904937744 0.060337912291288376
v 0.009514383040368557 0.038296766579151154 0.06086975336074829
v 0.00984524842351675 0.021676434203982353 0.08301291614770889
v 0.03411637991666794 0.015016458928585052 0.031625594943761826
v 0.0327552929520607 0.017790786921977997 0.031625594943761826
v 0.00984524842351675 0.022305713966488838 0.08221553266048431
v 0.00984524842351675 0.021676434203982353 0.08301291614770889
v 0.0327552929520607 0.017790786921977997 0.031625594943761826
v 0.03411637991666794 0.015016458928585052 0.031625594943761826
v 0.00984524842351675 0.021676434203982353 0.08301291614770889
v 0.009999996982514858 0.015449999831616879 0.09000000357627869
v 0.009162663482129574 0.03941381722688675 0.05978843942284584
v 0.009100726805627346 0.03863178938627243 0.06111239269375801
v 0.009514383040368557 0.038296766579151154 0.06086975336074829
v 0.008731699548661709 0.038930658251047134 0.06132884696125984
v 0.009100726805627346 0.03863178938627243 0.06111239269375801
v 0.009162663482129574 0.03941381722688675 0.05978843942284584
v 0.008160552941262722 0.04014596343040466 0.060166262090206146
v 0.008618793450295925 0.038994692265987396 0.061375223100185394
v 0.008731699548661709 0.038930658251047134 0.06132884696125984
v -0.007122487761080265 -0.04132183641195297 0.058817602694034576
v -0.006593205966055393 -0.04175848513841629 0.05803639814257622
v -0.00654908362776041 -0.041521258652210236 0.05888498201966286
v -0.0059724608436226845 -0.041664689779281616 0.05893344432115555
v -0.00654908362776041 -0.041521258652210236 0.05888498201966286
v -0.006020792759954929 -0.041908539831638336 0.05807487294077873
v -0.006020792759954929 -0.041908539831638336 0.05807487294077873
v -0.00654908362776041 -0.041521258652210236 0.05888498201966286
v -0.006593205966055393 -0.04175848513841629 0.05803639814257622
v -0.006502584554255009 -0.041219793260097504 0.059718165546655655
v -0.00654908362776041 -0.041521258652210236 0.05888498201966286
v -0.0059724608436226845 -0.041664689779281616 0.05893344432115555
v -0.00654908362776041 -0.041521258652210236 0.05888498201966286
v -0.006502584554255009 -0.041219793260097504 0.059718165546655655
v -0.007080898620188236 -0.04102877527475357 0.05963719263672829
v -0.007122487761080265 -0.04132183641195297 0.058817602694034576
v -0.00654908362776041 -0.041521258652210236 0.05888498201966286
v -0.007080898620188236 -0.04102877527475357 0.05963719263672829
v -0.004699998535215855 -0.041590020060539246 0.05954707786440849
v -0.004699998535215855 -0.04178895056247711 0.05900847166776657
v 0.004699996672570705 -0.04177623987197876 0.05904536694288254
v -0.004699998535215855 -0.041590020060539246 0.05954707786440849
v 0.004699996672570705 -0.04177623987197876 0.05904536694288254
v 0.004699996672570705 -0.041342929005622864 0.060126177966594696
v 0.004812530241906643 -0.04132390767335892 0.060160767287015915
v 0.004699996672570705 -0.041342929005622864 0.060126177966594696
v 0.004699996672570705 -0.04177623987197876 0.05904536694288254
v -0.005247586406767368 0.02370268851518631 0.08475247025489807
v -0.006325596012175083 0.023553306236863136 0.08462422341108322
v -0.006325596012175083 0.02221331186592579 0.08599426597356796
v -0.007353701628744602 0.023265523836016655 0.08437716215848923
v -0.006325596012175083 0.02221331186592579 0.08599426597356796
v -0.006325596012175083 0.023553306236863136 0.08462422341108322
v -0.007825003005564213 0.03944484889507294 0.06170124560594559
v -0.006940887309610844 0.03977874666452408 0.06194307282567024
v -0.007569693960249424 0.04003340005874634 0.06107279285788536
v -0.00781311932951212 0.023785822093486786 0.08328749984502792
v -0.007353701628744602 0.024001944810152054 0.0834440216422081
v -0.007825003005564213 0.03944484889507294 0.06170124560594559
v -0.007353701628744602 0.023265523836016655 0.08437716215848923
v -0.007353701628744602 0.024001944810152054 0.0834440216422081
v -0.00781311932951212 0.023785822093486786 0.08328749984502792
v -0.007353701628744602 0.024001944810152054 0.0834440216422081
v -0.006940887309610844 0.03977874666452408 0.06194307282567024
v -0.007825003005564213 0.03944484889507294 0.06170124560594559
v 0.006066284142434597 -0.04208626598119736 0.05720815435051918
v 0.006020202301442623 -0.04190586507320404 0.0580856129527092
v 0.005501634441316128 -0.04218725860118866 0.057226188480854034
v 0.0065926676616072655 -0.041755884885787964 0.05804700776934624
v 0.006020202301442623 -0.04190586507320404 0.0580856129527092
v 0.006066284142434597 -0.04208626598119736 0.05720815435051918
v 0.006548038683831692 -0.04151507467031479 0.0589042566716671
v 0.006020202301442623 -0.04190586507320404 0.0580856129527092
v 0.0065926676616072655 -0.041755884885787964 0.05804700776934624
v 0.007267332635819912 -0.04186291992664337 0.055421117693185806
v 0.00723425205796957 -0.04182244837284088 0.05628487095236778
v 0.006711258552968502 -0.04208347201347351 0.0554269403219223
v 0.006674191914498806 -0.042039692401885986 0.05630703270435333
v 0.006711258552968502 -0.04208347201347351 0.0554269403219223
v 0.00723425205796957 -0.04182244837284088 0.05628487095236778
v 0.006674191914498806 -0.042039692401885986 0.05630703270435333
v 0.00723425205796957 -0.04182244837284088 0.05628487095236778
v 0.0071990033611655235 -0.04171798378229141 0.05714239180088043
v 0.007750592194497585 -0.04144787788391113 0.057094160467386246
v 0.0071990033611655235 -0.04171798378229141 0.05714239180088043
v 0.00723425205796957 -0.04182244837284088 0.05628487095236778
v 0.00723425205796957 -0.04182244837284088 0.05628487095236778
v 0.007267332635819912 -0.04186291992664337 0.055421117693185806
v 0.007810159586369991 -0.04158531129360199 0.05541379004716873
v 0.007750592194497585 -0.04144787788391113 0.057094160467386246
v 0.00723425205796957 -0.04182244837284088 0.05628487095236778
v 0.007810159586369991 -0.04158531129360199 0.05541379004716873
v 0.007608956657350063 -0.0404333621263504 0.06032417342066765
v 0.007036781869828701 -0.04066958278417587 0.060446303337812424
v 0.007079980336129665 -0.04102214425802231 0.05965482443571091
v 0.006453297100961208 -0.04085098206996918 0.0605400875210762
v 0.007036781869828701 -0.04066958278417587 0.060446303337812424
v 0.006991869769990444 -0.040257737040519714 0.06121088191866875
v 0.006940885446965694 -0.03977874666452408 0.06194307282567024
v 0.007569692097604275 -0.04003340005874634 0.06107279285788536
v 0.007825001142919064 -0.03944484889507294 0.06170124560594559
v 0.007036781869828701 -0.04066958278417587 0.060446303337812424
v 0.007569692097604275 -0.04003340005874634 0.06107279285788536
v 0.006991869769990444 -0.040257737040519714 0.06121088191866875
v 0.007036781869828701 -0.04066958278417587 0.060446303337812424
v 0.007608956657350063 -0.0404333621263504 0.06032417342066765
v 0.007569692097604275 -0.04003340005874634 0.06107279285788536
v 0.007569692097604275 -0.04003340005874634 0.06107279285788536
v 0.006940885446965694 -0.03977874666452408 0.06194307282567024
v 0.006821825169026852 -0.039823710918426514 0.0619756355881691
v 0.006991869769990444 -0.040257737040519714 0.06121088191866875
v 0.007569692097604275 -0.04003340005874634 0.06107279285788536
v 0.006821825169026852 -0.039823710918426514 0.0619756355881691
v 0.007608956657350063 -0.0404333621263504 0.06032417342066765
v 0.007079980336129665 -0.04102214425802231 0.05965482443571091
v 0.0076467012986540794 -0.04077533632516861 0.059549730271101
v -0.004713826812803745 0.040636058896780014 0.061443768441677094
v -0.004699998535215855 0.040532514452934265 0.06161437928676605
v -0.004699998535215855 0.04080980643630028 0.06115812063217163
v -0.004736454226076603 0.040805473923683167 0.06116462126374245
v -0.004713826812803745 0.040636058896780014 0.061443768441677094
v -0.004699998535215855 0.04080980643630028 0.06115812063217163
v -0.005288229323923588 0.04105466976761818 0.060645390301942825
v -0.005867653526365757 0.04097855091094971 0.060606036335229874
v -0.005812854506075382 0.04054749011993408 0.06138923391699791
v 0.006635083816945553 0.04193184897303581 0.05717237666249275
v 0.006674847565591335 0.04204079136252403 0.05629197880625725
v 0.00611030962318182 0.04220127314329147 0.056308142840862274
v 0.006712137721478939 0.042083725333213806 0.05540527403354645
v 0.006674847565591335 0.04204079136252403 0.05629197880625725
v 0.00723483320325613 0.041823480278253555 0.056270092725753784
v 0.006674847565591335 0.04204079136252403 0.05629197880625725
v 0.006151243112981319 0.04224782809615135 0.055409301072359085
v 0.00611030962318182 0.04220127314329147 0.056308142840862274
v 0.006151243112981319 0.04224782809615135 0.055409301072359085
v 0.006674847565591335 0.04204079136252403 0.05629197880625725
v 0.006712137721478939 0.042083725333213806 0.05540527403354645
v 0.00602079089730978 0.041908543556928635 0.05807487294077873
v 0.006593204103410244 0.04175848513841629 0.05803639814257622
v 0.006066693924367428 0.0420876108109951 0.05720008164644241
v 0.006635083816945553 0.04193184897303581 0.05717237666249275
v 0.006066693924367428 0.0420876108109951 0.05720008164644241
v 0.006593204103410244 0.04175848513841629 0.05803639814257622
v 0.005502074025571346 0.042188648134469986 0.057218052446842194
v 0.00602079089730978 0.041908543556928635 0.05807487294077873
v 0.006066693924367428 0.0420876108109951 0.05720008164644241
v 0.006635083816945553 0.04193184897303581 0.05717237666249275
v 0.00611030962318182 0.04220127314329147 0.056308142840862274
v 0.006066693924367428 0.0420876108109951 0.05720008164644241
v 0.00554902758449316 0.042306963354349136 0.05631878972053528
v 0.006066693924367428 0.0420876108109951 0.05720008164644241
v 0.00611030962318182 0.04220127314329147 0.056308142840862274
v 0.005502074025571346 0.042188648134469986 0.057218052446842194
v 0.006066693924367428 0.0420876108109951 0.05720008164644241
v 0.00554902758449316 0.042306963354349136 0.05631878972053528
v 0.0071619292721152306 0.041551847010850906 0.057983413338661194
v 0.007750882767140865 0.04144907370209694 0.0570865124464035
v 0.007199338637292385 0.0417192280292511 0.057134561240673065
v 0.0071619292721152306 0.041551847010850906 0.057983413338661194
v 0.007199338637292385 0.0417192280292511 0.057134561240673065
v 0.006635083816945553 0.04193184897303581 0.05717237666249275
v 0.00723483320325613 0.041823480278253555 0.056270092725753784
v 0.007199338637292385 0.0417192280292511 0.057134561240673065
v 0.007750882767140865 0.04144907370209694 0.0570865124464035
v 0.006674847565591335 0.04204079136252403 0.05629197880625725
v 0.007199338637292385 0.0417192280292511 0.057134561240673065
v 0.00723483320325613 0.041823480278253555 0.056270092725753784
v 0.007199338637292385 0.0417192280292511 0.057134561240673065
v 0.006674847565591335 0.04204079136252403 0.05629197880625725
v 0.006635083816945553 0.04193184897303581 0.05717237666249275
v 0.007122485898435116 0.04132184013724327 0.058817602694034576
v 0.0071619292721152306 0.041551847010850906 0.057983413338661194
v 0.006593204103410244 0.04175848513841629 0.05803639814257622
v 0.005452691577374935 0.042004235088825226 0.0580994114279747
v 0.005972458980977535 0.041664689779281616 0.05893344432115555
v 0.00602079089730978 0.041908543556928635 0.05807487294077873
v 0.0058129942044615746 0.040548328310251236 0.06138709932565689
v 0.006403273902833462 0.04042957350611687 0.06131403148174286
v 0.005868188105523586 0.04098191112279892 0.06059764698147774
v 0.0058129942044615746 0.040548328310251236 0.06138709932565689
v 0.005868188105523586 0.04098191112279892 0.06059764698147774
v 0.005288801155984402 0.041058097034692764 0.060636959969997406
v 0.004699996672570705 0.041111547499895096 0.06060399115085602
v 0.004781595431268215 0.04112175107002258 0.060580313205718994
v 0.004699996672570705 0.041590023785829544 0.05954707786440849
v 0.005229628644883633 0.04061723127961159 0.06142949312925339
v 0.004781595431268215 0.04112175107002258 0.060580313205718994
v 0.004699996672570705 0.041111547499895096 0.06060399115085602
v 0.005288801155984402 0.041058097034692764 0.060636959969997406
v 0.004781595431268215 0.04112175107002258 0.060580313205718994
v 0.005229628644883633 0.04061723127961159 0.06142949312925339
v 0.005593127571046352 0.04235737398266792 0.055411990731954575
v 0.005053243599832058 0.04236409813165665 0.056261975318193436
v 0.00554902758449316 0.042306963354349136 0.05631878972053528
v 0.005053243599832058 0.04236409813165665 0.056261975318193436
v 0.005502074025571346 0.042188648134469986 0.057218052446842194
v 0.00554902758449316 0.042306963354349136 0.05631878972053528
v 0.005593127571046352 0.04235737398266792 0.055411990731954575
v 0.004699996672570705 0.0424322634935379 0.05560275539755821
v 0.005053243599832058 0.04236409813165665 0.056261975318193436
v 0.005502074025571346 0.042188648134469986 0.057218052446842194
v 0.005053243599832058 0.04236409813165665 0.056261975318193436
v 0.004699996672570705 0.04232769459486008 0.056752339005470276
v 0.004699996672570705 0.0424322634935379 0.05560275539755821
v 0.004699996672570705 0.04232769459486008 0.056752339005470276
v 0.005053243599832058 0.04236409813165665 0.056261975318193436
v 0.008280842565000057 0.04112236574292183 0.057028405368328094
v 0.007750882767140865 0.04144907370209694 0.0570865124464035
v 0.00822386797517538 0.04075334593653679 0.05862551927566528
v 0.00822386797517538 0.04075334593653679 0.05862551927566528
v 0.008733510039746761 0.04038771241903305 0.05850198119878769
v 0.008280842565000057 0.04112236574292183 0.057028405368328094
v 0.008160552941262722 0.04014596343040466 0.060166262090206146
v 0.00822386797517538 0.04075334593653679 0.05862551927566528
v 0.00764749851077795 0.040781762450933456 0.05953248217701912
v 0.009100726805627346 0.03863178938627243 0.06111239269375801
v 0.008731699548661709 0.038930658251047134 0.06132884696125984
v 0.00914012547582388 0.022985095158219337 0.08270757645368576
v 0.009100726805627346 0.03863178938627243 0.06111239269375801
v 0.00914012547582388 0.022985095158219337 0.08270757645368576
v 0.009514383040368557 0.038296766579151154 0.06086975336074829
v 0.008681326173245907 0.039803698658943176 0.05998963862657547
v 0.008731699548661709 0.038930658251047134 0.06132884696125984
v 0.009162663482129574 0.03941381722688675 0.05978843942284584
v 0.008731699548661709 0.038930658251047134 0.06132884696125984
v 0.008681326173245907 0.039803698658943176 0.05998963862657547
v 0.008160552941262722 0.04014596343040466 0.060166262090206146
v 0.008733510039746761 0.04038771241903305 0.05850198119878769
v 0.008681326173245907 0.039803698658943176 0.05998963862657547
v 0.009162663482129574 0.03941381722688675 0.05978843942284584
v 0.00822386797517538 0.04075334593653679 0.05862551927566528
v 0.008681326173245907 0.039803698658943176 0.05998963862657547
v 0.008733510039746761 0.04038771241903305 0.05850198119878769
v 0.00822386797517538 0.04075334593653679 0.05862551927566528
v 0.008160552941262722 0.04014596343040466 0.060166262090206146
v 0.008681326173245907 0.039803698658943176 0.05998963862657547
v 0.008160552941262722 0.04014596343040466 0.060166262090206146
v 0.007569788955152035 0.04003417119383812 0.0610707551240921
v 0.007825001142919064 0.03944484889507294 0.06170124560594559
v 0.006940885446965694 0.03977874666452408 0.06194307282567024
v 0.007825001142919064 0.03944484889507294 0.06170124560594559
v 0.007569788955152035 0.04003417119383812 0.0610707551240921
v 0.007569788955152035 0.04003417119383812 0.0610707551240921
v 0.0070372214540839195 0.04067277908325195 0.060438122600317
v 0.006991988979279995 0.040258534252643585 0.06120879948139191
v 0.006821825169026852 0.039823710918426514 0.0619756355881691
v 0.007569788955152035 0.04003417119383812 0.0610707551240921
v 0.006991988979279995 0.040258534252643585 0.06120879948139191
v 0.006940885446965694 0.03977874666452408 0.06194307282567024
v 0.007569788955152035 0.04003417119383812 0.0610707551240921
v 0.006821825169026852 0.039823710918426514 0.0619756355881691
v 0.006940885446965694 0.03977874666452408 0.06194307282567024
v 0.007353699766099453 0.024001944810152054 0.0834440216422081
v 0.007825001142919064 0.03944484889507294 0.06170124560594559
v 0.006821825169026852 0.039823710918426514 0.0619756355881691
v 0.006813651882112026 0.024163303896784782 0.08356089144945145
v 0.007353699766099453 0.024001944810152054 0.0834440216422081
v 0.006821825169026852 0.039823710918426514 0.0619756355881691
v 0.007353699766099453 0.024001944810152054 0.0834440216422081
v 0.006940885446965694 0.03977874666452408 0.06194307282567024
v 0.007825001142919064 0.03944484889507294 0.06170124560594559
v 0.00808082427829504 0.039299771189689636 0.06159617751836777
v 0.008160552941262722 0.04014596343040466 0.060166262090206146
v 0.008160552941262722 0.04014596343040466 0.060166262090206146
v 0.00808082427829504 0.039299771189689636 0.06159617751836777
v 0.008618793450295925 0.038994692265987396 0.061375223100185394
v 0.009999996982514858 0.015449999831616879 0.09000000357627869
v 0.007353699766099453 0.021959926933050156 0.08571203052997589
v 0.006325594149529934 0.02221331186592579 0.08599426597356796
v -0.004699998535215855 0.029601143673062325 0.07674293220043182
v -0.005247586406767368 0.02446858212351799 0.08378198742866516
v -0.004649997688829899 0.024491405114531517 0.08379851281642914
v -0.005247586406767368 0.02446858212351799 0.08378198742866516
v -0.004649997688829899 0.023724069818854332 0.08477082848548889
v -0.004649997688829899 0.024491405114531517 0.08379851281642914
v -0.004649997688829899 0.023724069818854332 0.08477082848548889
v -0.005247586406767368 0.02446858212351799 0.08378198742866516
v -0.005247586406767368 0.02370268851518631 0.08475247025489807
v -0.004699998535215855 0.040133703500032425 0.0622001476585865
v -0.005247586406767368 0.02446858212351799 0.08378198742866516
v -0.004699998535215855 0.029601143673062325 0.07674293220043182
v -0.0057526687160134315 0.04005572944879532 0.06214367598295212
v -0.005247586406767368 0.02446858212351799 0.08378198742866516
v -0.004699998535215855 0.040133703500032425 0.0622001476585865
v -0.006325596012175083 0.023553306236863136 0.08462422341108322
v -0.0068136537447571754 0.024163303896784782 0.08356089144945145
v -0.007353701628744602 0.023265523836016655 0.08437716215848923
v -0.007353701628744602 0.024001944810152054 0.0834440216422081
v -0.007353701628744602 0.023265523836016655 0.08437716215848923
v -0.0068136537447571754 0.024163303896784782 0.08356089144945145
v -0.00703678373247385 0.04066958278417587 0.060446303337812424
v -0.007569693960249424 0.04003340005874634 0.06107279285788536
v -0.006991871632635593 0.040257737040519714 0.06121088191866875
v -0.00703678373247385 0.04066958278417587 0.060446303337812424
v -0.006991871632635593 0.040257737040519714 0.06121088191866875
v -0.006453291513025761 0.040850985795259476 0.0605400875210762
v -0.006991871632635593 0.040257737040519714 0.06121088191866875
v -0.006403149105608463 0.040428753942251205 0.061316147446632385
v -0.006453291513025761 0.040850985795259476 0.0605400875210762
v 0.006501561962068081 -0.04121297597885132 0.05973608046770096
v 0.006548038683831692 -0.04151507467031479 0.0589042566716671
v 0.007079980336129665 -0.04102214425802231 0.05965482443571091
v 0.007036781869828701 -0.04066958278417587 0.060446303337812424
v 0.006501561962068081 -0.04121297597885132 0.05973608046770096
v 0.007079980336129665 -0.04102214425802231 0.05965482443571091
v 0.007036781869828701 -0.04066958278417587 0.060446303337812424
v 0.006453297100961208 -0.04085098206996918 0.0605400875210762
v 0.006501561962068081 -0.04121297597885132 0.05973608046770096
v 0.005501634441316128 -0.04218725860118866 0.057226188480854034
v 0.005452058278024197 -0.04200148582458496 0.058110225945711136
v 0.004959165118634701 -0.04209021478891373 0.05793309956789017
v 0.006020202301442623 -0.04190586507320404 0.0580856129527092
v 0.005452058278024197 -0.04200148582458496 0.058110225945711136
v 0.005501634441316128 -0.04218725860118866 0.057226188480854034
v 0.004699996672570705 -0.041950806975364685 0.058500025421381
v 0.004959165118634701 -0.04209021478891373 0.05793309956789017
v 0.005452058278024197 -0.04200148582458496 0.058110225945711136
v 0.005548260174691677 -0.042305730283260345 0.056334175169467926
v 0.004699996672570705 -0.042388930916786194 0.05623016878962517
v 0.00509230699390173 -0.042410023510456085 0.05549677088856697
v -0.004699998535215855 -0.0424322634935379 0.05560275539755821
v 0.004699996672570705 -0.042443349957466125 0.055065494030714035
v 0.004699996672570705 -0.042388930916786194 0.05623016878962517
v 0.00509230699390173 -0.042410023510456085 0.05549677088856697
v 0.004699996672570705 -0.042388930916786194 0.05623016878962517
v 0.004699996672570705 -0.042443349957466125 0.055065494030714035
v -0.004699998535215855 -0.04232768714427948 0.056752339005470276
v -0.004699998535215855 -0.0424322634935379 0.05560275539755821
v 0.004699996672570705 -0.042388930916786194 0.05623016878962517
v 0.004699996672570705 -0.04222412407398224 0.057375792413949966
v -0.004699998535215855 -0.04232768714427948 0.056752339005470276
v 0.004699996672570705 -0.042388930916786194 0.05623016878962517
v 0.0071215545758605 -0.04131583124399185 0.05883655697107315
v 0.0076467012986540794 -0.04077533632516861 0.059549730271101
v 0.007079980336129665 -0.04102214425802231 0.05965482443571091
v 0.006548038683831692 -0.04151507467031479 0.0589042566716671
v 0.0071215545758605 -0.04131583124399185 0.05883655697107315
v 0.007079980336129665 -0.04102214425802231 0.05965482443571091
v 0.0071614449843764305 -0.041549332439899445 0.05799384042620659
v 0.0071215545758605 -0.04131583124399185 0.05883655697107315
v 0.0065926676616072655 -0.041755884885787964 0.05804700776934624
v 0.006548038683831692 -0.04151507467031479 0.0589042566716671
v 0.0065926676616072655 -0.041755884885787964 0.05804700776934624
v 0.0071215545758605 -0.04131583124399185 0.05883655697107315
v 0.0076467012986540794 -0.04077533632516861 0.059549730271101
v 0.008160225115716457 -0.0401429682970047 0.06017404422163963
v 0.007608956657350063 -0.0404333621263504 0.06032417342066765
v 0.007569692097604275 -0.04003340005874634 0.06107279285788536
v 0.007608956657350063 -0.0404333621263504 0.06032417342066765
v 0.008160225115716457 -0.0401429682970047 0.06017404422163963
v 0.007569692097604275 -0.04003340005874634 0.06107279285788536
v 0.008160225115716457 -0.0401429682970047 0.06017404422163963
v 0.007825001142919064 -0.03944484889507294 0.06170124560594559
v 0.008160225115716457 -0.0401429682970047 0.06017404422163963
v 0.008618785999715328 -0.038994692265987396 0.061375223100185394
v 0.007825001142919064 -0.03944484889507294 0.06170124560594559
v 0.008681057952344418 -0.039800822734832764 0.059997156262397766
v 0.008731699548661709 -0.038930654525756836 0.06132884696125984
v 0.008160225115716457 -0.0401429682970047 0.06017404422163963
v 0.008618785999715328 -0.038994692265987396 0.061375223100185394
v 0.008160225115716457 -0.0401429682970047 0.06017404422163963
v 0.008731699548661709 -0.038930654525756836 0.06132884696125984
v 0.0071614449843764305 -0.041549332439899445 0.05799384042620659
v 0.007750592194497585 -0.04144787788391113 0.057094160467386246
v 0.007683007977902889 -0.04105977714061737 0.058749549090862274
v 0.007683007977902889 -0.04105977714061737 0.058749549090862274
v 0.0071215545758605 -0.04131583124399185 0.05883655697107315
v 0.0071614449843764305 -0.041549332439899445 0.05799384042620659
v 0.0071215545758605 -0.04131583124399185 0.05883655697107315
v 0.007683007977902889 -0.04105977714061737 0.058749549090862274
v 0.0076467012986540794 -0.04077533632516861 0.059549730271101
v -0.005812854506075382 0.04054749011993408 0.06138923391699791
v -0.005229481495916843 0.04061637818813324 0.061431635171175
v -0.005288229323923588 0.04105466976761818 0.060645390301942825
v -0.005288229323923588 0.04105466976761818 0.060645390301942825
v -0.005229481495916843 0.04061637818813324 0.061431635171175
v -0.004736454226076603 0.040805473923683167 0.06116462126374245
v -0.004713826812803745 0.040636058896780014 0.061443768441677094
v -0.004736454226076603 0.040805473923683167 0.06116462126374245
v -0.005229481495916843 0.04061637818813324 0.061431635171175
v -0.004713826812803745 0.040636058896780014 0.061443768441677094
v -0.005229481495916843 0.04061637818813324 0.061431635171175
v -0.004699998535215855 0.040532514452934265 0.06161437928676605
v -0.0057526687160134315 0.04005572944879532 0.06214367598295212
v -0.005229481495916843 0.04061637818813324 0.061431635171175
v -0.005812854506075382 0.04054749011993408 0.06138923391699791
v -0.0057526687160134315 0.04005572944879532 0.06214367598295212
v -0.004699998535215855 0.040133703500032425 0.0622001476585865
v -0.005229481495916843 0.04061637818813324 0.061431635171175
v -0.004699998535215855 0.040532514452934265 0.06161437928676605
v -0.005229481495916843 0.04061637818813324 0.061431635171175
v -0.004699998535215855 0.040133703500032425 0.0622001476585865
v -0.005288229323923588 0.04105466976761818 0.060645390301942825
v -0.005344876088202 0.04143177717924118 0.05982925370335579
v -0.005867653526365757 0.04097855091094971 0.060606036335229874
v -0.005399511195719242 0.041747916489839554 0.05898337438702583
v -0.005344876088202 0.04143177717924118 0.05982925370335579
v -0.00489205215126276 0.04178306832909584 0.05900353938341141
v -0.005344876088202 0.04143177717924118 0.05982925370335579
v -0.004699998535215855 0.04177623987197876 0.05904536694288254
v -0.00489205215126276 0.04178306832909584 0.05900353938341141
v -0.004736454226076603 0.040805473923683167 0.06116462126374245
v -0.004699998535215855 0.04080980643630028 0.06115812063217163
v -0.004812524653971195 0.041323911398649216 0.060160767287015915
v -0.004736454226076603 0.040805473923683167 0.06116462126374245
v -0.004812524653971195 0.041323911398649216 0.060160767287015915
v -0.005288229323923588 0.04105466976761818 0.060645390301942825
v -0.005288229323923588 0.04105466976761818 0.060645390301942825
v -0.004812524653971195 0.041323911398649216 0.060160767287015915
v -0.005344876088202 0.04143177717924118 0.05982925370335579
v -0.005344876088202 0.04143177717924118 0.05982925370335579
v -0.004812524653971195 0.041323911398649216 0.060160767287015915
v -0.004699998535215855 0.04177623987197876 0.05904536694288254
v 0.0070372214540839195 0.04067277908325195 0.060438122600317
v 0.007080896757543087 0.04102877527475357 0.05963719263672829
v 0.0065025826916098595 0.041219793260097504 0.059718165546655655
v 0.007122485898435116 0.04132184013724327 0.058817602694034576
v 0.007080896757543087 0.04102877527475357 0.05963719263672829
v 0.00764749851077795 0.040781762450933456 0.05953248217701912
v 0.006991988979279995 0.040258534252643585 0.06120879948139191
v 0.006453781388700008 0.04085427150130272 0.060531776398420334
v 0.006403273902833462 0.04042957350611687 0.06131403148174286
v 0.0070372214540839195 0.04067277908325195 0.060438122600317
v 0.006453781388700008 0.04085427150130272 0.060531776398420334
v 0.006991988979279995 0.040258534252643585 0.06120879948139191
v 0.005868188105523586 0.04098191112279892 0.06059764698147774
v 0.006403273902833462 0.04042957350611687 0.06131403148174286
v 0.006453781388700008 0.04085427150130272 0.060531776398420334
v 0.0065025826916098595 0.041219793260097504 0.059718165546655655
v 0.006453781388700008 0.04085427150130272 0.060531776398420334
v 0.0070372214540839195 0.04067277908325195 0.060438122600317
v 0.006549081765115261 0.041521262377500534 0.05888498201966286
v 0.005972458980977535 0.041664689779281616 0.05893344432115555
v 0.0065025826916098595 0.041219793260097504 0.059718165546655655
v 0.007080896757543087 0.04102877527475357 0.05963719263672829
v 0.006549081765115261 0.041521262377500534 0.05888498201966286
v 0.0065025826916098595 0.041219793260097504 0.059718165546655655
v 0.006549081765115261 0.041521262377500534 0.05888498201966286
v 0.007080896757543087 0.04102877527475357 0.05963719263672829
v 0.007122485898435116 0.04132184013724327 0.058817602694034576
v 0.006593204103410244 0.04175848513841629 0.05803639814257622
v 0.006549081765115261 0.041521262377500534 0.05888498201966286
v 0.007122485898435116 0.04132184013724327 0.058817602694034576
v 0.00602079089730978 0.041908543556928635 0.05807487294077873
v 0.006549081765115261 0.041521262377500534 0.05888498201966286
v 0.006593204103410244 0.04175848513841629 0.05803639814257622
v 0.005972458980977535 0.041664689779281616 0.05893344432115555
v 0.006549081765115261 0.041521262377500534 0.05888498201966286
v 0.00602079089730978 0.041908543556928635 0.05807487294077873
v 0.005288801155984402 0.041058097034692764 0.060636959969997406
v 0.005346073769032955 0.04143890365958214 0.05981104448437691
v 0.004781595431268215 0.04112175107002258 0.060580313205718994
v 0.005868188105523586 0.04098191112279892 0.06059764698147774
v 0.005346073769032955 0.04143890365958214 0.05981104448437691
v 0.005288801155984402 0.041058097034692764 0.060636959969997406
v 0.0071619292721152306 0.041551847010850906 0.057983413338661194
v 0.007683820091187954 0.04106558859348297 0.058731019496917725
v 0.007750882767140865 0.04144907370209694 0.0570865124464035
v 0.00822386797517538 0.04075334593653679 0.05862551927566528
v 0.007750882767140865 0.04144907370209694 0.0570865124464035
v 0.007683820091187954 0.04106558859348297 0.058731019496917725
v 0.007122485898435116 0.04132184013724327 0.058817602694034576
v 0.007683820091187954 0.04106558859348297 0.058731019496917725
v 0.0071619292721152306 0.041551847010850906 0.057983413338661194
v 0.007122485898435116 0.04132184013724327 0.058817602694034576
v 0.00764749851077795 0.040781762450933456 0.05953248217701912
v 0.007683820091187954 0.04106558859348297 0.058731019496917725
v 0.00822386797517538 0.04075334593653679 0.05862551927566528
v 0.007683820091187954 0.04106558859348297 0.058731019496917725
v 0.00764749851077795 0.040781762450933456 0.05953248217701912
v 0.008618793450295925 0.038994692265987396 0.061375223100185394
v 0.00830127950757742 0.023556174710392952 0.0831211730837822
v 0.008731699548661709 0.038930658251047134 0.06132884696125984
v 0.00808082427829504 0.039299771189689636 0.06159617751836777
v 0.00830127950757742 0.023556174710392952 0.0831211730837822
v 0.008618793450295925 0.038994692265987396 0.061375223100185394
v 0.00808082427829504 0.039299771189689636 0.06159617751836777
v 0.007825001142919064 0.03944484889507294 0.06170124560594559
v 0.00830127950757742 0.023556174710392952 0.0831211730837822
v 0.009514383040368557 0.038296766579151154 0.06086975336074829
v 0.009496255777776241 0.022641969844698906 0.08245906978845596
v 0.00984524842351675 0.022305713966488838 0.08221553266048431
v 0.00914012547582388 0.022985095158219337 0.08270757645368576
v 0.009496255777776241 0.022641969844698906 0.08245906978845596
v 0.009514383040368557 0.038296766579151154 0.06086975336074829
v 0.009496255777776241 0.022641969844698906 0.08245906978845596
v 0.00984524842351675 0.021676434203982353 0.08301291614770889
v 0.00984524842351675 0.022305713966488838 0.08221553266048431
v 0.00984524842351675 0.021676434203982353 0.08301291614770889
v 0.00914012547582388 0.02231290191411972 0.08355932682752609
v 0.009999996982514858 0.015449999831616879 0.09000000357627869
v 0.00830127950757742 0.022847911342978477 0.08401863276958466
v 0.009999996982514858 0.015449999831616879 0.09000000357627869
v 0.00914012547582388 0.02231290191411972 0.08355932682752609
v 0.009496255777776241 0.022641969844698906 0.08245906978845596
v 0.00914012547582388 0.02231290191411972 0.08355932682752609
v 0.00984524842351675 0.021676434203982353 0.08301291614770889
v 0.009496255777776241 0.022641969844698906 0.08245906978845596
v 0.00914012547582388 0.022985095158219337 0.08270757645368576
v 0.00914012547582388 0.02231290191411972 0.08355932682752609
v 0.008160552941262722 0.04014596343040466 0.060166262090206146
v 0.00764749851077795 0.040781762450933456 0.05953248217701912
v 0.0076093366369605064 0.04043646156787872 0.060316167771816254
v 0.007569788955152035 0.04003417119383812 0.0610707551240921
v 0.008160552941262722 0.04014596343040466 0.060166262090206146
v 0.0076093366369605064 0.04043646156787872 0.060316167771816254
v 0.007569788955152035 0.04003417119383812 0.0610707551240921
v 0.0076093366369605064 0.04043646156787872 0.060316167771816254
v 0.0070372214540839195 0.04067277908325195 0.060438122600317
v 0.007080896757543087 0.04102877527475357 0.05963719263672829
v 0.0076093366369605064 0.04043646156787872 0.060316167771816254
v 0.00764749851077795 0.040781762450933456 0.05953248217701912
v 0.0070372214540839195 0.04067277908325195 0.060438122600317
v 0.0076093366369605064 0.04043646156787872 0.060316167771816254
v 0.007080896757543087 0.04102877527475357 0.05963719263672829
v 0.006325594149529934 0.023553306236863136 0.08462422341108322
v 0.007353699766099453 0.023265523836016655 0.08437716215848923
v 0.006813651882112026 0.024163303896784782 0.08356089144945145
v 0.007353699766099453 0.024001944810152054 0.0834440216422081
v 0.006813651882112026 0.024163303896784782 0.08356089144945145
v 0.007353699766099453 0.023265523836016655 0.08437716215848923
v 0.006325594149529934 0.023553306236863136 0.08462422341108322
v 0.006325594149529934 0.02221331186592579 0.08599426597356796
v 0.007353699766099453 0.023265523836016655 0.08437716215848923
v 0.007353699766099453 0.021959926933050156 0.08571203052997589
v 0.007353699766099453 0.023265523836016655 0.08437716215848923
v 0.006325594149529934 0.02221331186592579 0.08599426597356796
v 0.00830127950757742 0.022847911342978477 0.08401863276958466
v 0.00830127950757742 0.02159223146736622 0.08530247211456299
v 0.009999996982514858 0.015449999831616879 0.09000000357627869
v 0.009999996982514858 0.015449999831616879 0.09000000357627869
v 0.00830127950757742 0.02159223146736622 0.08530247211456299
v 0.007353699766099453 0.021959926933050156 0.08571203052997589
v 0.007353699766099453 0.023265523836016655 0.08437716215848923
v 0.00830127950757742 0.02159223146736622 0.08530247211456299
v 0.00830127950757742 0.022847911342978477 0.08401863276958466
v 0.007353699766099453 0.021959926933050156 0.08571203052997589
v 0.00830127950757742 0.02159223146736622 0.08530247211456299
v 0.007353699766099453 0.023265523836016655 0.08437716215848923
v -0.005247586406767368 0.02370268851518631 0.08475247025489807
v -0.006325596012175083 0.024309128522872925 0.08366650342941284
v -0.006325596012175083 0.023553306236863136 0.08462422341108322
v -0.005247586406767368 0.02446858212351799 0.08378198742866516
v -0.006325596012175083 0.024309128522872925 0.08366650342941284
v -0.005247586406767368 0.02370268851518631 0.08475247025489807
v -0.005247586406767368 0.02446858212351799 0.08378198742866516
v -0.0057526687160134315 0.04005572944879532 0.06214367598295212
v -0.006325596012175083 0.024309128522872925 0.08366650342941284
v -0.006325596012175083 0.023553306236863136 0.08462422341108322
v -0.006325596012175083 0.024309128522872925 0.08366650342941284
v -0.0068136537447571754 0.024163303896784782 0.08356089144945145
v -0.007353701628744602 0.024001944810152054 0.0834440216422081
v -0.006821827031672001 0.039823710918426514 0.0619756355881691
v -0.006940887309610844 0.03977874666452408 0.06194307282567024
v -0.0068136537447571754 0.024163303896784782 0.08356089144945145
v -0.006821827031672001 0.039823710918426514 0.0619756355881691
v -0.007353701628744602 0.024001944810152054 0.0834440216422081
v -0.006325596012175083 0.024309128522872925 0.08366650342941284
v -0.006821827031672001 0.039823710918426514 0.0619756355881691
v -0.0068136537447571754 0.024163303896784782 0.08356089144945145
v -0.006991871632635593 0.040257737040519714 0.06121088191866875
v -0.006821827031672001 0.039823710918426514 0.0619756355881691
v -0.006403149105608463 0.040428753942251205 0.061316147446632385
v -0.006940887309610844 0.03977874666452408 0.06194307282567024
v -0.006821827031672001 0.039823710918426514 0.0619756355881691
v -0.007569693960249424 0.04003340005874634 0.06107279285788536
v -0.006991871632635593 0.040257737040519714 0.06121088191866875
v -0.007569693960249424 0.04003340005874634 0.06107279285788536
v -0.006821827031672001 0.039823710918426514 0.0619756355881691
v 0.00534487422555685 -0.04143177717924118 0.05982925370335579
v 0.005867651663720608 -0.04097855091094971 0.060606036335229874
v 0.005288227461278439 -0.04105466604232788 0.060645390301942825
v 0.004812530241906643 -0.04132390767335892 0.060160767287015915
v 0.00534487422555685 -0.04143177717924118 0.05982925370335579
v 0.005288227461278439 -0.04105466604232788 0.060645390301942825
v 0.004699996672570705 -0.04177623987197876 0.05904536694288254
v 0.00534487422555685 -0.04143177717924118 0.05982925370335579
v 0.004812530241906643 -0.04132390767335892 0.060160767287015915
v 0.005548260174691677 -0.042305730283260345 0.056334175169467926
v 0.005501634441316128 -0.04218725860118866 0.057226188480854034
v 0.0050308844074606895 -0.04231821000576019 0.056679826229810715
v 0.0050308844074606895 -0.04231821000576019 0.056679826229810715
v 0.004699996672570705 -0.042388930916786194 0.05623016878962517
v 0.005548260174691677 -0.042305730283260345 0.056334175169467926
v 0.004699996672570705 -0.04222412407398224 0.057375792413949966
v 0.0050308844074606895 -0.04231821000576019 0.056679826229810715
v 0.005501634441316128 -0.04218725860118866 0.057226188480854034
v 0.004699996672570705 -0.042388930916786194 0.05623016878962517
v 0.0050308844074606895 -0.04231821000576019 0.056679826229810715
v 0.004699996672570705 -0.04222412407398224 0.057375792413949966
v 0.007683007977902889 -0.04105977714061737 0.058749549090862274
v 0.007750592194497585 -0.04144787788391113 0.057094160467386246
v 0.008223182521760464 -0.040747739374637604 0.05864352360367775
v 0.008160225115716457 -0.0401429682970047 0.06017404422163963
v 0.008223182521760464 -0.040747739374637604 0.05864352360367775
v 0.008681057952344418 -0.039800822734832764 0.059997156262397766
v 0.008223182521760464 -0.040747739374637604 0.05864352360367775
v 0.008160225115716457 -0.0401429682970047 0.06017404422163963
v 0.0076467012986540794 -0.04077533632516861 0.059549730271101
v 0.007683007977902889 -0.04105977714061737 0.058749549090862274
v 0.008223182521760464 -0.040747739374637604 0.05864352360367775
v 0.0076467012986540794 -0.04077533632516861 0.059549730271101
v -0.005399511195719242 0.041747916489839554 0.05898337438702583
v -0.005971320904791355 0.04165834188461304 0.0589529387652874
v -0.005920440889894962 0.041348736733198166 0.05979389324784279
v -0.005344876088202 0.04143177717924118 0.05982925370335579
v -0.005399511195719242 0.041747916489839554 0.05898337438702583
v -0.005920440889894962 0.041348736733198166 0.05979389324784279
v -0.005971320904791355 0.04165834188461304 0.0589529387652874
v -0.00650156382471323 0.04121297597885132 0.05973608046770096
v -0.005920440889894962 0.041348736733198166 0.05979389324784279
v -0.005344876088202 0.04143177717924118 0.05982925370335579
v -0.005920440889894962 0.041348736733198166 0.05979389324784279
v -0.005867653526365757 0.04097855091094971 0.060606036335229874
v -0.006453291513025761 0.040850985795259476 0.0605400875210762
v -0.005920440889894962 0.041348736733198166 0.05979389324784279
v -0.00650156382471323 0.04121297597885132 0.05973608046770096
v -0.005867653526365757 0.04097855091094971 0.060606036335229874
v -0.005920440889894962 0.041348736733198166 0.05979389324784279
v -0.006453291513025761 0.040850985795259476 0.0605400875210762
v 0.004699996672570705 0.041590023785829544 0.05954707786440849
v -0.004699998535215855 0.041342929005622864 0.060126177966594696
v 0.004699996672570705 0.041111547499895096 0.06060399115085602
v -0.004699998535215855 0.04177623987197876 0.05904536694288254
v -0.004699998535215855 0.041342929005622864 0.060126177966594696
v 0.004699996672570705 0.041590023785829544 0.05954707786440849
v -0.004812524653971195 0.041323911398649216 0.060160767287015915
v -0.004699998535215855 0.041342929005622864 0.060126177966594696
v -0.004699998535215855 0.04177623987197876 0.05904536694288254
v 0.005346073769032955 0.04143890365958214 0.05981104448437691
v 0.004809184931218624 0.04129454120993614 0.0601961724460125
v 0.004781595431268215 0.04112175107002258 0.060580313205718994
v 0.004781595431268215 0.04112175107002258 0.060580313205718994
v 0.004809184931218624 0.04129454120993614 0.0601961724460125
v 0.004699996672570705 0.041590023785829544 0.05954707786440849
v 0.005972458980977535 0.041664689779281616 0.05893344432115555
v 0.005921564064919949 0.041355717927217484 0.059775784611701965
v 0.0065025826916098595 0.041219793260097504 0.059718165546655655
v 0.005346073769032955 0.04143890365958214 0.05981104448437691
v 0.005868188105523586 0.04098191112279892 0.06059764698147774
v 0.005921564064919949 0.041355717927217484 0.059775784611701965
v 0.005921564064919949 0.041355717927217484 0.059775784611701965
v 0.006453781388700008 0.04085427150130272 0.060531776398420334
v 0.0065025826916098595 0.041219793260097504 0.059718165546655655
v 0.006453781388700008 0.04085427150130272 0.060531776398420334
v 0.005921564064919949 0.041355717927217484 0.059775784611701965
v 0.005868188105523586 0.04098191112279892 0.06059764698147774
v 0.004699996672570705 0.04178895056247711 0.05900847166776657
v 0.005400738678872585 0.04175440967082977 0.05896375700831413
v 0.0049194758757948875 0.041918445378541946 0.0585767887532711
v 0.005400738678872585 0.04175440967082977 0.05896375700831413
v 0.005452691577374935 0.042004235088825226 0.0580994114279747
v 0.0049194758757948875 0.041918445378541946 0.0585767887532711
v 0.005452691577374935 0.042004235088825226 0.0580994114279747
v 0.005400738678872585 0.04175440967082977 0.05896375700831413
v 0.005972458980977535 0.041664689779281616 0.05893344432115555
v 0.005400738678872585 0.04175440967082977 0.05896375700831413
v 0.005921564064919949 0.041355717927217484 0.059775784611701965
v 0.005972458980977535 0.041664689779281616 0.05893344432115555
v 0.005921564064919949 0.041355717927217484 0.059775784611701965
v 0.005400738678872585 0.04175440967082977 0.05896375700831413
v 0.005346073769032955 0.04143890365958214 0.05981104448437691
v 0.00830127950757742 0.022847911342978477 0.08401863276958466
v 0.008716463111341 0.023273522034287453 0.08291646838188171
v 0.00830127950757742 0.023556174710392952 0.0831211730837822
v 0.00914012547582388 0.02231290191411972 0.08355932682752609
v 0.008716463111341 0.023273522034287453 0.08291646838188171
v 0.00830127950757742 0.022847911342978477 0.08401863276958466
v 0.00914012547582388 0.02231290191411972 0.08355932682752609
v 0.00914012547582388 0.022985095158219337 0.08270757645368576
v 0.008716463111341 0.023273522034287453 0.08291646838188171
v 0.00914012547582388 0.022985095158219337 0.08270757645368576
v 0.008731699548661709 0.038930658251047134 0.06132884696125984
v 0.008716463111341 0.023273522034287453 0.08291646838188171
v 0.00830127950757742 0.023556174710392952 0.0831211730837822
v 0.008716463111341 0.023273522034287453 0.08291646838188171
v 0.008731699548661709 0.038930658251047134 0.06132884696125984
v 0.007353699766099453 0.023265523836016655 0.08437716215848923
v 0.00781311746686697 0.023785822093486786 0.08328749984502792
v 0.007353699766099453 0.024001944810152054 0.0834440216422081
v 0.007353699766099453 0.024001944810152054 0.0834440216422081
v 0.00781311746686697 0.023785822093486786 0.08328749984502792
v 0.007825001142919064 0.03944484889507294 0.06170124560594559
v 0.00830127950757742 0.023556174710392952 0.0831211730837822
v 0.007825001142919064 0.03944484889507294 0.06170124560594559
v 0.00781311746686697 0.023785822093486786 0.08328749984502792
v 0.00830127950757742 0.023556174710392952 0.0831211730837822
v 0.00781311746686697 0.023785822093486786 0.08328749984502792
v 0.00830127950757742 0.022847911342978477 0.08401863276958466
v 0.00781311746686697 0.023785822093486786 0.08328749984502792
v 0.007353699766099453 0.023265523836016655 0.08437716215848923
v 0.00830127950757742 0.022847911342978477 0.08401863276958466
v -0.006325596012175083 0.024309128522872925 0.08366650342941284
v -0.0057526687160134315 0.04005572944879532 0.06214367598295212
v -0.006344855763018131 0.03992721810936928 0.062050603330135345
v -0.006344855763018131 0.03992721810936928 0.062050603330135345
v -0.006821827031672001 0.039823710918426514 0.0619756355881691
v -0.006325596012175083 0.024309128522872925 0.08366650342941284
v -0.006403149105608463 0.040428753942251205 0.061316147446632385
v -0.006344855763018131 0.03992721810936928 0.062050603330135345
v -0.0057526687160134315 0.04005572944879532 0.06214367598295212
v -0.006821827031672001 0.039823710918426514 0.0619756355881691
v -0.006344855763018131 0.03992721810936928 0.062050603330135345
v -0.006403149105608463 0.040428753942251205 0.061316147446632385
v 0.004892057739198208 -0.04178306460380554 0.05900353938341141
v 0.00534487422555685 -0.04143177717924118 0.05982925370335579
v 0.004699996672570705 -0.04177623987197876 0.05904536694288254
v 0.006020202301442623 -0.04190586507320404 0.0580856129527092
v 0.005971319042146206 -0.04165834188461304 0.0589529387652874
v 0.005452058278024197 -0.04200148582458496 0.058110225945711136
v 0.006548038683831692 -0.04151507467031479 0.0589042566716671
v 0.005971319042146206 -0.04165834188461304 0.0589529387652874
v 0.006020202301442623 -0.04190586507320404 0.0580856129527092
v 0.006501561962068081 -0.04121297597885132 0.05973608046770096
v 0.005971319042146206 -0.04165834188461304 0.0589529387652874
v 0.006548038683831692 -0.04151507467031479 0.0589042566716671
v 0.008223182521760464 -0.040747739374637604 0.05864352360367775
v 0.007750592194497585 -0.04144787788391113 0.057094160467386246
v 0.008280589245259762 -0.041121214628219604 0.05703582614660263
v 0.00878023263067007 -0.04074074327945709 0.05696788802742958
v 0.008280589245259762 -0.041121214628219604 0.05703582614660263
v 0.00833116378635168 -0.04125174880027771 0.05540498346090317
v 0.007810159586369991 -0.04158531129360199 0.05541379004716873
v 0.00833116378635168 -0.04125174880027771 0.05540498346090317
v 0.008280589245259762 -0.041121214628219604 0.05703582614660263
v 0.007750592194497585 -0.04144787788391113 0.057094160467386246
v 0.007810159586369991 -0.04158531129360199 0.05541379004716873
v 0.008280589245259762 -0.041121214628219604 0.05703582614660263
v 0.008223182521760464 -0.040747739374637604 0.05864352360367775
v 0.008732936345040798 -0.040382325649261475 0.058519359678030014
v 0.008681057952344418 -0.039800822734832764 0.059997156262397766
v 0.008681057952344418 -0.039800822734832764 0.059997156262397766
v 0.008732936345040798 -0.040382325649261475 0.058519359678030014
v 0.00916245486587286 -0.03941106051206589 0.05979565158486366
v 0.00920370128005743 -0.039967894554138184 0.058378539979457855
v 0.00916245486587286 -0.03941106051206589 0.05979565158486366
v 0.008732936345040798 -0.040382325649261475 0.058519359678030014
v 0.00920370128005743 -0.039967894554138184 0.058378539979457855
v 0.008732936345040798 -0.040382325649261475 0.058519359678030014
v 0.00878023263067007 -0.04074074327945709 0.05696788802742958
v 0.008280589245259762 -0.041121214628219604 0.05703582614660263
v 0.00878023263067007 -0.04074074327945709 0.05696788802742958
v 0.008732936345040798 -0.040382325649261475 0.058519359678030014
v 0.008280589245259762 -0.041121214628219604 0.05703582614660263
v 0.008732936345040798 -0.040382325649261475 0.058519359678030014
v 0.008223182521760464 -0.040747739374637604 0.05864352360367775
v -0.004812524653971195 0.041323911398649216 0.060160767287015915
v -0.004699998535215855 0.04080980643630028 0.06115812063217163
v -0.004699998535215855 0.04131033271551132 0.060189276933670044
v -0.004699998535215855 0.04131033271551132 0.060189276933670044
v -0.004699998535215855 0.041342929005622864 0.060126177966594696
v -0.004812524653971195 0.041323911398649216 0.060160767287015915
v -0.004699998535215855 0.04080980643630028 0.06115812063217163
v 0.004699996672570705 0.041111547499895096 0.06060399115085602
v -0.004699998535215855 0.04131033271551132 0.060189276933670044
v -0.004699998535215855 0.041342929005622864 0.060126177966594696
v -0.004699998535215855 0.04131033271551132 0.060189276933670044
v 0.004699996672570705 0.041111547499895096 0.06060399115085602
v 0.004809184931218624 0.04129454120993614 0.0601961724460125
v 0.004853478632867336 0.041571877896785736 0.05957959592342377
v 0.004699996672570705 0.041590023785829544 0.05954707786440849
v 0.004809184931218624 0.04129454120993614 0.0601961724460125
v 0.005346073769032955 0.04143890365958214 0.05981104448437691
v 0.004853478632867336 0.041571877896785736 0.05957959592342377
v 0.005400738678872585 0.04175440967082977 0.05896375700831413
v 0.004853478632867336 0.041571877896785736 0.05957959592342377
v 0.005346073769032955 0.04143890365958214 0.05981104448437691
v 0.004699996672570705 0.04178895056247711 0.05900847166776657
v 0.004699996672570705 0.041590023785829544 0.05954707786440849
v 0.004853478632867336 0.041571877896785736 0.05957959592342377
v 0.004853478632867336 0.041571877896785736 0.05957959592342377
v 0.005400738678872585 0.04175440967082977 0.05896375700831413
v 0.004699996672570705 0.04178895056247711 0.05900847166776657
v 0.004892057739198208 -0.04178306460380554 0.05900353938341141
v 0.004699996672570705 -0.04193331301212311 0.05855468288064003
v 0.004699996672570705 -0.041950806975364685 0.058500025421381
v 0.004892057739198208 -0.04178306460380554 0.05900353938341141
v 0.004699996672570705 -0.04177623987197876 0.05904536694288254
v 0.004699996672570705 -0.04193331301212311 0.05855468288064003
v 0.004699996672570705 -0.041950806975364685 0.058500025421381
v 0.004699996672570705 -0.04193331301212311 0.05855468288064003
v -0.004699998535215855 -0.04178895056247711 0.05900847166776657
v 0.004699996672570705 -0.04177623987197876 0.05904536694288254
v -0.004699998535215855 -0.04178895056247711 0.05900847166776657
v 0.004699996672570705 -0.04193331301212311 0.05855468288064003
v 0.005971319042146206 -0.04165834188461304 0.0589529387652874
v 0.00539951678365469 -0.041747912764549255 0.05898337438702583
v 0.005452058278024197 -0.04200148582458496 0.058110225945711136
v 0.005452058278024197 -0.04200148582458496 0.058110225945711136
v 0.00539951678365469 -0.041747912764549255 0.05898337438702583
v 0.004699996672570705 -0.041950806975364685 0.058500025421381
v 0.004892057739198208 -0.04178306460380554 0.05900353938341141
v 0.004699996672570705 -0.041950806975364685 0.058500025421381
v 0.00539951678365469 -0.041747912764549255 0.05898337438702583
v 0.004892057739198208 -0.04178306460380554 0.05900353938341141
v 0.00539951678365469 -0.041747912764549255 0.05898337438702583
v 0.00534487422555685 -0.04143177717924118 0.05982925370335579
v 0.005971319042146206 -0.04165834188461304 0.0589529387652874
v 0.006501561962068081 -0.04121297597885132 0.05973608046770096
v 0.00592044647783041 -0.04134873300790787 0.05979389324784279
v 0.00534487422555685 -0.04143177717924118 0.05982925370335579
v 0.00592044647783041 -0.04134873300790787 0.05979389324784279
v 0.005867651663720608 -0.04097855091094971 0.060606036335229874
v 0.00539951678365469 -0.041747912764549255 0.05898337438702583
v 0.00592044647783041 -0.04134873300790787 0.05979389324784279
v 0.00534487422555685 -0.04143177717924118 0.05982925370335579
v 0.00592044647783041 -0.04134873300790787 0.05979389324784279
v 0.00539951678365469 -0.041747912764549255 0.05898337438702583
v 0.005971319042146206 -0.04165834188461304 0.0589529387652874
v 0.006453297100961208 -0.04085098206996918 0.0605400875210762
v 0.005867651663720608 -0.04097855091094971 0.060606036335229874
v 0.00592044647783041 -0.04134873300790787 0.05979389324784279
v 0.006501561962068081 -0.04121297597885132 0.05973608046770096
v 0.006453297100961208 -0.04085098206996918 0.0605400875210762
v 0.00592044647783041 -0.04134873300790787 0.05979389324784279
v -0.009999998845160007 -0.015449998900294304 0.09000000357627869
v 0.009999996982514858 0.015449999831616879 0.09000000357627869
v -0.009999998845160007 0.015449999831616879 0.09000000357627869
v 0.009999996982514858 -0.015449998900294304 0.09000000357627869
v 0.009999996982514858 0.015449999831616879 0.09000000357627869
v -0.009999998845160007 -0.015449998900294304 0.09000000357627869
v 0.009999996982514858 -0.015449998900294304 0.09000000357627869
v -0.009999998845160007 -0.015449998900294304 0.09000000357627869
v 0.0046500032767653465 -0.01916280947625637 0.08835997432470322
v -0.004649997688829899 -0.01916280947625637 0.08835997432470322
v 0.0046500032767653465 -0.01916280947625637 0.08835997432470322
v -0.009999998845160007 -0.015449998900294304 0.09000000357627869
v 0.0046500032767653465 -0.01916280947625637 0.08835997432470322
v -0.004649997688829899 -0.01916280947625637 0.08835997432470322
v 0.0046500032767653465 -0.0208346676081419 0.08736486732959747
v -0.004649997688829899 -0.0208346676081419 0.08736486732959747
v 0.0046500032767653465 -0.0208346676081419 0.08736486732959747
v -0.004649997688829899 -0.01916280947625637 0.08835997432470322
v 0.0019696124363690615 -0.030847297981381416 -0.0027397775556892157
v 0.001879385905340314 -0.031184041872620583 -0.0027397775556892157
v -0.0006840385613031685 -0.032379381358623505 -0.0027397775556892157
v -0.0019696138333529234 -0.030847297981381416 -0.0027397775556892157
v -0.0006840385613031685 -0.032379381358623505 -0.0027397775556892157
v -0.0018793873023241758 -0.031184041872620583 -0.0027397775556892157
v 0.0019696124363690615 -0.030152702704072 -0.0027397775556892157
v -0.0006840385613031685 -0.032379381358623505 -0.0027397775556892157
v 0.001879385905340314 -0.029815958812832832 -0.0027397775556892157
v 0.0015320919919759035 -0.031785570085048676 -0.0027397775556892157
v 0.0012855746317654848 -0.032032087445259094 -0.0027397775556892157
v -0.0006840385613031685 -0.032379381358623505 -0.0027397775556892157
v 0.0019696124363690615 -0.030847297981381416 -0.0027397775556892157
v -0.0006840385613031685 -0.032379381358623505 -0.0027397775556892157
v 0.0020000033546239138 -0.030500000342726707 -0.0027397775556892157
v -0.0006840385613031685 -0.032379381358623505 -0.0027397775556892157
v -0.0015320859383791685 -0.031785570085048676 -0.0027397775556892157
v -0.0017320520710200071 -0.03149999678134918 -0.0027397775556892157
v -0.0012855760287493467 -0.02896791137754917 -0.0027397775556892157
v -0.0010000027250498533 -0.02876794897019863 -0.0027397775556892157
v -0.0006840385613031685 -0.032379381358623505 -0.0027397775556892157
v 0.0017320506740361452 -0.029499998316168785 -0.0027397775556892157
v 0.001879385905340314 -0.029815958812832832 -0.0027397775556892157
v -0.0006840385613031685 -0.032379381358623505 -0.0027397775556892157
v 0.0012855746317654848 -0.02896791137754917 -0.0027397775556892157
v -0.0006840385613031685 -0.032379381358623505 -0.0027397775556892157
v 0.0010000013280659914 -0.02876794897019863 -0.0027397775556892157
v 0.0012855746317654848 -0.032032087445259094 -0.0027397775556892157
v 0.0010000013280659914 -0.032232046127319336 -0.0027397775556892157
v -0.0006840385613031685 -0.032379381358623505 -0.0027397775556892157
v -0.0019999973010271788 -0.030500000342726707 -0.0027397775556892157
v -0.0019696138333529234 -0.030152702704072 -0.0027397775556892157
v -0.0006840385613031685 -0.032379381358623505 -0.0027397775556892157
v -7.421311898347938e-10 -0.032499998807907104 -0.0027397775556892157
v -0.0006840385613031685 -0.032379381358623505 -0.0027397775556892157
v 0.000347293185768649 -0.03246961534023285 -0.0027397775556892157
v 0.0019696124363690615 -0.030152702704072 -0.0027397775556892157
v 0.0020000033546239138 -0.030500000342726707 -0.0027397775556892157
v -0.0006840385613031685 -0.032379381358623505 -0.0027397775556892157
v 0.0012855746317654848 -0.02896791137754917 -0.0027397775556892157
v 0.0015320919919759035 -0.02921442501246929 -0.0027397775556892157
v -0.0006840385613031685 -0.032379381358623505 -0.0027397775556892157
v -0.0018793873023241758 -0.029815958812832832 -0.0027397775556892157
v -0.0017320520710200071 -0.029499998316168785 -0.0027397775556892157
v -0.0006840385613031685 -0.032379381358623505 -0.0027397775556892157
v -0.0015320859383791685 -0.031785570085048676 -0.0027397775556892157
v -0.0006840385613031685 -0.032379381358623505 -0.0027397775556892157
v -0.0012855760287493467 -0.032032087445259094 -0.0027397775556892157
v -0.0018793873023241758 -0.031184041872620583 -0.0027397775556892157
v -0.0006840385613031685 -0.032379381358623505 -0.0027397775556892157
v -0.0017320520710200071 -0.03149999678134918 -0.0027397775556892157
v -0.0010000027250498533 -0.02876794897019863 -0.0027397775556892157
v -0.0006840385613031685 -0.028620613738894463 -0.0027397775556892157
v -0.0006840385613031685 -0.032379381358623505 -0.0027397775556892157
v 0.0017320506740361452 -0.029499998316168785 -0.0027397775556892157
v -0.0006840385613031685 -0.032379381358623505 -0.0027397775556892157
v 0.0015320919919759035 -0.02921442501246929 -0.0027397775556892157
v -0.0017320520710200071 -0.029499998316168785 -0.0027397775556892157
v -0.0015320859383791685 -0.02921442501246929 -0.0027397775556892157
v -0.0006840385613031685 -0.032379381358623505 -0.0027397775556892157
v 0.0006840370479039848 -0.028620613738894463 -0.0027397775556892157
v -0.0006840385613031685 -0.032379381358623505 -0.0027397775556892157
v 0.000347293185768649 -0.028530383482575417 -0.0027397775556892157
v 0.0017320506740361452 -0.03149999678134918 -0.0027397775556892157
v 0.0015320919919759035 -0.031785570085048676 -0.0027397775556892157
v -0.0006840385613031685 -0.032379381358623505 -0.0027397775556892157
v -0.0019696138333529234 -0.030847297981381416 -0.0027397775556892157
v -0.0019999973010271788 -0.030500000342726707 -0.0027397775556892157
v -0.0006840385613031685 -0.032379381358623505 -0.0027397775556892157
v -0.0012855760287493467 -0.02896791137754917 -0.0027397775556892157
v -0.0006840385613031685 -0.032379381358623505 -0.0027397775556892157
v -0.0015320859383791685 -0.02921442501246929 -0.0027397775556892157
v 0.0006840370479039848 -0.032379381358623505 -0.0027397775556892157
v 0.000347293185768649 -0.03246961534023285 -0.0027397775556892157
v -0.0006840385613031685 -0.032379381358623505 -0.0027397775556892157
v -0.0003472946409601718 -0.028530383482575417 -0.0027397775556892157
v -0.0006840385613031685 -0.032379381358623505 -0.0027397775556892157
v -0.0006840385613031685 -0.028620613738894463 -0.0027397775556892157
v -7.421311898347938e-10 -0.02850000001490116 -0.0027397775556892157
v -0.0006840385613031685 -0.032379381358623505 -0.0027397775556892157
v -0.0003472946409601718 -0.028530383482575417 -0.0027397775556892157
v -0.0010000027250498533 -0.032232046127319336 -0.0027397775556892157
v -0.0012855760287493467 -0.032032087445259094 -0.0027397775556892157
v -0.0006840385613031685 -0.032379381358623505 -0.0027397775556892157
v -7.421311898347938e-10 -0.032499998807907104 -0.0027397775556892157
v -0.0003472946409601718 -0.03246961534023285 -0.0027397775556892157
v -0.0006840385613031685 -0.032379381358623505 -0.0027397775556892157
v 0.0006840370479039848 -0.032379381358623505 -0.0027397775556892157
v -0.0006840385613031685 -0.032379381358623505 -0.0027397775556892157
v 0.0010000013280659914 -0.032232046127319336 -0.0027397775556892157
v -0.0018793873023241758 -0.029815958812832832 -0.0027397775556892157
v -0.0006840385613031685 -0.032379381358623505 -0.0027397775556892157
v -0.0019696138333529234 -0.030152702704072 -0.0027397775556892157
v 0.0006840370479039848 -0.028620613738894463 -0.0027397775556892157
v 0.0010000013280659914 -0.02876794897019863 -0.0027397775556892157
v -0.0006840385613031685 -0.032379381358623505 -0.0027397775556892157
v -7.421311898347938e-10 -0.02850000001490116 -0.0027397775556892157
v 0.000347293185768649 -0.028530383482575417 -0.0027397775556892157
v -0.0006840385613031685 -0.032379381358623505 -0.0027397775556892157
v 0.0017320506740361452 -0.03149999678134918 -0.0027397775556892157
v -0.0006840385613031685 -0.032379381358623505 -0.0027397775556892157
v 0.001879385905340314 -0.031184041872620583 -0.0027397775556892157
v 0.009999996982514858 0.015449999831616879 0.09000000357627869
v -0.004649997688829899 0.01916280947625637 0.08835997432470322
v -0.009999998845160007 0.015449999831616879 0.09000000357627869
v 0.0046500032767653465 0.01916280947625637 0.08835997432470322
v -0.004649997688829899 0.01916280947625637 0.08835997432470322
v 0.009999996982514858 0.015449999831616879 0.09000000357627869
v -0.004649997688829899 0.0208346676081419 0.08736486732959747
v -0.004649997688829899 0.01916280947625637 0.08835997432470322
v 0.0046500032767653465 0.0208346676081419 0.08736486732959747
v 0.0046500032767653465 0.01916280947625637 0.08835997432470322
v 0.0046500032767653465 0.0208346676081419 0.08736486732959747
v -0.004649997688829899 0.01916280947625637 0.08835997432470322
v 0.0046500032767653465 -0.021416759118437767 0.08690683543682098
v 0.0046500032767653465 -0.0208346676081419 0.08736486732959747
v -0.004649997688829899 -0.0208346676081419 0.08736486732959747
v -0.004649997688829899 -0.021416759118437767 0.08690683543682098
v 0.0046500032767653465 -0.021416759118437767 0.08690683543682098
v -0.004649997688829899 -0.0208346676081419 0.08736486732959747
v -0.004699998535215855 0.040133703500032425 0.0622001476585865
v 0.0046500032767653465 0.029601143673062325 0.07674326747655869
v 0.004699996672570705 0.040133703500032425 0.0622001476585865
v -0.004649997688829899 0.029601143673062325 0.07674326747655869
v 0.0046500032767653465 0.029601143673062325 0.07674326747655869
v -0.004699998535215855 0.040133703500032425 0.0622001476585865
v 0.004699996672570705 -0.040133699774742126 0.0622001476585865
v 0.0046500032767653465 -0.029601143673062325 0.07674326747655869
v -0.004699998535215855 -0.040133699774742126 0.0622001476585865
v 0.0046500032767653465 -0.029601143673062325 0.07674326747655869
v -0.004649997688829899 -0.029601143673062325 0.07674326747655869
v -0.004699998535215855 -0.040133699774742126 0.0622001476585865
v -0.004649997688829899 -0.022363660857081413 0.08616174012422562
v 0.0046500032767653465 -0.021416759118437767 0.08690683543682098
v -0.004649997688829899 -0.021416759118437767 0.08690683543682098
v 0.0046500032767653465 -0.021416759118437767 0.08690683543682098
v -0.004649997688829899 -0.022363660857081413 0.08616174012422562
v 0.0046500032767653465 -0.022363660857081413 0.08616174012422562
v -0.004649997688829899 0.0208346676081419 0.08736486732959747
v 0.0046500032767653465 0.0208346676081419 0.08736486732959747
v -0.004649997688829899 0.022363662719726562 0.08616174012422562
v 0.0046500032767653465 0.022363662719726562 0.08616174012422562
v -0.004649997688829899 0.022363662719726562 0.08616174012422562
v 0.0046500032767653465 0.0208346676081419 0.08736486732959747
v -0.004649997688829899 0.024491405114531517 0.08379851281642914
v 0.0046500032767653465 0.029601143673062325 0.07674326747655869
v -0.004649997688829899 0.029601143673062325 0.07674326747655869
v 0.0046500032767653465 0.029601143673062325 0.07674326747655869
v -0.004649997688829899 0.024491405114531517 0.08379851281642914
v 0.0046500032767653465 0.024491405114531517 0.08379851281642914
v -0.004649997688829899 0.023724069818854332 0.08477082848548889
v -0.004649997688829899 0.022363662719726562 0.08616174012422562
v 0.0046500032767653465 0.022363662719726562 0.08616174012422562
v 0.0046500032767653465 0.023724069818854332 0.08477082848548889
v -0.004649997688829899 0.023724069818854332 0.08477082848548889
v 0.0046500032767653465 0.022363662719726562 0.08616174012422562
v -0.004649997688829899 0.024491405114531517 0.08379851281642914
v -0.004649997688829899 0.023724069818854332 0.08477082848548889
v 0.0046500032767653465 0.024491405114531517 0.08379851281642914
v 0.0046500032767653465 0.024491405114531517 0.08379851281642914
v -0.004649997688829899 0.023724069818854332 0.08477082848548889
v 0.0046500032767653465 0.023724069818854332 0.08477082848548889
v -0.004649997688829899 -0.022363660857081413 0.08616174012422562
v 0.0046500032767653465 -0.023055536672472954 0.08545435220003128
v 0.0046500032767653465 -0.022363660857081413 0.08616174012422562
v 0.0046500032767653465 -0.023055536672472954 0.08545435220003128
v -0.004649997688829899 -0.022363660857081413 0.08616174012422562
v -0.004649997688829899 -0.023055536672472954 0.08545435220003128
v -0.004649997688829899 -0.023055536672472954 0.08545435220003128
v -0.004649997688829899 -0.023724069818854332 0.08477082848548889
v 0.0046500032767653465 -0.023055536672472954 0.08545435220003128
v 0.0046500032767653465 -0.023055536672472954 0.08545435220003128
v -0.004649997688829899 -0.023724069818854332 0.08477082848548889
v 0.0046500032767653465 -0.023724069818854332 0.08477082848548889
v -0.004649997688829899 -0.023724069818854332 0.08477082848548889
v 0.0046500032767653465 -0.024491405114531517 0.08379851281642914
v 0.0046500032767653465 -0.023724069818854332 0.08477082848548889
v 0.0046500032767653465 -0.024491405114531517 0.08379851281642914
v -0.004649997688829899 -0.023724069818854332 0.08477082848548889
v -0.004649997688829899 -0.024491405114531517 0.08379851281642914
v 0.0046500032767653465 -0.029601143673062325 0.07674326747655869
v 0.0046500032767653465 -0.024491405114531517 0.08379851281642914
v -0.004649997688829899 -0.029601143673062325 0.07674326747655869
v 0.0046500032767653465 -0.024491405114531517 0.08379851281642914
v -0.004649997688829899 -0.024491405114531517 0.08379851281642914
v -0.004649997688829899 -0.029601143673062325 0.07674326747655869
usemtl DefaultMaterial
f 1 2 3
f 4 5 6
f 7 8 9
f 10 11 12
f 13 14 15
f 16 17 18
f 19 20 21
f 22 23 24
f 25 26 27
f 28 29 30
f 31 32 33
f 34 35 36
f 37 38 39
f 40 41 42
f 43 44 45
f 46 47 48
f 49 50 51
f 52 53 54
f 55 56 57
f 58 59 60
f 61 62 63
f 64 65 66
f 67 68 69
f 70 71 72
f 73 74 75
f 76 77 78
f 79 80 81
f 82 83 84
f 85 86 87
f 88 89 90
f 91 92 93
f 94 95 96
f 97 98 99
f 100 101 102
f 103 104 105
f 106 107 108
f 109 110 111
f 112 113 114
f 115 116 117
f 118 119 120
f 121 122 123
f 124 125 126
f 127 128 129
f 130 131 132
f 133 134 135
f 136 137 138
f 139 140 141
f 142 143 144
f 145 146 147
f 148 149 150
f 151 152 153
f 154 155 156
f 157 158 159
f 160 161 162
f 163 164 165
f 166 167 168
f 169 170 171
f 172 173 174
f 175 176 177
f 178 179 180
f 181 182 183
f 184 185 186
f 187 188 189
f 190 191 192
f 193 194 195
f 196 197 198
f 199 200 201
f 202 203 204
f 205 206 207
f 208 209 210
f 211 212 213
f 214 215 216
f 217 218 219
f 220 221 222
f 223 224 225
f 226 227 228
f 229 230 231
f 232 233 234
f 235 236 237
f 238 239 240
f 241 242 243
f 244 245 246
f 247 248 249
f 250 251 252
f 253 254 255
f 256 257 258
f 259 260 261
f 262 263 264
f 265 266 267
f 268 269 270
f 271 272 273
f 274 275 276
f 277 278 279
f 280 281 282
f 283 284 285
f 286 287 288
f 289 290 291
f 292 293 294
f 295 296 297
f 298 299 300
f 301 302 303
f 304 305 306
f 307 308 309
f 310 311 312
f 313 314 315
f 316 317 318
f 319 320 321
f 322 323 324
f 325 326 327
f 328 329 330
f 331 332 333
f 334 335 336
f 337 338 339
f 340 341 342
f 343 344 345
f 346 347 348
f 349 350 351
f 352 353 354
f 355 356 357
f 358 359 360
f 361 362 363
f 364 365 366
f 367 368 369
f 370 371 372
f 373 374 375
f 376 377 378
f 379 380 381
f 382 383 384
f 385 386 387
f 388 389 390
f 391 392 393
f 394 395 396
f 397 398 399
f 400 401 402
f 403 404 405
f 406 407 408
f 409 410 411
f 412 413 414
f 415 416 417
f 418 419 420
f 421 422 423
f 424 425 426
f 427 428 429
f 430 431 432
f 433 434 435
f 436 437 438
f 439 440 441
f 442 443 444
f 445 446 447
f 448 449 450
f 451 452 453
f 454 455 456
f 457 458 459
f 460 461 462
f 463 464 465
f 466 467 468
f 469 470 471
f 472 473 474
f 475 476 477
f 478 479 480
f 481 482 483
f 484 485 486
f 487 488 489
f 490 491 492
f 493 494 495
f 496 497 498
f 499 500 501
f 502 503 504
f 505 506 507
f 508 509 510
f 511 512 513
f 514 515 516
f 517 518 519
f 520 521 522
f 523 524 525
f 526 527 528
f 529 530 531
f 532 533 534
f 535 536 537
f 538 539 540
f 541 542 543
f 544 545 546
f 547 548 549
f 550 551 552
f 553 554 555
f 556 557 558
f 559 560 561
f 562 563 564
f 565 566 567
f 568 569 570
f 571 572 573
f 574 575 576
f 577 578 579
f 580 581 582
f 583 584 585
f 586 587 588
f 589 590 591
f 592 593 594
f 595 596 597
f 598 599 600
f 601 602 603
f 604 605 606
f 607 608 609
f 610 611 612
f 613 614 615
f 616 617 618
f 619 620 621
f 622 623 624
f 625 626 627
f 628 629 630
f 631 632 633
f 634 635 636
f 637 638 639
f 640 641 642
f 643 644 645
f 646 647 648
f 649 650 651
f 652 653 654
f 655 656 657
f 658 659 660
f 661 662 663
f 664 665 666
f 667 668 669
f 670 671 672
f 673 674 675
f 676 677 678
f 679 680 681
f 682 683 684
f 685 686 687
f 688 689 690
f 691 692 693
f 694 695 696
f 697 698 699
f 700 701 702
f 703 704 705
f 706 707 708
f 709 710 711
f 712 713 714
f 715 716 717
f 718 719 720
f 721 722 723
f 724 725 726
f 727 728 729
f 730 731 732
f 733 734 735
f 736 737 738
f 739 740 741
f 742 743 744
f 745 746 747
f 748 749 750
f 751 752 753
f 754 755 756
f 757 758 759
f 760 761 762
f 763 764 765
f 766 767 768
f 769 770 771
f 772 773 774
f 775 776 777
f 778 779 780
f 781 782 783
f 784 785 786
f 787 788 789
f 790 791 792
f 793 794 795
f 796 797 798
f 799 800 801
f 802 803 804
f 805 806 807
f 808 809 810
f 811 812 813
f 814 815 816
f 817 818 819
f 820 821 822
f 823 824 825
f 826 827 828
f 829 830 831
f 832 833 834
f 835 836 837
f 838 839 840
f 841 842 843
f 844 845 846
f 847 848 849
f 850 851 852
f 853 854 855
f 856 857 858
f 859 860 861
f 862 863 864
f 865 866 867
f 868 869 870
f 871 872 873
f 874 875 876
f 877 878 879
f 880 881 882
f 883 884 885
f 886 887 888
f 889 890 891
f 892 893 894
f 895 896 897
f 898 899 900
f 901 902 903
f 904 905 906
f 907 908 909
f 910 911 912
f 913 914 915
f 916 917 918
f 919 920 921
f 922 923 924
f 925 926 927
f 928 929 930
f 931 932 933
f 934 935 936
f 937 938 939
f 940 941 942
f 943 944 945
f 946 947 948
f 949 950 951
f 952 953 954
f 955 956 957
f 958 959 960
f 961 962 963
f 964 965 966
f 967 968 969
f 970 971 972
f 973 974 975
f 976 977 978
f 979 980 981
f 982 983 984
f 985 986 987
f 988 989 990
f 991 992 993
f 994 995 996
f 997 998 999
f 1000 1001 1002
f 1003 1004 1005
f 1006 1007 1008
f 1009 1010 1011
f 1012 1013 1014
f 1015 1016 1017
f 1018 1019 1020
f 1021 1022 1023
f 1024 1025 1026
f 1027 1028 1029
f 1030 1031 1032
f 1033 1034 1035
f 1036 1037 1038
f 1039 1040 1041
f 1042 1043 1044
f 1045 1046 1047
f 1048 1049 1050
f 1051 1052 1053
f 1054 1055 1056
f 1057 1058 1059
f 1060 1061 1062
f 1063 1064 1065
f 1066 1067 1068
f 1069 1070 1071
f 1072 1073 1074
f 1075 1076 1077
f 1078 1079 1080
f 1081 1082 1083
f 1084 1085 1086
f 1087 1088 1089
f 1090 1091 1092
f 1093 1094 1095
f 1096 1097 1098
f 1099 1100 1101
f 1102 1103 1104
f 1105 1106 1107
f 1108 1109 1110
f 1111 1112 1113
f 1114 1115 1116
f 1117 1118 1119
f 1120 1121 1122
f 1123 1124 1125
f 1126 1127 1128
f 1129 1130 1131
f 1132 1133 1134
f 1135 1136 1137
f 1138 1139 1140
f 1141 1142 1143
f 1144 1145 1146
f 1147 1148 1149
f 1150 1151 1152
f 1153 1154 1155
f 1156 1157 1158
f 1159 1160 1161
f 1162 1163 1164
f 1165 1166 1167
f 1168 1169 1170
f 1171 1172 1173
f 1174 1175 1176
f 1177 1178 1179
f 1180 1181 1182
f 1183 1184 1185
f 1186 1187 1188
f 1189 1190 1191
f 1192 1193 1194
f 1195 1196 1197
f 1198 1199 1200
f 1201 1202 1203
f 1204 1205 1206
f 1207 1208 1209
f 1210 1211 1212
f 1213 1214 1215
f 1216 1217 1218
f 1219 1220 1221
f 1222 1223 1224
f 1225 1226 1227
f 1228 1229 1230
f 1231 1232 1233
f 1234 1235 1236
f 1237 1238 1239
f 1240 1241 1242
f 1243 1244 1245
f 1246 1247 1248
f 1249 1250 1251
f 1252 1253 1254
f 1255 1256 1257
f 1258 1259 1260
f 1261 1262 1263
f 1264 1265 1266
f 1267 1268 1269
f 1270 1271 1272
f 1273 1274 1275
f 1276 1277 1278
f 1279 1280 1281
f 1282 1283 1284
f 1285 1286 1287
f 1288 1289 1290
f 1291 1292 1293
f 1294 1295 1296
f 1297 1298 1299
f 1300 1301 1302
f 1303 1304 1305
f 1306 1307 1308
f 1309 1310 1311
f 1312 1313 1314
f 1315 1316 1317
f 1318 1319 1320
f 1321 1322 1323
f 1324 1325 1326
f 1327 1328 1329
f 1330 1331 1332
f 1333 1334 1335
f 1336 1337 1338
f 1339 1340 1341
f 1342 1343 1344
f 1345 1346 1347
f 1348 1349 1350
f 1351 1352 1353
f 1354 1355 1356
f 1357 1358 1359
f 1360 1361 1362
f 1363 1364 1365
f 1366 1367 1368
f 1369 1370 1371
f 1372 1373 1374
f 1375 1376 1377
f 1378 1379 1380
f 1381 1382 1383
f 1384 1385 1386
f 1387 1388 1389
f 1390 1391 1392
f 1393 1394 1395
f 1396 1397 1398
f 1399 1400 1401
f 1402 1403 1404
f 1405 1406 1407
f 1408 1409 1410
f 1411 1412 1413
f 1414 1415 1416
f 1417 1418 1419
f 1420 1421 1422
f 1423 1424 1425
f 1426 1427 1428
f 1429 1430 1431
f 1432 1433 1434
f 1435 1436 1437
f 1438 1439 1440
f 1441 1442 1443
f 1444 1445 1446
f 1447 1448 1449
f 1450 1451 1452
f 1453 1454 1455
f 1456 1457 1458
f 1459 1460 1461
f 1462 1463 1464
f 1465 1466 1467
f 1468 1469 1470
f 1471 1472 1473
f 1474 1475 1476
f 1477 1478 1479
f 1480 1481 1482
f 1483 1484 1485
f 1486 1487 1488
f 1489 1490 1491
f 1492 1493 1494
f 1495 1496 1497
f 1498 1499 1500
f 1501 1502 1503
f 1504 1505 1506
f 1507 1508 1509
f 1510 1511 1512
f 1513 1514 1515
f 1516 1517 1518
f 1519 1520 1521
f 1522 1523 1524
f 1525 1526 1527
f 1528 1529 1530
f 1531 1532 1533
f 1534 1535 1536
f 1537 1538 1539
f 1540 1541 1542
f 1543 1544 1545
f 1546 1547 1548
f 1549 1550 1551
f 1552 1553 1554
f 1555 1556 1557
f 1558 1559 1560
f 1561 1562 1563
f 1564 1565 1566
f 1567 1568 1569
f 1570 1571 1572
f 1573 1574 1575
f 1576 1577 1578
f 1579 1580 1581
f 1582 1583 1584
f 1585 1586 1587
f 1588 1589 1590
f 1591 1592 1593
f 1594 1595 1596
f 1597 1598 1599
f 1600 1601 1602
f 1603 1604 1605
f 1606 1607 1608
f 1609 1610 1611
f 1612 1613 1614
f 1615 1616 1617
f 1618 1619 1620
f 1621 1622 1623
f 1624 1625 1626
f 1627 1628 1629
f 1630 1631 1632
f 1633 1634 1635
f 1636 1637 1638
f 1639 1640 1641
f 1642 1643 1644
f 1645 1646 1647
f 1648 1649 1650
f 1651 1652 1653
f 1654 1655 1656
f 1657 1658 1659
f 1660 1661 1662
f 1663 1664 1665
f 1666 1667 1668
f 1669 1670 1671
f 1672 1673 1674
f 1675 1676 1677
f 1678 1679 1680
f 1681 1682 1683
f 1684 1685 1686
f 1687 1688 1689
f 1690 1691 1692
f 1693 1694 1695
f 1696 1697 1698
f 1699 1700 1701
f 1702 1703 1704
f 1705 1706 1707
f 1708 1709 1710
f 1711 1712 1713
f 1714 1715 1716
f 1717 1718 1719
f 1720 1721 1722
f 1723 1724 1725
f 1726 1727 1728
f 1729 1730 1731
f 1732 1733 1734
f 1735 1736 1737
f 1738 1739 1740
f 1741 1742 1743
f 1744 1745 1746
f 1747 1748 1749
f 1750 1751 1752
f 1753 1754 1755
f 1756 1757 1758
f 1759 1760 1761
f 1762 1763 1764
f 1765 1766 1767
f 1768 1769 1770
f 1771 1772 1773
f 1774 1775 1776
f 1777 1778 1779
f 1780 1781 1782
f 1783 1784 1785
f 1786 1787 1788
f 1789 1790 1791
f 1792 1793 1794
f 1795 1796 1797
f 1798 1799 1800
f 1801 1802 1803
f 1804 1805 1806
f 1807 1808 1809
f 1810 1811 1812
f 1813 1814 1815
f 1816 1817 1818
f 1819 1820 1821
f 1822 1823 1824
f 1825 1826 1827
f 1828 1829 1830
f 1831 1832 1833
f 1834 1835 1836
f 1837 1838 1839
f 1840 1841 1842
f 1843 1844 1845
f 1846 1847 1848
f 1849 1850 1851
f 1852 1853 1854
f 1855 1856 1857
f 1858 1859 1860
f 1861 1862 1863
f 1864 1865 1866
f 1867 1868 1869
f 1870 1871 1872
f 1873 1874 1875
f 1876 1877 1878
f 1879 1880 1881
f 1882 1883 1884
f 1885 1886 1887
f 1888 1889 1890
f 1891 1892 1893
f 1894 1895 1896
f 1897 1898 1899
f 1900 1901 1902
f 1903 1904 1905
f 1906 1907 1908
f 1909 1910 1911
f 1912 1913 1914
f 1915 1916 1917
f 1918 1919 1920
f 1921 1922 1923
f 1924 1925 1926
f 1927 1928 1929
f 1930 1931 1932
f 1933 1934 1935
f 1936 1937 1938
f 1939 1940 1941
f 1942 1943 1944
f 1945 1946 1947
f 1948 1949 1950
f 1951 1952 1953
f 1954 1955 1956
f 1957 1958 1959
f 1960 1961 1962
f 1963 1964 1965
f 1966 1967 1968
f 1969 1970 1971
f 1972 1973 1974
f 1975 1976 1977
f 1978 1979 1980
f 1981 1982 1983
f 1984 1985 1986
f 1987 1988 1989
f 1990 1991 1992
f 1993 1994 1995
f 1996 1997 1998
f 1999 2000 2001
f 2002 2003 2004
f 2005 2006 2007
f 2008 2009 2010
f 2011 2012 2013
f 2014 2015 2016
f 2017 2018 2019
f 2020 2021 2022
f 2023 2024 2025
f 2026 2027 2028
f 2029 2030 2031
f 2032 2033 2034
f 2035 2036 2037
f 2038 2039 2040
f 2041 2042 2043
f 2044 2045 2046
f 2047 2048 2049
f 2050 2051 2052
f 2053 2054 2055
f 2056 2057 2058
f 2059 2060 2061
f 2062 2063 2064
f 2065 2066 2067
f 2068 2069 2070
f 2071 2072 2073
f 2074 2075 2076
f 2077 2078 2079
f 2080 2081 2082
f 2083 2084 2085
f 2086 2087 2088
f 2089 2090 2091
f 2092 2093 2094
f 2095 2096 2097
f 2098 2099 2100
f 2101 2102 2103
f 2104 2105 2106
f 2107 2108 2109
f 2110 2111 2112
f 2113 2114 2115
f 2116 2117 2118
f 2119 2120 2121
f 2122 2123 2124
f 2125 2126 2127
f 2128 2129 2130
f 2131 2132 2133
f 2134 2135 2136
f 2137 2138 2139
f 2140 2141 2142
f 2143 2144 2145
f 2146 2147 2148
f 2149 2150 2151
f 2152 2153 2154
f 2155 2156 2157
f 2158 2159 2160
f 2161 2162 2163
f 2164 2165 2166
f 2167 2168 2169
f 2170 2171 2172
f 2173 2174 2175
f 2176 2177 2178
f 2179 2180 2181
f 2182 2183 2184
f 2185 2186 2187
f 2188 2189 2190
f 2191 2192 2193
f 2194 2195 2196
f 2197 2198 2199
f 2200 2201 2202
f 2203 2204 2205
f 2206 2207 2208
f 2209 2210 2211
f 2212 2213 2214
f 2215 2216 2217
f 2218 2219 2220
f 2221 2222 2223
f 2224 2225 2226
f 2227 2228 2229
f 2230 2231 2232
f 2233 2234 2235
f 2236 2237 2238
f 2239 2240 2241
f 2242 2243 2244
f 2245 2246 2247
f 2248 2249 2250
f 2251 2252 2253
f 2254 2255 2256
f 2257 2258 2259
f 2260 2261 2262
f 2263 2264 2265
f 2266 2267 2268
f 2269 2270 2271
f 2272 2273 2274
f 2275 2276 2277
f 2278 2279 2280
f 2281 2282 2283
f 2284 2285 2286
f 2287 2288 2289
f 2290 2291 2292
f 2293 2294 2295
f 2296 2297 2298
f 2299 2300 2301
f 2302 2303 2304
f 2305 2306 2307
f 2308 2309 2310
f 2311 2312 2313
f 2314 2315 2316
f 2317 2318 2319
f 2320 2321 2322
f 2323 2324 2325
f 2326 2327 2328
f 2329 2330 2331
f 2332 2333 2334
f 2335 2336 2337
f 2338 2339 2340
f 2341 2342 2343
f 2344 2345 2346
f 2347 2348 2349
f 2350 2351 2352
f 2353 2354 2355
f 2356 2357 2358
f 2359 2360 2361
f 2362 2363 2364
f 2365 2366 2367
f 2368 2369 2370
f 2371 2372 2373
f 2374 2375 2376
f 2377 2378 2379
f 2380 2381 2382
f 2383 2384 2385
f 2386 2387 2388
f 2389 2390 2391
f 2392 2393 2394
f 2395 2396 2397
f 2398 2399 2400
f 2401 2402 2403
f 2404 2405 2406
f 2407 2408 2409
f 2410 2411 2412
f 2413 2414 2415
f 2416 2417 2418
f 2419 2420 2421
f 2422 2423 2424
f 2425 2426 2427
f 2428 2429 2430
f 2431 2432 2433
f 2434 2435 2436
f 2437 2438 2439
f 2440 2441 2442
f 2443 2444 2445
f 2446 2447 2448
f 2449 2450 2451
f 2452 2453 2454
f 2455 2456 2457
f 2458 2459 2460
f 2461 2462 2463
f 2464 2465 2466
f 2467 2468 2469
f 2470 2471 2472
f 2473 2474 2475
f 2476 2477 2478
f 2479 2480 2481
f 2482 2483 2484
f 2485 2486 2487
f 2488 2489 2490
f 2491 2492 2493
f 2494 2495 2496
f 2497 2498 2499
f 2500 2501 2502
f 2503 2504 2505
f 2506 2507 2508
f 2509 2510 2511
f 2512 2513 2514
f 2515 2516 2517
f 2518 2519 2520
f 2521 2522 2523
f 2524 2525 2526
f 2527 2528 2529
f 2530 2531 2532
f 2533 2534 2535
f 2536 2537 2538
f 2539 2540 2541
f 2542 2543 2544
f 2545 2546 2547
f 2548 2549 2550
f 2551 2552 2553
f 2554 2555 2556
f 2557 2558 2559
f 2560 2561 2562
f 2563 2564 2565
f 2566 2567 2568
f 2569 2570 2571
f 2572 2573 2574
f 2575 2576 2577
f 2578 2579 2580
f 2581 2582 2583
f 2584 2585 2586
f 2587 2588 2589
f 2590 2591 2592
f 2593 2594 2595
f 2596 2597 2598
f 2599 2600 2601
f 2602 2603 2604
f 2605 2606 2607
f 2608 2609 2610
f 2611 2612 2613
f 2614 2615 2616
f 2617 2618 2619
f 2620 2621 2622
f 2623 2624 2625
f 2626 2627 2628
f 2629 2630 2631
f 2632 2633 2634
f 2635 2636 2637
f 2638 2639 2640
f 2641 2642 2643
f 2644 2645 2646
f 2647 2648 2649
f 2650 2651 2652
f 2653 2654 2655
f 2656 2657 2658
f 2659 2660 2661
f 2662 2663 2664
f 2665 2666 2667
f 2668 2669 2670
f 2671 2672 2673
f 2674 2675 2676
f 2677 2678 2679
f 2680 2681 2682
f 2683 2684 2685
f 2686 2687 2688
f 2689 2690 2691
f 2692 2693 2694
f 2695 2696 2697
f 2698 2699 2700
f 2701 2702 2703
f 2704 2705 2706
f 2707 2708 2709
f 2710 2711 2712
f 2713 2714 2715
f 2716 2717 2718
f 2719 2720 2721
f 2722 2723 2724
f 2725 2726 2727
f 2728 2729 2730
f 2731 2732 2733
f 2734 2735 2736
f 2737 2738 2739
f 2740 2741 2742
f 2743 2744 2745
f 2746 2747 2748
f 2749 2750 2751
f 2752 2753 2754
f 2755 2756 2757
f 2758 2759 2760
f 2761 2762 2763
f 2764 2765 2766
f 2767 2768 2769
f 2770 2771 2772
f 2773 2774 2775
f 2776 2777 2778
f 2779 2780 2781
f 2782 2783 2784
f 2785 2786 2787
f 2788 2789 2790
f 2791 2792 2793
f 2794 2795 2796
f 2797 2798 2799
f 2800 2801 2802
f 2803 2804 2805
f 2806 2807 2808
f 2809 2810 2811
f 2812 2813 2814
f 2815 2816 2817
f 2818 2819 2820
f 2821 2822 2823
f 2824 2825 2826
f 2827 2828 2829
f 2830 2831 2832
f 2833 2834 2835
f 2836 2837 2838
f 2839 2840 2841
f 2842 2843 2844
f 2845 2846 2847
f 2848 2849 2850
f 2851 2852 2853
f 2854 2855 2856
f 2857 2858 2859
f 2860 2861 2862
f 2863 2864 2865
f 2866 2867 2868
f 2869 2870 2871
f 2872 2873 2874
f 2875 2876 2877
f 2878 2879 2880
f 2881 2882 2883
f 2884 2885 2886
f 2887 2888 2889
f 2890 2891 2892
f 2893 2894 2895
f 2896 2897 2898
f 2899 2900 2901
f 2902 2903 2904
f 2905 2906 2907
f 2908 2909 2910
f 2911 2912 2913
f 2914 2915 2916
f 2917 2918 2919
f 2920 2921 2922
f 2923 2924 2925
f 2926 2927 2928
f 2929 2930 2931
f 2932 2933 2934
f 2935 2936 2937
f 2938 2939 2940
f 2941 2942 2943
f 2944 2945 2946
f 2947 2948 2949
f 2950 2951 2952
f 2953 2954 2955
f 2956 2957 2958
f 2959 2960 2961
f 2962 2963 2964
f 2965 2966 2967
f 2968 2969 2970
f 2971 2972 2973
f 2974 2975 2976
f 2977 2978 2979
f 2980 2981 2982
f 2983 2984 2985
f 2986 2987 2988
f 2989 2990 2991
f 2992 2993 2994
f 2995 2996 2997
f 2998 2999 3000
f 3001 3002 3003
f 3004 3005 3006
f 3007 3008 3009
f 3010 3011 3012
f 3013 3014 3015
f 3016 3017 3018
f 3019 3020 3021
f 3022 3023 3024
f 3025 3026 3027
f 3028 3029 3030
f 3031 3032 3033
f 3034 3035 3036
f 3037 3038 3039
f 3040 3041 3042
f 3043 3044 3045
f 3046 3047 3048
f 3049 3050 3051
f 3052 3053 3054
f 3055 3056 3057
f 3058 3059 3060
f 3061 3062 3063
f 3064 3065 3066
f 3067 3068 3069
f 3070 3071 3072
f 3073 3074 3075
f 3076 3077 3078
f 3079 3080 3081
f 3082 3083 3084
f 3085 3086 3087
f 3088 3089 3090
f 3091 3092 3093
f 3094 3095 3096
f 3097 3098 3099
f 3100 3101 3102
f 3103 3104 3105
f 3106 3107 3108
f 3109 3110 3111
f 3112 3113 3114
f 3115 3116 3117
f 3118 3119 3120
f 3121 3122 3123
f 3124 3125 3126
f 3127 3128 3129
f 3130 3131 3132
f 3133 3134 3135
f 3136 3137 3138
f 3139 3140 3141
f 3142 3143 3144
f 3145 3146 3147
f 3148 3149 3150
f 3151 3152 3153
f 3154 3155 3156
f 3157 3158 3159
f 3160 3161 3162
f 3163 3164 3165
f 3166 3167 3168
f 3169 3170 3171
f 3172 3173 3174
f 3175 3176 3177
f 3178 3179 3180
f 3181 3182 3183
f 3184 3185 3186
f 3187 3188 3189
f 3190 3191 3192
f 3193 3194 3195
f 3196 3197 3198
f 3199 3200 3201
f 3202 3203 3204
f 3205 3206 3207
f 3208 3209 3210
f 3211 3212 3213
f 3214 3215 3216
f 3217 3218 3219
f 3220 3221 3222
f 3223 3224 3225
f 3226 3227 3228
f 3229 3230 3231
f 3232 3233 3234
f 3235 3236 3237
f 3238 3239 3240
f 3241 3242 3243
f 3244 3245 3246
f 3247 3248 3249
f 3250 3251 3252
f 3253 3254 3255
f 3256 3257 3258
f 3259 3260 3261
f 3262 3263 3264
f 3265 3266 3267
f 3268 3269 3270
f 3271 3272 3273
f 3274 3275 3276
f 3277 3278 3279
f 3280 3281 3282
f 3283 3284 3285
f 3286 3287 3288
f 3289 3290 3291
f 3292 3293 3294
f 3295 3296 3297
f 3298 3299 3300
f 3301 3302 3303
f 3304 3305 3306
f 3307 3308 3309
f 3310 3311 3312
f 3313 3314 3315
f 3316 3317 3318
f 3319 3320 3321
f 3322 3323 3324
f 3325 3326 3327
f 3328 3329 3330
f 3331 3332 3333
f 3334 3335 3336
f 3337 3338 3339
f 3340 3341 3342
f 3343 3344 3345
f 3346 3347 3348
f 3349 3350 3351
f 3352 3353 3354
f 3355 3356 3357
f 3358 3359 3360
f 3361 3362 3363
f 3364 3365 3366
f 3367 3368 3369
f 3370 3371 3372
f 3373 3374 3375
f 3376 3377 3378
f 3379 3380 3381
f 3382 3383 3384
f 3385 3386 3387
f 3388 3389 3390
f 3391 3392 3393
f 3394 3395 3396
f 3397 3398 3399
f 3400 3401 3402
f 3403 3404 3405
f 3406 3407 3408
f 3409 3410 3411
f 3412 3413 3414
f 3415 3416 3417
f 3418 3419 3420
f 3421 3422 3423
f 3424 3425 3426
f 3427 3428 3429
f 3430 3431 3432
f 3433 3434 3435
f 3436 3437 3438
f 3439 3440 3441
f 3442 3443 3444
f 3445 3446 3447
f 3448 3449 3450
f 3451 3452 3453
f 3454 3455 3456
f 3457 3458 3459
f 3460 3461 3462
f 3463 3464 3465
f 3466 3467 3468
f 3469 3470 3471
f 3472 3473 3474
f 3475 3476 3477
f 3478 3479 3480
f 3481 3482 3483
f 3484 3485 3486
f 3487 3488 3489
f 3490 3491 3492
f 3493 3494 3495
f 3496 3497 3498
f 3499 3500 3501
f 3502 3503 3504
f 3505 3506 3507
f 3508 3509 3510
f 3511 3512 3513
f 3514 3515 3516
f 3517 3518 3519
f 3520 3521 3522
f 3523 3524 3525
f 3526 3527 3528
f 3529 3530 3531
f 3532 3533 3534
f 3535 3536 3537
f 3538 3539 3540
f 3541 3542 3543
f 3544 3545 3546
f 3547 3548 3549
f 3550 3551 3552
f 3553 3554 3555
f 3556 3557 3558
f 3559 3560 3561
f 3562 3563 3564
f 3565 3566 3567
f 3568 3569 3570
f 3571 3572 3573
f 3574 3575 3576
f 3577 3578 3579
f 3580 3581 3582
f 3583 3584 3585
f 3586 3587 3588
f 3589 3590 3591
f 3592 3593 3594
f 3595 3596 3597
f 3598 3599 3600
f 3601 3602 3603
f 3604 3605 3606
f 3607 3608 3609
f 3610 3611 3612
f 3613 3614 3615
f 3616 3617 3618
f 3619 3620 3621
f 3622 3623 3624
f 3625 3626 3627
f 3628 3629 3630
f 3631 3632 3633
f 3634 3635 3636
f 3637 3638 3639
f 3640 3641 3642
f 3643 3644 3645
f 3646 3647 3648
f 3649 3650 3651
f 3652 3653 3654
f 3655 3656 3657
f 3658 3659 3660
f 3661 3662 3663
f 3664 3665 3666
f 3667 3668 3669
f 3670 3671 3672
f 3673 3674 3675
f 3676 3677 3678
f 3679 3680 3681
f 3682 3683 3684
f 3685 3686 3687
f 3688 3689 3690
f 3691 3692 3693
f 3694 3695 3696
f 3697 3698 3699
f 3700 3701 3702
f 3703 3704 3705
f 3706 3707 3708
f 3709 3710 3711
f 3712 3713 3714
f 3715 3716 3717
f 3718 3719 3720
f 3721 3722 3723
f 3724 3725 3726
f 3727 3728 3729
f 3730 3731 3732
f 3733 3734 3735
f 3736 3737 3738
f 3739 3740 3741
f 3742 3743 3744
f 3745 3746 3747
f 3748 3749 3750
f 3751 3752 3753
f 3754 3755 3756
f 3757 3758 3759
f 3760 3761 3762
f 3763 3764 3765
f 3766 3767 3768
f 3769 3770 3771
f 3772 3773 3774
f 3775 3776 3777
f 3778 3779 3780
f 3781 3782 3783
f 3784 3785 3786
f 3787 3788 3789
f 3790 3791 3792
f 3793 3794 3795
f 3796 3797 3798
f 3799 3800 3801
f 3802 3803 3804
f 3805 3806 3807
f 3808 3809 3810
f 3811 3812 3813
f 3814 3815 3816
f 3817 3818 3819
f 3820 3821 3822
f 3823 3824 3825
f 3826 3827 3828
f 3829 3830 3831
f 3832 3833 3834
f 3835 3836 3837
f 3838 3839 3840
f 3841 3842 3843
f 3844 3845 3846
f 3847 3848 3849
f 3850 3851 3852
f 3853 3854 3855
f 3856 3857 3858
f 3859 3860 3861
f 3862 3863 3864
f 3865 3866 3867
f 3868 3869 3870
f 3871 3872 3873
f 3874 3875 3876
f 3877 3878 3879
f 3880 3881 3882
f 3883 3884 3885
f 3886 3887 3888
f 3889 3890 3891
f 3892 3893 3894
f 3895 3896 3897
f 3898 3899 3900
f 3901 3902 3903
f 3904 3905 3906
f 3907 3908 3909
f 3910 3911 3912
f 3913 3914 3915
f 3916 3917 3918
f 3919 3920 3921
f 3922 3923 3924
f 3925 3926 3927
f 3928 3929 3930
f 3931 3932 3933
f 3934 3935 3936
f 3937 3938 3939
f 3940 3941 3942
f 3943 3944 3945
f 3946 3947 3948
f 3949 3950 3951
f 3952 3953 3954
f 3955 3956 3957
f 3958 3959 3960
f 3961 3962 3963
f 3964 3965 3966
f 3967 3968 3969
f 3970 3971 3972
f 3973 3974 3975
f 3976 3977 3978
f 3979 3980 3981
f 3982 3983 3984
f 3985 3986 3987
f 3988 3989 3990
f 3991 3992 3993
f 3994 3995 3996
f 3997 3998 3999
f 4000 4001 4002
f 4003 4004 4005
f 4006 4007 4008
f 4009 4010 4011
f 4012 4013 4014
f 4015 4016 4017
f 4018 4019 4020
f 4021 4022 4023
f 4024 4025 4026
f 4027 4028 4029
f 4030 4031 4032
f 4033 4034 4035
f 4036 4037 4038
f 4039 4040 4041
f 4042 4043 4044
f 4045 4046 4047
f 4048 4049 4050
f 4051 4052 4053
f 4054 4055 4056
f 4057 4058 4059
f 4060 4061 4062
f 4063 4064 4065
f 4066 4067 4068
f 4069 4070 4071
f 4072 4073 4074
f 4075 4076 4077
f 4078 4079 4080
f 4081 4082 4083
f 4084 4085 4086
f 4087 4088 4089
f 4090 4091 4092
f 4093 4094 4095
f 4096 4097 4098
f 4099 4100 4101
f 4102 4103 4104
f 4105 4106 4107
f 4108 4109 4110
f 4111 4112 4113
f 4114 4115 4116
f 4117 4118 4119
f 4120 4121 4122
f 4123 4124 4125
f 4126 4127 4128
f 4129 4130 4131
f 4132 4133 4134
f 4135 4136 4137
f 4138 4139 4140
f 4141 4142 4143
f 4144 4145 4146
f 4147 4148 4149
f 4150 4151 4152
f 4153 4154 4155
f 4156 4157 4158
f 4159 4160 4161
f 4162 4163 4164
f 4165 4166 4167
f 4168 4169 4170
f 4171 4172 4173
f 4174 4175 4176
f 4177 4178 4179
f 4180 4181 4182
f 4183 4184 4185
f 4186 4187 4188
f 4189 4190 4191
f 4192 4193 4194
f 4195 4196 4197
f 4198 4199 4200
f 4201 4202 4203
f 4204 4205 4206
f 4207 4208 4209
f 4210 4211 4212
f 4213 4214 4215
f 4216 4217 4218
f 4219 4220 4221
f 4222 4223 4224
f 4225 4226 4227
f 4228 4229 4230
f 4231 4232 4233
f 4234 4235 4236
f 4237 4238 4239
f 4240 4241 4242
f 4243 4244 4245
f 4246 4247 4248
f 4249 4250 4251
f 4252 4253 4254
f 4255 4256 4257
f 4258 4259 4260
f 4261 4262 4263
f 4264 4265 4266
f 4267 4268 4269
f 4270 4271 4272
f 4273 4274 4275
f 4276 4277 4278
f 4279 4280 4281
f 4282 4283 4284
f 4285 4286 4287
f 4288 4289 4290
f 4291 4292 4293
f 4294 4295 4296
f 4297 4298 4299
f 4300 4301 4302
f 4303 4304 4305
f 4306 4307 4308
f 4309 4310 4311
f 4312 4313 4314
f 4315 4316 4317
f 4318 4319 4320
f 4321 4322 4323
f 4324 4325 4326
f 4327 4328 4329
f 4330 4331 4332
f 4333 4334 4335
f 4336 4337 4338
f 4339 4340 4341
f 4342 4343 4344
f 4345 4346 4347
f 4348 4349 4350
f 4351 4352 4353
f 4354 4355 4356
f 4357 4358 4359
f 4360 4361 4362
f 4363 4364 4365
f 4366 4367 4368
f 4369 4370 4371
f 4372 4373 4374
f 4375 4376 4377
f 4378 4379 4380
f 4381 4382 4383
f 4384 4385 4386
f 4387 4388 4389
f 4390 4391 4392
f 4393 4394 4395
f 4396 4397 4398
f 4399 4400 4401
f 4402 4403 4404
f 4405 4406 4407
f 4408 4409 4410
f 4411 4412 4413
f 4414 4415 4416
f 4417 4418 4419
f 4420 4421 4422
f 4423 4424 4425
f 4426 4427 4428
f 4429 4430 4431
f 4432 4433 4434
f 4435 4436 4437
f 4438 4439 4440
f 4441 4442 4443
f 4444 4445 4446
f 4447 4448 4449
f 4450 4451 4452
f 4453 4454 4455
f 4456 4457 4458
f 4459 4460 4461
f 4462 4463 4464
f 4465 4466 4467
f 4468 4469 4470
f 4471 4472 4473
f 4474 4475 4476
f 4477 4478 4479
f 4480 4481 4482
f 4483 4484 4485
f 4486 4487 4488
f 4489 4490 4491
f 4492 4493 4494
f 4495 4496 4497
f 4498 4499 4500
f 4501 4502 4503
f 4504 4505 4506
f 4507 4508 4509
f 4510 4511 4512
f 4513 4514 4515
f 4516 4517 4518
f 4519 4520 4521
f 4522 4523 4524
f 4525 4526 4527
f 4528 4529 4530
f 4531 4532 4533
f 4534 4535 4536
f 4537 4538 4539
f 4540 4541 4542
f 4543 4544 4545
f 4546 4547 4548
f 4549 4550 4551
f 4552 4553 4554
f 4555 4556 4557
f 4558 4559 4560
f 4561 4562 4563
f 4564 4565 4566
f 4567 4568 4569
f 4570 4571 4572
f 4573 4574 4575
f 4576 4577 4578
f 4579 4580 4581
f 4582 4583 4584
f 4585 4586 4587
f 4588 4589 4590
f 4591 4592 4593
f 4594 4595 4596
f 4597 4598 4599
f 4600 4601 4602
f 4603 4604 4605
f 4606 4607 4608
f 4609 4610 4611
f 4612 4613 4614
f 4615 4616 4617
f 4618 4619 4620
f 4621 4622 4623
f 4624 4625 4626
f 4627 4628 4629
f 4630 4631 4632
f 4633 4634 4635
f 4636 4637 4638
f 4639 4640 4641
f 4642 4643 4644
f 4645 4646 4647
f 4648 4649 4650
f 4651 4652 4653
f 4654 4655 4656
f 4657 4658 4659
f 4660 4661 4662
f 4663 4664 4665
f 4666 4667 4668
f 4669 4670 4671
f 4672 4673 4674
f 4675 4676 4677
f 4678 4679 4680
f 4681 4682 4683
f 4684 4685 4686
f 4687 4688 4689
f 4690 4691 4692
f 4693 4694 4695
f 4696 4697 4698
f 4699 4700 4701
f 4702 4703 4704
f 4705 4706 4707
f 4708 4709 4710
f 4711 4712 4713
f 4714 4715 4716
f 4717 4718 4719
f 4720 4721 4722
f 4723 4724 4725
f 4726 4727 4728
f 4729 4730 4731
f 4732 4733 4734
f 4735 4736 4737
f 4738 4739 4740
f 4741 4742 4743
f 4744 4745 4746
f 4747 4748 4749
f 4750 4751 4752
f 4753 4754 4755
f 4756 4757 4758
f 4759 4760 4761
f 4762 4763 4764
f 4765 4766 4767
f 4768 4769 4770
f 4771 4772 4773
f 4774 4775 4776
f 4777 4778 4779
f 4780 4781 4782
f 4783 4784 4785
f 4786 4787 4788
f 4789 4790 4791
f 4792 4793 4794
f 4795 4796 4797
f 4798 4799 4800
f 4801 4802 4803
f 4804 4805 4806
f 4807 4808 4809
f 4810 4811 4812
f 4813 4814 4815
f 4816 4817 4818
f 4819 4820 4821
f 4822 4823 4824
f 4825 4826 4827
f 4828 4829 4830
f 4831 4832 4833
f 4834 4835 4836
f 4837 4838 4839
f 4840 4841 4842
f 4843 4844 4845
f 4846 4847 4848
f 4849 4850 4851
f 4852 4853 4854
f 4855 4856 4857
f 4858 4859 4860
f 4861 4862 4863
f 4864 4865 4866
f 4867 4868 4869
f 4870 4871 4872
f 4873 4874 4875
f 4876 4877 4878
f 4879 4880 4881
f 4882 4883 4884
f 4885 4886 4887
f 4888 4889 4890
f 4891 4892 4893
f 4894 4895 4896
f 4897 4898 4899
f 4900 4901 4902
f 4903 4904 4905
f 4906 4907 4908
f 4909 4910 4911
f 4912 4913 4914
f 4915 4916 4917
f 4918 4919 4920
f 4921 4922 4923
f 4924 4925 4926
f 4927 4928 4929
f 4930 4931 4932
f 4933 4934 4935
f 4936 4937 4938
f 4939 4940 4941
f 4942 4943 4944
f 4945 4946 4947
f 4948 4949 4950
f 4951 4952 4953
f 4954 4955 4956
f 4957 4958 4959
f 4960 4961 4962
f 4963 4964 4965
f 4966 4967 4968
f 4969 4970 4971
f 4972 4973 4974
f 4975 4976 4977
f 4978 4979 4980
f 4981 4982 4983
f 4984 4985 4986
f 4987 4988 4989
f 4990 4991 4992
f 4993 4994 4995
f 4996 4997 4998
f 4999 5000 5001
f 5002 5003 5004
f 5005 5006 5007
f 5008 5009 5010
f 5011 5012 5013
f 5014 5015 5016
f 5017 5018 5019
f 5020 5021 5022
f 5023 5024 5025
f 5026 5027 5028
f 5029 5030 5031
f 5032 5033 5034
f 5035 5036 5037
f 5038 5039 5040
f 5041 5042 5043
f 5044 5045 5046
f 5047 5048 5049
f 5050 5051 5052
f 5053 5054 5055
f 5056 5057 5058
f 5059 5060 5061
f 5062 5063 5064
f 5065 5066 5067
f 5068 5069 5070
f 5071 5072 5073
f 5074 5075 5076
f 5077 5078 5079
f 5080 5081 5082
f 5083 5084 5085
f 5086 5087 5088
f 5089 5090 5091
f 5092 5093 5094
f 5095 5096 5097
f 5098 5099 5100
f 5101 5102 5103
f 5104 5105 5106
f 5107 5108 5109
f 5110 5111 5112
f 5113 5114 5115
f 5116 5117 5118
f 5119 5120 5121
f 5122 5123 5124
f 5125 5126 5127
f 5128 5129 5130
f 5131 5132 5133
f 5134 5135 5136
f 5137 5138 5139
f 5140 5141 5142
f 5143 5144 5145
f 5146 5147 5148
f 5149 5150 5151
f 5152 5153 5154
f 5155 5156 5157
f 5158 5159 5160
f 5161 5162 5163
f 5164 5165 5166
f 5167 5168 5169
f 5170 5171 5172
f 5173 5174 5175
f 5176 5177 5178
