mtllib elfin10_l_elfin_link1_visuals_elfin_link1_node_STL_BINARY__mesh.mtl
v -0.03692904859781265 0.08715907484292984 0.29987651109695435
v -0.03575986623764038 0.08705535531044006 0.30106207728385925
v 0.03613720089197159 0.08708803355693817 0.3006882965564728
v -0.03526763245463371 0.09348320960998535 0.22759124636650085
v -0.037474147975444794 0.09330034255981445 0.22968147695064545
v 0.03613720089197159 0.08708803355693817 0.3006882965564728
v 0.03613720089197159 0.08708803355693817 0.3006882965564728
v -0.037474147975444794 0.09330034255981445 0.22968147695064545
v -0.04178176820278168 0.09286520630121231 0.23465508222579956
v -0.030548566952347755 0.08666246384382248 0.30555281043052673
v -0.024825265631079674 0.08633460104465485 0.3093002736568451
v 0.03524020314216614 0.0870111957192421 0.30156657099723816
v 0.04064445570111275 0.08753807842731476 0.295544296503067
v 0.03188350424170494 0.0937240943312645 0.22483773529529572
v 0.03700313717126846 0.08716577291488647 0.29979971051216125
v 0.03700313717126846 0.08716577291488647 0.29979971051216125
v 0.03188350424170494 0.0937240943312645 0.22483773529529572
v 0.03025200590491295 0.09382566064596176 0.22367680072784424
v 0.03700313717126846 0.08716577291488647 0.29979971051216125
v 0.03025200590491295 0.09382566064596176 0.22367680072784424
v 0.026300597935914993 0.09403873234987259 0.22124139964580536
v 0.007019171956926584 0.09458262473344803 0.21502476930618286
v 3.3233063732041046e-05 0.09462068974971771 0.21458977460861206
v 0.03613720089197159 0.08708803355693817 0.3006882965564728
v -0.04178176820278168 0.09286520630121231 0.23465508222579956
v -0.04538637027144432 0.09238148480653763 0.24018406867980957
v 0.03613720089197159 0.08708803355693817 0.3006882965564728
v 0.03613720089197159 0.08708803355693817 0.3006882965564728
v -0.04538637027144432 0.09238148480653763 0.24018406867980957
v -0.04819047451019287 0.09186239540576935 0.24611727893352509
v 0.03613720089197159 0.08708803355693817 0.3006882965564728
v -0.04819047451019287 0.09186239540576935 0.24611727893352509
v -0.049343399703502655 0.09157557040452957 0.24939575791358948
v 0.03613720089197159 0.08708803355693817 0.3006882965564728
v -0.03575986623764038 0.08705535531044006 0.30106207728385925
v 0.03524020314216614 0.0870111957192421 0.30156657099723816
v 0.03524020314216614 0.0870111957192421 0.30156657099723816
v -0.03575986623764038 0.08705535531044006 0.30106207728385925
v -0.03515831381082535 0.08700443804264069 0.3016439974308014
v 0.03524020314216614 0.0870111957192421 0.30156657099723816
v -0.03515831381082535 0.08700443804264069 0.3016439974308014
v -0.030548566952347755 0.08666246384382248 0.30555281043052673
v 0.025426922366023064 0.08636478334665298 0.3089551627635956
v 0.031036239117383957 0.08669495582580566 0.30518123507499695
v -8.250060636783019e-05 0.08576054126024246 0.3158617317676544
v 0.026300597935914993 0.09403873234987259 0.22124139964580536
v 0.02023010328412056 0.09428926557302475 0.21837779879570007
v 0.03700313717126846 0.08716577291488647 0.29979971051216125
v 0.03700313717126846 0.08716577291488647 0.29979971051216125
v 0.02023010328412056 0.09428926557302475 0.21837779879570007
v 0.015548987314105034 0.09442917257547379 0.2167787253856659
v 0.03700313717126846 0.08716577291488647 0.29979971051216125
v 0.015548987314105034 0.09442917257547379 0.2167787253856659
v 0.03613720089197159 0.08708803355693817 0.3006882965564728
v 0.03613720089197159 0.08708803355693817 0.3006882965564728
v 0.015548987314105034 0.09442917257547379 0.2167787253856659
v 0.013824890367686749 0.09447026997804642 0.21630893647670746
v 0.03613720089197159 0.08708803355693817 0.3006882965564728
v 0.013824890367686749 0.09447026997804642 0.21630893647670746
v 0.007019171956926584 0.09458262473344803 0.21502476930618286
v -0.049343399703502655 0.09157557040452957 0.24939575791358948
v -0.0501641184091568 0.09131669998168945 0.2523546516895294
v 0.03613720089197159 0.08708803355693817 0.3006882965564728
v 0.03613720089197159 0.08708803355693817 0.3006882965564728
v -0.0501641184091568 0.09131669998168945 0.2523546516895294
v -0.051290113478899 0.09074873477220535 0.2588465213775635
v 0.03613720089197159 0.08708803355693817 0.3006882965564728
v -0.051290113478899 0.09074873477220535 0.2588465213775635
v -0.05154942721128464 0.09023966640233994 0.2646651864051819
v -8.250060636783019e-05 0.08576054126024246 0.3158617317676544
v 0.031036239117383957 0.08669495582580566 0.30518123507499695
v -0.0056686545722186565 0.08578885346651077 0.3155381381511688
v -0.047332774847745895 0.08853564411401749 0.28414228558540344
v -0.04422145336866379 0.08800045400857925 0.29025954008102417
v 0.03613720089197159 0.08708803355693817 0.3006882965564728
v 0.03613720089197159 0.08708803355693817 0.3006882965564728
v -0.04422145336866379 0.08800045400857925 0.29025954008102417
v -0.04033876210451126 0.08750364184379578 0.29593807458877563
v 0.03613720089197159 0.08708803355693817 0.3006882965564728
v -0.04033876210451126 0.08750364184379578 0.29593807458877563
v -0.03692904859781265 0.08715907484292984 0.29987651109695435
v 0.04971137270331383 0.09146714210510254 0.2506348192691803
v 0.04446052387356758 0.08803609758615494 0.2898518145084381
v 0.04751965403556824 0.08857417851686478 0.2837015688419342
v 3.3233063732041046e-05 0.09462068974971771 0.21458977460861206
v -0.007041752338409424 0.09458240121603012 0.215027317404747
v 0.03613720089197159 0.08708803355693817 0.3006882965564728
v 0.03613720089197159 0.08708803355693817 0.3006882965564728
v -0.007041752338409424 0.09458240121603012 0.215027317404747
v -0.014017589390277863 0.09446592628955841 0.2163587063550949
v 0.03613720089197159 0.08708803355693817 0.3006882965564728
v -0.014017589390277863 0.09446592628955841 0.2163587063550949
v -0.020645612850785255 0.09427472203969955 0.21854418516159058
v -0.05154942721128464 0.09023966640233994 0.2646651864051819
v -0.05101153254508972 0.08966470509767532 0.2712370455265045
v 0.03613720089197159 0.08708803355693817 0.3006882965564728
v 0.03613720089197159 0.08708803355693817 0.3006882965564728
v -0.05101153254508972 0.08966470509767532 0.2712370455265045
v -0.04960004240274429 0.08909306675195694 0.2777709364891052
v 0.03613720089197159 0.08708803355693817 0.3006882965564728
v -0.04960004240274429 0.08909306675195694 0.2777709364891052
v -0.047332774847745895 0.08853564411401749 0.28414228558540344
v -0.024825265631079674 0.08633460104465485 0.3093002736568451
v -0.02109985612332821 0.08616791665554047 0.3112054765224457
v 0.03524020314216614 0.0870111957192421 0.30156657099723816
v 0.03524020314216614 0.0870111957192421 0.30156657099723816
v -0.02109985612332821 0.08616791665554047 0.3112054765224457
v -0.01870524324476719 0.0860777348279953 0.3122362494468689
v 0.03524020314216614 0.0870111957192421 0.30156657099723816
v -0.01870524324476719 0.0860777348279953 0.3122362494468689
v 0.031036239117383957 0.08669495582580566 0.30518123507499695
v 0.031036239117383957 0.08669495582580566 0.30518123507499695
v -0.01870524324476719 0.0860777348279953 0.3122362494468689
v -0.01230319682508707 0.08589533716440201 0.3143210709095001
v 0.031036239117383957 0.08669495582580566 0.30518123507499695
v -0.01230319682508707 0.08589533716440201 0.3143210709095001
v -0.0056686545722186565 0.08578885346651077 0.3155381381511688
v 0.044951509684324265 0.09244806319475174 0.2394227832555771
v 0.04125889390707016 0.09292479604482651 0.23397375643253326
v 0.04064445570111275 0.08753807842731476 0.295544296503067
v 0.04064445570111275 0.08753807842731476 0.295544296503067
v 0.04125889390707016 0.09292479604482651 0.23397375643253326
v 0.03685995936393738 0.09335357695817947 0.22907273471355438
v 0.04064445570111275 0.08753807842731476 0.295544296503067
v 0.03685995936393738 0.09335357695817947 0.22907273471355438
v 0.03188350424170494 0.0937240943312645 0.22483773529529572
v -0.020645612850785255 0.09427472203969955 0.21854418516159058
v -0.026817232370376587 0.09401334077119827 0.22153177857398987
v 0.03613720089197159 0.08708803355693817 0.3006882965564728
v 0.03613720089197159 0.08708803355693817 0.3006882965564728
v -0.026817232370376587 0.09401334077119827 0.22153177857398987
v -0.032468121498823166 0.0936855673789978 0.22527830302715302
v 0.03613720089197159 0.08708803355693817 0.3006882965564728
v -0.032468121498823166 0.0936855673789978 0.22527830302715302
v -0.03526763245463371 0.09348320960998535 0.22759124636650085
v 0.006547306664288044 0.08579839020967484 0.31542909145355225
v 0.013099327683448792 0.08591354638338089 0.3141128122806549
v -8.250060636783019e-05 0.08576054126024246 0.3158617317676544
v -8.250060636783019e-05 0.08576054126024246 0.3158617317676544
v 0.013099327683448792 0.08591354638338089 0.3141128122806549
v 0.019445206969976425 0.08610420674085617 0.31193360686302185
v -8.250060636783019e-05 0.08576054126024246 0.3158617317676544
v 0.019445206969976425 0.08610420674085617 0.31193360686302185
v 0.025426922366023064 0.08636478334665298 0.3089551627635956
v 0.04446052387356758 0.08803609758615494 0.2898518145084381
v 0.04971137270331383 0.09146714210510254 0.2506348192691803
v 0.04064445570111275 0.08753807842731476 0.295544296503067
v 0.04064445570111275 0.08753807842731476 0.295544296503067
v 0.04971137270331383 0.09146714210510254 0.2506348192691803
v 0.04786960035562515 0.0919320359826088 0.24532103538513184
v 0.04064445570111275 0.08753807842731476 0.295544296503067
v 0.04786960035562515 0.0919320359826088 0.24532103538513184
v 0.044951509684324265 0.09244806319475174 0.2394227832555771
v 0.04751965403556824 0.08857417851686478 0.2837015688419342
v 0.04976921156048775 0.08914622664451599 0.27716299891471863
v 0.04971137270331383 0.09146714210510254 0.2506348192691803
v 0.04971137270331383 0.09146714210510254 0.2506348192691803
v 0.04976921156048775 0.08914622664451599 0.27716299891471863
v 0.05111844092607498 0.08973105251789093 0.27047836780548096
v 0.04971137270331383 0.09146714210510254 0.2506348192691803
v 0.05111844092607498 0.08973105251789093 0.27047836780548096
v 0.0510735847055912 0.09090279787778854 0.25708529353141785
v 0.0510735847055912 0.09090279787778854 0.25708529353141785
v 0.05111844092607498 0.08973105251789093 0.27047836780548096
v 0.05155479535460472 0.09031824767589569 0.26376673579216003
v -0.04819047451019287 0.09186239540576935 0.24611727893352509
v -0.049242567270994186 0.09352054446935654 0.24468189477920532
v -0.049343399703502655 0.09157557040452957 0.24939575791358948
v -0.032468121498823166 0.0936855673789978 0.22527830302715302
v -0.035196468234062195 0.09662692248821259 0.22404822707176208
v -0.03526763245463371 0.09348320960998535 0.22759124636650085
v -0.014017589390277863 0.09446592628955841 0.2163587063550949
v -0.02113799750804901 0.09610548615455627 0.21703137457370758
v -0.020645612850785255 0.09427472203969955 0.21854418516159058
v 0.04971137270331383 0.09146714210510254 0.2506348192691803
v 0.049209997057914734 0.09353169798851013 0.2445947527885437
v 0.04786960035562515 0.0919320359826088 0.24532103538513184
v 0.04751965403556824 0.08857417851686478 0.2837015688419342
v 0.04924091696739197 0.0889957919716835 0.27901703119277954
v 0.04976921156048775 0.08914622664451599 0.27716299891471863
v 0.013099327683448792 0.08591354638338089 0.3141128122806549
v 0.02114252932369709 0.08810573071241379 0.31377026438713074
v 0.019445206969976425 0.08610420674085617 0.31193360686302185
v 0.03785638511180878 0.09073188155889511 0.30493634939193726
v 0.035200994461774826 0.0903150737285614 0.3069824278354645
v 0.03246385604143143 0.09033721685409546 0.30944979190826416
v 0.042681802064180374 0.09118538349866867 0.29974979162216187
v 0.042227134108543396 0.09101641178131104 0.30007442831993103
v 0.03785638511180878 0.09073188155889511 0.30493634939193726
v 0.05288030579686165 0.09281979501247406 0.2810784578323364
v 0.049247097223997116 0.09080396592617035 0.2861292362213135
v 0.05026102811098099 0.09223760664463043 0.2877269983291626
v 0.03834130987524986 0.09769591689109802 0.22533540427684784
v 0.042165301740169525 0.09598635882139206 0.230885848402977
v 0.04309649392962456 0.09726586192846298 0.23025496304035187
v 0.032989755272865295 0.09806940704584122 0.2210669219493866
v 0.03512679040431976 0.09663759171962738 0.2239862084388733
v 0.03834130987524986 0.09769591689109802 0.22533540427684784
v 0.020732847973704338 0.09863079339265823 0.21464894711971283
v 0.021055957302451134 0.09611243009567261 0.21699421107769012
v 0.027105307206511497 0.09838265180587769 0.21749326586723328
v -0.043839871883392334 0.09718775749206543 0.23115183413028717
v -0.04222261160612106 0.0959753468632698 0.230960413813591
v -0.03919126093387604 0.09762678295373917 0.2261257916688919
v -0.04139462858438492 0.0910535380244255 0.30126315355300903
v -0.042160775512456894 0.091008260846138 0.30014923214912415
v -0.04576342552900314 0.09154617041349411 0.29562699794769287
v -0.03073146753013134 0.09022960066795349 0.3106750249862671
v -0.03512226417660713 0.09030608832836151 0.3070445954799652
v -0.03634621575474739 0.09061073511838913 0.30631837248802185
v -0.024636831134557724 0.08991550654172897 0.31427201628685
v -0.018175210803747177 0.08967263251543045 0.3170468211174011
v -0.021051427349448204 0.08810032159090042 0.31380754709243774
v -0.021051427349448204 0.08810032159090042 0.31380754709243774
v -0.018175210803747177 0.08967263251543045 0.3170468211174011
v -0.01230319682508707 0.08589533716440201 0.3143210709095001
v -0.01230319682508707 0.08589533716440201 0.3143210709095001
v -0.01870524324476719 0.0860777348279953 0.3122362494468689
v -0.021051427349448204 0.08810032159090042 0.31380754709243774
v -0.021051427349448204 0.08810032159090042 0.31380754709243774
v -0.01870524324476719 0.0860777348279953 0.3122362494468689
v -0.02109985612332821 0.08616791665554047 0.3112054765224457
v -0.021051427349448204 0.08810032159090042 0.31380754709243774
v -0.02109985612332821 0.08616791665554047 0.3112054765224457
v -0.024636831134557724 0.08991550654172897 0.31427201628685
v -0.024636831134557724 0.08991550654172897 0.31427201628685
v -0.02109985612332821 0.08616791665554047 0.3112054765224457
v -0.024825265631079674 0.08633460104465485 0.3093002736568451
v -0.024636831134557724 0.08991550654172897 0.31427201628685
v -0.024825265631079674 0.08633460104465485 0.3093002736568451
v -0.03073146753013134 0.09022960066795349 0.3106750249862671
v -0.03073146753013134 0.09022960066795349 0.3106750249862671
v -0.024825265631079674 0.08633460104465485 0.3093002736568451
v -0.030548566952347755 0.08666246384382248 0.30555281043052673
v -0.03073146753013134 0.09022960066795349 0.3106750249862671
v -0.030548566952347755 0.08666246384382248 0.30555281043052673
v -0.03512226417660713 0.09030608832836151 0.3070445954799652
v -0.03512226417660713 0.09030608832836151 0.3070445954799652
v -0.030548566952347755 0.08666246384382248 0.30555281043052673
v -0.03515831381082535 0.08700443804264069 0.3016439974308014
v -0.03512226417660713 0.09030608832836151 0.3070445954799652
v -0.03515831381082535 0.08700443804264069 0.3016439974308014
v -0.03634621575474739 0.09061073511838913 0.30631837248802185
v -0.03634621575474739 0.09061073511838913 0.30631837248802185
v -0.03515831381082535 0.08700443804264069 0.3016439974308014
v -0.03575986623764038 0.08705535531044006 0.30106207728385925
v -0.03634621575474739 0.09061073511838913 0.30631837248802185
v -0.03575986623764038 0.08705535531044006 0.30106207728385925
v -0.04139462858438492 0.0910535380244255 0.30126315355300903
v -0.04139462858438492 0.0910535380244255 0.30126315355300903
v -0.03575986623764038 0.08705535531044006 0.30106207728385925
v -0.03692904859781265 0.08715907484292984 0.29987651109695435
v -0.04139462858438492 0.0910535380244255 0.30126315355300903
v -0.03692904859781265 0.08715907484292984 0.29987651109695435
v -0.042160775512456894 0.091008260846138 0.30014923214912415
v -0.042160775512456894 0.091008260846138 0.30014923214912415
v -0.03692904859781265 0.08715907484292984 0.29987651109695435
v -0.04033876210451126 0.08750364184379578 0.29593807458877563
v -0.042160775512456894 0.091008260846138 0.30014923214912415
v -0.04033876210451126 0.08750364184379578 0.29593807458877563
v -0.04576342552900314 0.09154617041349411 0.29562699794769287
v -0.04576342552900314 0.09154617041349411 0.29562699794769287
v -0.04033876210451126 0.08750364184379578 0.29593807458877563
v -0.04422145336866379 0.08800045400857925 0.29025954008102417
v -0.04576342552900314 0.09154617041349411 0.29562699794769287
v -0.04422145336866379 0.08800045400857925 0.29025954008102417
v -0.04725918173789978 0.09174901247024536 0.29330945014953613
v -0.04960004240274429 0.08909306675195694 0.2777709364891052
v -0.049211643636226654 0.08898582309484482 0.2791042625904083
v -0.047332774847745895 0.08853564411401749 0.28414228558540344
v -0.047332774847745895 0.08853564411401749 0.28414228558540344
v -0.049211643636226654 0.08898582309484482 0.2791042625904083
v -0.049205467104911804 0.09079376608133316 0.28621646761894226
v -0.047332774847745895 0.08853564411401749 0.28414228558540344
v -0.049205467104911804 0.09079376608133316 0.28621646761894226
v -0.04422145336866379 0.08800045400857925 0.29025954008102417
v -0.04422145336866379 0.08800045400857925 0.29025954008102417
v -0.049205467104911804 0.09079376608133316 0.28621646761894226
v -0.04922161251306534 0.09205325692892075 0.2898343801498413
v -0.04422145336866379 0.08800045400857925 0.29025954008102417
v -0.04922161251306534 0.09205325692892075 0.2898343801498413
v -0.04725918173789978 0.09174901247024536 0.29330945014953613
v -0.0501641184091568 0.09131669998168945 0.2523546516895294
v -0.05487216264009476 0.09502935409545898 0.2558138072490692
v -0.051290113478899 0.09074873477220535 0.2588465213775635
v -0.051290113478899 0.09074873477220535 0.2588465213775635
v -0.05487216264009476 0.09502935409545898 0.2558138072490692
v -0.055529914796352386 0.09443216025829315 0.2626364231109619
v -0.051290113478899 0.09074873477220535 0.2588465213775635
v -0.055529914796352386 0.09443216025829315 0.2626364231109619
v -0.05154942721128464 0.09023966640233994 0.2646651864051819
v -0.05154942721128464 0.09023966640233994 0.2646651864051819
v -0.055529914796352386 0.09443216025829315 0.2626364231109619
v -0.055301353335380554 0.09383589029312134 0.2694666385650635
v -0.05154942721128464 0.09023966640233994 0.2646651864051819
v -0.055301353335380554 0.09383589029312134 0.2694666385650635
v -0.05101153254508972 0.08966470509767532 0.2712370455265045
v -0.05101153254508972 0.08966470509767532 0.2712370455265045
v -0.055301353335380554 0.09383589029312134 0.2694666385650635
v -0.054190583527088165 0.09323670715093613 0.2763047218322754
v -0.05101153254508972 0.08966470509767532 0.2712370455265045
v -0.054190583527088165 0.09323670715093613 0.2763047218322754
v -0.04960004240274429 0.08909306675195694 0.2777709364891052
v -0.04960004240274429 0.08909306675195694 0.2777709364891052
v -0.054190583527088165 0.09323670715093613 0.2763047218322754
v -0.05337207391858101 0.09296032041311264 0.2794720530509949
v -0.04960004240274429 0.08909306675195694 0.2777709364891052
v -0.05337207391858101 0.09296032041311264 0.2794720530509949
v -0.049211643636226654 0.08898582309484482 0.2791042625904083
v -0.049211643636226654 0.08898582309484482 0.2791042625904083
v -0.05337207391858101 0.09296032041311264 0.2794720530509949
v -0.05222659558057785 0.09265273064374924 0.2829865515232086
v -0.049211643636226654 0.08898582309484482 0.2791042625904083
v -0.05222659558057785 0.09265273064374924 0.2829865515232086
v -0.049205467104911804 0.09079376608133316 0.28621646761894226
v -0.049205467104911804 0.09079376608133316 0.28621646761894226
v -0.05222659558057785 0.09265273064374924 0.2829865515232086
v -0.04939481243491173 0.09208264946937561 0.2894981801509857
v -0.049205467104911804 0.09079376608133316 0.28621646761894226
v -0.04939481243491173 0.09208264946937561 0.2894981801509857
v -0.04922161251306534 0.09205325692892075 0.2898343801498413
v -0.04819047451019287 0.09186239540576935 0.24611727893352509
v -0.04779370501637459 0.09669816493988037 0.23673872649669647
v -0.049242567270994186 0.09352054446935654 0.24468189477920532
v -0.049242567270994186 0.09352054446935654 0.24468189477920532
v -0.04779370501637459 0.09669816493988037 0.23673872649669647
v -0.050980474799871445 0.09616941213607788 0.24278338253498077
v -0.049242567270994186 0.09352054446935654 0.24468189477920532
v -0.050980474799871445 0.09616941213607788 0.24278338253498077
v -0.049343399703502655 0.09157557040452957 0.24939575791358948
v -0.049343399703502655 0.09157557040452957 0.24939575791358948
v -0.050980474799871445 0.09616941213607788 0.24278338253498077
v -0.05333871766924858 0.09561434388160706 0.24913600087165833
v -0.049343399703502655 0.09157557040452957 0.24939575791358948
v -0.05333871766924858 0.09561434388160706 0.24913600087165833
v -0.0501641184091568 0.09131669998168945 0.2523546516895294
v -0.0501641184091568 0.09131669998168945 0.2523546516895294
v -0.05333871766924858 0.09561434388160706 0.24913600087165833
v -0.054055191576480865 0.09538283199071884 0.25177937746047974
v -0.0501641184091568 0.09131669998168945 0.2523546516895294
v -0.054055191576480865 0.09538283199071884 0.25177937746047974
v -0.05487216264009476 0.09502935409545898 0.2558138072490692
v -0.04819047451019287 0.09186239540576935 0.24611727893352509
v -0.04538637027144432 0.09238148480653763 0.24018406867980957
v -0.04779370501637459 0.09669816493988037 0.23673872649669647
v -0.04779370501637459 0.09669816493988037 0.23673872649669647
v -0.04538637027144432 0.09238148480653763 0.24018406867980957
v -0.04178176820278168 0.09286520630121231 0.23465508222579956
v -0.04779370501637459 0.09669816493988037 0.23673872649669647
v -0.04178176820278168 0.09286520630121231 0.23465508222579956
v -0.043839871883392334 0.09718775749206543 0.23115183413028717
v -0.03526763245463371 0.09348320960998535 0.22759124636650085
v -0.035196468234062195 0.09662692248821259 0.22404822707176208
v -0.037474147975444794 0.09330034255981445 0.22968147695064545
v -0.026817232370376587 0.09401334077119827 0.22153177857398987
v -0.027939926832914352 0.09834307432174683 0.21793939173221588
v -0.03386189416050911 0.09801506251096725 0.22168834507465363
v -0.043839871883392334 0.09718775749206543 0.23115183413028717
v -0.04178176820278168 0.09286520630121231 0.23465508222579956
v -0.04222261160612106 0.0959753468632698 0.230960413813591
v -0.04222261160612106 0.0959753468632698 0.230960413813591
v -0.04178176820278168 0.09286520630121231 0.23465508222579956
v -0.037474147975444794 0.09330034255981445 0.22968147695064545
v -0.04222261160612106 0.0959753468632698 0.230960413813591
v -0.037474147975444794 0.09330034255981445 0.22968147695064545
v -0.03919126093387604 0.09762678295373917 0.2261257916688919
v -0.03919126093387604 0.09762678295373917 0.2261257916688919
v -0.037474147975444794 0.09330034255981445 0.22968147695064545
v -0.035196468234062195 0.09662692248821259 0.22404822707176208
v -0.03919126093387604 0.09762678295373917 0.2261257916688919
v -0.035196468234062195 0.09662692248821259 0.22404822707176208
v -0.03386189416050911 0.09801506251096725 0.22168834507465363
v -0.03386189416050911 0.09801506251096725 0.22168834507465363
v -0.035196468234062195 0.09662692248821259 0.22404822707176208
v -0.032468121498823166 0.0936855673789978 0.22527830302715302
v -0.03386189416050911 0.09801506251096725 0.22168834507465363
v -0.032468121498823166 0.0936855673789978 0.22527830302715302
v -0.026817232370376587 0.09401334077119827 0.22153177857398987
v -0.026817232370376587 0.09401334077119827 0.22153177857398987
v -0.020645612850785255 0.09427472203969955 0.21854418516159058
v -0.027939926832914352 0.09834307432174683 0.21793939173221588
v -0.027939926832914352 0.09834307432174683 0.21793939173221588
v -0.020645612850785255 0.09427472203969955 0.21854418516159058
v -0.02113799750804901 0.09610548615455627 0.21703137457370758
v -0.027939926832914352 0.09834307432174683 0.21793939173221588
v -0.02113799750804901 0.09610548615455627 0.21703137457370758
v -0.02143027074635029 0.09860749542713165 0.21491515636444092
v -0.02143027074635029 0.09860749542713165 0.21491515636444092
v -0.02113799750804901 0.09610548615455627 0.21703137457370758
v -0.014017589390277863 0.09446592628955841 0.2163587063550949
v -0.02143027074635029 0.09860749542713165 0.21491515636444092
v -0.014017589390277863 0.09446592628955841 0.2163587063550949
v -0.014542016200721264 0.09879950433969498 0.212728351354599
v -0.014542016200721264 0.09879950433969498 0.212728351354599
v -0.014017589390277863 0.09446592628955841 0.2163587063550949
v -0.007041752338409424 0.09458240121603012 0.215027317404747
v -0.014542016200721264 0.09879950433969498 0.212728351354599
v -0.007041752338409424 0.09458240121603012 0.215027317404747
v -0.007329894695430994 0.09891575574874878 0.21139611303806305
v -0.007329894695430994 0.09891575574874878 0.21139611303806305
v -0.007041752338409424 0.09458240121603012 0.215027317404747
v 3.3233063732041046e-05 0.09462068974971771 0.21458977460861206
v -0.007329894695430994 0.09891575574874878 0.21139611303806305
v 3.3233063732041046e-05 0.09462068974971771 0.21458977460861206
v -8.349363270099275e-06 0.09895412623882294 0.21095360815525055
v -8.349363270099275e-06 0.09895412623882294 0.21095360815525055
v 3.3233063732041046e-05 0.09462068974971771 0.21458977460861206
v 0.007019171956926584 0.09458262473344803 0.21502476930618286
v -8.349363270099275e-06 0.09895412623882294 0.21095360815525055
v 0.007019171956926584 0.09458262473344803 0.21502476930618286
v 0.006957548204809427 0.09892008453607559 0.21135251224040985
v 0.006957548204809427 0.09892008453607559 0.21135251224040985
v 0.007019171956926584 0.09458262473344803 0.21502476930618286
v 0.013824890367686749 0.09447026997804642 0.21630893647670746
v 0.006957548204809427 0.09892008453607559 0.21135251224040985
v 0.013824890367686749 0.09447026997804642 0.21630893647670746
v 0.01401964295655489 0.09881025552749634 0.212599977850914
v 0.01401964295655489 0.09881025552749634 0.212599977850914
v 0.013824890367686749 0.09447026997804642 0.21630893647670746
v 0.015548987314105034 0.09442917257547379 0.2167787253856659
v 0.01401964295655489 0.09881025552749634 0.212599977850914
v 0.015548987314105034 0.09442917257547379 0.2167787253856659
v 0.020732847973704338 0.09863079339265823 0.21464894711971283
v 0.020732847973704338 0.09863079339265823 0.21464894711971283
v 0.015548987314105034 0.09442917257547379 0.2167787253856659
v 0.021055957302451134 0.09611243009567261 0.21699421107769012
v 0.021055957302451134 0.09611243009567261 0.21699421107769012
v 0.015548987314105034 0.09442917257547379 0.2167787253856659
v 0.02023010328412056 0.09428926557302475 0.21837779879570007
v 0.021055957302451134 0.09611243009567261 0.21699421107769012
v 0.02023010328412056 0.09428926557302475 0.21837779879570007
v 0.027105307206511497 0.09838265180587769 0.21749326586723328
v 0.027105307206511497 0.09838265180587769 0.21749326586723328
v 0.02023010328412056 0.09428926557302475 0.21837779879570007
v 0.026300597935914993 0.09403873234987259 0.22124139964580536
v 0.027105307206511497 0.09838265180587769 0.21749326586723328
v 0.026300597935914993 0.09403873234987259 0.22124139964580536
v 0.032989755272865295 0.09806940704584122 0.2210669219493866
v 0.032989755272865295 0.09806940704584122 0.2210669219493866
v 0.026300597935914993 0.09403873234987259 0.22124139964580536
v 0.03025200590491295 0.09382566064596176 0.22367680072784424
v 0.032989755272865295 0.09806940704584122 0.2210669219493866
v 0.03025200590491295 0.09382566064596176 0.22367680072784424
v 0.03512679040431976 0.09663759171962738 0.2239862084388733
v 0.03512679040431976 0.09663759171962738 0.2239862084388733
v 0.03025200590491295 0.09382566064596176 0.22367680072784424
v 0.03188350424170494 0.0937240943312645 0.22483773529529572
v 0.03512679040431976 0.09663759171962738 0.2239862084388733
v 0.03188350424170494 0.0937240943312645 0.22483773529529572
v 0.03834130987524986 0.09769591689109802 0.22533540427684784
v 0.03834130987524986 0.09769591689109802 0.22533540427684784
v 0.03188350424170494 0.0937240943312645 0.22483773529529572
v 0.03685995936393738 0.09335357695817947 0.22907273471355438
v 0.03834130987524986 0.09769591689109802 0.22533540427684784
v 0.03685995936393738 0.09335357695817947 0.22907273471355438
v 0.042165301740169525 0.09598635882139206 0.230885848402977
v 0.042165301740169525 0.09598635882139206 0.230885848402977
v 0.03685995936393738 0.09335357695817947 0.22907273471355438
v 0.04125889390707016 0.09292479604482651 0.23397375643253326
v 0.042165301740169525 0.09598635882139206 0.230885848402977
v 0.04125889390707016 0.09292479604482651 0.23397375643253326
v 0.044951509684324265 0.09244806319475174 0.2394227832555771
v 0.04786960035562515 0.0919320359826088 0.24532103538513184
v 0.049209997057914734 0.09353169798851013 0.2445947527885437
v 0.044951509684324265 0.09244806319475174 0.2394227832555771
v 0.04309649392962456 0.09726586192846298 0.23025496304035187
v 0.042165301740169525 0.09598635882139206 0.230885848402977
v 0.04695659503340721 0.09681367874145508 0.2354208081960678
v 0.04695659503340721 0.09681367874145508 0.2354208081960678
v 0.042165301740169525 0.09598635882139206 0.230885848402977
v 0.044951509684324265 0.09244806319475174 0.2394227832555771
v 0.04695659503340721 0.09681367874145508 0.2354208081960678
v 0.044951509684324265 0.09244806319475174 0.2394227832555771
v 0.04845041781663895 0.09660268574953079 0.2378392219543457
v 0.04845041781663895 0.09660268574953079 0.2378392219543457
v 0.044951509684324265 0.09244806319475174 0.2394227832555771
v 0.049209997057914734 0.09353169798851013 0.2445947527885437
v 0.04845041781663895 0.09660268574953079 0.2378392219543457
v 0.049209997057914734 0.09353169798851013 0.2445947527885437
v 0.05032288655638695 0.09629365056753159 0.2413678616285324
v 0.05032288655638695 0.09629365056753159 0.2413678616285324
v 0.049209997057914734 0.09353169798851013 0.2445947527885437
v 0.05289190635085106 0.09573758393526077 0.24771751463413239
v 0.05289190635085106 0.09573758393526077 0.24771751463413239
v 0.049209997057914734 0.09353169798851013 0.2445947527885437
v 0.04971137270331383 0.09146714210510254 0.2506348192691803
v 0.05289190635085106 0.09573758393526077 0.24771751463413239
v 0.04971137270331383 0.09146714210510254 0.2506348192691803
v 0.05461691692471504 0.09515587240457535 0.2543681561946869
v 0.05461691692471504 0.09515587240457535 0.2543681561946869
v 0.04971137270331383 0.09146714210510254 0.2506348192691803
v 0.0510735847055912 0.09090279787778854 0.25708529353141785
v 0.05461691692471504 0.09515587240457535 0.2543681561946869
v 0.0510735847055912 0.09090279787778854 0.25708529353141785
v 0.055401548743247986 0.09464212507009506 0.26024535298347473
v 0.055401548743247986 0.09464212507009506 0.26024535298347473
v 0.0510735847055912 0.09090279787778854 0.25708529353141785
v 0.05155479535460472 0.09031824767589569 0.26376673579216003
v 0.055401548743247986 0.09464212507009506 0.26024535298347473
v 0.05155479535460472 0.09031824767589569 0.26376673579216003
v 0.055475324392318726 0.09403504431247711 0.2671813666820526
v 0.055475324392318726 0.09403504431247711 0.2671813666820526
v 0.05155479535460472 0.09031824767589569 0.26376673579216003
v 0.05111844092607498 0.08973105251789093 0.27047836780548096
v 0.055475324392318726 0.09403504431247711 0.2671813666820526
v 0.05111844092607498 0.08973105251789093 0.27047836780548096
v 0.05492662265896797 0.09357448667287827 0.2724461555480957
v 0.05492662265896797 0.09357448667287827 0.2724461555480957
v 0.05111844092607498 0.08973105251789093 0.27047836780548096
v 0.054629601538181305 0.09342186897993088 0.2741878926753998
v 0.054629601538181305 0.09342186897993088 0.2741878926753998
v 0.05111844092607498 0.08973105251789093 0.27047836780548096
v 0.04976921156048775 0.08914622664451599 0.27716299891471863
v 0.054629601538181305 0.09342186897993088 0.2741878926753998
v 0.04976921156048775 0.08914622664451599 0.27716299891471863
v 0.05288030579686165 0.09281979501247406 0.2810784578323364
v 0.05288030579686165 0.09281979501247406 0.2810784578323364
v 0.04976921156048775 0.08914622664451599 0.27716299891471863
v 0.04924091696739197 0.0889957919716835 0.27901703119277954
v 0.05288030579686165 0.09281979501247406 0.2810784578323364
v 0.04924091696739197 0.0889957919716835 0.27901703119277954
v 0.049247097223997116 0.09080396592617035 0.2861292362213135
v 0.049247097223997116 0.09080396592617035 0.2861292362213135
v 0.04924091696739197 0.0889957919716835 0.27901703119277954
v 0.04751965403556824 0.08857417851686478 0.2837015688419342
v 0.049247097223997116 0.09080396592617035 0.2861292362213135
v 0.04751965403556824 0.08857417851686478 0.2837015688419342
v 0.04446052387356758 0.08803609758615494 0.2898518145084381
v 0.05026102811098099 0.09223760664463043 0.2877269983291626
v 0.049247097223997116 0.09080396592617035 0.2861292362213135
v 0.04684699699282646 0.09169119596481323 0.2939724922180176
v 0.04684699699282646 0.09169119596481323 0.2939724922180176
v 0.049247097223997116 0.09080396592617035 0.2861292362213135
v 0.04446052387356758 0.08803609758615494 0.2898518145084381
v 0.04684699699282646 0.09169119596481323 0.2939724922180176
v 0.04446052387356758 0.08803609758615494 0.2898518145084381
v 0.042681802064180374 0.09118538349866867 0.29974979162216187
v 0.042681802064180374 0.09118538349866867 0.29974979162216187
v 0.04446052387356758 0.08803609758615494 0.2898518145084381
v 0.04064445570111275 0.08753807842731476 0.295544296503067
v 0.042681802064180374 0.09118538349866867 0.29974979162216187
v 0.04064445570111275 0.08753807842731476 0.295544296503067
v 0.042227134108543396 0.09101641178131104 0.30007442831993103
v 0.042227134108543396 0.09101641178131104 0.30007442831993103
v 0.04064445570111275 0.08753807842731476 0.295544296503067
v 0.03700313717126846 0.08716577291488647 0.29979971051216125
v 0.042227134108543396 0.09101641178131104 0.30007442831993103
v 0.03700313717126846 0.08716577291488647 0.29979971051216125
v 0.03785638511180878 0.09073188155889511 0.30493634939193726
v 0.03785638511180878 0.09073188155889511 0.30493634939193726
v 0.03700313717126846 0.08716577291488647 0.29979971051216125
v 0.03613720089197159 0.08708803355693817 0.3006882965564728
v 0.03785638511180878 0.09073188155889511 0.30493634939193726
v 0.03613720089197159 0.08708803355693817 0.3006882965564728
v 0.035200994461774826 0.0903150737285614 0.3069824278354645
v 0.03613720089197159 0.08708803355693817 0.3006882965564728
v 0.03524020314216614 0.0870111957192421 0.30156657099723816
v 0.035200994461774826 0.0903150737285614 0.3069824278354645
v 0.035200994461774826 0.0903150737285614 0.3069824278354645
v 0.03524020314216614 0.0870111957192421 0.30156657099723816
v 0.031036239117383957 0.08669495582580566 0.30518123507499695
v 0.035200994461774826 0.0903150737285614 0.3069824278354645
v 0.031036239117383957 0.08669495582580566 0.30518123507499695
v 0.03246385604143143 0.09033721685409546 0.30944979190826416
v 0.03246385604143143 0.09033721685409546 0.30944979190826416
v 0.031036239117383957 0.08669495582580566 0.30518123507499695
v 0.025426922366023064 0.08636478334665298 0.3089551627635956
v 0.03246385604143143 0.09033721685409546 0.30944979190826416
v 0.025426922366023064 0.08636478334665298 0.3089551627635956
v 0.026562659069895744 0.09000465273857117 0.3132473826408386
v -0.018175210803747177 0.08967263251543045 0.3170468211174011
v -0.01144771371036768 0.08950444310903549 0.3189643621444702
v -0.01230319682508707 0.08589533716440201 0.3143210709095001
v -0.01230319682508707 0.08589533716440201 0.3143210709095001
v -0.01144771371036768 0.08950444310903549 0.3189643621444702
v -0.004550203215330839 0.08941438049077988 0.3200024664402008
v -0.01230319682508707 0.08589533716440201 0.3143210709095001
v -0.004550203215330839 0.08941438049077988 0.3200024664402008
v -0.0056686545722186565 0.08578885346651077 0.3155381381511688
v -0.0056686545722186565 0.08578885346651077 0.3155381381511688
v -0.004550203215330839 0.08941438049077988 0.3200024664402008
v 6.576025270987884e-07 0.08939669281244278 0.32019516825675964
v -0.0056686545722186565 0.08578885346651077 0.3155381381511688
v 6.576025270987884e-07 0.08939669281244278 0.32019516825675964
v -8.250060636783019e-05 0.08576054126024246 0.3158617317676544
v -8.250060636783019e-05 0.08576054126024246 0.3158617317676544
v 6.576025270987884e-07 0.08939669281244278 0.32019516825675964
v 0.006890727207064629 0.08943551778793335 0.3197520673274994
v -8.250060636783019e-05 0.08576054126024246 0.3158617317676544
v 0.006890727207064629 0.08943551778793335 0.3197520673274994
v 0.006547306664288044 0.08579839020967484 0.31542909145355225
v 0.006547306664288044 0.08579839020967484 0.31542909145355225
v 0.006890727207064629 0.08943551778793335 0.3197520673274994
v 0.013685718178749084 0.08955176174640656 0.3184296786785126
v 0.006547306664288044 0.08579839020967484 0.31542909145355225
v 0.013685718178749084 0.08955176174640656 0.3184296786785126
v 0.013099327683448792 0.08591354638338089 0.3141128122806549
v 0.013099327683448792 0.08591354638338089 0.3141128122806549
v 0.013685718178749084 0.08955176174640656 0.3184296786785126
v 0.020274311304092407 0.0897417813539505 0.3162517547607422
v 0.013099327683448792 0.08591354638338089 0.3141128122806549
v 0.020274311304092407 0.0897417813539505 0.3162517547607422
v 0.02114252932369709 0.08810573071241379 0.31377026438713074
v 0.02114252932369709 0.08810573071241379 0.31377026438713074
v 0.020274311304092407 0.0897417813539505 0.3162517547607422
v 0.026562659069895744 0.09000465273857117 0.3132473826408386
v 0.02114252932369709 0.08810573071241379 0.31377026438713074
v 0.026562659069895744 0.09000465273857117 0.3132473826408386
v 0.019445206969976425 0.08610420674085617 0.31193360686302185
v 0.019445206969976425 0.08610420674085617 0.31193360686302185
v 0.026562659069895744 0.09000465273857117 0.3132473826408386
v 0.025426922366023064 0.08636478334665298 0.3089551627635956
v -0.05721898376941681 0.09116406738758087 0.2999953329563141
v -0.052541911602020264 0.0905851274728775 0.306610643863678
v -0.04139462858438492 0.0910535380244255 0.30126315355300903
v -0.04139462858438492 0.0910535380244255 0.30126315355300903
v -0.052541911602020264 0.0905851274728775 0.306610643863678
v -0.04781711846590042 0.09011919796466827 0.31193745136260986
v -0.04139462858438492 0.0910535380244255 0.30126315355300903
v -0.04781711846590042 0.09011919796466827 0.31193745136260986
v -0.03634621575474739 0.09061073511838913 0.30631837248802185
v -0.03634621575474739 0.09061073511838913 0.30631837248802185
v -0.04781711846590042 0.09011919796466827 0.31193745136260986
v -0.042228423058986664 0.08967381715774536 0.3170250356197357
v -0.03634621575474739 0.09061073511838913 0.30631837248802185
v -0.042228423058986664 0.08967381715774536 0.3170250356197357
v -0.03073146753013134 0.09022960066795349 0.3106750249862671
v -0.03073146753013134 0.09022960066795349 0.3106750249862671
v -0.042228423058986664 0.08967381715774536 0.3170250356197357
v -0.036633118987083435 0.08931533992290497 0.32112547755241394
v -0.03073146753013134 0.09022960066795349 0.3106750249862671
v -0.036633118987083435 0.08931533992290497 0.32112547755241394
v -0.024636831134557724 0.08991550654172897 0.31427201628685
v -0.024636831134557724 0.08991550654172897 0.31427201628685
v -0.036633118987083435 0.08931533992290497 0.32112547755241394
v -0.029607634991407394 0.08896201848983765 0.3251623511314392
v -0.024636831134557724 0.08991550654172897 0.31427201628685
v -0.029607634991407394 0.08896201848983765 0.3251623511314392
v -0.018175210803747177 0.08967263251543045 0.3170468211174011
v -0.018175210803747177 0.08967263251543045 0.3170468211174011
v -0.029607634991407394 0.08896201848983765 0.3251623511314392
v -0.022657858207821846 0.08870125561952591 0.32814347743988037
v -0.018175210803747177 0.08967263251543045 0.3170468211174011
v -0.022657858207821846 0.08870125561952591 0.32814347743988037
v -0.01144771371036768 0.08950444310903549 0.3189643621444702
v -0.01144771371036768 0.08950444310903549 0.3189643621444702
v -0.022657858207821846 0.08870125561952591 0.32814347743988037
v -0.015273543074727058 0.08850773423910141 0.33035582304000854
v -0.01144771371036768 0.08950444310903549 0.3189643621444702
v -0.015273543074727058 0.08850773423910141 0.33035582304000854
v -0.004550203215330839 0.08941438049077988 0.3200024664402008
v -0.004550203215330839 0.08941438049077988 0.3200024664402008
v -0.015273543074727058 0.08850773423910141 0.33035582304000854
v -0.0076927682384848595 0.08839013427495956 0.33169758319854736
v -0.004550203215330839 0.08941438049077988 0.3200024664402008
v -0.0076927682384848595 0.08839013427495956 0.33169758319854736
v 6.576025270987884e-07 0.08939669281244278 0.32019516825675964
v -0.04139462858438492 0.0910535380244255 0.30126315355300903
v -0.04576342552900314 0.09154617041349411 0.29562699794769287
v -0.05721898376941681 0.09116406738758087 0.2999953329563141
v -0.05721898376941681 0.09116406738758087 0.2999953329563141
v -0.04576342552900314 0.09154617041349411 0.29562699794769287
v -0.04725918173789978 0.09174901247024536 0.29330945014953613
v -0.05721898376941681 0.09116406738758087 0.2999953329563141
v -0.04725918173789978 0.09174901247024536 0.29330945014953613
v -0.06089995056390762 0.09175163507461548 0.2932795584201813
v -0.04725918173789978 0.09174901247024536 0.29330945014953613
v -0.04922161251306534 0.09205325692892075 0.2898343801498413
v -0.06089995056390762 0.09175163507461548 0.2932795584201813
v -0.06089995056390762 0.09175163507461548 0.2932795584201813
v -0.04922161251306534 0.09205325692892075 0.2898343801498413
v -0.04939481243491173 0.09208264946937561 0.2894981801509857
v -0.06089995056390762 0.09175163507461548 0.2932795584201813
v -0.04939481243491173 0.09208264946937561 0.2894981801509857
v -0.06382965296506882 0.09237514436244965 0.2861533463001251
v -0.04939481243491173 0.09208264946937561 0.2894981801509857
v -0.05222659558057785 0.09265273064374924 0.2829865515232086
v -0.06382965296506882 0.09237514436244965 0.2861533463001251
v -0.06382965296506882 0.09237514436244965 0.2861533463001251
v -0.05222659558057785 0.09265273064374924 0.2829865515232086
v -0.05337207391858101 0.09296032041311264 0.2794720530509949
v -0.06382965296506882 0.09237514436244965 0.2861533463001251
v -0.05337207391858101 0.09296032041311264 0.2794720530509949
v -0.06591956317424774 0.09301545470952988 0.2788330912590027
v -0.06591956317424774 0.09301545470952988 0.2788330912590027
v -0.05337207391858101 0.09296032041311264 0.2794720530509949
v -0.054190583527088165 0.09323670715093613 0.2763047218322754
v -0.06591956317424774 0.09301545470952988 0.2788330912590027
v -0.054190583527088165 0.09323670715093613 0.2763047218322754
v -0.067141592502594 0.09364864230155945 0.271597683429718
v -0.067141592502594 0.09364864230155945 0.271597683429718
v -0.054190583527088165 0.09323670715093613 0.2763047218322754
v -0.055301353335380554 0.09383589029312134 0.2694666385650635
v -0.067141592502594 0.09364864230155945 0.271597683429718
v -0.055301353335380554 0.09383589029312134 0.2694666385650635
v -0.06755498051643372 0.0942743644118309 0.26444360613822937
v -0.06755498051643372 0.0942743644118309 0.26444360613822937
v -0.055301353335380554 0.09383589029312134 0.2694666385650635
v -0.055529914796352386 0.09443216025829315 0.2626364231109619
v -0.06755498051643372 0.0942743644118309 0.26444360613822937
v -0.055529914796352386 0.09443216025829315 0.2626364231109619
v -0.06717540323734283 0.09490098059177399 0.2572813630104065
v -0.06717540323734283 0.09490098059177399 0.2572813630104065
v -0.055529914796352386 0.09443216025829315 0.2626364231109619
v -0.05487216264009476 0.09502935409545898 0.2558138072490692
v -0.06717540323734283 0.09490098059177399 0.2572813630104065
v -0.05487216264009476 0.09502935409545898 0.2558138072490692
v -0.06590364128351212 0.09555987268686295 0.24975058436393738
v -0.06590364128351212 0.09555987268686295 0.24975058436393738
v -0.05487216264009476 0.09502935409545898 0.2558138072490692
v -0.054055191576480865 0.09538283199071884 0.25177937746047974
v -0.06590364128351212 0.09555987268686295 0.24975058436393738
v -0.054055191576480865 0.09538283199071884 0.25177937746047974
v -0.0637880340218544 0.09619244188070297 0.24252045154571533
v -0.0637880340218544 0.09619244188070297 0.24252045154571533
v -0.054055191576480865 0.09538283199071884 0.25177937746047974
v -0.05333871766924858 0.09561434388160706 0.24913600087165833
v -0.0637880340218544 0.09619244188070297 0.24252045154571533
v -0.05333871766924858 0.09561434388160706 0.24913600087165833
v -0.060850322246551514 0.09679796546697617 0.23559975624084473
v -0.060850322246551514 0.09679796546697617 0.23559975624084473
v -0.05333871766924858 0.09561434388160706 0.24913600087165833
v -0.050980474799871445 0.09616941213607788 0.24278338253498077
v -0.060850322246551514 0.09679796546697617 0.23559975624084473
v -0.050980474799871445 0.09616941213607788 0.24278338253498077
v -0.05707346647977829 0.09737614542245865 0.22899025678634644
v -0.05707346647977829 0.09737614542245865 0.22899025678634644
v -0.050980474799871445 0.09616941213607788 0.24278338253498077
v -0.04779370501637459 0.09669816493988037 0.23673872649669647
v -0.05707346647977829 0.09737614542245865 0.22899025678634644
v -0.04779370501637459 0.09669816493988037 0.23673872649669647
v -0.052622295916080475 0.09790310263633728 0.22296884655952454
v -0.052622295916080475 0.09790310263633728 0.22296884655952454
v -0.04779370501637459 0.09669816493988037 0.23673872649669647
v -0.043839871883392334 0.09718775749206543 0.23115183413028717
v -0.052622295916080475 0.09790310263633728 0.22296884655952454
v -0.043839871883392334 0.09718775749206543 0.23115183413028717
v -0.04790733382105827 0.09834717959165573 0.21789109706878662
v -0.04790733382105827 0.09834717959165573 0.21789109706878662
v -0.043839871883392334 0.09718775749206543 0.23115183413028717
v -0.03919126093387604 0.09762678295373917 0.2261257916688919
v -0.04790733382105827 0.09834717959165573 0.21789109706878662
v -0.03919126093387604 0.09762678295373917 0.2261257916688919
v -0.042284492403268814 0.09877151995897293 0.2130410224199295
v -0.042284492403268814 0.09877151995897293 0.2130410224199295
v -0.03919126093387604 0.09762678295373917 0.2261257916688919
v -0.03386189416050911 0.09801506251096725 0.22168834507465363
v -0.042284492403268814 0.09877151995897293 0.2130410224199295
v -0.03386189416050911 0.09801506251096725 0.22168834507465363
v -0.035830333828926086 0.099154032766819 0.2086670696735382
v -0.035830333828926086 0.099154032766819 0.2086670696735382
v -0.03386189416050911 0.09801506251096725 0.22168834507465363
v -0.027939926832914352 0.09834307432174683 0.21793939173221588
v -0.035830333828926086 0.099154032766819 0.2086670696735382
v -0.027939926832914352 0.09834307432174683 0.21793939173221588
v -0.028966272249817848 0.0994657501578331 0.2051054835319519
v -0.028966272249817848 0.0994657501578331 0.2051054835319519
v -0.027939926832914352 0.09834307432174683 0.21793939173221588
v -0.02143027074635029 0.09860749542713165 0.21491515636444092
v -0.028966272249817848 0.0994657501578331 0.2051054835319519
v -0.02143027074635029 0.09860749542713165 0.21491515636444092
v -0.02189159020781517 0.09970278292894363 0.20239612460136414
v -0.02189159020781517 0.09970278292894363 0.20239612460136414
v -0.02143027074635029 0.09860749542713165 0.21491515636444092
v -0.014542016200721264 0.09879950433969498 0.212728351354599
v -0.02189159020781517 0.09970278292894363 0.20239612460136414
v -0.014542016200721264 0.09879950433969498 0.212728351354599
v -0.01813451759517193 0.09979823231697083 0.20130538940429688
v -0.007329894695430994 0.09891575574874878 0.21139611303806305
v -0.011057671159505844 0.09992607682943344 0.19984404742717743
v -0.014542016200721264 0.09879950433969498 0.212728351354599
v -0.014542016200721264 0.09879950433969498 0.212728351354599
v -0.011057671159505844 0.09992607682943344 0.19984404742717743
v -0.014451244845986366 0.09987296909093857 0.20045119524002075
v -0.014542016200721264 0.09879950433969498 0.212728351354599
v -0.014451244845986366 0.09987296909093857 0.20045119524002075
v -0.01813451759517193 0.09979823231697083 0.20130538940429688
v 0.05873468518257141 0.09714106470346451 0.23167800903320312
v 0.054624561220407486 0.09768176823854446 0.22549784183502197
v 0.04309649392962456 0.09726586192846298 0.23025496304035187
v 0.04309649392962456 0.09726586192846298 0.23025496304035187
v 0.054624561220407486 0.09768176823854446 0.22549784183502197
v 0.049676112830638885 0.09819163382053375 0.21966975927352905
v 0.04309649392962456 0.09726586192846298 0.23025496304035187
v 0.049676112830638885 0.09819163382053375 0.21966975927352905
v 0.03834130987524986 0.09769591689109802 0.22533540427684784
v 0.03834130987524986 0.09769591689109802 0.22533540427684784
v 0.049676112830638885 0.09819163382053375 0.21966975927352905
v 0.04421539604663849 0.0986367017030716 0.21458198130130768
v 0.03834130987524986 0.09769591689109802 0.22533540427684784
v 0.04421539604663849 0.0986367017030716 0.21458198130130768
v 0.032989755272865295 0.09806940704584122 0.2210669219493866
v 0.032989755272865295 0.09806940704584122 0.2210669219493866
v 0.04421539604663849 0.0986367017030716 0.21458198130130768
v 0.03793837130069733 0.09903959184885025 0.20997533202171326
v 0.032989755272865295 0.09806940704584122 0.2210669219493866
v 0.03793837130069733 0.09903959184885025 0.20997533202171326
v 0.027105307206511497 0.09838265180587769 0.21749326586723328
v 0.027105307206511497 0.09838265180587769 0.21749326586723328
v 0.03793837130069733 0.09903959184885025 0.20997533202171326
v 0.031093258410692215 0.09937847405672073 0.20610332489013672
v 0.027105307206511497 0.09838265180587769 0.21749326586723328
v 0.031093258410692215 0.09937847405672073 0.20610332489013672
v 0.020732847973704338 0.09863079339265823 0.21464894711971283
v 0.020732847973704338 0.09863079339265823 0.21464894711971283
v 0.031093258410692215 0.09937847405672073 0.20610332489013672
v 0.023831719532608986 0.09964556246995926 0.20305024087429047
v 0.020732847973704338 0.09863079339265823 0.21464894711971283
v 0.023831719532608986 0.09964556246995926 0.20305024087429047
v 0.01401964295655489 0.09881025552749634 0.212599977850914
v 0.01401964295655489 0.09881025552749634 0.212599977850914
v 0.023831719532608986 0.09964556246995926 0.20305024087429047
v 0.016251305118203163 0.09983871877193451 0.2008424550294876
v 0.01401964295655489 0.09881025552749634 0.212599977850914
v 0.016251305118203163 0.09983871877193451 0.2008424550294876
v 0.006957548204809427 0.09892008453607559 0.21135251224040985
v 0.006957548204809427 0.09892008453607559 0.21135251224040985
v 0.016251305118203163 0.09983871877193451 0.2008424550294876
v 0.008141283877193928 0.0999598354101181 0.19945552945137024
v 0.006957548204809427 0.09892008453607559 0.21135251224040985
v 0.008141283877193928 0.0999598354101181 0.19945552945137024
v -8.349363270099275e-06 0.09895412623882294 0.21095360815525055
v -8.349363270099275e-06 0.09895412623882294 0.21095360815525055
v 0.008141283877193928 0.0999598354101181 0.19945552945137024
v 5.751581397817063e-07 0.10000000894069672 0.1989993005990982
v -8.349363270099275e-06 0.09895412623882294 0.21095360815525055
v 5.751581397817063e-07 0.10000000894069672 0.1989993005990982
v -0.007329894695430994 0.09891575574874878 0.21139611303806305
v -0.007329894695430994 0.09891575574874878 0.21139611303806305
v 5.751581397817063e-07 0.10000000894069672 0.1989993005990982
v -0.006562406197190285 0.09997411072254181 0.19929520785808563
v -0.007329894695430994 0.09891575574874878 0.21139611303806305
v -0.006562406197190285 0.09997411072254181 0.19929520785808563
v -0.011057671159505844 0.09992607682943344 0.19984404742717743
v 0.04309649392962456 0.09726586192846298 0.23025496304035187
v 0.04695659503340721 0.09681367874145508 0.2354208081960678
v 0.05873468518257141 0.09714106470346451 0.23167800903320312
v 0.05873468518257141 0.09714106470346451 0.23167800903320312
v 0.04695659503340721 0.09681367874145508 0.2354208081960678
v 0.04845041781663895 0.09660268574953079 0.2378392219543457
v 0.05873468518257141 0.09714106470346451 0.23167800903320312
v 0.04845041781663895 0.09660268574953079 0.2378392219543457
v 0.06223139539361 0.09653737396001816 0.23857741057872772
v 0.06223139539361 0.09653737396001816 0.23857741057872772
v 0.04845041781663895 0.09660268574953079 0.2378392219543457
v 0.05032288655638695 0.09629365056753159 0.2413678616285324
v 0.06223139539361 0.09653737396001816 0.23857741057872772
v 0.05032288655638695 0.09629365056753159 0.2413678616285324
v 0.0647457167506218 0.09593920409679413 0.2454155832529068
v 0.0647457167506218 0.09593920409679413 0.2454155832529068
v 0.05032288655638695 0.09629365056753159 0.2413678616285324
v 0.05289190635085106 0.09573758393526077 0.24771751463413239
v 0.0647457167506218 0.09593920409679413 0.2454155832529068
v 0.05289190635085106 0.09573758393526077 0.24771751463413239
v 0.06657633930444717 0.09526976943016052 0.25306612253189087
v 0.06657633930444717 0.09526976943016052 0.25306612253189087
v 0.05289190635085106 0.09573758393526077 0.24771751463413239
v 0.05461691692471504 0.09515587240457535 0.2543681561946869
v 0.06657633930444717 0.09526976943016052 0.25306612253189087
v 0.05461691692471504 0.09515587240457535 0.2543681561946869
v 0.06744913756847382 0.09461349993944168 0.26056820154190063
v 0.06744913756847382 0.09461349993944168 0.26056820154190063
v 0.05461691692471504 0.09515587240457535 0.2543681561946869
v 0.055401548743247986 0.09464212507009506 0.26024535298347473
v 0.06744913756847382 0.09461349993944168 0.26056820154190063
v 0.055401548743247986 0.09464212507009506 0.26024535298347473
v 0.06746164709329605 0.09398546814918518 0.2677466869354248
v 0.06746164709329605 0.09398546814918518 0.2677466869354248
v 0.055401548743247986 0.09464212507009506 0.26024535298347473
v 0.055475324392318726 0.09403504431247711 0.2671813666820526
v 0.06746164709329605 0.09398546814918518 0.2677466869354248
v 0.055475324392318726 0.09403504431247711 0.2671813666820526
v 0.06655585020780563 0.09329282492399216 0.27566343545913696
v 0.055475324392318726 0.09403504431247711 0.2671813666820526
v 0.05492662265896797 0.09357448667287827 0.2724461555480957
v 0.06655585020780563 0.09329282492399216 0.27566343545913696
v 0.06655585020780563 0.09329282492399216 0.27566343545913696
v 0.05492662265896797 0.09357448667287827 0.2724461555480957
v 0.054629601538181305 0.09342186897993088 0.2741878926753998
v 0.06655585020780563 0.09329282492399216 0.27566343545913696
v 0.054629601538181305 0.09342186897993088 0.2741878926753998
v 0.06485956162214279 0.09265725314617157 0.2829288840293884
v 0.06485956162214279 0.09265725314617157 0.2829288840293884
v 0.054629601538181305 0.09342186897993088 0.2741878926753998
v 0.05288030579686165 0.09281979501247406 0.2810784578323364
v 0.06485956162214279 0.09265725314617157 0.2829288840293884
v 0.05288030579686165 0.09281979501247406 0.2810784578323364
v 0.0624052993953228 0.09204714745283127 0.28990086913108826
v 0.0624052993953228 0.09204714745283127 0.28990086913108826
v 0.05288030579686165 0.09281979501247406 0.2810784578323364
v 0.05026102811098099 0.09223760664463043 0.2877269983291626
v 0.0624052993953228 0.09204714745283127 0.28990086913108826
v 0.05026102811098099 0.09223760664463043 0.2877269983291626
v 0.059396494179964066 0.09149283170700073 0.29623863101005554
v 0.059396494179964066 0.09149283170700073 0.29623863101005554
v 0.05026102811098099 0.09223760664463043 0.2877269983291626
v 0.04684699699282646 0.09169119596481323 0.2939724922180176
v -0.0076927682384848595 0.08839013427495956 0.33169758319854736
v -9.59099999420232e-09 0.08835083246231079 0.3321495056152344
v 6.576025270987884e-07 0.08939669281244278 0.32019516825675964
v 6.576025270987884e-07 0.08939669281244278 0.32019516825675964
v -9.59099999420232e-09 0.08835083246231079 0.3321495056152344
v 0.003594052279368043 0.0883592963218689 0.33205118775367737
v 6.576025270987884e-07 0.08939669281244278 0.32019516825675964
v 0.003594052279368043 0.0883592963218689 0.33205118775367737
v 0.006890727207064629 0.08943551778793335 0.3197520673274994
v 0.006890727207064629 0.08943551778793335 0.3197520673274994
v 0.003594052279368043 0.0883592963218689 0.33205118775367737
v 0.011523240245878696 0.08843973278999329 0.3311331570148468
v 0.006890727207064629 0.08943551778793335 0.3197520673274994
v 0.011523240245878696 0.08843973278999329 0.3311331570148468
v 0.013685718178749084 0.08955176174640656 0.3184296786785126
v 0.013685718178749084 0.08955176174640656 0.3184296786785126
v 0.011523240245878696 0.08843973278999329 0.3311331570148468
v 0.018606942147016525 0.08858488500118256 0.329472154378891
v 0.013685718178749084 0.08955176174640656 0.3184296786785126
v 0.018606942147016525 0.08858488500118256 0.329472154378891
v 0.020274311304092407 0.0897417813539505 0.3162517547607422
v 0.020274311304092407 0.0897417813539505 0.3162517547607422
v 0.018606942147016525 0.08858488500118256 0.329472154378891
v 0.025528529658913612 0.08879923075437546 0.3270246982574463
v 0.020274311304092407 0.0897417813539505 0.3162517547607422
v 0.025528529658913612 0.08879923075437546 0.3270246982574463
v 0.026562659069895744 0.09000465273857117 0.3132473826408386
v 0.026562659069895744 0.09000465273857117 0.3132473826408386
v 0.025528529658913612 0.08879923075437546 0.3270246982574463
v 0.03218819946050644 0.08908037841320038 0.3238087594509125
v 0.026562659069895744 0.09000465273857117 0.3132473826408386
v 0.03218819946050644 0.08908037841320038 0.3238087594509125
v 0.03246385604143143 0.09033721685409546 0.30944979190826416
v 0.03246385604143143 0.09033721685409546 0.30944979190826416
v 0.03218819946050644 0.08908037841320038 0.3238087594509125
v 0.038935039192438126 0.08945374190807343 0.31954365968704224
v 0.03246385604143143 0.09033721685409546 0.30944979190826416
v 0.038935039192438126 0.08945374190807343 0.31954365968704224
v 0.03785638511180878 0.09073188155889511 0.30493634939193726
v 0.03785638511180878 0.09073188155889511 0.30493634939193726
v 0.038935039192438126 0.08945374190807343 0.31954365968704224
v 0.04492296651005745 0.08987657725811005 0.3147125542163849
v 0.03785638511180878 0.09073188155889511 0.30493634939193726
v 0.04492296651005745 0.08987657725811005 0.3147125542163849
v 0.042681802064180374 0.09118538349866867 0.29974979162216187
v 0.042681802064180374 0.09118538349866867 0.29974979162216187
v 0.04492296651005745 0.08987657725811005 0.3147125542163849
v 0.05027555301785469 0.09034940600395203 0.3093052804470062
v 0.042681802064180374 0.09118538349866867 0.29974979162216187
v 0.05027555301785469 0.09034940600395203 0.3093052804470062
v 0.04684699699282646 0.09169119596481323 0.2939724922180176
v 0.04684699699282646 0.09169119596481323 0.2939724922180176
v 0.05027555301785469 0.09034940600395203 0.3093052804470062
v 0.055066369473934174 0.09087969362735748 0.3032453954219818
v 0.04684699699282646 0.09169119596481323 0.2939724922180176
v 0.055066369473934174 0.09087969362735748 0.3032453954219818
v 0.059396494179964066 0.09149283170700073 0.29623863101005554
v -0.07593674212694168 0.07314150035381317 0.25873929262161255
v -0.07897789776325226 0.06327851116657257 0.25999999046325684
v -0.07907747477293015 0.06060229241847992 0.2650793790817261
v -5.9544364994224e-09 0.0326286144554615 0.3414230942726135
v -2.1064829880401703e-09 0.050443511456251144 0.339335173368454
v -0.004447853658348322 0.0505361370742321 0.33918634057044983
v -0.012502041645348072 0.09485141187906265 0.19308161735534668
v -0.006562406197190285 0.09997411072254181 0.19929520785808563
v -0.0044272406958043575 0.09498142451047897 0.1921347975730896
v -0.0044272406958043575 0.09498142451047897 0.1921347975730896
v -0.006562406197190285 0.09997411072254181 0.19929520785808563
v 5.751581397817063e-07 0.10000000894069672 0.1989993005990982
v -0.0044272406958043575 0.09498142451047897 0.1921347975730896
v 5.751581397817063e-07 0.10000000894069672 0.1989993005990982
v 6.515911081805825e-07 0.0949999988079071 0.1919996589422226
v -0.01813451759517193 0.09979823231697083 0.20130538940429688
v -0.014451244845986366 0.09987296909093857 0.20045119524002075
v -0.012502041645348072 0.09485141187906265 0.19308161735534668
v -0.012502041645348072 0.09485141187906265 0.19308161735534668
v -0.014451244845986366 0.09987296909093857 0.20045119524002075
v -0.011057671159505844 0.09992607682943344 0.19984404742717743
v -0.012502041645348072 0.09485141187906265 0.19308161735534668
v -0.011057671159505844 0.09992607682943344 0.19984404742717743
v -0.006562406197190285 0.09997411072254181 0.19929520785808563
v -0.05434873327612877 0.09128711372613907 0.21619704365730286
v -0.059371333569288254 0.09016606211662292 0.22243674099445343
v -0.04790733382105827 0.09834717959165573 0.21789109706878662
v -0.04790733382105827 0.09834717959165573 0.21789109706878662
v -0.059371333569288254 0.09016606211662292 0.22243674099445343
v -0.052622295916080475 0.09790310263633728 0.22296884655952454
v -0.06712959706783295 0.08743597567081451 0.2362329214811325
v -0.05707346647977829 0.09737614542245865 0.22899025678634644
v -0.06364570558071136 0.08888142555952072 0.22914716601371765
v -0.06364570558071136 0.08888142555952072 0.22914716601371765
v -0.05707346647977829 0.09737614542245865 0.22899025678634644
v -0.052622295916080475 0.09790310263633728 0.22296884655952454
v -9.422701507943998e-10 0.06498491764068604 0.33702585101127625
v -9.59099999420232e-09 0.08835083246231079 0.3321495056152344
v -0.004106912296265364 0.075417160987854 0.33490607142448425
v -0.004106912296265364 0.075417160987854 0.33490607142448425
v -9.59099999420232e-09 0.08835083246231079 0.3321495056152344
v -0.0076927682384848595 0.08839013427495956 0.33169758319854736
v -0.004106912296265364 0.075417160987854 0.33490607142448425
v -0.0076927682384848595 0.08839013427495956 0.33169758319854736
v -0.01157329697161913 0.07573870569467545 0.3339909315109253
v -0.01157329697161913 0.07573870569467545 0.3339909315109253
v -0.0076927682384848595 0.08839013427495956 0.33169758319854736
v -0.015273543074727058 0.08850773423910141 0.33035582304000854
v -0.01157329697161913 0.07573870569467545 0.3339909315109253
v -0.015273543074727058 0.08850773423910141 0.33035582304000854
v -0.018858999013900757 0.07633531093597412 0.3322354853153229
v -0.018858999013900757 0.07633531093597412 0.3322354853153229
v -0.015273543074727058 0.08850773423910141 0.33035582304000854
v -0.022657858207821846 0.08870125561952591 0.32814347743988037
v -0.018858999013900757 0.07633531093597412 0.3322354853153229
v -0.022657858207821846 0.08870125561952591 0.32814347743988037
v -0.025867456570267677 0.07715737074613571 0.3296907842159271
v -0.025867456570267677 0.07715737074613571 0.3296907842159271
v -0.022657858207821846 0.08870125561952591 0.32814347743988037
v -0.029607634991407394 0.08896201848983765 0.3251623511314392
v -0.025867456570267677 0.07715737074613571 0.3296907842159271
v -0.029607634991407394 0.08896201848983765 0.3251623511314392
v -0.03252344951033592 0.07815194875001907 0.32641375064849854
v -0.03252344951033592 0.07815194875001907 0.32641375064849854
v -0.029607634991407394 0.08896201848983765 0.3251623511314392
v -0.036633118987083435 0.08931533992290497 0.32112547755241394
v -0.03252344951033592 0.07815194875001907 0.32641375064849854
v -0.036633118987083435 0.08931533992290497 0.32112547755241394
v -0.0387674979865551 0.07927205413579941 0.32246214151382446
v -0.0387674979865551 0.07927205413579941 0.32246214151382446
v -0.036633118987083435 0.08931533992290497 0.32112547755241394
v -0.042228423058986664 0.08967381715774536 0.3170250356197357
v -0.0387674979865551 0.07927205413579941 0.32246214151382446
v -0.042228423058986664 0.08967381715774536 0.3170250356197357
v -0.044548388570547104 0.0804775059223175 0.3178924322128296
v -0.044548388570547104 0.0804775059223175 0.3178924322128296
v -0.042228423058986664 0.08967381715774536 0.3170250356197357
v -0.04781711846590042 0.09011919796466827 0.31193745136260986
v -0.044548388570547104 0.0804775059223175 0.3178924322128296
v -0.04781711846590042 0.09011919796466827 0.31193745136260986
v -0.04982041195034981 0.08173683285713196 0.3127608299255371
v -0.04982041195034981 0.08173683285713196 0.3127608299255371
v -0.04781711846590042 0.09011919796466827 0.31193745136260986
v -0.052541911602020264 0.0905851274728775 0.306610643863678
v -0.04982041195034981 0.08173683285713196 0.3127608299255371
v -0.052541911602020264 0.0905851274728775 0.306610643863678
v -0.054540134966373444 0.08302286267280579 0.3071243166923523
v -0.054540134966373444 0.08302286267280579 0.3071243166923523
v -0.052541911602020264 0.0905851274728775 0.306610643863678
v -0.05721898376941681 0.09116406738758087 0.2999953329563141
v -0.054540134966373444 0.08302286267280579 0.3071243166923523
v -0.05721898376941681 0.09116406738758087 0.2999953329563141
v -0.058666132390499115 0.08431354910135269 0.30104148387908936
v -0.058666132390499115 0.08431354910135269 0.30104148387908936
v -0.05721898376941681 0.09116406738758087 0.2999953329563141
v -0.06089995056390762 0.09175163507461548 0.2932795584201813
v -0.058666132390499115 0.08431354910135269 0.30104148387908936
v -0.06089995056390762 0.09175163507461548 0.2932795584201813
v -0.06215837225317955 0.08558929711580276 0.2945725619792938
v -0.06215837225317955 0.08558929711580276 0.2945725619792938
v -0.06089995056390762 0.09175163507461548 0.2932795584201813
v -0.06382965296506882 0.09237514436244965 0.2861533463001251
v -0.06215837225317955 0.08558929711580276 0.2945725619792938
v -0.06382965296506882 0.09237514436244965 0.2861533463001251
v -0.06497997790575027 0.08683286607265472 0.28778254985809326
v -0.06497997790575027 0.08683286607265472 0.28778254985809326
v -0.06382965296506882 0.09237514436244965 0.2861533463001251
v -0.06591956317424774 0.09301545470952988 0.2788330912590027
v -0.06497997790575027 0.08683286607265472 0.28778254985809326
v -0.06591956317424774 0.09301545470952988 0.2788330912590027
v -0.0670960545539856 0.08802805095911026 0.2807391583919525
v -0.0670960545539856 0.08802805095911026 0.2807391583919525
v -0.06591956317424774 0.09301545470952988 0.2788330912590027
v -0.067141592502594 0.09364864230155945 0.271597683429718
v -0.0670960545539856 0.08802805095911026 0.2807391583919525
v -0.067141592502594 0.09364864230155945 0.271597683429718
v -0.06847565621137619 0.08915992081165314 0.2735152840614319
v -0.06847565621137619 0.08915992081165314 0.2735152840614319
v -0.067141592502594 0.09364864230155945 0.271597683429718
v -0.06755498051643372 0.0942743644118309 0.26444360613822937
v -0.06847565621137619 0.08915992081165314 0.2735152840614319
v -0.06755498051643372 0.0942743644118309 0.26444360613822937
v -0.06909096986055374 0.09021422266960144 0.26618704199790955
v -0.06909096986055374 0.09021422266960144 0.26618704199790955
v -0.06755498051643372 0.0942743644118309 0.26444360613822937
v -0.06717540323734283 0.09490098059177399 0.2572813630104065
v -0.0047874110750854015 0.025432102382183075 0.3418879508972168
v -9.74054928519763e-05 4.882394222249786e-08 0.34316667914390564
v -8.440077081672825e-09 0.025294942781329155 0.3420482873916626
v -8.440077081672825e-09 0.025294942781329155 0.3420482873916626
v -9.74054928519763e-05 4.882394222249786e-08 0.34316667914390564
v -4.871418059337884e-05 7.214396441357351e-11 0.3431667387485504
v -8.440077081672825e-09 0.025294942781329155 0.3420482873916626
v -4.871418059337884e-05 7.214396441357351e-11 0.3431667387485504
v -2.3363806889165062e-08 -1.6409185121801784e-08 0.3431667387485504
v 6.515911081805825e-07 0.0949999988079071 0.1919996589422226
v 7.294182751138578e-07 0.0899999812245369 0.18500001728534698
v -0.002263094764202833 0.08999316394329071 0.1850324422121048
v -2.1064829880401703e-09 0.050443511456251144 0.339335173368454
v -9.422701507943998e-10 0.06498491764068604 0.33702585101127625
v -0.004447853658348322 0.0505361370742321 0.33918634057044983
v -0.004447853658348322 0.0505361370742321 0.33918634057044983
v -9.422701507943998e-10 0.06498491764068604 0.33702585101127625
v -0.004106912296265364 0.075417160987854 0.33490607142448425
v -0.004447853658348322 0.0505361370742321 0.33918634057044983
v -0.004106912296265364 0.075417160987854 0.33490607142448425
v -0.012521432712674141 0.05117243528366089 0.3381558656692505
v -0.012521432712674141 0.05117243528366089 0.3381558656692505
v -0.004106912296265364 0.075417160987854 0.33490607142448425
v -0.01157329697161913 0.07573870569467545 0.3339909315109253
v -0.012521432712674141 0.05117243528366089 0.3381558656692505
v -0.01157329697161913 0.07573870569467545 0.3339909315109253
v -0.02035543881356716 0.05235404893755913 0.3361929655075073
v -0.02035543881356716 0.05235404893755913 0.3361929655075073
v -0.01157329697161913 0.07573870569467545 0.3339909315109253
v -0.018858999013900757 0.07633531093597412 0.3322354853153229
v -0.02035543881356716 0.05235404893755913 0.3361929655075073
v -0.018858999013900757 0.07633531093597412 0.3322354853153229
v -0.027829449623823166 0.053983431309461594 0.33337584137916565
v -0.027829449623823166 0.053983431309461594 0.33337584137916565
v -0.018858999013900757 0.07633531093597412 0.3322354853153229
v -0.025867456570267677 0.07715737074613571 0.3296907842159271
v -0.027829449623823166 0.053983431309461594 0.33337584137916565
v -0.025867456570267677 0.07715737074613571 0.3296907842159271
v -0.034863896667957306 0.055956438183784485 0.3297886848449707
v -0.034863896667957306 0.055956438183784485 0.3297886848449707
v -0.025867456570267677 0.07715737074613571 0.3296907842159271
v -0.03252344951033592 0.07815194875001907 0.32641375064849854
v -0.034863896667957306 0.055956438183784485 0.3297886848449707
v -0.03252344951033592 0.07815194875001907 0.32641375064849854
v -0.04140741005539894 0.058180760592222214 0.3255101144313812
v -0.04140741005539894 0.058180760592222214 0.3255101144313812
v -0.03252344951033592 0.07815194875001907 0.32641375064849854
v -0.0387674979865551 0.07927205413579941 0.32246214151382446
v -0.04140741005539894 0.058180760592222214 0.3255101144313812
v -0.0387674979865551 0.07927205413579941 0.32246214151382446
v -0.04742264747619629 0.060577742755413055 0.32061144709587097
v -0.04742264747619629 0.060577742755413055 0.32061144709587097
v -0.0387674979865551 0.07927205413579941 0.32246214151382446
v -0.044548388570547104 0.0804775059223175 0.3178924322128296
v -0.04742264747619629 0.060577742755413055 0.32061144709587097
v -0.044548388570547104 0.0804775059223175 0.3178924322128296
v -0.05287838727235794 0.06308613717556 0.3151562809944153
v -0.05287838727235794 0.06308613717556 0.3151562809944153
v -0.044548388570547104 0.0804775059223175 0.3178924322128296
v -0.04982041195034981 0.08173683285713196 0.3127608299255371
v -0.05287838727235794 0.06308613717556 0.3151562809944153
v -0.04982041195034981 0.08173683285713196 0.3127608299255371
v -0.05774480476975441 0.06565329432487488 0.3092050552368164
v -0.05774480476975441 0.06565329432487488 0.3092050552368164
v -0.04982041195034981 0.08173683285713196 0.3127608299255371
v -0.054540134966373444 0.08302286267280579 0.3071243166923523
v -0.05774480476975441 0.06565329432487488 0.3092050552368164
v -0.054540134966373444 0.08302286267280579 0.3071243166923523
v -0.0619906447827816 0.0682368278503418 0.30281591415405273
v -0.0619906447827816 0.0682368278503418 0.30281591415405273
v -0.054540134966373444 0.08302286267280579 0.3071243166923523
v -0.058666132390499115 0.08431354910135269 0.30104148387908936
v -0.0619906447827816 0.0682368278503418 0.30281591415405273
v -0.058666132390499115 0.08431354910135269 0.30104148387908936
v -0.06558385491371155 0.07079923897981644 0.29604682326316833
v -0.06558385491371155 0.07079923897981644 0.29604682326316833
v -0.058666132390499115 0.08431354910135269 0.30104148387908936
v -0.06215837225317955 0.08558929711580276 0.2945725619792938
v -0.06558385491371155 0.07079923897981644 0.29604682326316833
v -0.06215837225317955 0.08558929711580276 0.2945725619792938
v -0.06849120557308197 0.07330774515867233 0.28895899653434753
v -0.06849120557308197 0.07330774515867233 0.28895899653434753
v -0.06215837225317955 0.08558929711580276 0.2945725619792938
v -0.06497997790575027 0.08683286607265472 0.28778254985809326
v -0.06849120557308197 0.07330774515867233 0.28895899653434753
v -0.06497997790575027 0.08683286607265472 0.28778254985809326
v -0.07067923992872238 0.07573162764310837 0.2816163897514343
v -0.07067923992872238 0.07573162764310837 0.2816163897514343
v -0.06497997790575027 0.08683286607265472 0.28778254985809326
v -0.0670960545539856 0.08802805095911026 0.2807391583919525
v -0.07067923992872238 0.07573162764310837 0.2816163897514343
v -0.0670960545539856 0.08802805095911026 0.2807391583919525
v -0.07211506366729736 0.07804273813962936 0.2740890383720398
v -0.07211506366729736 0.07804273813962936 0.2740890383720398
v -0.0670960545539856 0.08802805095911026 0.2807391583919525
v -0.06847565621137619 0.08915992081165314 0.2735152840614319
v -0.07211506366729736 0.07804273813962936 0.2740890383720398
v -0.06847565621137619 0.08915992081165314 0.2735152840614319
v -0.07276733964681625 0.0802142396569252 0.2664513885974884
v -0.07276733964681625 0.0802142396569252 0.2664513885974884
v -0.06847565621137619 0.08915992081165314 0.2735152840614319
v -0.06909096986055374 0.09021422266960144 0.26618704199790955
v -0.07276733964681625 0.0802142396569252 0.2664513885974884
v -0.06909096986055374 0.09021422266960144 0.26618704199790955
v -0.06892102211713791 0.0911785289645195 0.2588363587856293
v -0.06892102211713791 0.0911785289645195 0.2588363587856293
v -0.06909096986055374 0.09021422266960144 0.26618704199790955
v -0.06717540323734283 0.09490098059177399 0.2572813630104065
v -0.06892102211713791 0.0911785289645195 0.2588363587856293
v -0.06717540323734283 0.09490098059177399 0.2572813630104065
v -0.06590364128351212 0.09555987268686295 0.24975058436393738
v -0.040126387029886246 0.01124517247080803 0.33223068714141846
v -0.03369554877281189 0.007875506766140461 0.33562901616096497
v -0.0371253564953804 0.03347752243280411 0.33189234137535095
v -0.0371253564953804 0.03347752243280411 0.33189234137535095
v -0.03369554877281189 0.007875506766140461 0.33562901616096497
v -0.029740726575255394 0.030546359717845917 0.33567699790000916
v -0.01833413355052471 0.0023104434367269278 0.3410118818283081
v -0.013808106072247028 0.001308062463067472 0.34195220470428467
v -0.013458925299346447 0.026375075802206993 0.34077852964401245
v -0.013458925299346447 0.026375075802206993 0.34077852964401245
v -0.013808106072247028 0.001308062463067472 0.34195220470428467
v -0.009349134750664234 0.0005992135847918689 0.3426121771335602
v -0.013458925299346447 0.026375075802206993 0.34077852964401245
v -0.009349134750664234 0.0005992135847918689 0.3426121771335602
v -0.0047874110750854015 0.025432102382183075 0.3418879508972168
v -0.0047874110750854015 0.025432102382183075 0.3418879508972168
v -0.009349134750664234 0.0005992135847918689 0.3426121771335602
v -0.006997940130531788 0.0003357863752171397 0.34285634756088257
v -0.0047874110750854015 0.025432102382183075 0.3418879508972168
v -0.006997940130531788 0.0003357863752171397 0.34285634756088257
v -9.74054928519763e-05 4.882394222249786e-08 0.34316667914390564
v -0.03369554877281189 0.007875506766140461 0.33562901616096497
v -0.03160053491592407 0.00691414438188076 0.3365788459777832
v -0.029740726575255394 0.030546359717845917 0.33567699790000916
v -0.029740726575255394 0.030546359717845917 0.33567699790000916
v -0.03160053491592407 0.00691414438188076 0.3365788459777832
v -0.027151504531502724 0.005087938625365496 0.3383599519729614
v -0.029740726575255394 0.030546359717845917 0.33567699790000916
v -0.027151504531502724 0.005087938625365496 0.3383599519729614
v -0.021824367344379425 0.028127705678343773 0.3386746048927307
v -0.021824367344379425 0.028127705678343773 0.3386746048927307
v -0.027151504531502724 0.005087938625365496 0.3383599519729614
v -0.02326524630188942 0.003727912437170744 0.33966702222824097
v -0.021824367344379425 0.028127705678343773 0.3386746048927307
v -0.02326524630188942 0.003727912437170744 0.33966702222824097
v -0.013458925299346447 0.026375075802206993 0.34077852964401245
v -0.013458925299346447 0.026375075802206993 0.34077852964401245
v -0.02326524630188942 0.003727912437170744 0.33966702222824097
v -0.020514797419309616 0.0028952392749488354 0.3404591977596283
v -0.013458925299346447 0.026375075802206993 0.34077852964401245
v -0.020514797419309616 0.0028952392749488354 0.3404591977596283
v -0.01833413355052471 0.0023104434367269278 0.3410118818283081
v -8.440077081672825e-09 0.025294942781329155 0.3420482873916626
v -5.9544364994224e-09 0.0326286144554615 0.3414230942726135
v -0.0047874110750854015 0.025432102382183075 0.3418879508972168
v -0.0047874110750854015 0.025432102382183075 0.3418879508972168
v -5.9544364994224e-09 0.0326286144554615 0.3414230942726135
v -0.004447853658348322 0.0505361370742321 0.33918634057044983
v -0.0047874110750854015 0.025432102382183075 0.3418879508972168
v -0.004447853658348322 0.0505361370742321 0.33918634057044983
v -0.013458925299346447 0.026375075802206993 0.34077852964401245
v -0.013458925299346447 0.026375075802206993 0.34077852964401245
v -0.004447853658348322 0.0505361370742321 0.33918634057044983
v -0.012521432712674141 0.05117243528366089 0.3381558656692505
v -0.013458925299346447 0.026375075802206993 0.34077852964401245
v -0.012521432712674141 0.05117243528366089 0.3381558656692505
v -0.021824367344379425 0.028127705678343773 0.3386746048927307
v -0.021824367344379425 0.028127705678343773 0.3386746048927307
v -0.012521432712674141 0.05117243528366089 0.3381558656692505
v -0.02035543881356716 0.05235404893755913 0.3361929655075073
v -0.021824367344379425 0.028127705678343773 0.3386746048927307
v -0.02035543881356716 0.05235404893755913 0.3361929655075073
v -0.029740726575255394 0.030546359717845917 0.33567699790000916
v -0.029740726575255394 0.030546359717845917 0.33567699790000916
v -0.02035543881356716 0.05235404893755913 0.3361929655075073
v -0.027829449623823166 0.053983431309461594 0.33337584137916565
v -0.029740726575255394 0.030546359717845917 0.33567699790000916
v -0.027829449623823166 0.053983431309461594 0.33337584137916565
v -0.0371253564953804 0.03347752243280411 0.33189234137535095
v -0.0371253564953804 0.03347752243280411 0.33189234137535095
v -0.027829449623823166 0.053983431309461594 0.33337584137916565
v -0.034863896667957306 0.055956438183784485 0.3297886848449707
v -0.0371253564953804 0.03347752243280411 0.33189234137535095
v -0.034863896667957306 0.055956438183784485 0.3297886848449707
v -0.04393627494573593 0.036785416305065155 0.3274156153202057
v -0.04393627494573593 0.036785416305065155 0.3274156153202057
v -0.034863896667957306 0.055956438183784485 0.3297886848449707
v -0.04140741005539894 0.058180760592222214 0.3255101144313812
v -0.04393627494573593 0.036785416305065155 0.3274156153202057
v -0.04140741005539894 0.058180760592222214 0.3255101144313812
v -0.050151269882917404 0.04035476595163345 0.32232826948165894
v -0.050151269882917404 0.04035476595163345 0.32232826948165894
v -0.04140741005539894 0.058180760592222214 0.3255101144313812
v -0.04742264747619629 0.060577742755413055 0.32061144709587097
v -0.050151269882917404 0.04035476595163345 0.32232826948165894
v -0.04742264747619629 0.060577742755413055 0.32061144709587097
v -0.0557548850774765 0.044096387922763824 0.3166964650154114
v -0.0557548850774765 0.044096387922763824 0.3166964650154114
v -0.04742264747619629 0.060577742755413055 0.32061144709587097
v -0.05287838727235794 0.06308613717556 0.3151562809944153
v -0.0557548850774765 0.044096387922763824 0.3166964650154114
v -0.05287838727235794 0.06308613717556 0.3151562809944153
v -0.060732170939445496 0.04793400689959526 0.3105796277523041
v -0.060732170939445496 0.04793400689959526 0.3105796277523041
v -0.05287838727235794 0.06308613717556 0.3151562809944153
v -0.05774480476975441 0.06565329432487488 0.3092050552368164
v -0.060732170939445496 0.04793400689959526 0.3105796277523041
v -0.05774480476975441 0.06565329432487488 0.3092050552368164
v -0.06506331264972687 0.0518067292869091 0.3040306866168976
v -0.06506331264972687 0.0518067292869091 0.3040306866168976
v -0.05774480476975441 0.06565329432487488 0.3092050552368164
v -0.0619906447827816 0.0682368278503418 0.30281591415405273
v -0.06506331264972687 0.0518067292869091 0.3040306866168976
v -0.0619906447827816 0.0682368278503418 0.30281591415405273
v -0.06872551888227463 0.05566101893782616 0.29710057377815247
v -0.06872551888227463 0.05566101893782616 0.29710057377815247
v -0.0619906447827816 0.0682368278503418 0.30281591415405273
v -0.06558385491371155 0.07079923897981644 0.29604682326316833
v -0.06872551888227463 0.05566101893782616 0.29710057377815247
v -0.06558385491371155 0.07079923897981644 0.29604682326316833
v -0.07169046252965927 0.05945037305355072 0.2898422181606293
v -0.07169046252965927 0.05945037305355072 0.2898422181606293
v -0.06558385491371155 0.07079923897981644 0.29604682326316833
v -0.06849120557308197 0.07330774515867233 0.28895899653434753
v -0.07169046252965927 0.05945037305355072 0.2898422181606293
v -0.06849120557308197 0.07330774515867233 0.28895899653434753
v -0.07392742484807968 0.06313144415616989 0.2823110818862915
v -0.07392742484807968 0.06313144415616989 0.2823110818862915
v -0.06849120557308197 0.07330774515867233 0.28895899653434753
v -0.07067923992872238 0.07573162764310837 0.2816163897514343
v -0.07392742484807968 0.06313144415616989 0.2823110818862915
v -0.07067923992872238 0.07573162764310837 0.2816163897514343
v -0.07540279626846313 0.0666646733880043 0.27456963062286377
v -0.07540279626846313 0.0666646733880043 0.27456963062286377
v -0.07067923992872238 0.07573162764310837 0.2816163897514343
v -0.07211506366729736 0.07804273813962936 0.2740890383720398
v -0.07540279626846313 0.0666646733880043 0.27456963062286377
v -0.07211506366729736 0.07804273813962936 0.2740890383720398
v -0.0760829970240593 0.07001252472400665 0.2666859030723572
v -0.0760829970240593 0.07001252472400665 0.2666859030723572
v -0.07211506366729736 0.07804273813962936 0.2740890383720398
v -0.07276733964681625 0.0802142396569252 0.2664513885974884
v -0.0760829970240593 0.07001252472400665 0.2666859030723572
v -0.07276733964681625 0.0802142396569252 0.2664513885974884
v -0.07260929048061371 0.08222251385450363 0.2587861716747284
v -0.07260929048061371 0.08222251385450363 0.2587861716747284
v -0.07276733964681625 0.0802142396569252 0.2664513885974884
v -0.06892102211713791 0.0911785289645195 0.2588363587856293
v -0.07260929048061371 0.08222251385450363 0.2587861716747284
v -0.06892102211713791 0.0911785289645195 0.2588363587856293
v -0.06795082241296768 0.09207732230424881 0.251518577337265
v -0.06795082241296768 0.09207732230424881 0.251518577337265
v -0.06892102211713791 0.0911785289645195 0.2588363587856293
v -0.06590364128351212 0.09555987268686295 0.24975058436393738
v -0.06795082241296768 0.09207732230424881 0.251518577337265
v -0.06590364128351212 0.09555987268686295 0.24975058436393738
v -0.0637880340218544 0.09619244188070297 0.24252045154571533
v -0.029507610946893692 0.08872929960489273 0.19071096181869507
v -0.028106750920414925 0.09421715140342712 0.19762887060642242
v -0.024219054728746414 0.08916766941547394 0.18879985809326172
v -0.024219054728746414 0.08916766941547394 0.18879985809326172
v -0.028106750920414925 0.09421715140342712 0.19762887060642242
v -0.020430156961083412 0.09459776431322098 0.19492174685001373
v -0.024219054728746414 0.08916766941547394 0.18879985809326172
v -0.020430156961083412 0.09459776431322098 0.19492174685001373
v -0.02269115298986435 0.08927444368600845 0.18832534551620483
v -0.02269115298986435 0.08927444368600845 0.18832534551620483
v -0.020430156961083412 0.09459776431322098 0.19492174685001373
v -0.01980210468173027 0.08945388346910477 0.18751928210258484
v -0.04031259939074516 0.08743609488010406 0.19604608416557312
v -0.042218293994665146 0.08713967353105545 0.19721171259880066
v -0.035429876297712326 0.09370378404855728 0.20116637647151947
v -0.035429876297712326 0.09370378404855728 0.20116637647151947
v -0.042218293994665146 0.08713967353105545 0.19721171259880066
v -0.04230295494198799 0.09304969012737274 0.20548340678215027
v -0.029507610946893692 0.08872929960489273 0.19071096181869507
v -0.03226316347718239 0.08845467865467072 0.19188031554222107
v -0.028106750920414925 0.09421715140342712 0.19762887060642242
v -0.028106750920414925 0.09421715140342712 0.19762887060642242
v -0.03226316347718239 0.08845467865467072 0.19188031554222107
v -0.0349695086479187 0.08815053850412369 0.19315174221992493
v -0.028106750920414925 0.09421715140342712 0.19762887060642242
v -0.0349695086479187 0.08815053850412369 0.19315174221992493
v -0.035429876297712326 0.09370378404855728 0.20116637647151947
v -0.035429876297712326 0.09370378404855728 0.20116637647151947
v -0.0349695086479187 0.08815053850412369 0.19315174221992493
v -0.03916647285223007 0.08760323375463486 0.19538001716136932
v -0.035429876297712326 0.09370378404855728 0.20116637647151947
v -0.03916647285223007 0.08760323375463486 0.19538001716136932
v -0.04031259939074516 0.08743609488010406 0.19604608416557312
v 6.515911081805825e-07 0.0949999988079071 0.1919996589422226
v -0.002263094764202833 0.08999316394329071 0.1850324422121048
v -0.0044272406958043575 0.09498142451047897 0.1921347975730896
v -0.0044272406958043575 0.09498142451047897 0.1921347975730896
v -0.002263094764202833 0.08999316394329071 0.1850324422121048
v -0.004941585939377546 0.089967280626297 0.1851547211408615
v -0.0044272406958043575 0.09498142451047897 0.1921347975730896
v -0.004941585939377546 0.089967280626297 0.1851547211408615
v -0.012502041645348072 0.09485141187906265 0.19308161735534668
v -0.012502041645348072 0.09485141187906265 0.19308161735534668
v -0.004941585939377546 0.089967280626297 0.1851547211408615
v -0.01577119715511799 0.08965820074081421 0.18658830225467682
v -0.012502041645348072 0.09485141187906265 0.19308161735534668
v -0.01577119715511799 0.08965820074081421 0.18658830225467682
v -0.016165368258953094 0.08964047580957413 0.18666957318782806
v -0.016165368258953094 0.08964047580957413 0.18666957318782806
v -0.01980210468173027 0.08945388346910477 0.18751928210258484
v -0.012502041645348072 0.09485141187906265 0.19308161735534668
v -0.012502041645348072 0.09485141187906265 0.19308161735534668
v -0.01980210468173027 0.08945388346910477 0.18751928210258484
v -0.020430156961083412 0.09459776431322098 0.19492174685001373
v -0.012502041645348072 0.09485141187906265 0.19308161735534668
v -0.020430156961083412 0.09459776431322098 0.19492174685001373
v -0.01813451759517193 0.09979823231697083 0.20130538940429688
v -0.01813451759517193 0.09979823231697083 0.20130538940429688
v -0.020430156961083412 0.09459776431322098 0.19492174685001373
v -0.028106750920414925 0.09421715140342712 0.19762887060642242
v -0.01813451759517193 0.09979823231697083 0.20130538940429688
v -0.028106750920414925 0.09421715140342712 0.19762887060642242
v -0.02189159020781517 0.09970278292894363 0.20239612460136414
v -0.02189159020781517 0.09970278292894363 0.20239612460136414
v -0.028106750920414925 0.09421715140342712 0.19762887060642242
v -0.035429876297712326 0.09370378404855728 0.20116637647151947
v -0.02189159020781517 0.09970278292894363 0.20239612460136414
v -0.035429876297712326 0.09370378404855728 0.20116637647151947
v -0.028966272249817848 0.0994657501578331 0.2051054835319519
v -0.028966272249817848 0.0994657501578331 0.2051054835319519
v -0.035429876297712326 0.09370378404855728 0.20116637647151947
v -0.04230295494198799 0.09304969012737274 0.20548340678215027
v -0.028966272249817848 0.0994657501578331 0.2051054835319519
v -0.04230295494198799 0.09304969012737274 0.20548340678215027
v -0.035830333828926086 0.099154032766819 0.2086670696735382
v -0.035830333828926086 0.099154032766819 0.2086670696735382
v -0.04230295494198799 0.09304969012737274 0.20548340678215027
v -0.048636265099048615 0.09224668145179749 0.21051813662052155
v -0.035830333828926086 0.099154032766819 0.2086670696735382
v -0.048636265099048615 0.09224668145179749 0.21051813662052155
v -0.042284492403268814 0.09877151995897293 0.2130410224199295
v -0.04790733382105827 0.09834717959165573 0.21789109706878662
v -0.042284492403268814 0.09877151995897293 0.2130410224199295
v -0.05434873327612877 0.09128711372613907 0.21619704365730286
v -0.05434873327612877 0.09128711372613907 0.21619704365730286
v -0.042284492403268814 0.09877151995897293 0.2130410224199295
v -0.048636265099048615 0.09224668145179749 0.21051813662052155
v -0.05434873327612877 0.09128711372613907 0.21619704365730286
v -0.048636265099048615 0.09224668145179749 0.21051813662052155
v -0.05645954981446266 0.08394747227430344 0.20870709419250488
v -0.052622295916080475 0.09790310263633728 0.22296884655952454
v -0.059371333569288254 0.09016606211662292 0.22243674099445343
v -0.06364570558071136 0.08888142555952072 0.22914716601371765
v -0.06364570558071136 0.08888142555952072 0.22914716601371765
v -0.059371333569288254 0.09016606211662292 0.22243674099445343
v -0.06616783142089844 0.080058254301548 0.22077037394046783
v -0.06364570558071136 0.08888142555952072 0.22914716601371765
v -0.06616783142089844 0.080058254301548 0.22077037394046783
v -0.06899992376565933 0.07839901745319366 0.22544163465499878
v -0.05645954981446266 0.08394747227430344 0.20870709419250488
v -0.059676412492990494 0.08288196474313736 0.21219046413898468
v -0.05434873327612877 0.09128711372613907 0.21619704365730286
v -0.05434873327612877 0.09128711372613907 0.21619704365730286
v -0.059676412492990494 0.08288196474313736 0.21219046413898468
v -0.0629999190568924 0.08157185465097427 0.21627987921237946
v -0.05434873327612877 0.09128711372613907 0.21619704365730286
v -0.0629999190568924 0.08157185465097427 0.21627987921237946
v -0.059371333569288254 0.09016606211662292 0.22243674099445343
v -0.059371333569288254 0.09016606211662292 0.22243674099445343
v -0.0629999190568924 0.08157185465097427 0.21627987921237946
v -0.06504926830530167 0.08062789589166641 0.21910789608955383
v -0.059371333569288254 0.09016606211662292 0.22243674099445343
v -0.06504926830530167 0.08062789589166641 0.21910789608955383
v -0.06616783142089844 0.080058254301548 0.22077037394046783
v -0.07602390646934509 0.07167050242424011 0.2422984391450882
v -0.07663286477327347 0.07068181037902832 0.2445479929447174
v -0.07493891566991806 0.07605578750371933 0.25079336762428284
v -0.07663286477327347 0.07068181037902832 0.2445479929447174
v -0.07699835300445557 0.07001280784606934 0.24604228138923645
v -0.07493891566991806 0.07605578750371933 0.25079336762428284
v -0.07493891566991806 0.07605578750371933 0.25079336762428284
v -0.07699835300445557 0.07001280784606934 0.24604228138923645
v -0.07790318876504898 0.06797138601541519 0.25047171115875244
v -0.07493891566991806 0.07605578750371933 0.25079336762428284
v -0.07790318876504898 0.06797138601541519 0.25047171115875244
v -0.07897789776325226 0.06327851116657257 0.25999999046325684
v -0.06712959706783295 0.08743597567081451 0.2362329214811325
v -0.073250912129879 0.07502098381519318 0.23427453637123108
v -0.07307597249746323 0.07875096797943115 0.24292390048503876
v -0.07307597249746323 0.07875096797943115 0.24292390048503876
v -0.073250912129879 0.07502098381519318 0.23427453637123108
v -0.07499177008867264 0.07309147715568542 0.23897452652454376
v -0.07307597249746323 0.07875096797943115 0.24292390048503876
v -0.07499177008867264 0.07309147715568542 0.23897452652454376
v -0.07602390646934509 0.07167050242424011 0.2422984391450882
v -0.07897789776325226 0.06327851116657257 0.25999999046325684
v -0.07593674212694168 0.07314150035381317 0.25873929262161255
v -0.07493891566991806 0.07605578750371933 0.25079336762428284
v -0.07493891566991806 0.07605578750371933 0.25079336762428284
v -0.07593674212694168 0.07314150035381317 0.25873929262161255
v -0.0716204047203064 0.08409350365400314 0.2511455714702606
v -0.07493891566991806 0.07605578750371933 0.25079336762428284
v -0.0716204047203064 0.08409350365400314 0.2511455714702606
v -0.06979284435510635 0.0858362466096878 0.24359756708145142
v -0.07602390646934509 0.07167050242424011 0.2422984391450882
v -0.07493891566991806 0.07605578750371933 0.25079336762428284
v -0.07307597249746323 0.07875096797943115 0.24292390048503876
v -0.07307597249746323 0.07875096797943115 0.24292390048503876
v -0.07493891566991806 0.07605578750371933 0.25079336762428284
v -0.06979284435510635 0.0858362466096878 0.24359756708145142
v -0.07307597249746323 0.07875096797943115 0.24292390048503876
v -0.06979284435510635 0.0858362466096878 0.24359756708145142
v -0.06712959706783295 0.08743597567081451 0.2362329214811325
v -0.06712959706783295 0.08743597567081451 0.2362329214811325
v -0.06979284435510635 0.0858362466096878 0.24359756708145142
v -0.060850322246551514 0.09679796546697617 0.23559975624084473
v -0.06712959706783295 0.08743597567081451 0.2362329214811325
v -0.060850322246551514 0.09679796546697617 0.23559975624084473
v -0.05707346647977829 0.09737614542245865 0.22899025678634644
v -0.06899992376565933 0.07839901745319366 0.22544163465499878
v -0.0695859044790268 0.07800842821598053 0.2265070229768753
v -0.06364570558071136 0.08888142555952072 0.22914716601371765
v -0.06364570558071136 0.08888142555952072 0.22914716601371765
v -0.0695859044790268 0.07800842821598053 0.2265070229768753
v -0.07249541580677032 0.0757327601313591 0.23248142004013062
v -0.06364570558071136 0.08888142555952072 0.22914716601371765
v -0.07249541580677032 0.0757327601313591 0.23248142004013062
v -0.06712959706783295 0.08743597567081451 0.2362329214811325
v -0.06712959706783295 0.08743597567081451 0.2362329214811325
v -0.07249541580677032 0.0757327601313591 0.23248142004013062
v -0.0728766992688179 0.07538134604692459 0.23337092995643616
v -0.06712959706783295 0.08743597567081451 0.2362329214811325
v -0.0728766992688179 0.07538134604692459 0.23337092995643616
v -0.073250912129879 0.07502098381519318 0.23427453637123108
v -0.042218293994665146 0.08713967353105545 0.19721171259880066
v -0.046657975763082504 0.08634893596172333 0.20023028552532196
v -0.04230295494198799 0.09304969012737274 0.20548340678215027
v -0.04230295494198799 0.09304969012737274 0.20548340678215027
v -0.046657975763082504 0.08634893596172333 0.20023028552532196
v -0.04838576540350914 0.08599827438592911 0.20152954757213593
v -0.04230295494198799 0.09304969012737274 0.20548340678215027
v -0.04838576540350914 0.08599827438592911 0.20152954757213593
v -0.048636265099048615 0.09224668145179749 0.21051813662052155
v -0.048636265099048615 0.09224668145179749 0.21051813662052155
v -0.04838576540350914 0.08599827438592911 0.20152954757213593
v -0.05350761115550995 0.08478705585002899 0.20584990084171295
v -0.048636265099048615 0.09224668145179749 0.21051813662052155
v -0.05350761115550995 0.08478705585002899 0.20584990084171295
v -0.05645954981446266 0.08394747227430344 0.20870709419250488
v -0.040126387029886246 0.01124517247080803 0.33223068714141846
v -0.0371253564953804 0.03347752243280411 0.33189234137535095
v -0.046397268772125244 0.015175648033618927 0.3281260132789612
v -0.046397268772125244 0.015175648033618927 0.3281260132789612
v -0.0371253564953804 0.03347752243280411 0.33189234137535095
v -0.04393627494573593 0.036785416305065155 0.3274156153202057
v -0.046397268772125244 0.015175648033618927 0.3281260132789612
v -0.04393627494573593 0.036785416305065155 0.3274156153202057
v -0.052418988198041916 0.01961306296288967 0.32329845428466797
v -0.052418988198041916 0.01961306296288967 0.32329845428466797
v -0.04393627494573593 0.036785416305065155 0.3274156153202057
v -0.050151269882917404 0.04035476595163345 0.32232826948165894
v -0.052418988198041916 0.01961306296288967 0.32329845428466797
v -0.050151269882917404 0.04035476595163345 0.32232826948165894
v -0.058087483048439026 0.024480869993567467 0.3177492916584015
v -0.058087483048439026 0.024480869993567467 0.3177492916584015
v -0.050151269882917404 0.04035476595163345 0.32232826948165894
v -0.0557548850774765 0.044096387922763824 0.3166964650154114
v -0.058087483048439026 0.024480869993567467 0.3177492916584015
v -0.0557548850774765 0.044096387922763824 0.3166964650154114
v -0.06328669935464859 0.029677890241146088 0.31150662899017334
v -0.06328669935464859 0.029677890241146088 0.31150662899017334
v -0.0557548850774765 0.044096387922763824 0.3166964650154114
v -0.060732170939445496 0.04793400689959526 0.3105796277523041
v -0.06328669935464859 0.029677890241146088 0.31150662899017334
v -0.060732170939445496 0.04793400689959526 0.3105796277523041
v -0.06788871437311172 0.035070959478616714 0.30464547872543335
v -0.06788871437311172 0.035070959478616714 0.30464547872543335
v -0.060732170939445496 0.04793400689959526 0.3105796277523041
v -0.06506331264972687 0.0518067292869091 0.3040306866168976
v -0.06788871437311172 0.035070959478616714 0.30464547872543335
v -0.06506331264972687 0.0518067292869091 0.3040306866168976
v -0.07178954780101776 0.040529169142246246 0.297257661819458
v -0.07178954780101776 0.040529169142246246 0.297257661819458
v -0.06506331264972687 0.0518067292869091 0.3040306866168976
v -0.06872551888227463 0.05566101893782616 0.29710057377815247
v -0.07178954780101776 0.040529169142246246 0.297257661819458
v -0.06872551888227463 0.05566101893782616 0.29710057377815247
v -0.07488842308521271 0.0458972193300724 0.28949928283691406
v -0.07488842308521271 0.0458972193300724 0.28949928283691406
v -0.06872551888227463 0.05566101893782616 0.29710057377815247
v -0.07169046252965927 0.05945037305355072 0.2898422181606293
v -0.07488842308521271 0.0458972193300724 0.28949928283691406
v -0.07169046252965927 0.05945037305355072 0.2898422181606293
v -0.07713031768798828 0.051034968346357346 0.28154975175857544
v -0.07713031768798828 0.051034968346357346 0.28154975175857544
v -0.07169046252965927 0.05945037305355072 0.2898422181606293
v -0.07392742484807968 0.06313144415616989 0.2823110818862915
v -0.07713031768798828 0.051034968346357346 0.28154975175857544
v -0.07392742484807968 0.06313144415616989 0.2823110818862915
v -0.07853639870882034 0.05596058443188667 0.27337124943733215
v -0.07853639870882034 0.05596058443188667 0.27337124943733215
v -0.07392742484807968 0.06313144415616989 0.2823110818862915
v -0.07540279626846313 0.0666646733880043 0.27456963062286377
v -0.07853639870882034 0.05596058443188667 0.27337124943733215
v -0.07540279626846313 0.0666646733880043 0.27456963062286377
v -0.07907747477293015 0.06060229241847992 0.2650793790817261
v -0.07907747477293015 0.06060229241847992 0.2650793790817261
v -0.07540279626846313 0.0666646733880043 0.27456963062286377
v -0.0760829970240593 0.07001252472400665 0.2666859030723572
v -0.07907747477293015 0.06060229241847992 0.2650793790817261
v -0.0760829970240593 0.07001252472400665 0.2666859030723572
v -0.07593674212694168 0.07314150035381317 0.25873929262161255
v -0.07593674212694168 0.07314150035381317 0.25873929262161255
v -0.0760829970240593 0.07001252472400665 0.2666859030723572
v -0.07260929048061371 0.08222251385450363 0.2587861716747284
v -0.07593674212694168 0.07314150035381317 0.25873929262161255
v -0.07260929048061371 0.08222251385450363 0.2587861716747284
v -0.0716204047203064 0.08409350365400314 0.2511455714702606
v -0.0716204047203064 0.08409350365400314 0.2511455714702606
v -0.07260929048061371 0.08222251385450363 0.2587861716747284
v -0.06795082241296768 0.09207732230424881 0.251518577337265
v -0.0716204047203064 0.08409350365400314 0.2511455714702606
v -0.06795082241296768 0.09207732230424881 0.251518577337265
v -0.06979284435510635 0.0858362466096878 0.24359756708145142
v -0.06979284435510635 0.0858362466096878 0.24359756708145142
v -0.06795082241296768 0.09207732230424881 0.251518577337265
v -0.0637880340218544 0.09619244188070297 0.24252045154571533
v -0.06979284435510635 0.0858362466096878 0.24359756708145142
v -0.0637880340218544 0.09619244188070297 0.24252045154571533
v -0.060850322246551514 0.09679796546697617 0.23559975624084473
v -0.07218415290117264 -0.10149998217821121 0.2803580164909363
v -0.07486993819475174 -0.10149998217821121 0.26441529393196106
v 0.07486993819475174 -0.10149998217821121 0.26441529393196106
v 0.07486993819475174 -0.10149998217821121 0.26441529393196106
v -0.07486993819475174 -0.10149998217821121 0.26441529393196106
v -0.07500001043081284 -0.10149998217821121 0.25999999046325684
v 0.07486993819475174 -0.10149998217821121 0.26441529393196106
v -0.07500001043081284 -0.10149998217821121 0.25999999046325684
v 0.07500001043081284 -0.10149998217821121 0.25999999046325684
v 0.07500001043081284 -0.10149998217821121 0.25999999046325684
v -0.07500001043081284 -0.10149998217821121 0.25999999046325684
v -0.07486993819475174 -0.10149998217821121 0.2555846869945526
v 0.07500001043081284 -0.10149998217821121 0.25999999046325684
v -0.07486993819475174 -0.10149998217821121 0.2555846869945526
v 0.07486993819475174 -0.10149998217821121 0.2555846869945526
v 0.07486993819475174 -0.10149998217821121 0.2555846869945526
v -0.07486993819475174 -0.10149998217821121 0.2555846869945526
v -0.07218415290117264 -0.10149998217821121 0.2396419495344162
v 0.07218415290117264 -0.10149998217821121 0.2803580164909363
v 0.06614410877227783 -0.10149998217821121 0.2953547537326813
v 0.07486993819475174 -0.10149998217821121 0.26441529393196106
v 0.07486993819475174 -0.10149998217821121 0.26441529393196106
v 0.06614410877227783 -0.10149998217821121 0.2953547537326813
v 0.05703045800328255 -0.10149998217821121 0.3087086081504822
v 0.07486993819475174 -0.10149998217821121 0.26441529393196106
v 0.05703045800328255 -0.10149998217821121 0.3087086081504822
v 0.04526670277118683 -0.10149998217821121 0.3197990655899048
v 0.04526670277118683 -0.10149998217821121 0.3197990655899048
v 0.03139948472380638 -0.10149998217821121 0.3281107544898987
v 0.07486993819475174 -0.10149998217821121 0.26441529393196106
v 0.07486993819475174 -0.10149998217821121 0.26441529393196106
v 0.03139948472380638 -0.10149998217821121 0.3281107544898987
v 0.016073189675807953 -0.10149998217821121 0.33325743675231934
v 0.07486993819475174 -0.10149998217821121 0.26441529393196106
v 0.016073189675807953 -0.10149998217821121 0.33325743675231934
v -5.455247206236602e-17 -0.10149998217821121 0.33500000834465027
v -5.455247206236602e-17 -0.10149998217821121 0.33500000834465027
v -0.016073189675807953 -0.10149998217821121 0.33325743675231934
v 0.07486993819475174 -0.10149998217821121 0.26441529393196106
v 0.07486993819475174 -0.10149998217821121 0.26441529393196106
v -0.016073189675807953 -0.10149998217821121 0.33325743675231934
v -0.03139948472380638 -0.10149998217821121 0.3281107544898987
v 0.07486993819475174 -0.10149998217821121 0.26441529393196106
v -0.03139948472380638 -0.10149998217821121 0.3281107544898987
v -0.04526670277118683 -0.10149998217821121 0.3197990655899048
v -0.07218415290117264 -0.10149998217821121 0.2396419495344162
v -0.06614410877227783 -0.10149998217821121 0.2246452271938324
v 0.07486993819475174 -0.10149998217821121 0.2555846869945526
v 0.07486993819475174 -0.10149998217821121 0.2555846869945526
v -0.06614410877227783 -0.10149998217821121 0.2246452271938324
v -0.05703045800328255 -0.10149998217821121 0.2112913727760315
v 0.07486993819475174 -0.10149998217821121 0.2555846869945526
v -0.05703045800328255 -0.10149998217821121 0.2112913727760315
v -0.04526670277118683 -0.10149998217821121 0.20020093023777008
v -0.04526670277118683 -0.10149998217821121 0.3197990655899048
v -0.05703045800328255 -0.10149998217821121 0.3087086081504822
v 0.07486993819475174 -0.10149998217821121 0.26441529393196106
v 0.07486993819475174 -0.10149998217821121 0.26441529393196106
v -0.05703045800328255 -0.10149998217821121 0.3087086081504822
v -0.06614410877227783 -0.10149998217821121 0.2953547537326813
v 0.07486993819475174 -0.10149998217821121 0.26441529393196106
v -0.06614410877227783 -0.10149998217821121 0.2953547537326813
v -0.07218415290117264 -0.10149998217821121 0.2803580164909363
v -0.04526670277118683 -0.10149998217821121 0.20020093023777008
v -0.03139948472380638 -0.10149998217821121 0.19188924133777618
v 0.07486993819475174 -0.10149998217821121 0.2555846869945526
v 0.07486993819475174 -0.10149998217821121 0.2555846869945526
v -0.03139948472380638 -0.10149998217821121 0.19188924133777618
v -0.016073189675807953 -0.10149998217821121 0.18674254417419434
v 0.07486993819475174 -0.10149998217821121 0.2555846869945526
v -0.016073189675807953 -0.10149998217821121 0.18674254417419434
v -1.194495126640875e-16 -0.10149998217821121 0.1849999874830246
v -1.194495126640875e-16 -0.10149998217821121 0.1849999874830246
v 0.016073189675807953 -0.10149998217821121 0.18674254417419434
v 0.07486993819475174 -0.10149998217821121 0.2555846869945526
v 0.07486993819475174 -0.10149998217821121 0.2555846869945526
v 0.016073189675807953 -0.10149998217821121 0.18674254417419434
v 0.03139948472380638 -0.10149998217821121 0.19188924133777618
v 0.07486993819475174 -0.10149998217821121 0.2555846869945526
v 0.03139948472380638 -0.10149998217821121 0.19188924133777618
v 0.04526670277118683 -0.10149998217821121 0.20020093023777008
v 0.04526670277118683 -0.10149998217821121 0.20020093023777008
v 0.05703045800328255 -0.10149998217821121 0.2112913727760315
v 0.07486993819475174 -0.10149998217821121 0.2555846869945526
v 0.07486993819475174 -0.10149998217821121 0.2555846869945526
v 0.05703045800328255 -0.10149998217821121 0.2112913727760315
v 0.06614410877227783 -0.10149998217821121 0.2246452271938324
v 0.07486993819475174 -0.10149998217821121 0.2555846869945526
v 0.06614410877227783 -0.10149998217821121 0.2246452271938324
v 0.07218415290117264 -0.10149998217821121 0.2396419495344162
v -0.06768205761909485 -0.08999999612569809 0.2276868224143982
v -0.06614410877227783 -0.09000000357627869 0.2246452271938324
v -0.06614410877227783 -0.10149998217821121 0.2246452271938324
v 0.06614410877227783 -0.09000002592802048 0.2246452271938324
v 0.06705392897129059 -0.09000001847743988 0.22640277445316315
v 0.06614410877227783 -0.10149998217821121 0.2246452271938324
v 0.06614410877227783 -0.10149998217821121 0.2246452271938324
v 0.06705392897129059 -0.09000001847743988 0.22640277445316315
v 0.06900002807378769 -0.08999999612569809 0.23060613870620728
v 0.06614410877227783 -0.10149998217821121 0.2246452271938324
v 0.06900002807378769 -0.08999999612569809 0.23060613870620728
v 0.07218415290117264 -0.10149998217821121 0.2396419495344162
v 0.0527021586894989 -0.0900002047419548 0.20663796365261078
v 0.057030338793992996 -0.09000034630298615 0.21129149198532104
v 0.05703045800328255 -0.10149998217821121 0.2112913727760315
v 0.05703045800328255 -0.10149998217821121 0.2112913727760315
v 0.057030338793992996 -0.09000034630298615 0.21129149198532104
v 0.05819939076900482 -0.09000027924776077 0.21269457042217255
v 0.05819939076900482 -0.09000027924776077 0.21269457042217255
v 0.05977420136332512 -0.08999999612569809 0.21470066905021667
v 0.05703045800328255 -0.10149998217821121 0.2112913727760315
v 0.05703045800328255 -0.10149998217821121 0.2112913727760315
v 0.05977420136332512 -0.08999999612569809 0.21470066905021667
v 0.05978020280599594 -0.08999999612569809 0.2147085964679718
v 0.05703045800328255 -0.10149998217821121 0.2112913727760315
v 0.05978020280599594 -0.08999999612569809 0.2147085964679718
v 0.06614410877227783 -0.10149998217821121 0.2246452271938324
v 0.06614410877227783 -0.10149998217821121 0.2246452271938324
v 0.05978020280599594 -0.08999999612569809 0.2147085964679718
v 0.06299994885921478 -0.09000006318092346 0.21930578351020813
v 0.06614410877227783 -0.10149998217821121 0.2246452271938324
v 0.06299994885921478 -0.09000006318092346 0.21930578351020813
v 0.06614410877227783 -0.09000002592802048 0.2246452271938324
v 0.04658251628279686 -0.08999998867511749 0.2012203335762024
v 0.04782596603035927 -0.0899999663233757 0.2022274136543274
v 0.04526670277118683 -0.10149998217821121 0.20020093023777008
v 0.04526670277118683 -0.10149998217821121 0.20020093023777008
v 0.04782596603035927 -0.0899999663233757 0.2022274136543274
v 0.04957234859466553 -0.09000008553266525 0.20371860265731812
v 0.04526670277118683 -0.10149998217821121 0.20020093023777008
v 0.04957234859466553 -0.09000008553266525 0.20371860265731812
v 0.05703045800328255 -0.10149998217821121 0.2112913727760315
v 0.05703045800328255 -0.10149998217821121 0.2112913727760315
v 0.04957234859466553 -0.09000008553266525 0.20371860265731812
v 0.051807716488838196 -0.0900002270936966 0.2057691514492035
v 0.05703045800328255 -0.10149998217821121 0.2112913727760315
v 0.051807716488838196 -0.0900002270936966 0.2057691514492035
v 0.0527021586894989 -0.0900002047419548 0.20663796365261078
v 0.03139951825141907 -0.0900002270936966 0.19188916683197021
v 0.032756198197603226 -0.0900002270936966 0.1925310492515564
v 0.03139948472380638 -0.10149998217821121 0.19188924133777618
v 0.03139948472380638 -0.10149998217821121 0.19188924133777618
v 0.032756198197603226 -0.0900002270936966 0.1925310492515564
v 0.03990475833415985 -0.09000001847743988 0.19649721682071686
v 0.03139948472380638 -0.10149998217821121 0.19188924133777618
v 0.03990475833415985 -0.09000001847743988 0.19649721682071686
v 0.04526670277118683 -0.10149998217821121 0.20020093023777008
v 0.04526670277118683 -0.10149998217821121 0.20020093023777008
v 0.03990475833415985 -0.09000001847743988 0.19649721682071686
v 0.04526656121015549 -0.09000007808208466 0.2002011388540268
v 0.04526670277118683 -0.10149998217821121 0.20020093023777008
v 0.04526656121015549 -0.09000007808208466 0.2002011388540268
v 0.04658251628279686 -0.08999998867511749 0.2012203335762024
v 0.016073189675807953 -0.10149998217821121 0.18674254417419434
v 0.016073262318968773 -0.09000059962272644 0.1867421418428421
v 0.017382461577653885 -0.0900004506111145 0.1870417445898056
v 0.016073189675807953 -0.10149998217821121 0.18674254417419434
v 0.017382461577653885 -0.0900004506111145 0.1870417445898056
v 0.03139948472380638 -0.10149998217821121 0.19188924133777618
v 0.03139948472380638 -0.10149998217821121 0.19188924133777618
v 0.017382461577653885 -0.0900004506111145 0.1870417445898056
v 0.02521575428545475 -0.09000004082918167 0.18936631083488464
v 0.03139948472380638 -0.10149998217821121 0.19188924133777618
v 0.02521575428545475 -0.09000004082918167 0.18936631083488464
v 0.03139951825141907 -0.0900002270936966 0.19188916683197021
v -0.006991091649979353 -0.08999882638454437 0.18532559275627136
v 2.3165229734445347e-08 -0.08999935537576675 0.18500058352947235
v -1.194495126640875e-16 -0.10149998217821121 0.1849999874830246
v -1.194495126640875e-16 -0.10149998217821121 0.1849999874830246
v 2.3165229734445347e-08 -0.08999935537576675 0.18500058352947235
v 0.0011735250009223819 -0.08999950438737869 0.18500961363315582
v -1.194495126640875e-16 -0.10149998217821121 0.1849999874830246
v 0.0011735250009223819 -0.08999950438737869 0.18500961363315582
v 0.016073189675807953 -0.10149998217821121 0.18674254417419434
v 0.016073189675807953 -0.10149998217821121 0.18674254417419434
v 0.0011735250009223819 -0.08999950438737869 0.18500961363315582
v 0.009330063126981258 -0.09000010788440704 0.18558330833911896
v 0.016073189675807953 -0.10149998217821121 0.18674254417419434
v 0.009330063126981258 -0.09000010788440704 0.18558330833911896
v 0.016073262318968773 -0.09000059962272644 0.1867421418428421
v -0.006991091649979353 -0.08999882638454437 0.18532559275627136
v -1.194495126640875e-16 -0.10149998217821121 0.1849999874830246
v -0.015066701918840408 -0.08999892324209213 0.18652905523777008
v -0.015066701918840408 -0.08999892324209213 0.18652905523777008
v -1.194495126640875e-16 -0.10149998217821121 0.1849999874830246
v -0.016073189675807953 -0.10149998217821121 0.18674254417419434
v -0.015066701918840408 -0.08999892324209213 0.18652905523777008
v -0.016073189675807953 -0.10149998217821121 0.18674254417419434
v -0.01607314497232437 -0.08999926596879959 0.18674270808696747
v -0.03139948472380638 -0.10149998217821121 0.19188924133777618
v -0.030622920021414757 -0.09000030159950256 0.19153684377670288
v -0.016073189675807953 -0.10149998217821121 0.18674254417419434
v -0.016073189675807953 -0.10149998217821121 0.18674254417419434
v -0.030622920021414757 -0.09000030159950256 0.19153684377670288
v -0.02298828586935997 -0.09000043570995331 0.18860988318920135
v -0.016073189675807953 -0.10149998217821121 0.18674254417419434
v -0.02298828586935997 -0.09000043570995331 0.18860988318920135
v -0.01607314497232437 -0.08999926596879959 0.18674270808696747
v -0.04783052206039429 -0.0899997279047966 0.20223145186901093
v -0.044712115079164505 -0.09000000357627869 0.19978566467761993
v -0.04526670277118683 -0.10149998217821121 0.20020093023777008
v -0.04526670277118683 -0.10149998217821121 0.20020093023777008
v -0.044712115079164505 -0.09000000357627869 0.19978566467761993
v -0.0398598313331604 -0.09000017493963242 0.19646887481212616
v -0.04526670277118683 -0.10149998217821121 0.20020093023777008
v -0.0398598313331604 -0.09000017493963242 0.19646887481212616
v -0.03139948472380638 -0.10149998217821121 0.19188924133777618
v -0.03139948472380638 -0.10149998217821121 0.19188924133777618
v -0.0398598313331604 -0.09000017493963242 0.19646887481212616
v -0.03789235278964043 -0.09000027924776077 0.1952759325504303
v -0.03139948472380638 -0.10149998217821121 0.19188924133777618
v -0.03789235278964043 -0.09000027924776077 0.1952759325504303
v -0.030622920021414757 -0.09000030159950256 0.19153684377670288
v -0.05703042820096016 -0.09000032395124435 0.21129140257835388
v -0.05668460577726364 -0.09000032395124435 0.2108893245458603
v -0.05703045800328255 -0.10149998217821121 0.2112913727760315
v -0.05703045800328255 -0.10149998217821121 0.2112913727760315
v -0.05668460577726364 -0.09000032395124435 0.2108893245458603
v -0.055792372673749924 -0.09000029414892197 0.2098778635263443
v -0.055792372673749924 -0.09000029414892197 0.2098778635263443
v -0.05520834028720856 -0.09000027179718018 0.20923520624637604
v -0.05703045800328255 -0.10149998217821121 0.2112913727760315
v -0.05703045800328255 -0.10149998217821121 0.2112913727760315
v -0.05520834028720856 -0.09000027179718018 0.20923520624637604
v -0.051808103919029236 -0.0900001972913742 0.20576953887939453
v -0.05703045800328255 -0.10149998217821121 0.2112913727760315
v -0.051808103919029236 -0.0900001972913742 0.20576953887939453
v -0.04526670277118683 -0.10149998217821121 0.20020093023777008
v -0.04526670277118683 -0.10149998217821121 0.20020093023777008
v -0.051808103919029236 -0.0900001972913742 0.20576953887939453
v -0.05099941045045853 -0.09000011533498764 0.20500843226909637
v -0.04526670277118683 -0.10149998217821121 0.20020093023777008
v -0.05099941045045853 -0.09000011533498764 0.20500843226909637
v -0.04783052206039429 -0.0899997279047966 0.20223145186901093
v -0.06614410877227783 -0.09000000357627869 0.2246452271938324
v -0.06539183109998703 -0.09000001102685928 0.22327247262001038
v -0.06614410877227783 -0.10149998217821121 0.2246452271938324
v -0.06614410877227783 -0.10149998217821121 0.2246452271938324
v -0.06539183109998703 -0.09000001102685928 0.22327247262001038
v -0.06299997121095657 -0.09000001847743988 0.21930590271949768
v -0.06614410877227783 -0.10149998217821121 0.2246452271938324
v -0.06299997121095657 -0.09000001847743988 0.21930590271949768
v -0.05703045800328255 -0.10149998217821121 0.2112913727760315
v -0.05703045800328255 -0.10149998217821121 0.2112913727760315
v -0.06299997121095657 -0.09000001847743988 0.21930590271949768
v -0.061692312359809875 -0.08999981731176376 0.2173495590686798
v -0.05703045800328255 -0.10149998217821121 0.2112913727760315
v -0.061692312359809875 -0.08999981731176376 0.2173495590686798
v -0.05703042820096016 -0.09000032395124435 0.21129140257835388
v -0.06768205761909485 -0.08999999612569809 0.2276868224143982
v -0.06614410877227783 -0.10149998217821121 0.2246452271938324
v -0.06900002807378769 -0.08999999612569809 0.23060615360736847
v -0.06900002807378769 -0.08999999612569809 0.23060615360736847
v -0.06614410877227783 -0.10149998217821121 0.2246452271938324
v -0.07218415290117264 -0.10149998217821121 0.2396419495344162
v -0.06900002807378769 -0.08999999612569809 0.23060615360736847
v -0.07218415290117264 -0.10149998217821121 0.2396419495344162
v -0.07218415290117264 -0.08999998867511749 0.2396419495344162
v -0.07486993819475174 -0.08999998867511749 0.2555846869945526
v -0.07486993819475174 -0.10149998217821121 0.2555846869945526
v -0.07500001043081284 -0.08999998867511749 0.25999999046325684
v -0.07500001043081284 -0.08999998867511749 0.25999999046325684
v -0.07486993819475174 -0.10149998217821121 0.2555846869945526
v -0.07500001043081284 -0.10149998217821121 0.25999999046325684
v 0.07500001043081284 -0.08999998867511749 0.25999999046325684
v 0.07500001043081284 -0.10149998217821121 0.25999999046325684
v 0.07486993819475174 -0.08999999612569809 0.2555846869945526
v 0.07486993819475174 -0.08999999612569809 0.2555846869945526
v 0.07500001043081284 -0.10149998217821121 0.25999999046325684
v 0.07486993819475174 -0.10149998217821121 0.2555846869945526
v 0.07486993819475174 -0.08999999612569809 0.2555846869945526
v 0.07486993819475174 -0.10149998217821121 0.2555846869945526
v 0.07483480870723724 -0.08999998867511749 0.25502467155456543
v -0.07486993819475174 -0.08999998867511749 0.2555846869945526
v -0.07483463734388351 -0.08999998867511749 0.2550220787525177
v -0.07486993819475174 -0.10149998217821121 0.2555846869945526
v -0.07486993819475174 -0.10149998217821121 0.2555846869945526
v -0.07483463734388351 -0.08999998867511749 0.2550220787525177
v -0.07417400926351547 -0.08999998867511749 0.24889959394931793
v -0.07486993819475174 -0.10149998217821121 0.2555846869945526
v -0.07417400926351547 -0.08999998867511749 0.24889959394931793
v -0.07218415290117264 -0.10149998217821121 0.2396419495344162
v -0.07218415290117264 -0.10149998217821121 0.2396419495344162
v -0.07417400926351547 -0.08999998867511749 0.24889959394931793
v -0.07300160080194473 -0.08999998867511749 0.24280206859111786
v -0.07218415290117264 -0.10149998217821121 0.2396419495344162
v -0.07300160080194473 -0.08999998867511749 0.24280206859111786
v -0.07218415290117264 -0.08999998867511749 0.2396419495344162
v 0.06900002807378769 -0.08999999612569809 0.23060613870620728
v 0.07218415290117264 -0.08999999612569809 0.2396419495344162
v 0.07218415290117264 -0.10149998217821121 0.2396419495344162
v 0.07218415290117264 -0.10149998217821121 0.2396419495344162
v 0.07218415290117264 -0.08999999612569809 0.2396419495344162
v 0.07300367951393127 -0.08999998867511749 0.242810919880867
v 0.07218415290117264 -0.10149998217821121 0.2396419495344162
v 0.07300367951393127 -0.08999998867511749 0.242810919880867
v 0.07486993819475174 -0.10149998217821121 0.2555846869945526
v 0.07486993819475174 -0.10149998217821121 0.2555846869945526
v 0.07300367951393127 -0.08999998867511749 0.242810919880867
v 0.07417485862970352 -0.08999998867511749 0.24890531599521637
v 0.07486993819475174 -0.10149998217821121 0.2555846869945526
v 0.07417485862970352 -0.08999998867511749 0.24890531599521637
v 0.07483480870723724 -0.08999998867511749 0.25502467155456543
v -0.06742555648088455 0.03247043490409851 0.07850000262260437
v -0.0585097037255764 0.0466599315404892 0.07850000262260437
v 0.07296040654182434 0.01665273681282997 0.07850000262260437
v -0.06742555648088455 0.03247043490409851 0.07850000262260437
v 0.07296040654182434 0.01665273681282997 0.07850000262260437
v -0.07296040654182434 0.01665273681282997 0.07850000262260437
v -0.07296040654182434 -0.01665273681282997 0.07850000262260437
v 0.07483671605587006 0.0 0.07850000262260437
v 0.07296040654182434 -0.01665273681282997 0.07850000262260437
v 0.07296040654182434 -0.01665273681282997 0.07850000262260437
v 0.06742555648088455 -0.03247043490409851 0.07850000262260437
v -0.07296040654182434 -0.01665273681282997 0.07850000262260437
v -0.07296040654182434 -0.01665273681282997 0.07850000262260437
v 0.06742555648088455 -0.03247043490409851 0.07850000262260437
v 0.0585097037255764 -0.0466599315404892 0.07850000262260437
v -0.07296040654182434 -0.01665273681282997 0.07850000262260437
v 0.0585097037255764 -0.0466599315404892 0.07850000262260437
v 0.0466599315404892 -0.0585097037255764 0.07850000262260437
v -0.03247043490409851 -0.06742555648088455 0.07850000262260437
v -0.0466599315404892 -0.0585097037255764 0.07850000262260437
v -0.0585097037255764 -0.0466599315404892 0.07850000262260437
v 0.07483671605587006 0.0 0.07850000262260437
v -0.07296040654182434 -0.01665273681282997 0.07850000262260437
v 0.07296040654182434 0.01665273681282997 0.07850000262260437
v 0.07296040654182434 0.01665273681282997 0.07850000262260437
v -0.07296040654182434 -0.01665273681282997 0.07850000262260437
v -0.07483671605587006 9.164855130260902e-18 0.07850000262260437
v 0.07296040654182434 0.01665273681282997 0.07850000262260437
v -0.07483671605587006 9.164855130260902e-18 0.07850000262260437
v -0.07296040654182434 0.01665273681282997 0.07850000262260437
v -0.0585097037255764 0.0466599315404892 0.07850000262260437
v -0.0466599315404892 0.0585097037255764 0.07850000262260437
v 0.07296040654182434 0.01665273681282997 0.07850000262260437
v 0.07296040654182434 0.01665273681282997 0.07850000262260437
v -0.0466599315404892 0.0585097037255764 0.07850000262260437
v -0.03247043490409851 0.06742555648088455 0.07850000262260437
v 0.07296040654182434 0.01665273681282997 0.07850000262260437
v -0.03247043490409851 0.06742555648088455 0.07850000262260437
v -0.01665273681282997 0.07296040654182434 0.07850000262260437
v 0.03247043490409851 0.06742555648088455 0.07850000262260437
v 0.0466599315404892 0.0585097037255764 0.07850000262260437
v 0.07296040654182434 0.01665273681282997 0.07850000262260437
v 0.07296040654182434 0.01665273681282997 0.07850000262260437
v 0.0466599315404892 0.0585097037255764 0.07850000262260437
v 0.0585097037255764 0.0466599315404892 0.07850000262260437
v 0.07296040654182434 0.01665273681282997 0.07850000262260437
v 0.0585097037255764 0.0466599315404892 0.07850000262260437
v 0.06742555648088455 0.03247043490409851 0.07850000262260437
v 0.0466599315404892 -0.0585097037255764 0.07850000262260437
v 0.03247043490409851 -0.06742555648088455 0.07850000262260437
v -0.07296040654182434 -0.01665273681282997 0.07850000262260437
v -0.07296040654182434 -0.01665273681282997 0.07850000262260437
v 0.03247043490409851 -0.06742555648088455 0.07850000262260437
v 0.01665273681282997 -0.07296040654182434 0.07850000262260437
v -0.07296040654182434 -0.01665273681282997 0.07850000262260437
v 0.01665273681282997 -0.07296040654182434 0.07850000262260437
v -1.3747282695391353e-17 -0.07483671605587006 0.07850000262260437
v -1.3747282695391353e-17 -0.07483671605587006 0.07850000262260437
v -0.01665273681282997 -0.07296040654182434 0.07850000262260437
v -0.07296040654182434 -0.01665273681282997 0.07850000262260437
v -0.07296040654182434 -0.01665273681282997 0.07850000262260437
v -0.01665273681282997 -0.07296040654182434 0.07850000262260437
v -0.03247043490409851 -0.06742555648088455 0.07850000262260437
v -0.07296040654182434 -0.01665273681282997 0.07850000262260437
v -0.03247043490409851 -0.06742555648088455 0.07850000262260437
v -0.06742555648088455 -0.03247043490409851 0.07850000262260437
v -0.06742555648088455 -0.03247043490409851 0.07850000262260437
v -0.03247043490409851 -0.06742555648088455 0.07850000262260437
v -0.0585097037255764 -0.0466599315404892 0.07850000262260437
v -0.01665273681282997 0.07296040654182434 0.07850000262260437
v 4.582427565130451e-18 0.07483671605587006 0.07850000262260437
v 0.07296040654182434 0.01665273681282997 0.07850000262260437
v 0.07296040654182434 0.01665273681282997 0.07850000262260437
v 4.582427565130451e-18 0.07483671605587006 0.07850000262260437
v 0.01665273681282997 0.07296040654182434 0.07850000262260437
v 0.07296040654182434 0.01665273681282997 0.07850000262260437
v 0.01665273681282997 0.07296040654182434 0.07850000262260437
v 0.03247043490409851 0.06742555648088455 0.07850000262260437
v 0.07483671605587006 0.0 0.07850000262260437
v 0.07483671605587006 0.0 0.09000000357627869
v 0.07296040654182434 -0.01665273681282997 0.09000000357627869
v 0.07483671605587006 0.0 0.07850000262260437
v 0.07296040654182434 -0.01665273681282997 0.09000000357627869
v 0.07296040654182434 -0.01665273681282997 0.07850000262260437
v 0.07296040654182434 -0.01665273681282997 0.07850000262260437
v 0.07296040654182434 -0.01665273681282997 0.09000000357627869
v 0.06742555648088455 -0.03247043490409851 0.09000000357627869
v 0.07296040654182434 -0.01665273681282997 0.07850000262260437
v 0.06742555648088455 -0.03247043490409851 0.09000000357627869
v 0.06742555648088455 -0.03247043490409851 0.07850000262260437
v 0.06742555648088455 -0.03247043490409851 0.07850000262260437
v 0.06742555648088455 -0.03247043490409851 0.09000000357627869
v 0.0585097037255764 -0.0466599315404892 0.09000000357627869
v 0.06742555648088455 -0.03247043490409851 0.07850000262260437
v 0.0585097037255764 -0.0466599315404892 0.09000000357627869
v 0.0585097037255764 -0.0466599315404892 0.07850000262260437
v 0.0585097037255764 -0.0466599315404892 0.07850000262260437
v 0.0585097037255764 -0.0466599315404892 0.09000000357627869
v 0.0466599315404892 -0.0585097037255764 0.09000000357627869
v 0.0585097037255764 -0.0466599315404892 0.07850000262260437
v 0.0466599315404892 -0.0585097037255764 0.09000000357627869
v 0.0466599315404892 -0.0585097037255764 0.07850000262260437
v 0.0466599315404892 -0.0585097037255764 0.07850000262260437
v 0.0466599315404892 -0.0585097037255764 0.09000000357627869
v 0.03247043490409851 -0.06742555648088455 0.09000000357627869
v 0.0466599315404892 -0.0585097037255764 0.07850000262260437
v 0.03247043490409851 -0.06742555648088455 0.09000000357627869
v 0.03247043490409851 -0.06742555648088455 0.07850000262260437
v 0.03247043490409851 -0.06742555648088455 0.07850000262260437
v 0.03247043490409851 -0.06742555648088455 0.09000000357627869
v 0.01665273681282997 -0.07296040654182434 0.09000000357627869
v 0.03247043490409851 -0.06742555648088455 0.07850000262260437
v 0.01665273681282997 -0.07296040654182434 0.09000000357627869
v 0.01665273681282997 -0.07296040654182434 0.07850000262260437
v 0.01665273681282997 -0.07296040654182434 0.07850000262260437
v 0.01665273681282997 -0.07296040654182434 0.09000000357627869
v -1.3747282695391353e-17 -0.07483671605587006 0.09000000357627869
v 0.01665273681282997 -0.07296040654182434 0.07850000262260437
v -1.3747282695391353e-17 -0.07483671605587006 0.09000000357627869
v -1.3747282695391353e-17 -0.07483671605587006 0.07850000262260437
v -1.3747282695391353e-17 -0.07483671605587006 0.07850000262260437
v -1.3747282695391353e-17 -0.07483671605587006 0.09000000357627869
v -0.01665273681282997 -0.07296040654182434 0.09000000357627869
v -1.3747282695391353e-17 -0.07483671605587006 0.07850000262260437
v -0.01665273681282997 -0.07296040654182434 0.09000000357627869
v -0.01665273681282997 -0.07296040654182434 0.07850000262260437
v -0.01665273681282997 -0.07296040654182434 0.07850000262260437
v -0.01665273681282997 -0.07296040654182434 0.09000000357627869
v -0.03247043490409851 -0.06742555648088455 0.09000000357627869
v -0.01665273681282997 -0.07296040654182434 0.07850000262260437
v -0.03247043490409851 -0.06742555648088455 0.09000000357627869
v -0.03247043490409851 -0.06742555648088455 0.07850000262260437
v -0.03247043490409851 -0.06742555648088455 0.07850000262260437
v -0.03247043490409851 -0.06742555648088455 0.09000000357627869
v -0.0466599315404892 -0.0585097037255764 0.09000000357627869
v -0.03247043490409851 -0.06742555648088455 0.07850000262260437
v -0.0466599315404892 -0.0585097037255764 0.09000000357627869
v -0.0466599315404892 -0.0585097037255764 0.07850000262260437
v -0.0466599315404892 -0.0585097037255764 0.07850000262260437
v -0.0466599315404892 -0.0585097037255764 0.09000000357627869
v -0.0585097037255764 -0.0466599315404892 0.09000000357627869
v -0.0466599315404892 -0.0585097037255764 0.07850000262260437
v -0.0585097037255764 -0.0466599315404892 0.09000000357627869
v -0.0585097037255764 -0.0466599315404892 0.07850000262260437
v -0.0585097037255764 -0.0466599315404892 0.07850000262260437
v -0.0585097037255764 -0.0466599315404892 0.09000000357627869
v -0.06742555648088455 -0.03247043490409851 0.09000000357627869
v -0.0585097037255764 -0.0466599315404892 0.07850000262260437
v -0.06742555648088455 -0.03247043490409851 0.09000000357627869
v -0.06742555648088455 -0.03247043490409851 0.07850000262260437
v -0.06742555648088455 -0.03247043490409851 0.07850000262260437
v -0.06742555648088455 -0.03247043490409851 0.09000000357627869
v -0.07296040654182434 -0.01665273681282997 0.09000000357627869
v -0.06742555648088455 -0.03247043490409851 0.07850000262260437
v -0.07296040654182434 -0.01665273681282997 0.09000000357627869
v -0.07296040654182434 -0.01665273681282997 0.07850000262260437
v -0.07296040654182434 -0.01665273681282997 0.07850000262260437
v -0.07296040654182434 -0.01665273681282997 0.09000000357627869
v -0.07483671605587006 9.164855130260902e-18 0.09000000357627869
v -0.07296040654182434 -0.01665273681282997 0.07850000262260437
v -0.07483671605587006 9.164855130260902e-18 0.09000000357627869
v -0.07483671605587006 9.164855130260902e-18 0.07850000262260437
v -0.0689999982714653 -0.029103366658091545 0.10203064978122711
v -0.06899996101856232 -0.02939409762620926 0.08999998867511749
v -0.06624139100313187 -0.03517230972647667 0.09000033140182495
v -0.06765680760145187 -0.07954765111207962 0.22592058777809143
v -0.06768205761909485 -0.08999999612569809 0.2276868224143982
v -0.06900002807378769 -0.08999999612569809 0.23060615360736847
v -0.066225066781044 -0.07963581383228302 0.22301800549030304
v -0.06300003081560135 -0.08139291405677795 0.21780841052532196
v -0.06614410877227783 -0.09000000357627869 0.2246452271938324
v -0.06614410877227783 -0.09000000357627869 0.2246452271938324
v -0.06300003081560135 -0.08139291405677795 0.21780841052532196
v -0.06300003826618195 -0.08815164119005203 0.21909016370773315
v -0.06614410877227783 -0.09000000357627869 0.2246452271938324
v -0.06300003826618195 -0.08815164119005203 0.21909016370773315
v -0.06539183109998703 -0.09000001102685928 0.22327247262001038
v -0.06539183109998703 -0.09000001102685928 0.22327247262001038
v -0.06300003826618195 -0.08815164119005203 0.21909016370773315
v -0.06299997121095657 -0.09000001847743988 0.21930590271949768
v -0.06623809784650803 -0.07021335512399673 0.2197449505329132
v -0.06300003081560135 -0.07505477964878082 0.2158074676990509
v -0.066225066781044 -0.07963581383228302 0.22301800549030304
v -0.066225066781044 -0.07963581383228302 0.22301800549030304
v -0.06300003081560135 -0.07505477964878082 0.2158074676990509
v -0.06300003081560135 -0.08002878725528717 0.21744735538959503
v -0.066225066781044 -0.07963581383228302 0.22301800549030304
v -0.06300003081560135 -0.08002878725528717 0.21744735538959503
v -0.06300003081560135 -0.08139291405677795 0.21780841052532196
v -0.06629221886396408 -0.0541716068983078 0.20942892134189606
v -0.06300003081560135 -0.06407401710748672 0.2101280838251114
v -0.06626523286104202 -0.06170481815934181 0.2151806801557541
v -0.06626523286104202 -0.06170481815934181 0.2151806801557541
v -0.06300003081560135 -0.06407401710748672 0.2101280838251114
v -0.06300003081560135 -0.06849482655525208 0.21279548108577728
v -0.06626523286104202 -0.06170481815934181 0.2151806801557541
v -0.06300003081560135 -0.06849482655525208 0.21279548108577728
v -0.06623809784650803 -0.07021335512399673 0.2197449505329132
v -0.06623809784650803 -0.07021335512399673 0.2197449505329132
v -0.06300003081560135 -0.06849482655525208 0.21279548108577728
v -0.06300003081560135 -0.07148800045251846 0.21429654955863953
v -0.06623809784650803 -0.07021335512399673 0.2197449505329132
v -0.06300003081560135 -0.07148800045251846 0.21429654955863953
v -0.06300003081560135 -0.07505477964878082 0.2158074676990509
v -0.06300003081560135 -0.057946499437093735 0.20531898736953735
v -0.06300003081560135 -0.06249849870800972 0.20902757346630096
v -0.06473345309495926 -0.055965177714824677 0.2072119265794754
v -0.06300003081560135 -0.057946499437093735 0.20531898736953735
v -0.06473345309495926 -0.055965177714824677 0.2072119265794754
v -0.06300003081560135 -0.05713092163205147 0.2045605629682541
v -0.06300003081560135 -0.05713092163205147 0.2045605629682541
v -0.06473345309495926 -0.055965177714824677 0.2072119265794754
v -0.06474614888429642 -0.05005192011594772 0.2009182572364807
v -0.06300003081560135 -0.05713092163205147 0.2045605629682541
v -0.06474614888429642 -0.05005192011594772 0.2009182572364807
v -0.06300003081560135 -0.052420053631067276 0.1994701623916626
v -0.06300003081560135 -0.052420053631067276 0.1994701623916626
v -0.06474614888429642 -0.05005192011594772 0.2009182572364807
v -0.06475118547677994 -0.04514109343290329 0.19374310970306396
v -0.06300003081560135 -0.052420053631067276 0.1994701623916626
v -0.06475118547677994 -0.04514109343290329 0.19374310970306396
v -0.06300002336502075 -0.04837068170309067 0.19376780092716217
v -0.06300002336502075 -0.04837068170309067 0.19376780092716217
v -0.06475118547677994 -0.04514109343290329 0.19374310970306396
v -0.06300002336502075 -0.0450730137526989 0.18763169646263123
v -0.06300002336502075 -0.0450730137526989 0.18763169646263123
v -0.06475118547677994 -0.04514109343290329 0.19374310970306396
v -0.06475581973791122 -0.04126304015517235 0.18571875989437103
v -0.06300002336502075 -0.0450730137526989 0.18763169646263123
v -0.06475581973791122 -0.04126304015517235 0.18571875989437103
v -0.06300002336502075 -0.04389389976859093 0.18489524722099304
v -0.06300001591444016 -0.039689671248197556 0.16698595881462097
v -0.06300002336502075 -0.040710750967264175 0.17415420711040497
v -0.06477128714323044 -0.03851107135415077 0.176832377910614
v -0.06477128714323044 -0.03851107135415077 0.176832377910614
v -0.06300002336502075 -0.040710750967264175 0.17415420711040497
v -0.06300002336502075 -0.041215743869543076 0.17644943296909332
v -0.06477128714323044 -0.03851107135415077 0.176832377910614
v -0.06300002336502075 -0.041215743869543076 0.17644943296909332
v -0.06475581973791122 -0.04126304015517235 0.18571875989437103
v -0.06475581973791122 -0.04126304015517235 0.18571875989437103
v -0.06300002336502075 -0.041215743869543076 0.17644943296909332
v -0.06300002336502075 -0.04250317066907883 0.18104258179664612
v -0.06475581973791122 -0.04126304015517235 0.18571875989437103
v -0.06300002336502075 -0.04250317066907883 0.18104258179664612
v -0.06300002336502075 -0.04389389976859093 0.18489524722099304
v -0.06477128714323044 -0.03851107135415077 0.176832377910614
v -0.06479603052139282 -0.03706683963537216 0.16700784862041473
v -0.06300001591444016 -0.039689671248197556 0.16698595881462097
v -0.06300001591444016 -0.039689671248197556 0.16698595881462097
v -0.06479603052139282 -0.03706683963537216 0.16700784862041473
v -0.0648307204246521 -0.03688851371407509 0.15623795986175537
v -0.06300001591444016 -0.039689671248197556 0.16698595881462097
v -0.0648307204246521 -0.03688851371407509 0.15623795986175537
v -0.06300001591444016 -0.03940786048769951 0.15869460999965668
v -0.06300001591444016 -0.03940786048769951 0.15869460999965668
v -0.0648307204246521 -0.03688851371407509 0.15623795986175537
v -0.06300001591444016 -0.03949129581451416 0.1445786952972412
v -0.06300001591444016 -0.03949129581451416 0.1445786952972412
v -0.0648307204246521 -0.03688851371407509 0.15623795986175537
v -0.0647989809513092 -0.037084951996803284 0.13432741165161133
v -0.06300001591444016 -0.03949129581451416 0.1445786952972412
v -0.0647989809513092 -0.037084951996803284 0.13432741165161133
v -0.06300000846385956 -0.039807405322790146 0.1217050850391388
v -0.0646800547838211 -0.03796716034412384 0.09000018239021301
v -0.06300000101327896 -0.040694158524274826 0.08999991416931152
v -0.06300000846385956 -0.039807405322790146 0.1217050850391388
v -0.06638164073228836 -0.03440121188759804 0.133966326713562
v -0.0647989809513092 -0.037084951996803284 0.13432741165161133
v -0.06641177833080292 -0.03417600318789482 0.15581007301807404
v -0.06641177833080292 -0.03417600318789482 0.15581007301807404
v -0.0647989809513092 -0.037084951996803284 0.13432741165161133
v -0.0648307204246521 -0.03688851371407509 0.15623795986175537
v -0.06641177833080292 -0.03417600318789482 0.15581007301807404
v -0.0648307204246521 -0.03688851371407509 0.15623795986175537
v -0.06636863946914673 -0.03425658121705055 0.16661639511585236
v -0.06636863946914673 -0.03425658121705055 0.16661639511585236
v -0.0648307204246521 -0.03688851371407509 0.15623795986175537
v -0.06479603052139282 -0.03706683963537216 0.16700784862041473
v -0.06636863946914673 -0.03425658121705055 0.16661639511585236
v -0.06479603052139282 -0.03706683963537216 0.16700784862041473
v -0.06633173674345016 -0.03555161505937576 0.17670224606990814
v -0.06633173674345016 -0.03555161505937576 0.17670224606990814
v -0.06479603052139282 -0.03706683963537216 0.16700784862041473
v -0.06477128714323044 -0.03851107135415077 0.176832377910614
v -0.06633173674345016 -0.03555161505937576 0.17670224606990814
v -0.06477128714323044 -0.03851107135415077 0.176832377910614
v -0.06631492078304291 -0.038323745131492615 0.1861058622598648
v -0.06631492078304291 -0.038323745131492615 0.1861058622598648
v -0.06477128714323044 -0.03851107135415077 0.176832377910614
v -0.06475581973791122 -0.04126304015517235 0.18571875989437103
v -0.06631492078304291 -0.038323745131492615 0.1861058622598648
v -0.06475581973791122 -0.04126304015517235 0.18571875989437103
v -0.06631312519311905 -0.04240239039063454 0.1947769671678543
v -0.06631312519311905 -0.04240239039063454 0.1947769671678543
v -0.06475581973791122 -0.04126304015517235 0.18571875989437103
v -0.06475118547677994 -0.04514109343290329 0.19374310970306396
v -0.06631312519311905 -0.04240239039063454 0.1947769671678543
v -0.06475118547677994 -0.04514109343290329 0.19374310970306396
v -0.0663093850016594 -0.047703906893730164 0.20259365439414978
v -0.0663093850016594 -0.047703906893730164 0.20259365439414978
v -0.06475118547677994 -0.04514109343290329 0.19374310970306396
v -0.06474614888429642 -0.05005192011594772 0.2009182572364807
v -0.0663093850016594 -0.047703906893730164 0.20259365439414978
v -0.06474614888429642 -0.05005192011594772 0.2009182572364807
v -0.06629221886396408 -0.0541716068983078 0.20942892134189606
v -0.06629221886396408 -0.0541716068983078 0.20942892134189606
v -0.06474614888429642 -0.05005192011594772 0.2009182572364807
v -0.06473345309495926 -0.055965177714824677 0.2072119265794754
v -0.06629221886396408 -0.0541716068983078 0.20942892134189606
v -0.06473345309495926 -0.055965177714824677 0.2072119265794754
v -0.06300003081560135 -0.06407401710748672 0.2101280838251114
v -0.06300003081560135 -0.06407401710748672 0.2101280838251114
v -0.06473345309495926 -0.055965177714824677 0.2072119265794754
v -0.06300003081560135 -0.06249849870800972 0.20902757346630096
v -0.06772631406784058 -0.032487981021404266 0.17655828595161438
v -0.0689999982714653 -0.02879870869219303 0.17249788343906403
v -0.06775692850351334 -0.03133063390851021 0.16618146002292633
v -0.06775692850351334 -0.03133063390851021 0.16618146002292633
v -0.0689999982714653 -0.02879870869219303 0.17249788343906403
v -0.0689999982714653 -0.028362611308693886 0.16609476506710052
v -0.06775692850351334 -0.03133063390851021 0.16618146002292633
v -0.0689999982714653 -0.028362611308693886 0.16609476506710052
v -0.06778693944215775 -0.03133820742368698 0.15537013113498688
v -0.0689999982714653 -0.028362611308693886 0.16609476506710052
v -0.0689999982714653 -0.028378672897815704 0.15943898260593414
v -0.06778693944215775 -0.03133820742368698 0.15537013113498688
v -0.06778693944215775 -0.03133820742368698 0.15537013113498688
v -0.0689999982714653 -0.028378672897815704 0.15943898260593414
v -0.0689999982714653 -0.028508814051747322 0.15089856088161469
v -0.06778693944215775 -0.03133820742368698 0.15537013113498688
v -0.0689999982714653 -0.028508814051747322 0.15089856088161469
v -0.0677734836935997 -0.03160519525408745 0.1336018145084381
v -0.06900002807378769 -0.08999999612569809 0.23060615360736847
v -0.0690000057220459 -0.0792795866727829 0.22884660959243774
v -0.06765680760145187 -0.07954765111207962 0.22592058777809143
v -0.06765680760145187 -0.07954765111207962 0.22592058777809143
v -0.0690000057220459 -0.0792795866727829 0.22884660959243774
v -0.0690000057220459 -0.07713130861520767 0.22828926146030426
v -0.06765680760145187 -0.07954765111207962 0.22592058777809143
v -0.0690000057220459 -0.07713130861520767 0.22828926146030426
v -0.06766171753406525 -0.06967298686504364 0.22261618077754974
v -0.0689999982714653 -0.05053231865167618 0.2140892744064331
v -0.0689999982714653 -0.04427635669708252 0.20779626071453094
v -0.06770487874746323 -0.05234035104513168 0.21171782910823822
v -0.06770487874746323 -0.05234035104513168 0.21171782910823822
v -0.0689999982714653 -0.04427635669708252 0.20779626071453094
v -0.06771793216466904 -0.04529308155179024 0.2043256163597107
v -0.0689999982714653 -0.04427635669708252 0.20779626071453094
v -0.0689999982714653 -0.04390443116426468 0.20736171305179596
v -0.06771793216466904 -0.04529308155179024 0.2043256163597107
v -0.06771793216466904 -0.04529308155179024 0.2043256163597107
v -0.0689999982714653 -0.04390443116426468 0.20736171305179596
v -0.0689999982714653 -0.04299107566475868 0.20625945925712585
v -0.06771793216466904 -0.04529308155179024 0.2043256163597107
v -0.0689999982714653 -0.04299107566475868 0.20625945925712585
v -0.067718505859375 -0.03958085924386978 0.19584332406520844
v -0.067718505859375 -0.03958085924386978 0.19584332406520844
v -0.0689999982714653 -0.04299107566475868 0.20625945925712585
v -0.0689999982714653 -0.0368230827152729 0.19710686802864075
v -0.067718505859375 -0.03958085924386978 0.19584332406520844
v -0.0689999982714653 -0.0368230827152729 0.19710686802864075
v -0.0677165612578392 -0.03529179096221924 0.18650521337985992
v -0.0690000057220459 -0.07713130861520767 0.22828926146030426
v -0.0689999982714653 -0.06895028054714203 0.2254788875579834
v -0.06766171753406525 -0.06967298686504364 0.22261618077754974
v -0.06766171753406525 -0.06967298686504364 0.22261618077754974
v -0.0689999982714653 -0.06895028054714203 0.2254788875579834
v -0.0689999982714653 -0.06423142552375793 0.22331081330776215
v -0.06766171753406525 -0.06967298686504364 0.22261618077754974
v -0.0689999982714653 -0.06423142552375793 0.22331081330776215
v -0.06768287718296051 -0.060536060482263565 0.21785421669483185
v -0.06768287718296051 -0.060536060482263565 0.21785421669483185
v -0.0689999982714653 -0.06423142552375793 0.22331081330776215
v -0.0689999982714653 -0.059276457875967026 0.22053539752960205
v -0.06768287718296051 -0.060536060482263565 0.21785421669483185
v -0.0689999982714653 -0.059276457875967026 0.22053539752960205
v -0.06770487874746323 -0.05234035104513168 0.21171782910823822
v -0.06770487874746323 -0.05234035104513168 0.21171782910823822
v -0.0689999982714653 -0.059276457875967026 0.22053539752960205
v -0.0689999982714653 -0.05280286446213722 0.21598553657531738
v -0.06770487874746323 -0.05234035104513168 0.21171782910823822
v -0.0689999982714653 -0.05280286446213722 0.21598553657531738
v -0.0689999982714653 -0.05053231865167618 0.2140892744064331
v -0.0689999982714653 -0.0368230827152729 0.19710686802864075
v -0.0689999982714653 -0.03238292783498764 0.18736553192138672
v -0.0677165612578392 -0.03529179096221924 0.18650521337985992
v -0.0677165612578392 -0.03529179096221924 0.18650521337985992
v -0.0689999982714653 -0.03238292783498764 0.18736553192138672
v -0.0689999982714653 -0.03163779526948929 0.18523092567920685
v -0.0677165612578392 -0.03529179096221924 0.18650521337985992
v -0.0689999982714653 -0.03163779526948929 0.18523092567920685
v -0.06772631406784058 -0.032487981021404266 0.17655828595161438
v -0.06772631406784058 -0.032487981021404266 0.17655828595161438
v -0.0689999982714653 -0.03163779526948929 0.18523092567920685
v -0.0689999982714653 -0.029470738023519516 0.17689968645572662
v -0.06772631406784058 -0.032487981021404266 0.17655828595161438
v -0.0689999982714653 -0.029470738023519516 0.17689968645572662
v -0.0689999982714653 -0.02879870869219303 0.17249788343906403
v -0.0689999982714653 -0.028756052255630493 0.13213427364826202
v -0.0689999982714653 -0.02882063388824463 0.12622344493865967
v -0.06638164073228836 -0.03440121188759804 0.133966326713562
v -0.06300000846385956 -0.039807405322790146 0.1217050850391388
v -0.0647989809513092 -0.037084951996803284 0.13432741165161133
v -0.0646800547838211 -0.03796716034412384 0.09000018239021301
v -0.0646800547838211 -0.03796716034412384 0.09000018239021301
v -0.0647989809513092 -0.037084951996803284 0.13432741165161133
v -0.06638164073228836 -0.03440121188759804 0.133966326713562
v -0.0646800547838211 -0.03796716034412384 0.09000018239021301
v -0.06638164073228836 -0.03440121188759804 0.133966326713562
v -0.06624139100313187 -0.03517230972647667 0.09000033140182495
v -0.06624139100313187 -0.03517230972647667 0.09000033140182495
v -0.06638164073228836 -0.03440121188759804 0.133966326713562
v -0.0689999982714653 -0.02882063388824463 0.12622344493865967
v -0.06624139100313187 -0.03517230972647667 0.09000033140182495
v -0.0689999982714653 -0.02882063388824463 0.12622344493865967
v -0.0689999982714653 -0.029103366658091545 0.10203064978122711
v -0.0689999982714653 -0.028508814051747322 0.15089856088161469
v -0.0689999982714653 -0.028756052255630493 0.13213427364826202
v -0.0677734836935997 -0.03160519525408745 0.1336018145084381
v -0.0677734836935997 -0.03160519525408745 0.1336018145084381
v -0.0689999982714653 -0.028756052255630493 0.13213427364826202
v -0.06638164073228836 -0.03440121188759804 0.133966326713562
v -0.0677734836935997 -0.03160519525408745 0.1336018145084381
v -0.06638164073228836 -0.03440121188759804 0.133966326713562
v -0.06778693944215775 -0.03133820742368698 0.15537013113498688
v -0.06778693944215775 -0.03133820742368698 0.15537013113498688
v -0.06638164073228836 -0.03440121188759804 0.133966326713562
v -0.06641177833080292 -0.03417600318789482 0.15581007301807404
v -0.06778693944215775 -0.03133820742368698 0.15537013113498688
v -0.06641177833080292 -0.03417600318789482 0.15581007301807404
v -0.06775692850351334 -0.03133063390851021 0.16618146002292633
v -0.06775692850351334 -0.03133063390851021 0.16618146002292633
v -0.06641177833080292 -0.03417600318789482 0.15581007301807404
v -0.06636863946914673 -0.03425658121705055 0.16661639511585236
v -0.06775692850351334 -0.03133063390851021 0.16618146002292633
v -0.06636863946914673 -0.03425658121705055 0.16661639511585236
v -0.06772631406784058 -0.032487981021404266 0.17655828595161438
v -0.06772631406784058 -0.032487981021404266 0.17655828595161438
v -0.06636863946914673 -0.03425658121705055 0.16661639511585236
v -0.06633173674345016 -0.03555161505937576 0.17670224606990814
v -0.06772631406784058 -0.032487981021404266 0.17655828595161438
v -0.06633173674345016 -0.03555161505937576 0.17670224606990814
v -0.0677165612578392 -0.03529179096221924 0.18650521337985992
v -0.0677165612578392 -0.03529179096221924 0.18650521337985992
v -0.06633173674345016 -0.03555161505937576 0.17670224606990814
v -0.06631492078304291 -0.038323745131492615 0.1861058622598648
v -0.0677165612578392 -0.03529179096221924 0.18650521337985992
v -0.06631492078304291 -0.038323745131492615 0.1861058622598648
v -0.067718505859375 -0.03958085924386978 0.19584332406520844
v -0.067718505859375 -0.03958085924386978 0.19584332406520844
v -0.06631492078304291 -0.038323745131492615 0.1861058622598648
v -0.06631312519311905 -0.04240239039063454 0.1947769671678543
v -0.067718505859375 -0.03958085924386978 0.19584332406520844
v -0.06631312519311905 -0.04240239039063454 0.1947769671678543
v -0.06771793216466904 -0.04529308155179024 0.2043256163597107
v -0.06771793216466904 -0.04529308155179024 0.2043256163597107
v -0.06631312519311905 -0.04240239039063454 0.1947769671678543
v -0.0663093850016594 -0.047703906893730164 0.20259365439414978
v -0.06771793216466904 -0.04529308155179024 0.2043256163597107
v -0.0663093850016594 -0.047703906893730164 0.20259365439414978
v -0.06770487874746323 -0.05234035104513168 0.21171782910823822
v -0.06770487874746323 -0.05234035104513168 0.21171782910823822
v -0.0663093850016594 -0.047703906893730164 0.20259365439414978
v -0.06629221886396408 -0.0541716068983078 0.20942892134189606
v -0.06770487874746323 -0.05234035104513168 0.21171782910823822
v -0.06629221886396408 -0.0541716068983078 0.20942892134189606
v -0.06768287718296051 -0.060536060482263565 0.21785421669483185
v -0.06768287718296051 -0.060536060482263565 0.21785421669483185
v -0.06629221886396408 -0.0541716068983078 0.20942892134189606
v -0.06626523286104202 -0.06170481815934181 0.2151806801557541
v -0.06768287718296051 -0.060536060482263565 0.21785421669483185
v -0.06626523286104202 -0.06170481815934181 0.2151806801557541
v -0.06766171753406525 -0.06967298686504364 0.22261618077754974
v -0.06766171753406525 -0.06967298686504364 0.22261618077754974
v -0.06626523286104202 -0.06170481815934181 0.2151806801557541
v -0.06623809784650803 -0.07021335512399673 0.2197449505329132
v -0.06766171753406525 -0.06967298686504364 0.22261618077754974
v -0.06623809784650803 -0.07021335512399673 0.2197449505329132
v -0.06765680760145187 -0.07954765111207962 0.22592058777809143
v -0.06765680760145187 -0.07954765111207962 0.22592058777809143
v -0.06623809784650803 -0.07021335512399673 0.2197449505329132
v -0.066225066781044 -0.07963581383228302 0.22301800549030304
v -0.06765680760145187 -0.07954765111207962 0.22592058777809143
v -0.066225066781044 -0.07963581383228302 0.22301800549030304
v -0.06768205761909485 -0.08999999612569809 0.2276868224143982
v -0.06768205761909485 -0.08999999612569809 0.2276868224143982
v -0.066225066781044 -0.07963581383228302 0.22301800549030304
v -0.06614410877227783 -0.09000000357627869 0.2246452271938324
v -0.0659123957157135 0.035322155803442 0.14464494585990906
v -0.06356829404830933 0.03866567462682724 0.14357511699199677
v -0.06639483571052551 0.03456142172217369 0.12573570013046265
v -0.06827492266893387 0.03097786009311676 0.12688760459423065
v -0.0689997673034668 0.029345791786909103 0.11612388491630554
v -0.06900139153003693 0.02945125475525856 0.1365077644586563
v -0.06504926830530167 0.08062789589166641 0.21910789608955383
v -0.0629999190568924 0.08157185465097427 0.21627987921237946
v -0.06299998611211777 0.07789663225412369 0.21477802097797394
v -0.06299978494644165 0.06479951739311218 0.20706072449684143
v -0.06299987435340881 0.05919400602579117 0.20224690437316895
v -0.06433574855327606 0.05854538455605507 0.20412759482860565
v -0.06433574855327606 0.05854538455605507 0.20412759482860565
v -0.06299987435340881 0.05919400602579117 0.20224690437316895
v -0.06299999356269836 0.05413408204913139 0.19672726094722748
v -0.06433574855327606 0.05854538455605507 0.20412759482860565
v -0.06299999356269836 0.05413408204913139 0.19672726094722748
v -0.06680212169885635 0.047925710678100586 0.19799047708511353
v -0.0659123957157135 0.035322155803442 0.14464494585990906
v -0.06789881736040115 0.03179360553622246 0.14577804505825043
v -0.06671259552240372 0.03396318852901459 0.15465758740901947
v -0.06299999356269836 0.039509452879428864 0.13159756362438202
v -0.06420979648828506 0.037987224757671356 0.12463773787021637
v -0.06639483571052551 0.03456142172217369 0.12573570013046265
v -0.06300006806850433 0.03978239744901657 0.11576999723911285
v -0.0630001649260521 0.04007097706198692 0.10478992760181427
v -0.06484362483024597 0.037304800003767014 0.10570171475410461
v -0.06300017237663269 0.040146276354789734 0.10250833630561829
v -0.06520239263772964 0.03705606982111931 0.09000000357627869
v -0.06708133965730667 0.033542729914188385 0.09000000357627869
v -0.06520239263772964 0.03705606982111931 0.09000000357627869
v -0.06300017237663269 0.040146276354789734 0.10250833630561829
v -0.06299997121095657 0.040693897753953934 0.08999998867511749
v -0.06300006806850433 0.03978239744901657 0.11576999723911285
v -0.06484362483024597 0.037304800003767014 0.10570171475410461
v -0.06300006061792374 0.039763111621141434 0.11667120456695557
v -0.06300006061792374 0.039763111621141434 0.11667120456695557
v -0.06484362483024597 0.037304800003767014 0.10570171475410461
v -0.06686650216579437 0.033795107156038284 0.10682836174964905
v -0.06300006061792374 0.039763111621141434 0.11667120456695557
v -0.06686650216579437 0.033795107156038284 0.10682836174964905
v -0.06300000846385956 0.03962329402565956 0.12410899996757507
v -0.06300003826618195 0.03985052928328514 0.16193515062332153
v -0.06300076842308044 0.03946941718459129 0.15758159756660461
v -0.06671259552240372 0.03396318852901459 0.15465758740901947
v -0.06300076842308044 0.03946941718459129 0.15758159756660461
v -0.0630008801817894 0.03933359682559967 0.15368300676345825
v -0.06671259552240372 0.03396318852901459 0.15465758740901947
v -0.06671259552240372 0.03396318852901459 0.15465758740901947
v -0.0630008801817894 0.03933359682559967 0.15368300676345825
v -0.06300080567598343 0.039327699691057205 0.15293821692466736
v -0.06671259552240372 0.03396318852901459 0.15465758740901947
v -0.06300080567598343 0.039327699691057205 0.15293821692466736
v -0.0659123957157135 0.035322155803442 0.14464494585990906
v -0.0659123957157135 0.035322155803442 0.14464494585990906
v -0.06300080567598343 0.039327699691057205 0.15293821692466736
v -0.06300017237663269 0.039346542209386826 0.14681096374988556
v -0.0659123957157135 0.035322155803442 0.14464494585990906
v -0.06300017237663269 0.039346542209386826 0.14681096374988556
v -0.06356829404830933 0.03866567462682724 0.14357511699199677
v -0.06356829404830933 0.03866567462682724 0.14357511699199677
v -0.06300017237663269 0.039346542209386826 0.14681096374988556
v -0.06300002336502075 0.039374254643917084 0.14334328472614288
v -0.06356829404830933 0.03866567462682724 0.14357511699199677
v -0.06300002336502075 0.039374254643917084 0.14334328472614288
v -0.06639483571052551 0.03456142172217369 0.12573570013046265
v -0.06639483571052551 0.03456142172217369 0.12573570013046265
v -0.06300002336502075 0.039374254643917084 0.14334328472614288
v -0.06299999356269836 0.03944158926606178 0.13691186904907227
v -0.06639483571052551 0.03456142172217369 0.12573570013046265
v -0.06299999356269836 0.03944158926606178 0.13691186904907227
v -0.06299999356269836 0.039509452879428864 0.13159756362438202
v -0.06514149159193039 0.04150015115737915 0.18094469606876373
v -0.06299988925457001 0.041099242866039276 0.16935329139232635
v -0.0651291012763977 0.03871050104498863 0.17227715253829956
v -0.0651291012763977 0.03871050104498863 0.17227715253829956
v -0.06299988925457001 0.041099242866039276 0.16935329139232635
v -0.06300003826618195 0.03985052928328514 0.16193515062332153
v -0.0651291012763977 0.03871050104498863 0.17227715253829956
v -0.06300003826618195 0.03985052928328514 0.16193515062332153
v -0.06567217409610748 0.036208201199769974 0.16351135075092316
v -0.06567217409610748 0.036208201199769974 0.16351135075092316
v -0.06300003826618195 0.03985052928328514 0.16193515062332153
v -0.06671259552240372 0.03396318852901459 0.15465758740901947
v -0.0629999041557312 0.04968638718128204 0.19050520658493042
v -0.06299983710050583 0.04837352782487869 0.18831393122673035
v -0.0657179057598114 0.0445815846323967 0.1895124912261963
v -0.0657179057598114 0.0445815846323967 0.1895124912261963
v -0.06299983710050583 0.04837352782487869 0.18831393122673035
v -0.06299973279237747 0.046000078320503235 0.1837550550699234
v -0.0657179057598114 0.0445815846323967 0.1895124912261963
v -0.06299973279237747 0.046000078320503235 0.1837550550699234
v -0.06514149159193039 0.04150015115737915 0.18094469606876373
v -0.06514149159193039 0.04150015115737915 0.18094469606876373
v -0.06299973279237747 0.046000078320503235 0.1837550550699234
v -0.06299973279237747 0.043107256293296814 0.17656642198562622
v -0.06514149159193039 0.04150015115737915 0.18094469606876373
v -0.06299973279237747 0.043107256293296814 0.17656642198562622
v -0.06299988925457001 0.041099242866039276 0.16935329139232635
v -0.06675302237272263 0.06257913261651993 0.21236981451511383
v -0.06299981474876404 0.06936471164226532 0.21023163199424744
v -0.06299977749586105 0.06611604988574982 0.20803633332252502
v -0.06299981474876404 0.06936471164226532 0.21023163199424744
v -0.06675302237272263 0.06257913261651993 0.21236981451511383
v -0.06299982219934464 0.06983556598424911 0.2105264812707901
v -0.06299982219934464 0.06983556598424911 0.2105264812707901
v -0.06899992376565933 0.07839901745319366 0.22544163465499878
v -0.06299985200166702 0.07103771716356277 0.2112540751695633
v -0.06299985200166702 0.07103771716356277 0.2112540751695633
v -0.06899992376565933 0.07839901745319366 0.22544163465499878
v -0.0629999041557312 0.07367809861898422 0.21273119747638702
v -0.0629999041557312 0.07367809861898422 0.21273119747638702
v -0.06899992376565933 0.07839901745319366 0.22544163465499878
v -0.06299998611211777 0.07789663225412369 0.21477802097797394
v -0.06299998611211777 0.07789663225412369 0.21477802097797394
v -0.06899992376565933 0.07839901745319366 0.22544163465499878
v -0.06616783142089844 0.080058254301548 0.22077037394046783
v -0.06299998611211777 0.07789663225412369 0.21477802097797394
v -0.06616783142089844 0.080058254301548 0.22077037394046783
v -0.06504926830530167 0.08062789589166641 0.21910789608955383
v -0.06900162249803543 0.05358047038316727 0.21039076149463654
v -0.06900003552436829 0.05991115793585777 0.2155178189277649
v -0.06675302237272263 0.06257913261651993 0.21236981451511383
v -0.06675302237272263 0.06257913261651993 0.21236981451511383
v -0.06900003552436829 0.05991115793585777 0.2155178189277649
v -0.06900128722190857 0.06690914183855057 0.2200404405593872
v -0.06675302237272263 0.06257913261651993 0.21236981451511383
v -0.06900128722190857 0.06690914183855057 0.2200404405593872
v -0.06299982219934464 0.06983556598424911 0.2105264812707901
v -0.06299982219934464 0.06983556598424911 0.2105264812707901
v -0.06900128722190857 0.06690914183855057 0.2200404405593872
v -0.0689990371465683 0.07437029480934143 0.22380253672599792
v -0.06299982219934464 0.06983556598424911 0.2105264812707901
v -0.0689990371465683 0.07437029480934143 0.22380253672599792
v -0.06899992376565933 0.07839901745319366 0.22544163465499878
v -0.06299977749586105 0.06611604988574982 0.20803633332252502
v -0.06299978494644165 0.06479951739311218 0.20706072449684143
v -0.06675302237272263 0.06257913261651993 0.21236981451511383
v -0.06675302237272263 0.06257913261651993 0.21236981451511383
v -0.06299978494644165 0.06479951739311218 0.20706072449684143
v -0.06433574855327606 0.05854538455605507 0.20412759482860565
v -0.06675302237272263 0.06257913261651993 0.21236981451511383
v -0.06433574855327606 0.05854538455605507 0.20412759482860565
v -0.06900162249803543 0.05358047038316727 0.21039076149463654
v -0.06900162249803543 0.05358047038316727 0.21039076149463654
v -0.06433574855327606 0.05854538455605507 0.20412759482860565
v -0.06680212169885635 0.047925710678100586 0.19799047708511353
v -0.06900162249803543 0.05358047038316727 0.21039076149463654
v -0.06680212169885635 0.047925710678100586 0.19799047708511353
v -0.0690004825592041 0.047901254147291183 0.20465105772018433
v -0.0690004825592041 0.047901254147291183 0.20465105772018433
v -0.06680212169885635 0.047925710678100586 0.19799047708511353
v -0.06900040805339813 0.042932916432619095 0.19835799932479858
v -0.06299999356269836 0.05413408204913139 0.19672726094722748
v -0.0629999041557312 0.04968638718128204 0.19050520658493042
v -0.06680212169885635 0.047925710678100586 0.19799047708511353
v -0.06680212169885635 0.047925710678100586 0.19799047708511353
v -0.0629999041557312 0.04968638718128204 0.19050520658493042
v -0.0657179057598114 0.0445815846323967 0.1895124912261963
v -0.06680212169885635 0.047925710678100586 0.19799047708511353
v -0.0657179057598114 0.0445815846323967 0.1895124912261963
v -0.06900040805339813 0.042932916432619095 0.19835799932479858
v -0.06900040805339813 0.042932916432619095 0.19835799932479858
v -0.0657179057598114 0.0445815846323967 0.1895124912261963
v -0.06900084763765335 0.03869050368666649 0.1915210783481598
v -0.06900084763765335 0.03869050368666649 0.1915210783481598
v -0.0657179057598114 0.0445815846323967 0.1895124912261963
v -0.06900015473365784 0.03515070304274559 0.18404747545719147
v -0.06900015473365784 0.03515070304274559 0.18404747545719147
v -0.0657179057598114 0.0445815846323967 0.1895124912261963
v -0.06514149159193039 0.04150015115737915 0.18094469606876373
v -0.06900015473365784 0.03515070304274559 0.18404747545719147
v -0.06514149159193039 0.04150015115737915 0.18094469606876373
v -0.06900013983249664 0.03477458655834198 0.18310464918613434
v -0.0630001649260521 0.04007097706198692 0.10478992760181427
v -0.06300017237663269 0.040146276354789734 0.10250833630561829
v -0.06484362483024597 0.037304800003767014 0.10570171475410461
v -0.06484362483024597 0.037304800003767014 0.10570171475410461
v -0.06300017237663269 0.040146276354789734 0.10250833630561829
v -0.06708133965730667 0.033542729914188385 0.09000000357627869
v -0.06484362483024597 0.037304800003767014 0.10570171475410461
v -0.06708133965730667 0.033542729914188385 0.09000000357627869
v -0.06686650216579437 0.033795107156038284 0.10682836174964905
v -0.06686650216579437 0.033795107156038284 0.10682836174964905
v -0.06708133965730667 0.033542729914188385 0.09000000357627869
v -0.06899998337030411 0.029393674805760384 0.09000000357627869
v -0.06686650216579437 0.033795107156038284 0.10682836174964905
v -0.06899998337030411 0.029393674805760384 0.09000000357627869
v -0.0686408057808876 0.030156822875142097 0.10799898207187653
v -0.06900013983249664 0.03477458655834198 0.18310464918613434
v -0.06514149159193039 0.04150015115737915 0.18094469606876373
v -0.0690000131726265 0.032472871243953705 0.17627251148223877
v -0.0690000131726265 0.032472871243953705 0.17627251148223877
v -0.06514149159193039 0.04150015115737915 0.18094469606876373
v -0.0651291012763977 0.03871050104498863 0.17227715253829956
v -0.0690000131726265 0.032472871243953705 0.17627251148223877
v -0.0651291012763977 0.03871050104498863 0.17227715253829956
v -0.06900054961442947 0.030620384961366653 0.1680871546268463
v -0.06900054961442947 0.030620384961366653 0.1680871546268463
v -0.0651291012763977 0.03871050104498863 0.17227715253829956
v -0.06567217409610748 0.036208201199769974 0.16351135075092316
v -0.06900054961442947 0.030620384961366653 0.1680871546268463
v -0.06567217409610748 0.036208201199769974 0.16351135075092316
v -0.0689997747540474 0.029668422415852547 0.15947364270687103
v -0.0689997747540474 0.029668422415852547 0.15947364270687103
v -0.06567217409610748 0.036208201199769974 0.16351135075092316
v -0.06671259552240372 0.03396318852901459 0.15465758740901947
v -0.0689997747540474 0.029668422415852547 0.15947364270687103
v -0.06671259552240372 0.03396318852901459 0.15465758740901947
v -0.06900015473365784 0.02948702871799469 0.1437823325395584
v -0.06900015473365784 0.02948702871799469 0.1437823325395584
v -0.06671259552240372 0.03396318852901459 0.15465758740901947
v -0.06789881736040115 0.03179360553622246 0.14577804505825043
v -0.06900015473365784 0.02948702871799469 0.1437823325395584
v -0.06789881736040115 0.03179360553622246 0.14577804505825043
v -0.06900139153003693 0.02945125475525856 0.1365077644586563
v -0.06900139153003693 0.02945125475525856 0.1365077644586563
v -0.06789881736040115 0.03179360553622246 0.14577804505825043
v -0.0659123957157135 0.035322155803442 0.14464494585990906
v -0.06900139153003693 0.02945125475525856 0.1365077644586563
v -0.0659123957157135 0.035322155803442 0.14464494585990906
v -0.06827492266893387 0.03097786009311676 0.12688760459423065
v -0.06827492266893387 0.03097786009311676 0.12688760459423065
v -0.0659123957157135 0.035322155803442 0.14464494585990906
v -0.06639483571052551 0.03456142172217369 0.12573570013046265
v -0.06827492266893387 0.03097786009311676 0.12688760459423065
v -0.06639483571052551 0.03456142172217369 0.12573570013046265
v -0.0689997673034668 0.029345791786909103 0.11612388491630554
v -0.06899998337030411 0.029393674805760384 0.09000000357627869
v -0.0689997673034668 0.029345791786909103 0.11612388491630554
v -0.0686408057808876 0.030156822875142097 0.10799898207187653
v -0.0686408057808876 0.030156822875142097 0.10799898207187653
v -0.0689997673034668 0.029345791786909103 0.11612388491630554
v -0.06639483571052551 0.03456142172217369 0.12573570013046265
v -0.0686408057808876 0.030156822875142097 0.10799898207187653
v -0.06639483571052551 0.03456142172217369 0.12573570013046265
v -0.06686650216579437 0.033795107156038284 0.10682836174964905
v -0.06686650216579437 0.033795107156038284 0.10682836174964905
v -0.06639483571052551 0.03456142172217369 0.12573570013046265
v -0.06420979648828506 0.037987224757671356 0.12463773787021637
v -0.06686650216579437 0.033795107156038284 0.10682836174964905
v -0.06420979648828506 0.037987224757671356 0.12463773787021637
v -0.06300000846385956 0.03962329402565956 0.12410899996757507
v -0.06300000846385956 0.03962329402565956 0.12410899996757507
v -0.06420979648828506 0.037987224757671356 0.12463773787021637
v -0.06299999356269836 0.039509452879428864 0.13159756362438202
v -0.07816468179225922 0.001048686564899981 0.1933908760547638
v -0.0788072943687439 -0.0013498247135430574 0.20517882704734802
v -0.07891837507486343 0.008815767243504524 0.20724065601825714
v -0.07016709446907043 -0.029386574402451515 0.1875784993171692
v -0.07116919010877609 -0.031787972897291183 0.19934894144535065
v -0.07466675341129303 -0.02164955995976925 0.20124591886997223
v -0.07586845755577087 0.0004740467411465943 0.1441584974527359
v -0.07551953941583633 0.0028702006675302982 0.13235625624656677
v -0.07489924877882004 -0.007291304413229227 0.13031922280788422
v -0.08144606649875641 -0.04082059860229492 0.2600000500679016
v -0.0819728821516037 -0.03367619588971138 0.260000079870224
v -0.07966294139623642 -0.05398939549922943 0.25596439838409424
v -0.08292937278747559 -0.012523017823696136 0.260000079870224
v -0.0824795812368393 -0.010952712967991829 0.2522769868373871
v -0.08180733770132065 -0.0211138017475605 0.2502424716949463
v -0.06900040805339813 0.042932916432619095 0.19835799932479858
v -0.07042687386274338 0.04177672788500786 0.20203647017478943
v -0.0690004825592041 0.047901254147291183 0.20465105772018433
v -0.0690000057220459 -0.0792795866727829 0.22884660959243774
v -0.06900002807378769 -0.08999999612569809 0.23060615360736847
v -0.0722074881196022 -0.07067249715328217 0.23446401953697205
v -0.0690000057220459 -0.0792795866727829 0.22884660959243774
v -0.0722074881196022 -0.07067249715328217 0.23446401953697205
v -0.0690000057220459 -0.07713130861520767 0.22828926146030426
v -0.07495667785406113 -0.04916491359472275 0.23255503177642822
v -0.0689999982714653 -0.06423142552375793 0.22331081330776215
v -0.07019373774528503 -0.06945965439081192 0.22865241765975952
v -0.07019373774528503 -0.06945965439081192 0.22865241765975952
v -0.0689999982714653 -0.06423142552375793 0.22331081330776215
v -0.0689999982714653 -0.06895028054714203 0.2254788875579834
v -0.0689999982714653 -0.05280286446213722 0.21598553657531738
v -0.0689999982714653 -0.059276457875967026 0.22053539752960205
v -0.07203636318445206 -0.046748124063014984 0.22087796032428741
v -0.0689999982714653 -0.04390443116426468 0.20736171305179596
v -0.0689999982714653 -0.04427635669708252 0.20779626071453094
v -0.06935706734657288 -0.044333264231681824 0.20918916165828705
v -0.06935706734657288 -0.044333264231681824 0.20918916165828705
v -0.0689999982714653 -0.04427635669708252 0.20779626071453094
v -0.0689999982714653 -0.05053231865167618 0.2140892744064331
v -0.0689999982714653 -0.04390443116426468 0.20736171305179596
v -0.06935706734657288 -0.044333264231681824 0.20918916165828705
v -0.0689999982714653 -0.04299107566475868 0.20625945925712585
v -0.0689999982714653 -0.04299107566475868 0.20625945925712585
v -0.06935706734657288 -0.044333264231681824 0.20918916165828705
v -0.07278246432542801 -0.03419427201151848 0.21108964085578918
v -0.0689999982714653 -0.04299107566475868 0.20625945925712585
v -0.07278246432542801 -0.03419427201151848 0.21108964085578918
v -0.0689999982714653 -0.0368230827152729 0.19710686802864075
v -0.0689999982714653 -0.0368230827152729 0.19710686802864075
v -0.07116919010877609 -0.031787972897291183 0.19934894144535065
v -0.0689999982714653 -0.03238292783498764 0.18736553192138672
v -0.0689999982714653 -0.03238292783498764 0.18736553192138672
v -0.07116919010877609 -0.031787972897291183 0.19934894144535065
v -0.07016709446907043 -0.029386574402451515 0.1875784993171692
v -0.0689999982714653 -0.03238292783498764 0.18736553192138672
v -0.07016709446907043 -0.029386574402451515 0.1875784993171692
v -0.0689999982714653 -0.03163779526948929 0.18523092567920685
v -0.0689999982714653 -0.03163779526948929 0.18523092567920685
v -0.07016709446907043 -0.029386574402451515 0.1875784993171692
v -0.0689999982714653 -0.029470738023519516 0.17689968645572662
v -0.0689999982714653 -0.028756052255630493 0.13213427364826202
v -0.0689999982714653 -0.028508814051747322 0.15089856088161469
v -0.07133729755878448 -0.022215906530618668 0.15206384658813477
v -0.07133729755878448 -0.022215906530618668 0.15206384658813477
v -0.0689999982714653 -0.028508814051747322 0.15089856088161469
v -0.0689999982714653 -0.028378672897815704 0.15943898260593414
v -0.07133729755878448 -0.022215906530618668 0.15206384658813477
v -0.0689999982714653 -0.028378672897815704 0.15943898260593414
v -0.07045397162437439 -0.024602171033620834 0.16392606496810913
v -0.07045397162437439 -0.024602171033620834 0.16392606496810913
v -0.0689999982714653 -0.028378672897815704 0.15943898260593414
v -0.0689999982714653 -0.028362611308693886 0.16609476506710052
v -0.07045397162437439 -0.024602171033620834 0.16392606496810913
v -0.0689999982714653 -0.028362611308693886 0.16609476506710052
v -0.06990382820367813 -0.026991108432412148 0.17577208578586578
v -0.06990382820367813 -0.026991108432412148 0.17577208578586578
v -0.0689999982714653 -0.028362611308693886 0.16609476506710052
v -0.0689999982714653 -0.02879870869219303 0.17249788343906403
v -0.07128669321537018 -0.02280857041478157 0.10272213816642761
v -0.0689999982714653 -0.029103366658091545 0.10203064978122711
v -0.0689999982714653 -0.02882063388824463 0.12622344493865967
v -0.06899996101856232 -0.02939409762620926 0.08999998867511749
v -0.0689999982714653 -0.029103366658091545 0.10203064978122711
v -0.07017959654331207 -0.026454225182533264 0.09000001847743988
v -0.07017959654331207 -0.026454225182533264 0.09000001847743988
v -0.0689999982714653 -0.029103366658091545 0.10203064978122711
v -0.07128669321537018 -0.02280857041478157 0.10272213816642761
v -0.07017959654331207 -0.026454225182533264 0.09000001847743988
v -0.07128669321537018 -0.02280857041478157 0.10272213816642761
v -0.07263630628585815 -0.018680712208151817 0.09000001847743988
v -0.07263630628585815 -0.018680712208151817 0.09000001847743988
v -0.07128669321537018 -0.02280857041478157 0.10272213816642761
v -0.07384989410638809 -0.012662659399211407 0.10466460883617401
v -0.07501436769962311 -0.002505521522834897 0.1066751480102539
v -0.07495762407779694 -0.002520265756174922 0.09000000357627869
v -0.07384989410638809 -0.012662659399211407 0.10466460883617401
v -0.07384989410638809 -0.012662659399211407 0.10466460883617401
v -0.07495762407779694 -0.002520265756174922 0.09000000357627869
v -0.07424018532037735 -0.010648306459188461 0.09000001847743988
v -0.07384989410638809 -0.012662659399211407 0.10466460883617401
v -0.07424018532037735 -0.010648306459188461 0.09000001847743988
v -0.07263630628585815 -0.018680712208151817 0.09000001847743988
v -0.07475842535495758 0.007663016673177481 0.10875484347343445
v -0.0747855007648468 0.005668220575898886 0.09000003337860107
v -0.07501436769962311 -0.002505521522834897 0.1066751480102539
v -0.07501436769962311 -0.002505521522834897 0.1066751480102539
v -0.0747855007648468 0.005668220575898886 0.09000003337860107
v -0.07499493658542633 0.0008725546067580581 0.08999998867511749
v -0.07501436769962311 -0.002505521522834897 0.1066751480102539
v -0.07499493658542633 0.0008725546067580581 0.08999998867511749
v -0.07495762407779694 -0.002520265756174922 0.09000000357627869
v -0.07296846807003021 0.01784386672079563 0.11090920865535736
v -0.07372494041919708 0.01377075258642435 0.08999998867511749
v -0.07475842535495758 0.007663016673177481 0.10875484347343445
v -0.07475842535495758 0.007663016673177481 0.10875484347343445
v -0.07372494041919708 0.01377075258642435 0.08999998867511749
v -0.07411724328994751 0.01147317886352539 0.09000001847743988
v -0.07475842535495758 0.007663016673177481 0.10875484347343445
v -0.07411724328994751 0.01147317886352539 0.09000001847743988
v -0.0747855007648468 0.005668220575898886 0.09000003337860107
v -0.06900015473365784 0.02948702871799469 0.1437823325395584
v -0.06900139153003693 0.02945125475525856 0.1365077644586563
v -0.07154248654842377 0.02323509007692337 0.13668431341648102
v -0.07154248654842377 0.02323509007692337 0.13668431341648102
v -0.06900139153003693 0.02945125475525856 0.1365077644586563
v -0.0689997673034668 0.029345791786909103 0.11612388491630554
v -0.07154248654842377 0.02323509007692337 0.13668431341648102
v -0.0689997673034668 0.029345791786909103 0.11612388491630554
v -0.06955187022686005 0.028037773445248604 0.11314275860786438
v -0.06955187022686005 0.028037773445248604 0.11314275860786438
v -0.0689997673034668 0.029345791786909103 0.11612388491630554
v -0.06899998337030411 0.029393674805760384 0.09000000357627869
v -0.06955187022686005 0.028037773445248604 0.11314275860786438
v -0.06899998337030411 0.029393674805760384 0.09000000357627869
v -0.07178600877523422 0.02172025293111801 0.09000003337860107
v -0.06900015473365784 0.02948702871799469 0.1437823325395584
v -0.07154248654842377 0.02323509007692337 0.13668431341648102
v -0.0689997747540474 0.029668422415852547 0.15947364270687103
v -0.0689997747540474 0.029668422415852547 0.15947364270687103
v -0.07154248654842377 0.02323509007692337 0.13668431341648102
v -0.07358705997467041 0.018431972712278366 0.16022324562072754
v -0.0689997747540474 0.029668422415852547 0.15947364270687103
v -0.07358705997467041 0.018431972712278366 0.16022324562072754
v -0.06958458572626114 0.028630580753087997 0.16248531639575958
v -0.0714864730834961 0.02622196264564991 0.17421196401119232
v -0.0690000131726265 0.032472871243953705 0.17627251148223877
v -0.06900054961442947 0.030620384961366653 0.1680871546268463
v -0.0690000131726265 0.032472871243953705 0.17627251148223877
v -0.0714864730834961 0.02622196264564991 0.17421196401119232
v -0.06900013983249664 0.03477458655834198 0.18310464918613434
v -0.06900013983249664 0.03477458655834198 0.18310464918613434
v -0.0714864730834961 0.02622196264564991 0.17421196401119232
v -0.073731429874897 0.02381058968603611 0.18592192232608795
v -0.06900013983249664 0.03477458655834198 0.18310464918613434
v -0.073731429874897 0.02381058968603611 0.18592192232608795
v -0.06900015473365784 0.03515070304274559 0.18404747545719147
v -0.06900015473365784 0.03515070304274559 0.18404747545719147
v -0.073731429874897 0.02381058968603611 0.18592192232608795
v -0.07023237645626068 0.03400515764951706 0.18815948069095612
v -0.06900015473365784 0.03515070304274559 0.18404747545719147
v -0.07023237645626068 0.03400515764951706 0.18815948069095612
v -0.06900084763765335 0.03869050368666649 0.1915210783481598
v -0.07042687386274338 0.04177672788500786 0.20203647017478943
v -0.06900040805339813 0.042932916432619095 0.19835799932479858
v -0.07337355613708496 0.03158659115433693 0.19982579350471497
v -0.0695859044790268 0.07800842821598053 0.2265070229768753
v -0.06899992376565933 0.07839901745319366 0.22544163465499878
v -0.07115643471479416 0.0686802938580513 0.22593149542808533
v -0.07115643471479416 0.0686802938580513 0.22593149542808533
v -0.06899992376565933 0.07839901745319366 0.22544163465499878
v -0.0689990371465683 0.07437029480934143 0.22380253672599792
v -0.07360530644655228 0.0674639642238617 0.2317219078540802
v -0.0728766992688179 0.07538134604692459 0.23337092995643616
v -0.07249541580677032 0.0757327601313591 0.23248142004013062
v -0.07821109890937805 0.054867155849933624 0.2412496954202652
v -0.07602390646934509 0.07167050242424011 0.2422984391450882
v -0.07669640332460403 0.056075990200042725 0.2354138195514679
v -0.07669640332460403 0.056075990200042725 0.2354138195514679
v -0.07602390646934509 0.07167050242424011 0.2422984391450882
v -0.07499177008867264 0.07309147715568542 0.23897452652454376
v -0.07669640332460403 0.056075990200042725 0.2354138195514679
v -0.07499177008867264 0.07309147715568542 0.23897452652454376
v -0.07360530644655228 0.0674639642238617 0.2317219078540802
v -0.07360530644655228 0.0674639642238617 0.2317219078540802
v -0.07499177008867264 0.07309147715568542 0.23897452652454376
v -0.073250912129879 0.07502098381519318 0.23427453637123108
v -0.07360530644655228 0.0674639642238617 0.2317219078540802
v -0.073250912129879 0.07502098381519318 0.23427453637123108
v -0.0728766992688179 0.07538134604692459 0.23337092995643616
v -0.07790318876504898 0.06797138601541519 0.25047171115875244
v -0.07699835300445557 0.07001280784606934 0.24604228138923645
v -0.07821109890937805 0.054867155849933624 0.2412496954202652
v -0.07821109890937805 0.054867155849933624 0.2412496954202652
v -0.07699835300445557 0.07001280784606934 0.24604228138923645
v -0.07663286477327347 0.07068181037902832 0.2445479929447174
v -0.07821109890937805 0.054867155849933624 0.2412496954202652
v -0.07663286477327347 0.07068181037902832 0.2445479929447174
v -0.07602390646934509 0.07167050242424011 0.2422984391450882
v -0.08221255987882614 0.028810298070311546 0.260000079870224
v -0.0821516141295433 0.029830386862158775 0.260000079870224
v -0.08164310455322266 0.03211328759789467 0.2487674057483673
v -0.08164310455322266 0.03211328759789467 0.2487674057483673
v -0.0821516141295433 0.029830386862158775 0.260000079870224
v -0.08040838688611984 0.051034435629844666 0.2600000500679016
v -0.08164310455322266 0.03211328759789467 0.2487674057483673
v -0.08040838688611984 0.051034435629844666 0.2600000500679016
v -0.08006561547517776 0.05245891958475113 0.252978652715683
v -0.08006561547517776 0.05245891958475113 0.252978652715683
v -0.08040838688611984 0.051034435629844666 0.2600000500679016
v -0.07918255031108856 0.06163811683654785 0.2600000500679016
v -0.08006561547517776 0.05245891958475113 0.252978652715683
v -0.07918255031108856 0.06163811683654785 0.2600000500679016
v -0.07897686213254929 0.06263414025306702 0.2550988793373108
v -0.08221255987882614 0.028810298070311546 0.260000079870224
v -0.08164310455322266 0.03211328759789467 0.2487674057483673
v -0.08231636136770248 0.026985634118318558 0.260000079870224
v -0.08231636136770248 0.026985634118318558 0.260000079870224
v -0.08164310455322266 0.03211328759789467 0.2487674057483673
v -0.08213140815496445 0.011776402592658997 0.24460917711257935
v -0.08231636136770248 0.026985634118318558 0.260000079870224
v -0.08213140815496445 0.011776402592658997 0.24460917711257935
v -0.08293270319700241 0.009376617148518562 0.25638940930366516
v -0.08286545425653458 -0.0007893265574239194 0.2543254494667053
v -0.08307119458913803 -0.0019417073344811797 0.260000079870224
v -0.08298906683921814 0.008646784350275993 0.260000079870224
v -0.0824795812368393 -0.010952712967991829 0.2522769868373871
v -0.08292937278747559 -0.012523017823696136 0.260000079870224
v -0.08286545425653458 -0.0007893265574239194 0.2543254494667053
v -0.08286545425653458 -0.0007893265574239194 0.2543254494667053
v -0.08292937278747559 -0.012523017823696136 0.260000079870224
v -0.08305913209915161 -0.004279180895537138 0.260000079870224
v -0.08286545425653458 -0.0007893265574239194 0.2543254494667053
v -0.08305913209915161 -0.004279180895537138 0.260000079870224
v -0.08307119458913803 -0.0019417073344811797 0.260000079870224
v -0.08076094835996628 -0.031271886080503464 0.24822618067264557
v -0.08197467774152756 -0.03364929184317589 0.260000079870224
v -0.08180733770132065 -0.0211138017475605 0.2502424716949463
v -0.08180733770132065 -0.0211138017475605 0.2502424716949463
v -0.08197467774152756 -0.03364929184317589 0.260000079870224
v -0.08256350457668304 -0.02310052700340748 0.260000079870224
v -0.08180733770132065 -0.0211138017475605 0.2502424716949463
v -0.08256350457668304 -0.02310052700340748 0.260000079870224
v -0.08292937278747559 -0.012523017823696136 0.260000079870224
v -0.07808158546686172 -0.07100748270750046 0.2600000500679016
v -0.0801137164235115 -0.05481194332242012 0.2600000500679016
v -0.07966294139623642 -0.05398939549922943 0.25596439838409424
v -0.07966294139623642 -0.05398939549922943 0.25596439838409424
v -0.0801137164235115 -0.05481194332242012 0.2600000500679016
v -0.08042297512292862 -0.051909249275922775 0.2600000500679016
v -0.07966294139623642 -0.05398939549922943 0.25596439838409424
v -0.08042297512292862 -0.051909249275922775 0.2600000500679016
v -0.08144606649875641 -0.04082059860229492 0.2600000500679016
v -0.07486993819475174 -0.08999998867511749 0.2555846869945526
v -0.07721374183893204 -0.07549938559532166 0.2578587830066681
v -0.07483463734388351 -0.08999998867511749 0.2550220787525177
v -0.07483463734388351 -0.08999998867511749 0.2550220787525177
v -0.07721374183893204 -0.07549938559532166 0.2578587830066681
v -0.07653665542602539 -0.07429727166891098 0.2519821226596832
v -0.07483463734388351 -0.08999998867511749 0.2550220787525177
v -0.07653665542602539 -0.07429727166891098 0.2519821226596832
v -0.07417400926351547 -0.08999998867511749 0.24889959394931793
v -0.07417400926351547 -0.08999998867511749 0.24889959394931793
v -0.07653665542602539 -0.07429727166891098 0.2519821226596832
v -0.07544531673192978 -0.07309183478355408 0.24612563848495483
v -0.07417400926351547 -0.08999998867511749 0.24889959394931793
v -0.07544531673192978 -0.07309183478355408 0.24612563848495483
v -0.07300160080194473 -0.08999998867511749 0.24280206859111786
v -0.07300160080194473 -0.08999998867511749 0.24280206859111786
v -0.07544531673192978 -0.07309183478355408 0.24612563848495483
v -0.07398298382759094 -0.0718834176659584 0.2402871996164322
v -0.07300160080194473 -0.08999998867511749 0.24280206859111786
v -0.07398298382759094 -0.0718834176659584 0.2402871996164322
v -0.07218415290117264 -0.08999998867511749 0.2396419495344162
v -0.07551953941583633 0.0028702006675302982 0.13235625624656677
v -0.07586845755577087 0.0004740467411465943 0.1441584974527359
v -0.07519470900297165 0.007956049405038357 0.1334056854248047
v -0.07519470900297165 0.007956049405038357 0.1334056854248047
v -0.07586845755577087 0.0004740467411465943 0.1441584974527359
v -0.07632041722536087 0.00316030764952302 0.15698935091495514
v -0.07519470900297165 0.007956049405038357 0.1334056854248047
v -0.07632041722536087 0.00316030764952302 0.15698935091495514
v -0.07441922277212143 0.01304551586508751 0.13447704911231995
v -0.07441922277212143 0.01304551586508751 0.13447704911231995
v -0.07632041722536087 0.00316030764952302 0.15698935091495514
v -0.07593125104904175 0.00824667327105999 0.15804190933704376
v -0.07593125104904175 0.00824667327105999 0.15804190933704376
v -0.07632041722536087 0.00316030764952302 0.15698935091495514
v -0.07729355245828629 -0.001634209998883307 0.18058043718338013
v -0.07593125104904175 0.00824667327105999 0.15804190933704376
v -0.07729355245828629 -0.001634209998883307 0.18058043718338013
v -0.0774909034371376 0.0034474479034543037 0.18160444498062134
v -0.07489924877882004 -0.007291304413229227 0.13031922280788422
v -0.07281055301427841 -0.017441025003790855 0.12835365533828735
v -0.07472509145736694 -0.009683260694146156 0.14214693009853363
v -0.07472509145736694 -0.009683260694146156 0.14214693009853363
v -0.07281055301427841 -0.017441025003790855 0.12835365533828735
v -0.07441817224025726 -0.012074150145053864 0.15398110449314117
v -0.07472509145736694 -0.009683260694146156 0.14214693009853363
v -0.07441817224025726 -0.012074150145053864 0.15398110449314117
v -0.07616470009088516 -0.001921684481203556 0.15596331655979156
v -0.07616470009088516 -0.001921684481203556 0.15596331655979156
v -0.07441817224025726 -0.012074150145053864 0.15398110449314117
v -0.07656965404748917 -0.006711641792207956 0.17958205938339233
v -0.0774909034371376 0.0034474479034543037 0.18160444498062134
v -0.07729355245828629 -0.001634209998883307 0.18058043718338013
v -0.07816468179225922 0.001048686564899981 0.1933908760547638
v -0.07816468179225922 0.001048686564899981 0.1933908760547638
v -0.07729355245828629 -0.001634209998883307 0.18058043718338013
v -0.07824939489364624 -0.006428588647395372 0.20417237281799316
v -0.07816468179225922 0.001048686564899981 0.1933908760547638
v -0.07824939489364624 -0.006428588647395372 0.20417237281799316
v -0.0788072943687439 -0.0013498247135430574 0.20517882704734802
v -0.07441817224025726 -0.012074150145053864 0.15398110449314117
v -0.07401873916387558 -0.014464298263192177 0.16581977903842926
v -0.07656965404748917 -0.006711641792207956 0.17958205938339233
v -0.07656965404748917 -0.006711641792207956 0.17958205938339233
v -0.07401873916387558 -0.014464298263192177 0.16581977903842926
v -0.073783278465271 -0.016855761408805847 0.17765046656131744
v -0.07656965404748917 -0.006711641792207956 0.17958205938339233
v -0.073783278465271 -0.016855761408805847 0.17765046656131744
v -0.07735071331262589 -0.011504617519676685 0.20318250358104706
v -0.06948718428611755 -0.027580834925174713 0.12644819915294647
v -0.0689999982714653 -0.028756052255630493 0.13213427364826202
v -0.07281055301427841 -0.017441025003790855 0.12835365533828735
v -0.07281055301427841 -0.017441025003790855 0.12835365533828735
v -0.0689999982714653 -0.028756052255630493 0.13213427364826202
v -0.07133729755878448 -0.022215906530618668 0.15206384658813477
v -0.07281055301427841 -0.017441025003790855 0.12835365533828735
v -0.07133729755878448 -0.022215906530618668 0.15206384658813477
v -0.07441817224025726 -0.012074150145053864 0.15398110449314117
v -0.07441817224025726 -0.012074150145053864 0.15398110449314117
v -0.07133729755878448 -0.022215906530618668 0.15206384658813477
v -0.07045397162437439 -0.024602171033620834 0.16392606496810913
v -0.07441817224025726 -0.012074150145053864 0.15398110449314117
v -0.07045397162437439 -0.024602171033620834 0.16392606496810913
v -0.07401873916387558 -0.014464298263192177 0.16581977903842926
v -0.07401873916387558 -0.014464298263192177 0.16581977903842926
v -0.07045397162437439 -0.024602171033620834 0.16392606496810913
v -0.06990382820367813 -0.026991108432412148 0.17577208578586578
v -0.07401873916387558 -0.014464298263192177 0.16581977903842926
v -0.06990382820367813 -0.026991108432412148 0.17577208578586578
v -0.073783278465271 -0.016855761408805847 0.17765046656131744
v -0.073783278465271 -0.016855761408805847 0.17765046656131744
v -0.06990382820367813 -0.026991108432412148 0.17577208578586578
v -0.07398448139429092 -0.01925073005259037 0.1894599050283432
v -0.073783278465271 -0.016855761408805847 0.17765046656131744
v -0.07398448139429092 -0.01925073005259037 0.1894599050283432
v -0.07735071331262589 -0.011504617519676685 0.20318250358104706
v -0.0689999982714653 -0.0368230827152729 0.19710686802864075
v -0.07278246432542801 -0.03419427201151848 0.21108964085578918
v -0.07116919010877609 -0.031787972897291183 0.19934894144535065
v -0.07116919010877609 -0.031787972897291183 0.19934894144535065
v -0.07278246432542801 -0.03419427201151848 0.21108964085578918
v -0.07578864693641663 -0.02405191771686077 0.2130105346441269
v -0.07116919010877609 -0.031787972897291183 0.19934894144535065
v -0.07578864693641663 -0.02405191771686077 0.2130105346441269
v -0.07466675341129303 -0.02164955995976925 0.20124591886997223
v -0.0689999982714653 -0.02879870869219303 0.17249788343906403
v -0.0689999982714653 -0.029470738023519516 0.17689968645572662
v -0.06990382820367813 -0.026991108432412148 0.17577208578586578
v -0.06990382820367813 -0.026991108432412148 0.17577208578586578
v -0.0689999982714653 -0.029470738023519516 0.17689968645572662
v -0.07016709446907043 -0.029386574402451515 0.1875784993171692
v -0.06990382820367813 -0.026991108432412148 0.17577208578586578
v -0.07016709446907043 -0.029386574402451515 0.1875784993171692
v -0.07398448139429092 -0.01925073005259037 0.1894599050283432
v -0.07398448139429092 -0.01925073005259037 0.1894599050283432
v -0.07016709446907043 -0.029386574402451515 0.1875784993171692
v -0.07466675341129303 -0.02164955995976925 0.20124591886997223
v -0.07398448139429092 -0.01925073005259037 0.1894599050283432
v -0.07466675341129303 -0.02164955995976925 0.20124591886997223
v -0.07735071331262589 -0.011504617519676685 0.20318250358104706
v -0.07735071331262589 -0.011504617519676685 0.20318250358104706
v -0.07466675341129303 -0.02164955995976925 0.20124591886997223
v -0.07578864693641663 -0.02405191771686077 0.2130105346441269
v -0.07735071331262589 -0.011504617519676685 0.20318250358104706
v -0.07578864693641663 -0.02405191771686077 0.2130105346441269
v -0.07915326952934265 -0.016305793076753616 0.2267332226037979
v -0.07915326952934265 -0.016305793076753616 0.2267332226037979
v -0.07578864693641663 -0.02405191771686077 0.2130105346441269
v -0.07729532569646835 -0.02645736373960972 0.2247564196586609
v -0.07729532569646835 -0.02645736373960972 0.2247564196586609
v -0.07578864693641663 -0.02405191771686077 0.2130105346441269
v -0.07278246432542801 -0.03419427201151848 0.21108964085578918
v -0.07729532569646835 -0.02645736373960972 0.2247564196586609
v -0.07278246432542801 -0.03419427201151848 0.21108964085578918
v -0.07486309111118317 -0.03660432621836662 0.22280758619308472
v -0.07486309111118317 -0.03660432621836662 0.22280758619308472
v -0.07278246432542801 -0.03419427201151848 0.21108964085578918
v -0.06935706734657288 -0.044333264231681824 0.20918916165828705
v -0.07486309111118317 -0.03660432621836662 0.22280758619308472
v -0.06935706734657288 -0.044333264231681824 0.20918916165828705
v -0.07203636318445206 -0.046748124063014984 0.22087796032428741
v -0.07203636318445206 -0.046748124063014984 0.22087796032428741
v -0.06935706734657288 -0.044333264231681824 0.20918916165828705
v -0.0689999982714653 -0.05053231865167618 0.2140892744064331
v -0.07203636318445206 -0.046748124063014984 0.22087796032428741
v -0.0689999982714653 -0.05053231865167618 0.2140892744064331
v -0.0689999982714653 -0.05280286446213722 0.21598553657531738
v -0.06900002807378769 -0.08999999612569809 0.23060615360736847
v -0.07218415290117264 -0.08999998867511749 0.2396419495344162
v -0.0722074881196022 -0.07067249715328217 0.23446401953697205
v -0.0722074881196022 -0.07067249715328217 0.23446401953697205
v -0.07218415290117264 -0.08999998867511749 0.2396419495344162
v -0.07398298382759094 -0.0718834176659584 0.2402871996164322
v -0.0722074881196022 -0.07067249715328217 0.23446401953697205
v -0.07398298382759094 -0.0718834176659584 0.2402871996164322
v -0.07766207307577133 -0.05157998204231262 0.2442425787448883
v -0.07766207307577133 -0.05157998204231262 0.2442425787448883
v -0.07398298382759094 -0.0718834176659584 0.2402871996164322
v -0.07544531673192978 -0.07309183478355408 0.24612563848495483
v -0.07766207307577133 -0.05157998204231262 0.2442425787448883
v -0.07544531673192978 -0.07309183478355408 0.24612563848495483
v -0.07966294139623642 -0.05398939549922943 0.25596439838409424
v -0.07966294139623642 -0.05398939549922943 0.25596439838409424
v -0.07544531673192978 -0.07309183478355408 0.24612563848495483
v -0.07653665542602539 -0.07429727166891098 0.2519821226596832
v -0.07966294139623642 -0.05398939549922943 0.25596439838409424
v -0.07653665542602539 -0.07429727166891098 0.2519821226596832
v -0.07808158546686172 -0.07100748270750046 0.2600000500679016
v -0.07808158546686172 -0.07100748270750046 0.2600000500679016
v -0.07653665542602539 -0.07429727166891098 0.2519821226596832
v -0.07721374183893204 -0.07549938559532166 0.2578587830066681
v -0.07808158546686172 -0.07100748270750046 0.2600000500679016
v -0.07721374183893204 -0.07549938559532166 0.2578587830066681
v -0.0771755799651146 -0.07707985490560532 0.2600000500679016
v -0.0771755799651146 -0.07707985490560532 0.2600000500679016
v -0.07721374183893204 -0.07549938559532166 0.2578587830066681
v -0.07486993819475174 -0.08999998867511749 0.2555846869945526
v -0.0771755799651146 -0.07707985490560532 0.2600000500679016
v -0.07486993819475174 -0.08999998867511749 0.2555846869945526
v -0.07500001043081284 -0.08999998867511749 0.25999999046325684
v -0.0689999982714653 -0.06895028054714203 0.2254788875579834
v -0.0690000057220459 -0.07713130861520767 0.22828926146030426
v -0.07019373774528503 -0.06945965439081192 0.22865241765975952
v -0.07019373774528503 -0.06945965439081192 0.22865241765975952
v -0.0690000057220459 -0.07713130861520767 0.22828926146030426
v -0.0722074881196022 -0.07067249715328217 0.23446401953697205
v -0.07019373774528503 -0.06945965439081192 0.22865241765975952
v -0.0722074881196022 -0.07067249715328217 0.23446401953697205
v -0.07495667785406113 -0.04916491359472275 0.23255503177642822
v -0.07495667785406113 -0.04916491359472275 0.23255503177642822
v -0.0722074881196022 -0.07067249715328217 0.23446401953697205
v -0.07766207307577133 -0.05157998204231262 0.2442425787448883
v -0.07495667785406113 -0.04916491359472275 0.23255503177642822
v -0.07766207307577133 -0.05157998204231262 0.2442425787448883
v -0.07935348898172379 -0.04142707586288452 0.2462274730205536
v -0.07935348898172379 -0.04142707586288452 0.2462274730205536
v -0.07766207307577133 -0.05157998204231262 0.2442425787448883
v -0.07966294139623642 -0.05398939549922943 0.25596439838409424
v -0.07935348898172379 -0.04142707586288452 0.2462274730205536
v -0.07966294139623642 -0.05398939549922943 0.25596439838409424
v -0.08076094835996628 -0.031271886080503464 0.24822618067264557
v -0.08076094835996628 -0.031271886080503464 0.24822618067264557
v -0.07966294139623642 -0.05398939549922943 0.25596439838409424
v -0.0819728821516037 -0.03367619588971138 0.260000079870224
v -0.08076094835996628 -0.031271886080503464 0.24822618067264557
v -0.0819728821516037 -0.03367619588971138 0.260000079870224
v -0.08197467774152756 -0.03364929184317589 0.260000079870224
v -0.06900040805339813 0.042932916432619095 0.19835799932479858
v -0.06900084763765335 0.03869050368666649 0.1915210783481598
v -0.07337355613708496 0.03158659115433693 0.19982579350471497
v -0.07337355613708496 0.03158659115433693 0.19982579350471497
v -0.06900084763765335 0.03869050368666649 0.1915210783481598
v -0.07023237645626068 0.03400515764951706 0.18815948069095612
v -0.07337355613708496 0.03158659115433693 0.19982579350471497
v -0.07023237645626068 0.03400515764951706 0.18815948069095612
v -0.07595754414796829 0.021399369463324547 0.1976327747106552
v -0.07595754414796829 0.021399369463324547 0.1976327747106552
v -0.07023237645626068 0.03400515764951706 0.18815948069095612
v -0.073731429874897 0.02381058968603611 0.18592192232608795
v -0.07595754414796829 0.021399369463324547 0.1976327747106552
v -0.073731429874897 0.02381058968603611 0.18592192232608795
v -0.07637830823659897 0.013622861355543137 0.18372583389282227
v -0.08004476875066757 0.03451947122812271 0.23702597618103027
v -0.07753155380487442 0.03693299740552902 0.22532908618450165
v -0.08067864924669266 0.024347899481654167 0.23492789268493652
v -0.08067864924669266 0.024347899481654167 0.23492789268493652
v -0.07753155380487442 0.03693299740552902 0.22532908618450165
v -0.0787307620048523 0.02675688825547695 0.22320348024368286
v -0.08067864924669266 0.024347899481654167 0.23492789268493652
v -0.0787307620048523 0.02675688825547695 0.22320348024368286
v -0.0809771716594696 0.014179020188748837 0.23284612596035004
v -0.0809771716594696 0.014179020188748837 0.23284612596035004
v -0.0787307620048523 0.02675688825547695 0.22320348024368286
v -0.0796019583940506 0.016583411023020744 0.22109383344650269
v -0.0809771716594696 0.014179020188748837 0.23284612596035004
v -0.0796019583940506 0.016583411023020744 0.22109383344650269
v -0.07891837507486343 0.008815767243504524 0.20724065601825714
v -0.08004476875066757 0.03451947122812271 0.23702597618103027
v -0.07821109890937805 0.054867155849933624 0.2412496954202652
v -0.07753155380487442 0.03693299740552902 0.22532908618450165
v -0.07753155380487442 0.03693299740552902 0.22532908618450165
v -0.07821109890937805 0.054867155849933624 0.2412496954202652
v -0.07669640332460403 0.056075990200042725 0.2354138195514679
v -0.07753155380487442 0.03693299740552902 0.22532908618450165
v -0.07669640332460403 0.056075990200042725 0.2354138195514679
v -0.07481509447097778 0.05728776752948761 0.22959578037261963
v -0.07481509447097778 0.05728776752948761 0.22959578037261963
v -0.07669640332460403 0.056075990200042725 0.2354138195514679
v -0.07360530644655228 0.0674639642238617 0.2317219078540802
v -0.07481509447097778 0.05728776752948761 0.22959578037261963
v -0.07360530644655228 0.0674639642238617 0.2317219078540802
v -0.07115643471479416 0.0686802938580513 0.22593149542808533
v -0.07115643471479416 0.0686802938580513 0.22593149542808533
v -0.07360530644655228 0.0674639642238617 0.2317219078540802
v -0.07249541580677032 0.0757327601313591 0.23248142004013062
v -0.07115643471479416 0.0686802938580513 0.22593149542808533
v -0.07249541580677032 0.0757327601313591 0.23248142004013062
v -0.0695859044790268 0.07800842821598053 0.2265070229768753
v -0.0809771716594696 0.014179020188748837 0.23284612596035004
v -0.08213140815496445 0.011776402592658997 0.24460917711257935
v -0.08067864924669266 0.024347899481654167 0.23492789268493652
v -0.08067864924669266 0.024347899481654167 0.23492789268493652
v -0.08213140815496445 0.011776402592658997 0.24460917711257935
v -0.08164310455322266 0.03211328759789467 0.2487674057483673
v -0.08067864924669266 0.024347899481654167 0.23492789268493652
v -0.08164310455322266 0.03211328759789467 0.2487674057483673
v -0.08004476875066757 0.03451947122812271 0.23702597618103027
v -0.08004476875066757 0.03451947122812271 0.23702597618103027
v -0.08164310455322266 0.03211328759789467 0.2487674057483673
v -0.08006561547517776 0.05245891958475113 0.252978652715683
v -0.08004476875066757 0.03451947122812271 0.23702597618103027
v -0.08006561547517776 0.05245891958475113 0.252978652715683
v -0.07821109890937805 0.054867155849933624 0.2412496954202652
v -0.07821109890937805 0.054867155849933624 0.2412496954202652
v -0.08006561547517776 0.05245891958475113 0.252978652715683
v -0.07897686213254929 0.06263414025306702 0.2550988793373108
v -0.07821109890937805 0.054867155849933624 0.2412496954202652
v -0.07897686213254929 0.06263414025306702 0.2550988793373108
v -0.07790318876504898 0.06797138601541519 0.25047171115875244
v -0.07790318876504898 0.06797138601541519 0.25047171115875244
v -0.07897686213254929 0.06263414025306702 0.2550988793373108
v -0.07918255031108856 0.06163811683654785 0.2600000500679016
v -0.07790318876504898 0.06797138601541519 0.25047171115875244
v -0.07918255031108856 0.06163811683654785 0.2600000500679016
v -0.07897789776325226 0.06327851116657257 0.25999999046325684
v -0.08184507489204407 0.0016122166998684406 0.2425558716058731
v -0.08088723570108414 0.004013258032500744 0.23078326880931854
v -0.081351138651371 -0.008550303056836128 0.2405126839876175
v -0.081351138651371 -0.008550303056836128 0.2405126839876175
v -0.08088723570108414 0.004013258032500744 0.23078326880931854
v -0.08033102005720139 -0.0061487616039812565 0.22874312102794647
v -0.081351138651371 -0.008550303056836128 0.2405126839876175
v -0.08033102005720139 -0.0061487616039812565 0.22874312102794647
v -0.07915326952934265 -0.016305793076753616 0.2267332226037979
v -0.0689999982714653 -0.059276457875967026 0.22053539752960205
v -0.0689999982714653 -0.06423142552375793 0.22331081330776215
v -0.07203636318445206 -0.046748124063014984 0.22087796032428741
v -0.07203636318445206 -0.046748124063014984 0.22087796032428741
v -0.0689999982714653 -0.06423142552375793 0.22331081330776215
v -0.07495667785406113 -0.04916491359472275 0.23255503177642822
v -0.07203636318445206 -0.046748124063014984 0.22087796032428741
v -0.07495667785406113 -0.04916491359472275 0.23255503177642822
v -0.07486309111118317 -0.03660432621836662 0.22280758619308472
v -0.07486309111118317 -0.03660432621836662 0.22280758619308472
v -0.07495667785406113 -0.04916491359472275 0.23255503177642822
v -0.07935348898172379 -0.04142707586288452 0.2462274730205536
v -0.07486309111118317 -0.03660432621836662 0.22280758619308472
v -0.07935348898172379 -0.04142707586288452 0.2462274730205536
v -0.07729532569646835 -0.02645736373960972 0.2247564196586609
v -0.07729532569646835 -0.02645736373960972 0.2247564196586609
v -0.07935348898172379 -0.04142707586288452 0.2462274730205536
v -0.08076094835996628 -0.031271886080503464 0.24822618067264557
v -0.07729532569646835 -0.02645736373960972 0.2247564196586609
v -0.08076094835996628 -0.031271886080503464 0.24822618067264557
v -0.07915326952934265 -0.016305793076753616 0.2267332226037979
v -0.07915326952934265 -0.016305793076753616 0.2267332226037979
v -0.08076094835996628 -0.031271886080503464 0.24822618067264557
v -0.08180733770132065 -0.0211138017475605 0.2502424716949463
v -0.07915326952934265 -0.016305793076753616 0.2267332226037979
v -0.08180733770132065 -0.0211138017475605 0.2502424716949463
v -0.081351138651371 -0.008550303056836128 0.2405126839876175
v -0.081351138651371 -0.008550303056836128 0.2405126839876175
v -0.08180733770132065 -0.0211138017475605 0.2502424716949463
v -0.0824795812368393 -0.010952712967991829 0.2522769868373871
v -0.081351138651371 -0.008550303056836128 0.2405126839876175
v -0.0824795812368393 -0.010952712967991829 0.2522769868373871
v -0.08184507489204407 0.0016122166998684406 0.2425558716058731
v -0.08184507489204407 0.0016122166998684406 0.2425558716058731
v -0.0824795812368393 -0.010952712967991829 0.2522769868373871
v -0.08286545425653458 -0.0007893265574239194 0.2543254494667053
v -0.07489924877882004 -0.007291304413229227 0.13031922280788422
v -0.07472509145736694 -0.009683260694146156 0.14214693009853363
v -0.07586845755577087 0.0004740467411465943 0.1441584974527359
v -0.07586845755577087 0.0004740467411465943 0.1441584974527359
v -0.07472509145736694 -0.009683260694146156 0.14214693009853363
v -0.07616470009088516 -0.001921684481203556 0.15596331655979156
v -0.07586845755577087 0.0004740467411465943 0.1441584974527359
v -0.07616470009088516 -0.001921684481203556 0.15596331655979156
v -0.07632041722536087 0.00316030764952302 0.15698935091495514
v -0.07632041722536087 0.00316030764952302 0.15698935091495514
v -0.07616470009088516 -0.001921684481203556 0.15596331655979156
v -0.07656965404748917 -0.006711641792207956 0.17958205938339233
v -0.07632041722536087 0.00316030764952302 0.15698935091495514
v -0.07656965404748917 -0.006711641792207956 0.17958205938339233
v -0.07729355245828629 -0.001634209998883307 0.18058043718338013
v -0.07729355245828629 -0.001634209998883307 0.18058043718338013
v -0.07656965404748917 -0.006711641792207956 0.17958205938339233
v -0.07735071331262589 -0.011504617519676685 0.20318250358104706
v -0.07729355245828629 -0.001634209998883307 0.18058043718338013
v -0.07735071331262589 -0.011504617519676685 0.20318250358104706
v -0.07824939489364624 -0.006428588647395372 0.20417237281799316
v -0.07824939489364624 -0.006428588647395372 0.20417237281799316
v -0.07735071331262589 -0.011504617519676685 0.20318250358104706
v -0.07915326952934265 -0.016305793076753616 0.2267332226037979
v -0.07824939489364624 -0.006428588647395372 0.20417237281799316
v -0.07915326952934265 -0.016305793076753616 0.2267332226037979
v -0.0788072943687439 -0.0013498247135430574 0.20517882704734802
v -0.0788072943687439 -0.0013498247135430574 0.20517882704734802
v -0.07915326952934265 -0.016305793076753616 0.2267332226037979
v -0.08033102005720139 -0.0061487616039812565 0.22874312102794647
v -0.0788072943687439 -0.0013498247135430574 0.20517882704734802
v -0.08033102005720139 -0.0061487616039812565 0.22874312102794647
v -0.07891837507486343 0.008815767243504524 0.20724065601825714
v -0.07891837507486343 0.008815767243504524 0.20724065601825714
v -0.08033102005720139 -0.0061487616039812565 0.22874312102794647
v -0.08088723570108414 0.004013258032500744 0.23078326880931854
v -0.07891837507486343 0.008815767243504524 0.20724065601825714
v -0.08088723570108414 0.004013258032500744 0.23078326880931854
v -0.0809771716594696 0.014179020188748837 0.23284612596035004
v -0.0809771716594696 0.014179020188748837 0.23284612596035004
v -0.08088723570108414 0.004013258032500744 0.23078326880931854
v -0.08184507489204407 0.0016122166998684406 0.2425558716058731
v -0.0809771716594696 0.014179020188748837 0.23284612596035004
v -0.08184507489204407 0.0016122166998684406 0.2425558716058731
v -0.08213140815496445 0.011776402592658997 0.24460917711257935
v -0.08213140815496445 0.011776402592658997 0.24460917711257935
v -0.08184507489204407 0.0016122166998684406 0.2425558716058731
v -0.08286545425653458 -0.0007893265574239194 0.2543254494667053
v -0.08213140815496445 0.011776402592658997 0.24460917711257935
v -0.08286545425653458 -0.0007893265574239194 0.2543254494667053
v -0.08293270319700241 0.009376617148518562 0.25638940930366516
v -0.08293270319700241 0.009376617148518562 0.25638940930366516
v -0.08286545425653458 -0.0007893265574239194 0.2543254494667053
v -0.08298906683921814 0.008646784350275993 0.260000079870224
v -0.08293270319700241 0.009376617148518562 0.25638940930366516
v -0.08298906683921814 0.008646784350275993 0.260000079870224
v -0.08231636136770248 0.026985634118318558 0.260000079870224
v -0.07637830823659897 0.013622861355543137 0.18372583389282227
v -0.073731429874897 0.02381058968603611 0.18592192232608795
v -0.07358705997467041 0.018431972712278366 0.16022324562072754
v -0.07358705997467041 0.018431972712278366 0.16022324562072754
v -0.073731429874897 0.02381058968603611 0.18592192232608795
v -0.0714864730834961 0.02622196264564991 0.17421196401119232
v -0.07358705997467041 0.018431972712278366 0.16022324562072754
v -0.0714864730834961 0.02622196264564991 0.17421196401119232
v -0.06958458572626114 0.028630580753087997 0.16248531639575958
v -0.06958458572626114 0.028630580753087997 0.16248531639575958
v -0.0714864730834961 0.02622196264564991 0.17421196401119232
v -0.06900054961442947 0.030620384961366653 0.1680871546268463
v -0.06958458572626114 0.028630580753087997 0.16248531639575958
v -0.06900054961442947 0.030620384961366653 0.1680871546268463
v -0.0689997747540474 0.029668422415852547 0.15947364270687103
v -0.06900128722190857 0.06690914183855057 0.2200404405593872
v -0.06900003552436829 0.05991115793585777 0.2155178189277649
v -0.07006839662790298 0.05971921980381012 0.21800760924816132
v -0.07006839662790298 0.05971921980381012 0.21800760924816132
v -0.06900003552436829 0.05991115793585777 0.2155178189277649
v -0.06900162249803543 0.05358047038316727 0.21039076149463654
v -0.07006839662790298 0.05971921980381012 0.21800760924816132
v -0.06900162249803543 0.05358047038316727 0.21039076149463654
v -0.07212585210800171 0.049536220729351044 0.21584022045135498
v -0.07212585210800171 0.049536220729351044 0.21584022045135498
v -0.06900162249803543 0.05358047038316727 0.21039076149463654
v -0.0690004825592041 0.047901254147291183 0.20465105772018433
v -0.07212585210800171 0.049536220729351044 0.21584022045135498
v -0.0690004825592041 0.047901254147291183 0.20465105772018433
v -0.07425566017627716 0.039352644234895706 0.2136693149805069
v -0.07425566017627716 0.039352644234895706 0.2136693149805069
v -0.0690004825592041 0.047901254147291183 0.20465105772018433
v -0.07042687386274338 0.04177672788500786 0.20203647017478943
v -0.07425566017627716 0.039352644234895706 0.2136693149805069
v -0.07042687386274338 0.04177672788500786 0.20203647017478943
v -0.07627101987600327 0.02916998416185379 0.2115039825439453
v -0.07627101987600327 0.02916998416185379 0.2115039825439453
v -0.07042687386274338 0.04177672788500786 0.20203647017478943
v -0.07337355613708496 0.03158659115433693 0.19982579350471497
v -0.07627101987600327 0.02916998416185379 0.2115039825439453
v -0.07337355613708496 0.03158659115433693 0.19982579350471497
v -0.07793861627578735 0.018990114331245422 0.20935557782649994
v -0.07793861627578735 0.018990114331245422 0.20935557782649994
v -0.07337355613708496 0.03158659115433693 0.19982579350471497
v -0.07595754414796829 0.021399369463324547 0.1976327747106552
v -0.07793861627578735 0.018990114331245422 0.20935557782649994
v -0.07595754414796829 0.021399369463324547 0.1976327747106552
v -0.07773975282907486 0.011218581348657608 0.19547879695892334
v -0.07773975282907486 0.011218581348657608 0.19547879695892334
v -0.07595754414796829 0.021399369463324547 0.1976327747106552
v -0.07637830823659897 0.013622861355543137 0.18372583389282227
v -0.07773975282907486 0.011218581348657608 0.19547879695892334
v -0.07637830823659897 0.013622861355543137 0.18372583389282227
v -0.07716784626245499 0.00853328313678503 0.1826537847518921
v -0.07716784626245499 0.00853328313678503 0.1826537847518921
v -0.07637830823659897 0.013622861355543137 0.18372583389282227
v -0.07358705997467041 0.018431972712278366 0.16022324562072754
v -0.07716784626245499 0.00853328313678503 0.1826537847518921
v -0.07358705997467041 0.018431972712278366 0.16022324562072754
v -0.0750049352645874 0.013337349519133568 0.1591206192970276
v -0.0750049352645874 0.013337349519133568 0.1591206192970276
v -0.07358705997467041 0.018431972712278366 0.16022324562072754
v -0.07154248654842377 0.02323509007692337 0.13668431341648102
v -0.0750049352645874 0.013337349519133568 0.1591206192970276
v -0.07154248654842377 0.02323509007692337 0.13668431341648102
v -0.07319466024637222 0.01813858561217785 0.13557027280330658
v -0.07319466024637222 0.01813858561217785 0.13557027280330658
v -0.07154248654842377 0.02323509007692337 0.13668431341648102
v -0.06955187022686005 0.028037773445248604 0.11314275860786438
v -0.07319466024637222 0.01813858561217785 0.13557027280330658
v -0.06955187022686005 0.028037773445248604 0.11314275860786438
v -0.07296846807003021 0.01784386672079563 0.11090920865535736
v -0.07296846807003021 0.01784386672079563 0.11090920865535736
v -0.06955187022686005 0.028037773445248604 0.11314275860786438
v -0.07178600877523422 0.02172025293111801 0.09000003337860107
v -0.07296846807003021 0.01784386672079563 0.11090920865535736
v -0.07178600877523422 0.02172025293111801 0.09000003337860107
v -0.07372494041919708 0.01377075258642435 0.08999998867511749
v -0.0689990371465683 0.07437029480934143 0.22380253672599792
v -0.06900128722190857 0.06690914183855057 0.2200404405593872
v -0.07115643471479416 0.0686802938580513 0.22593149542808533
v -0.07115643471479416 0.0686802938580513 0.22593149542808533
v -0.06900128722190857 0.06690914183855057 0.2200404405593872
v -0.07006839662790298 0.05971921980381012 0.21800760924816132
v -0.07115643471479416 0.0686802938580513 0.22593149542808533
v -0.07006839662790298 0.05971921980381012 0.21800760924816132
v -0.07481509447097778 0.05728776752948761 0.22959578037261963
v -0.07481509447097778 0.05728776752948761 0.22959578037261963
v -0.07006839662790298 0.05971921980381012 0.21800760924816132
v -0.07212585210800171 0.049536220729351044 0.21584022045135498
v -0.07481509447097778 0.05728776752948761 0.22959578037261963
v -0.07212585210800171 0.049536220729351044 0.21584022045135498
v -0.07753155380487442 0.03693299740552902 0.22532908618450165
v -0.07753155380487442 0.03693299740552902 0.22532908618450165
v -0.07212585210800171 0.049536220729351044 0.21584022045135498
v -0.07425566017627716 0.039352644234895706 0.2136693149805069
v -0.07753155380487442 0.03693299740552902 0.22532908618450165
v -0.07425566017627716 0.039352644234895706 0.2136693149805069
v -0.0787307620048523 0.02675688825547695 0.22320348024368286
v -0.0787307620048523 0.02675688825547695 0.22320348024368286
v -0.07425566017627716 0.039352644234895706 0.2136693149805069
v -0.07627101987600327 0.02916998416185379 0.2115039825439453
v -0.0787307620048523 0.02675688825547695 0.22320348024368286
v -0.07627101987600327 0.02916998416185379 0.2115039825439453
v -0.0796019583940506 0.016583411023020744 0.22109383344650269
v -0.0796019583940506 0.016583411023020744 0.22109383344650269
v -0.07627101987600327 0.02916998416185379 0.2115039825439453
v -0.07793861627578735 0.018990114331245422 0.20935557782649994
v -0.0796019583940506 0.016583411023020744 0.22109383344650269
v -0.07793861627578735 0.018990114331245422 0.20935557782649994
v -0.07891837507486343 0.008815767243504524 0.20724065601825714
v -0.07891837507486343 0.008815767243504524 0.20724065601825714
v -0.07793861627578735 0.018990114331245422 0.20935557782649994
v -0.07773975282907486 0.011218581348657608 0.19547879695892334
v -0.07891837507486343 0.008815767243504524 0.20724065601825714
v -0.07773975282907486 0.011218581348657608 0.19547879695892334
v -0.07816468179225922 0.001048686564899981 0.1933908760547638
v -0.07816468179225922 0.001048686564899981 0.1933908760547638
v -0.07773975282907486 0.011218581348657608 0.19547879695892334
v -0.07716784626245499 0.00853328313678503 0.1826537847518921
v -0.07816468179225922 0.001048686564899981 0.1933908760547638
v -0.07716784626245499 0.00853328313678503 0.1826537847518921
v -0.0774909034371376 0.0034474479034543037 0.18160444498062134
v -0.0774909034371376 0.0034474479034543037 0.18160444498062134
v -0.07716784626245499 0.00853328313678503 0.1826537847518921
v -0.0750049352645874 0.013337349519133568 0.1591206192970276
v -0.0774909034371376 0.0034474479034543037 0.18160444498062134
v -0.0750049352645874 0.013337349519133568 0.1591206192970276
v -0.07593125104904175 0.00824667327105999 0.15804190933704376
v -0.07593125104904175 0.00824667327105999 0.15804190933704376
v -0.0750049352645874 0.013337349519133568 0.1591206192970276
v -0.07319466024637222 0.01813858561217785 0.13557027280330658
v -0.07593125104904175 0.00824667327105999 0.15804190933704376
v -0.07319466024637222 0.01813858561217785 0.13557027280330658
v -0.07441922277212143 0.01304551586508751 0.13447704911231995
v -0.07441922277212143 0.01304551586508751 0.13447704911231995
v -0.07319466024637222 0.01813858561217785 0.13557027280330658
v -0.07296846807003021 0.01784386672079563 0.11090920865535736
v -0.07441922277212143 0.01304551586508751 0.13447704911231995
v -0.07296846807003021 0.01784386672079563 0.11090920865535736
v -0.07519470900297165 0.007956049405038357 0.1334056854248047
v -0.07519470900297165 0.007956049405038357 0.1334056854248047
v -0.07296846807003021 0.01784386672079563 0.11090920865535736
v -0.07475842535495758 0.007663016673177481 0.10875484347343445
v -0.07519470900297165 0.007956049405038357 0.1334056854248047
v -0.07475842535495758 0.007663016673177481 0.10875484347343445
v -0.07551953941583633 0.0028702006675302982 0.13235625624656677
v -0.07551953941583633 0.0028702006675302982 0.13235625624656677
v -0.07475842535495758 0.007663016673177481 0.10875484347343445
v -0.07501436769962311 -0.002505521522834897 0.1066751480102539
v -0.07551953941583633 0.0028702006675302982 0.13235625624656677
v -0.07501436769962311 -0.002505521522834897 0.1066751480102539
v -0.07489924877882004 -0.007291304413229227 0.13031922280788422
v -0.07489924877882004 -0.007291304413229227 0.13031922280788422
v -0.07501436769962311 -0.002505521522834897 0.1066751480102539
v -0.07384989410638809 -0.012662659399211407 0.10466460883617401
v -0.07489924877882004 -0.007291304413229227 0.13031922280788422
v -0.07384989410638809 -0.012662659399211407 0.10466460883617401
v -0.07281055301427841 -0.017441025003790855 0.12835365533828735
v -0.07281055301427841 -0.017441025003790855 0.12835365533828735
v -0.07384989410638809 -0.012662659399211407 0.10466460883617401
v -0.07128669321537018 -0.02280857041478157 0.10272213816642761
v -0.07281055301427841 -0.017441025003790855 0.12835365533828735
v -0.07128669321537018 -0.02280857041478157 0.10272213816642761
v -0.06948718428611755 -0.027580834925174713 0.12644819915294647
v -0.06948718428611755 -0.027580834925174713 0.12644819915294647
v -0.07128669321537018 -0.02280857041478157 0.10272213816642761
v -0.0689999982714653 -0.02882063388824463 0.12622344493865967
v -0.06948718428611755 -0.027580834925174713 0.12644819915294647
v -0.0689999982714653 -0.02882063388824463 0.12622344493865967
v -0.0689999982714653 -0.028756052255630493 0.13213427364826202
v -0.02326524630188942 0.003727912437170744 0.33966702222824097
v -0.027151504531502724 0.005087938625365496 0.3383599519729614
v -0.02605406381189823 -0.01879577338695526 0.3381093442440033
v -0.013808106072247028 0.001308062463067472 0.34195220470428467
v -0.01833413355052471 0.0023104434367269278 0.3410118818283081
v -0.017613887786865234 -0.020841987803578377 0.3405764400959015
v -0.08298906683921814 0.008646784350275993 0.260000079870224
v -0.08307119458913803 -0.0019417073344811797 0.260000079870224
v -0.08266077190637589 0.003399319015443325 0.2669382691383362
v -0.08305913209915161 -0.004279180895537138 0.260000079870224
v -0.08292937278747559 -0.012523017823696136 0.260000079870224
v -0.08264225721359253 -0.015381424687802792 0.26695716381073
v -0.08144606649875641 -0.04082059860229492 0.2600000500679016
v -0.08042297512292862 -0.051909249275922775 0.2600000500679016
v -0.08048638701438904 -0.0528905913233757 0.26697415113449097
v -0.0771755799651146 -0.07707985490560532 0.2600000500679016
v -0.07500001043081284 -0.08999998867511749 0.25999999046325684
v -0.07486993819475174 -0.08999999612569809 0.26441529393196106
v -0.0801137164235115 -0.05481194332242012 0.2600000500679016
v -0.07808158546686172 -0.07100748270750046 0.2600000500679016
v -0.07811281830072403 -0.07153100520372391 0.2670016288757324
v -0.07811281830072403 -0.07153100520372391 0.2670016288757324
v -0.07808158546686172 -0.07100748270750046 0.2600000500679016
v -0.0771755799651146 -0.07707985490560532 0.2600000500679016
v -0.08256350457668304 -0.02310052700340748 0.260000079870224
v -0.08197467774152756 -0.03364929184317589 0.260000079870224
v -0.08193667978048325 -0.0341552272439003 0.2669673562049866
v -0.08193667978048325 -0.0341552272439003 0.2669673562049866
v -0.08197467774152756 -0.03364929184317589 0.260000079870224
v -0.0819728821516037 -0.03367619588971138 0.260000079870224
v -0.08298906683921814 0.008646784350275993 0.260000079870224
v -0.08266077190637589 0.003399319015443325 0.2669382691383362
v -0.08231636136770248 0.026985634118318558 0.260000079870224
v -0.0821516141295433 0.029830386862158775 0.260000079870224
v -0.08221255987882614 0.028810298070311546 0.260000079870224
v -0.0821245089173317 0.02217220328748226 0.2669169008731842
v -0.0821516141295433 0.029830386862158775 0.260000079870224
v -0.0821245089173317 0.02217220328748226 0.2669169008731842
v -0.08040838688611984 0.051034435629844666 0.2600000500679016
v -2.4351389583898708e-05 -0.06765580922365189 0.33856862783432007
v -0.007831667549908161 -0.06749340146780014 0.33813413977622986
v -7.976897788142256e-12 -0.08999998867511749 0.33500000834465027
v -7.976897788142256e-12 -0.08999998867511749 0.33500000834465027
v -0.007831667549908161 -0.06749340146780014 0.33813413977622986
v -0.007230084389448166 -0.08999998867511749 0.3346506953239441
v -0.08307119458913803 -0.0019417073344811797 0.260000079870224
v -0.08305913209915161 -0.004279180895537138 0.260000079870224
v -0.08266077190637589 0.003399319015443325 0.2669382691383362
v -0.08266077190637589 0.003399319015443325 0.2669382691383362
v -0.08305913209915161 -0.004279180895537138 0.260000079870224
v -0.08264225721359253 -0.015381424687802792 0.26695716381073
v -0.08266077190637589 0.003399319015443325 0.2669382691383362
v -0.08264225721359253 -0.015381424687802792 0.26695716381073
v -0.08147177845239639 0.0006485722842626274 0.2744942009449005
v -0.08147177845239639 0.0006485722842626274 0.2744942009449005
v -0.08264225721359253 -0.015381424687802792 0.26695716381073
v -0.08139088749885559 -0.01759745366871357 0.27453744411468506
v -0.08147177845239639 0.0006485722842626274 0.2744942009449005
v -0.08139088749885559 -0.01759745366871357 0.27453744411468506
v -0.07956284284591675 -0.0022205193527042866 0.2818904519081116
v -0.07956284284591675 -0.0022205193527042866 0.2818904519081116
v -0.08139088749885559 -0.01759745366871357 0.27453744411468506
v -0.07931125909090042 -0.01990332640707493 0.2819463908672333
v -0.07956284284591675 -0.0022205193527042866 0.2818904519081116
v -0.07931125909090042 -0.01990332640707493 0.2819463908672333
v -0.07703232020139694 -0.005138702690601349 0.28909438848495483
v -0.07703232020139694 -0.005138702690601349 0.28909438848495483
v -0.07931125909090042 -0.01990332640707493 0.2819463908672333
v -0.0765947550535202 -0.022227931767702103 0.28913652896881104
v -0.07703232020139694 -0.005138702690601349 0.28909438848495483
v -0.0765947550535202 -0.022227931767702103 0.28913652896881104
v -0.07396852225065231 -0.008040030486881733 0.2960818409919739
v -0.07396852225065231 -0.008040030486881733 0.2960818409919739
v -0.0765947550535202 -0.022227931767702103 0.28913652896881104
v -0.07342489808797836 -0.0245036818087101 0.2960709035396576
v -0.07396852225065231 -0.008040030486881733 0.2960818409919739
v -0.07342489808797836 -0.0245036818087101 0.2960709035396576
v -0.07021129131317139 -0.0109929908066988 0.30280858278274536
v -0.07021129131317139 -0.0109929908066988 0.30280858278274536
v -0.07342489808797836 -0.0245036818087101 0.2960709035396576
v -0.06960652023553848 -0.026817435398697853 0.3027277886867523
v -0.07021129131317139 -0.0109929908066988 0.30280858278274536
v -0.06960652023553848 -0.026817435398697853 0.3027277886867523
v -0.06568898260593414 -0.014025704003870487 0.30921339988708496
v -0.06568898260593414 -0.014025704003870487 0.30921339988708496
v -0.06960652023553848 -0.026817435398697853 0.3027277886867523
v -0.06502091884613037 -0.029212631285190582 0.30905985832214355
v -0.06568898260593414 -0.014025704003870487 0.30921339988708496
v -0.06502091884613037 -0.029212631285190582 0.30905985832214355
v -0.0604579821228981 -0.01709151454269886 0.31524011492729187
v -0.0604579821228981 -0.01709151454269886 0.31524011492729187
v -0.06502091884613037 -0.029212631285190582 0.30905985832214355
v -0.059731412678956985 -0.03164920210838318 0.3150077164173126
v -0.0604579821228981 -0.01709151454269886 0.31524011492729187
v -0.059731412678956985 -0.03164920210838318 0.3150077164173126
v -0.053799718618392944 -0.03408209607005119 0.3205130398273468
v -0.07918255031108856 0.06163811683654785 0.2600000500679016
v -0.08040838688611984 0.051034435629844666 0.2600000500679016
v -0.08093377947807312 0.04092200845479965 0.2668994963169098
v -0.08093377947807312 0.04092200845479965 0.2668994963169098
v -0.08040838688611984 0.051034435629844666 0.2600000500679016
v -0.0821245089173317 0.02217220328748226 0.2669169008731842
v -0.08093377947807312 0.04092200845479965 0.2668994963169098
v -0.0821245089173317 0.02217220328748226 0.2669169008731842
v -0.08006800711154938 0.03714726120233536 0.27441906929016113
v -0.08006800711154938 0.03714726120233536 0.27441906929016113
v -0.0821245089173317 0.02217220328748226 0.2669169008731842
v -0.08106915652751923 0.018900921568274498 0.274452269077301
v -0.08006800711154938 0.03714726120233536 0.27441906929016113
v -0.08106915652751923 0.018900921568274498 0.274452269077301
v -0.0785025805234909 0.03319524973630905 0.28180235624313354
v -0.0785025805234909 0.03319524973630905 0.28180235624313354
v -0.08106915652751923 0.018900921568274498 0.274452269077301
v -0.07931781560182571 0.015484168194234371 0.2818407714366913
v -0.0785025805234909 0.03319524973630905 0.28180235624313354
v -0.07931781560182571 0.015484168194234371 0.2818407714366913
v -0.07627654075622559 0.02910177782177925 0.2890324890613556
v -0.07627654075622559 0.02910177782177925 0.2890324890613556
v -0.07931781560182571 0.015484168194234371 0.2818407714366913
v -0.07693316042423248 0.011977104470133781 0.28905919194221497
v -0.07627654075622559 0.02910177782177925 0.2890324890613556
v -0.07693316042423248 0.011977104470133781 0.28905919194221497
v -0.07341330498456955 0.024901216849684715 0.2960968315601349
v -0.07341330498456955 0.024901216849684715 0.2960968315601349
v -0.07693316042423248 0.011977104470133781 0.28905919194221497
v -0.07396494597196579 0.00843234732747078 0.2960904836654663
v -0.07341330498456955 0.024901216849684715 0.2960968315601349
v -0.07396494597196579 0.00843234732747078 0.2960904836654663
v -0.06985270977020264 0.02061145007610321 0.3029083013534546
v -0.06985270977020264 0.02061145007610321 0.3029083013534546
v -0.07396494597196579 0.00843234732747078 0.2960904836654663
v -0.07029395550489426 0.004818107467144728 0.30286887288093567
v -0.06985270977020264 0.02061145007610321 0.3029083013534546
v -0.07029395550489426 0.004818107467144728 0.30286887288093567
v -0.0655842274427414 0.016269389539957047 0.3093870282173157
v -0.0655842274427414 0.016269389539957047 0.3093870282173157
v -0.07029395550489426 0.004818107467144728 0.30286887288093567
v -0.0658775269985199 0.0011346908286213875 0.30932265520095825
v -0.0655842274427414 0.016269389539957047 0.3093870282173157
v -0.0658775269985199 0.0011346908286213875 0.30932265520095825
v -0.06063779070973396 0.011930965818464756 0.315487802028656
v -0.06063779070973396 0.011930965818464756 0.315487802028656
v -0.0658775269985199 0.0011346908286213875 0.30932265520095825
v -0.06076095625758171 -0.002566087292507291 0.3154003620147705
v -0.06063779070973396 0.011930965818464756 0.315487802028656
v -0.06076095625758171 -0.002566087292507291 0.3154003620147705
v -0.05498528480529785 -0.006224930752068758 0.3210495412349701
v -0.02605406381189823 -0.01879577338695526 0.3381093442440033
v -0.027151504531502724 0.005087938625365496 0.3383599519729614
v -0.03407798334956169 -0.016173161566257477 0.33482643961906433
v -0.017613887786865234 -0.020841987803578377 0.3405764400959015
v -0.01833413355052471 0.0023104434367269278 0.3410118818283081
v -0.02605406381189823 -0.01879577338695526 0.3381093442440033
v -0.02605406381189823 -0.01879577338695526 0.3381093442440033
v -0.01833413355052471 0.0023104434367269278 0.3410118818283081
v -0.020514797419309616 0.0028952392749488354 0.3404591977596283
v -0.02605406381189823 -0.01879577338695526 0.3381093442440033
v -0.020514797419309616 0.0028952392749488354 0.3404591977596283
v -0.02326524630188942 0.003727912437170744 0.33966702222824097
v -0.08221255987882614 0.028810298070311546 0.260000079870224
v -0.08231636136770248 0.026985634118318558 0.260000079870224
v -0.0821245089173317 0.02217220328748226 0.2669169008731842
v -0.0821245089173317 0.02217220328748226 0.2669169008731842
v -0.08231636136770248 0.026985634118318558 0.260000079870224
v -0.08266077190637589 0.003399319015443325 0.2669382691383362
v -0.0821245089173317 0.02217220328748226 0.2669169008731842
v -0.08266077190637589 0.003399319015443325 0.2669382691383362
v -0.08106915652751923 0.018900921568274498 0.274452269077301
v -0.08106915652751923 0.018900921568274498 0.274452269077301
v -0.08266077190637589 0.003399319015443325 0.2669382691383362
v -0.08147177845239639 0.0006485722842626274 0.2744942009449005
v -0.08106915652751923 0.018900921568274498 0.274452269077301
v -0.08147177845239639 0.0006485722842626274 0.2744942009449005
v -0.07931781560182571 0.015484168194234371 0.2818407714366913
v -0.07931781560182571 0.015484168194234371 0.2818407714366913
v -0.08147177845239639 0.0006485722842626274 0.2744942009449005
v -0.07956284284591675 -0.0022205193527042866 0.2818904519081116
v -0.07931781560182571 0.015484168194234371 0.2818407714366913
v -0.07956284284591675 -0.0022205193527042866 0.2818904519081116
v -0.07693316042423248 0.011977104470133781 0.28905919194221497
v -0.07693316042423248 0.011977104470133781 0.28905919194221497
v -0.07956284284591675 -0.0022205193527042866 0.2818904519081116
v -0.07703232020139694 -0.005138702690601349 0.28909438848495483
v -0.07693316042423248 0.011977104470133781 0.28905919194221497
v -0.07703232020139694 -0.005138702690601349 0.28909438848495483
v -0.07396494597196579 0.00843234732747078 0.2960904836654663
v -0.07396494597196579 0.00843234732747078 0.2960904836654663
v -0.07703232020139694 -0.005138702690601349 0.28909438848495483
v -0.07396852225065231 -0.008040030486881733 0.2960818409919739
v -0.07396494597196579 0.00843234732747078 0.2960904836654663
v -0.07396852225065231 -0.008040030486881733 0.2960818409919739
v -0.07029395550489426 0.004818107467144728 0.30286887288093567
v -0.07029395550489426 0.004818107467144728 0.30286887288093567
v -0.07396852225065231 -0.008040030486881733 0.2960818409919739
v -0.07021129131317139 -0.0109929908066988 0.30280858278274536
v -0.07029395550489426 0.004818107467144728 0.30286887288093567
v -0.07021129131317139 -0.0109929908066988 0.30280858278274536
v -0.0658775269985199 0.0011346908286213875 0.30932265520095825
v -0.0658775269985199 0.0011346908286213875 0.30932265520095825
v -0.07021129131317139 -0.0109929908066988 0.30280858278274536
v -0.06568898260593414 -0.014025704003870487 0.30921339988708496
v -0.0658775269985199 0.0011346908286213875 0.30932265520095825
v -0.06568898260593414 -0.014025704003870487 0.30921339988708496
v -0.06076095625758171 -0.002566087292507291 0.3154003620147705
v -0.06076095625758171 -0.002566087292507291 0.3154003620147705
v -0.06568898260593414 -0.014025704003870487 0.30921339988708496
v -0.0604579821228981 -0.01709151454269886 0.31524011492729187
v -0.06076095625758171 -0.002566087292507291 0.3154003620147705
v -0.0604579821228981 -0.01709151454269886 0.31524011492729187
v -0.05498528480529785 -0.006224930752068758 0.3210495412349701
v -0.05498528480529785 -0.006224930752068758 0.3210495412349701
v -0.0604579821228981 -0.01709151454269886 0.31524011492729187
v -0.053799718618392944 -0.03408209607005119 0.3205130398273468
v -0.05498528480529785 -0.006224930752068758 0.3210495412349701
v -0.053799718618392944 -0.03408209607005119 0.3205130398273468
v -0.04858878254890442 -0.009772314690053463 0.32621487975120544
v -0.04858878254890442 -0.009772314690053463 0.32621487975120544
v -0.053799718618392944 -0.03408209607005119 0.3205130398273468
v -0.0472874753177166 -0.03645944222807884 0.3255181908607483
v -0.04858878254890442 -0.009772314690053463 0.32621487975120544
v -0.0472874753177166 -0.03645944222807884 0.3255181908607483
v -0.04160671681165695 -0.013123187236487865 0.3308321237564087
v -0.04160671681165695 -0.013123187236487865 0.3308321237564087
v -0.0472874753177166 -0.03645944222807884 0.3255181908607483
v -0.040254514664411545 -0.038719017058610916 0.3299599289894104
v -0.04160671681165695 -0.013123187236487865 0.3308321237564087
v -0.040254514664411545 -0.038719017058610916 0.3299599289894104
v -0.03407798334956169 -0.016173161566257477 0.33482643961906433
v -0.03407798334956169 -0.016173161566257477 0.33482643961906433
v -0.040254514664411545 -0.038719017058610916 0.3299599289894104
v -0.03276415541768074 -0.040785711258649826 0.33377036452293396
v -0.03407798334956169 -0.016173161566257477 0.33482643961906433
v -0.03276415541768074 -0.040785711258649826 0.33377036452293396
v -0.02605406381189823 -0.01879577338695526 0.3381093442440033
v -0.02605406381189823 -0.01879577338695526 0.3381093442440033
v -0.03276415541768074 -0.040785711258649826 0.33377036452293396
v -0.024888958781957626 -0.04256968945264816 0.3368746340274811
v -0.02605406381189823 -0.01879577338695526 0.3381093442440033
v -0.024888958781957626 -0.04256968945264816 0.3368746340274811
v -0.017613887786865234 -0.020841987803578377 0.3405764400959015
v -0.017613887786865234 -0.020841987803578377 0.3405764400959015
v -0.024888958781957626 -0.04256968945264816 0.3368746340274811
v -0.01671990379691124 -0.04396607354283333 0.33918771147727966
v -0.017613887786865234 -0.020841987803578377 0.3405764400959015
v -0.01671990379691124 -0.04396607354283333 0.33918771147727966
v -0.008889800868928432 -0.022159209474921227 0.3421213924884796
v -0.008889800868928432 -0.022159209474921227 0.3421213924884796
v -0.01671990379691124 -0.04396607354283333 0.33918771147727966
v -0.0083842184394598 -0.0448676161468029 0.3406265079975128
v -0.008889800868928432 -0.022159209474921227 0.3421213924884796
v -0.0083842184394598 -0.0448676161468029 0.3406265079975128
v -3.9356164052151144e-05 -0.053822483867406845 0.34026139974594116
v -0.007230084389448166 -0.08999998867511749 0.3346506953239441
v -0.007831667549908161 -0.06749340146780014 0.33813413977622986
v -0.016073189675807953 -0.08999998867511749 0.33325743675231934
v -0.016073189675807953 -0.08999998867511749 0.33325743675231934
v -0.007831667549908161 -0.06749340146780014 0.33813413977622986
v -0.015649601817131042 -0.06703292578458786 0.33685851097106934
v -0.016073189675807953 -0.08999998867511749 0.33325743675231934
v -0.015649601817131042 -0.06703292578458786 0.33685851097106934
v -0.021431108936667442 -0.08999998867511749 0.3318728804588318
v -0.021431108936667442 -0.08999998867511749 0.3318728804588318
v -0.015649601817131042 -0.06703292578458786 0.33685851097106934
v -0.023353133350610733 -0.06632155179977417 0.334785521030426
v -0.021431108936667442 -0.08999998867511749 0.3318728804588318
v -0.023353133350610733 -0.06632155179977417 0.334785521030426
v -0.03139948472380638 -0.08999998867511749 0.3281107544898987
v -0.03139948472380638 -0.08999998867511749 0.3281107544898987
v -0.023353133350610733 -0.06632155179977417 0.334785521030426
v -0.03083747811615467 -0.06541534513235092 0.33196762204170227
v -0.03139948472380638 -0.08999998867511749 0.3281107544898987
v -0.03083747811615467 -0.06541534513235092 0.33196762204170227
v -0.03467050939798355 -0.08999999612569809 0.32650530338287354
v -0.03467050939798355 -0.08999999612569809 0.32650530338287354
v -0.03083747811615467 -0.06541534513235092 0.33196762204170227
v -0.03801695257425308 -0.06436920166015625 0.32846304774284363
v -0.03467050939798355 -0.08999999612569809 0.32650530338287354
v -0.03801695257425308 -0.06436920166015625 0.32846304774284363
v -0.04219720885157585 -0.08999999612569809 0.32200321555137634
v -0.04219720885157585 -0.08999999612569809 0.32200321555137634
v -0.03801695257425308 -0.06436920166015625 0.32846304774284363
v -0.04481523856520653 -0.0632304772734642 0.3243257701396942
v -0.04219720885157585 -0.08999999612569809 0.32200321555137634
v -0.04481523856520653 -0.0632304772734642 0.3243257701396942
v -0.051161933690309525 -0.06203916668891907 0.31960925459861755
v -0.0771755799651146 -0.07707985490560532 0.2600000500679016
v -0.07486993819475174 -0.08999999612569809 0.26441529393196106
v -0.07811281830072403 -0.07153100520372391 0.2670016288757324
v -0.07811281830072403 -0.07153100520372391 0.2670016288757324
v -0.07486993819475174 -0.08999999612569809 0.26441529393196106
v -0.07463283836841583 -0.08999999612569809 0.2674122750759125
v -0.07811281830072403 -0.07153100520372391 0.2670016288757324
v -0.07463283836841583 -0.08999999612569809 0.2674122750759125
v -0.07693687826395035 -0.07209658622741699 0.27465853095054626
v -0.07693687826395035 -0.07209658622741699 0.27465853095054626
v -0.07463283836841583 -0.08999999612569809 0.2674122750759125
v -0.07354001700878143 -0.08999999612569809 0.2747264504432678
v -0.07693687826395035 -0.07209658622741699 0.27465853095054626
v -0.07354001700878143 -0.08999999612569809 0.2747264504432678
v -0.07475219666957855 -0.07264789193868637 0.28211623430252075
v -0.07475219666957855 -0.07264789193868637 0.28211623430252075
v -0.07354001700878143 -0.08999999612569809 0.2747264504432678
v -0.07218415290117264 -0.08999999612569809 0.2803580164909363
v -0.07475219666957855 -0.07264789193868637 0.28211623430252075
v -0.07218415290117264 -0.08999999612569809 0.2803580164909363
v -0.07184649258852005 -0.07318466156721115 0.2892705798149109
v -0.07184649258852005 -0.07318466156721115 0.2892705798149109
v -0.07218415290117264 -0.08999999612569809 0.2803580164909363
v -0.06903428584337234 -0.08999999612569809 0.28931328654289246
v -0.07184649258852005 -0.07318466156721115 0.2892705798149109
v -0.06903428584337234 -0.08999999612569809 0.28931328654289246
v -0.06851264089345932 -0.07370753586292267 0.2960343658924103
v -0.057475894689559937 -0.08999999612569809 0.3081821799278259
v -0.060101527720689774 -0.07482680678367615 0.30842381715774536
v -0.061920393258333206 -0.08999999612569809 0.30231863260269165
v -0.061920393258333206 -0.08999999612569809 0.30231863260269165
v -0.060101527720689774 -0.07482680678367615 0.30842381715774536
v -0.06463673710823059 -0.07425116747617722 0.3024221360683441
v -0.061920393258333206 -0.08999999612569809 0.30231863260269165
v -0.06463673710823059 -0.07425116747617722 0.3024221360683441
v -0.06578195840120316 -0.08999999612569809 0.2960240840911865
v -0.06578195840120316 -0.08999999612569809 0.2960240840911865
v -0.06463673710823059 -0.07425116747617722 0.3024221360683441
v -0.06851264089345932 -0.07370753586292267 0.2960343658924103
v -0.06578195840120316 -0.08999999612569809 0.2960240840911865
v -0.06851264089345932 -0.07370753586292267 0.2960343658924103
v -0.06614410877227783 -0.08999999612569809 0.2953547537326813
v -0.06614410877227783 -0.08999999612569809 0.2953547537326813
v -0.06851264089345932 -0.07370753586292267 0.2960343658924103
v -0.06903428584337234 -0.08999999612569809 0.28931328654289246
v -0.057475894689559937 -0.08999999612569809 0.3081821799278259
v -0.05734609439969063 -0.08999999612569809 0.3083365857601166
v -0.060101527720689774 -0.07482680678367615 0.30842381715774536
v -0.060101527720689774 -0.07482680678367615 0.30842381715774536
v -0.05734609439969063 -0.08999999612569809 0.3083365857601166
v -0.05703045800328255 -0.08999999612569809 0.3087086081504822
v -0.060101527720689774 -0.07482680678367615 0.30842381715774536
v -0.05703045800328255 -0.08999999612569809 0.3087086081504822
v -0.05496443808078766 -0.07542268186807632 0.31398263573646545
v -0.05496443808078766 -0.07542268186807632 0.31398263573646545
v -0.05703045800328255 -0.08999999612569809 0.3087086081504822
v -0.05017790570855141 -0.08999999612569809 0.3157421052455902
v -0.05496443808078766 -0.07542268186807632 0.31398263573646545
v -0.05017790570855141 -0.08999999612569809 0.3157421052455902
v -0.04526670277118683 -0.08999999612569809 0.3197990655899048
v -0.0819728821516037 -0.03367619588971138 0.260000079870224
v -0.08144606649875641 -0.04082059860229492 0.2600000500679016
v -0.08193667978048325 -0.0341552272439003 0.2669673562049866
v -0.08193667978048325 -0.0341552272439003 0.2669673562049866
v -0.08144606649875641 -0.04082059860229492 0.2600000500679016
v -0.08048638701438904 -0.0528905913233757 0.26697415113449097
v -0.08193667978048325 -0.0341552272439003 0.2669673562049866
v -0.08048638701438904 -0.0528905913233757 0.26697415113449097
v -0.08067529648542404 -0.03582675755023956 0.27457287907600403
v -0.08067529648542404 -0.03582675755023956 0.27457287907600403
v -0.08048638701438904 -0.0528905913233757 0.26697415113449097
v -0.0792604312300682 -0.05401270464062691 0.27460455894470215
v -0.08067529648542404 -0.03582675755023956 0.27457287907600403
v -0.0792604312300682 -0.05401270464062691 0.27460455894470215
v -0.07846752554178238 -0.03755193576216698 0.28200042247772217
v -0.07846752554178238 -0.03755193576216698 0.28200042247772217
v -0.0792604312300682 -0.05401270464062691 0.27460455894470215
v -0.07699242979288101 -0.055147651582956314 0.28205224871635437
v -0.07846752554178238 -0.03755193576216698 0.28200042247772217
v -0.07699242979288101 -0.055147651582956314 0.28205224871635437
v -0.07559505105018616 -0.039275601506233215 0.2891809940338135
v -0.07559505105018616 -0.039275601506233215 0.2891809940338135
v -0.07699242979288101 -0.055147651582956314 0.28205224871635437
v -0.07402437180280685 -0.05626874044537544 0.2892250716686249
v -0.07559505105018616 -0.039275601506233215 0.2891809940338135
v -0.07402437180280685 -0.05626874044537544 0.2892250716686249
v -0.07233434170484543 -0.0409456305205822 0.29605865478515625
v -0.07233434170484543 -0.0409456305205822 0.29605865478515625
v -0.07402437180280685 -0.05626874044537544 0.2892250716686249
v -0.07069683820009232 -0.057351354509592056 0.2960461974143982
v -0.07233434170484543 -0.0409456305205822 0.29605865478515625
v -0.07069683820009232 -0.057351354509592056 0.2960461974143982
v -0.06847792118787766 -0.042646292597055435 0.302632212638855
v -0.06847792118787766 -0.042646292597055435 0.302632212638855
v -0.07069683820009232 -0.057351354509592056 0.2960461974143982
v -0.06682194769382477 -0.05846120044589043 0.3025285303592682
v -0.06847792118787766 -0.042646292597055435 0.302632212638855
v -0.06682194769382477 -0.05846120044589043 0.3025285303592682
v -0.0638704001903534 -0.04442008584737778 0.30887070298194885
v -0.0638704001903534 -0.04442008584737778 0.30887070298194885
v -0.06682194769382477 -0.05846120044589043 0.3025285303592682
v -0.06223166361451149 -0.05962785333395004 0.3086559772491455
v -0.0638704001903534 -0.04442008584737778 0.30887070298194885
v -0.06223166361451149 -0.05962785333395004 0.3086559772491455
v -0.058577682822942734 -0.04623512551188469 0.3147132694721222
v -0.058577682822942734 -0.04623512551188469 0.3147132694721222
v -0.06223166361451149 -0.05962785333395004 0.3086559772491455
v -0.05698997154831886 -0.06082883104681969 0.31436845660209656
v -0.058577682822942734 -0.04623512551188469 0.3147132694721222
v -0.05698997154831886 -0.06082883104681969 0.31436845660209656
v -0.051161933690309525 -0.06203916668891907 0.31960925459861755
v -0.08042297512292862 -0.051909249275922775 0.2600000500679016
v -0.0801137164235115 -0.05481194332242012 0.2600000500679016
v -0.08048638701438904 -0.0528905913233757 0.26697415113449097
v -0.08048638701438904 -0.0528905913233757 0.26697415113449097
v -0.0801137164235115 -0.05481194332242012 0.2600000500679016
v -0.07811281830072403 -0.07153100520372391 0.2670016288757324
v -0.08048638701438904 -0.0528905913233757 0.26697415113449097
v -0.07811281830072403 -0.07153100520372391 0.2670016288757324
v -0.0792604312300682 -0.05401270464062691 0.27460455894470215
v -0.0792604312300682 -0.05401270464062691 0.27460455894470215
v -0.07811281830072403 -0.07153100520372391 0.2670016288757324
v -0.07693687826395035 -0.07209658622741699 0.27465853095054626
v -0.0792604312300682 -0.05401270464062691 0.27460455894470215
v -0.07693687826395035 -0.07209658622741699 0.27465853095054626
v -0.07699242979288101 -0.055147651582956314 0.28205224871635437
v -0.07699242979288101 -0.055147651582956314 0.28205224871635437
v -0.07693687826395035 -0.07209658622741699 0.27465853095054626
v -0.07475219666957855 -0.07264789193868637 0.28211623430252075
v -0.07699242979288101 -0.055147651582956314 0.28205224871635437
v -0.07475219666957855 -0.07264789193868637 0.28211623430252075
v -0.07402437180280685 -0.05626874044537544 0.2892250716686249
v -0.07402437180280685 -0.05626874044537544 0.2892250716686249
v -0.07475219666957855 -0.07264789193868637 0.28211623430252075
v -0.07184649258852005 -0.07318466156721115 0.2892705798149109
v -0.07402437180280685 -0.05626874044537544 0.2892250716686249
v -0.07184649258852005 -0.07318466156721115 0.2892705798149109
v -0.07069683820009232 -0.057351354509592056 0.2960461974143982
v -0.07069683820009232 -0.057351354509592056 0.2960461974143982
v -0.07184649258852005 -0.07318466156721115 0.2892705798149109
v -0.06851264089345932 -0.07370753586292267 0.2960343658924103
v -0.07069683820009232 -0.057351354509592056 0.2960461974143982
v -0.06851264089345932 -0.07370753586292267 0.2960343658924103
v -0.06682194769382477 -0.05846120044589043 0.3025285303592682
v -0.06682194769382477 -0.05846120044589043 0.3025285303592682
v -0.06851264089345932 -0.07370753586292267 0.2960343658924103
v -0.06463673710823059 -0.07425116747617722 0.3024221360683441
v -0.06682194769382477 -0.05846120044589043 0.3025285303592682
v -0.06463673710823059 -0.07425116747617722 0.3024221360683441
v -0.06223166361451149 -0.05962785333395004 0.3086559772491455
v -0.06223166361451149 -0.05962785333395004 0.3086559772491455
v -0.06463673710823059 -0.07425116747617722 0.3024221360683441
v -0.060101527720689774 -0.07482680678367615 0.30842381715774536
v -0.06223166361451149 -0.05962785333395004 0.3086559772491455
v -0.060101527720689774 -0.07482680678367615 0.30842381715774536
v -0.05698997154831886 -0.06082883104681969 0.31436845660209656
v -0.05698997154831886 -0.06082883104681969 0.31436845660209656
v -0.060101527720689774 -0.07482680678367615 0.30842381715774536
v -0.05496443808078766 -0.07542268186807632 0.31398263573646545
v -0.05698997154831886 -0.06082883104681969 0.31436845660209656
v -0.05496443808078766 -0.07542268186807632 0.31398263573646545
v -0.051161933690309525 -0.06203916668891907 0.31960925459861755
v -0.051161933690309525 -0.06203916668891907 0.31960925459861755
v -0.05496443808078766 -0.07542268186807632 0.31398263573646545
v -0.04526670277118683 -0.08999999612569809 0.3197990655899048
v -0.051161933690309525 -0.06203916668891907 0.31960925459861755
v -0.04526670277118683 -0.08999999612569809 0.3197990655899048
v -0.04219720885157585 -0.08999999612569809 0.32200321555137634
v -3.9356164052151144e-05 -0.053822483867406845 0.34026139974594116
v -7.305412873392925e-05 -0.022621555253863335 0.3426549732685089
v -0.008889800868928432 -0.022159209474921227 0.3421213924884796
v -0.008889800868928432 -0.022159209474921227 0.3421213924884796
v -7.305412873392925e-05 -0.022621555253863335 0.3426549732685089
v -7.871557318139821e-05 -0.017366209998726845 0.3428651690483093
v -0.013808106072247028 0.001308062463067472 0.34195220470428467
v -0.017613887786865234 -0.020841987803578377 0.3405764400959015
v -0.009349134750664234 0.0005992135847918689 0.3426121771335602
v -0.009349134750664234 0.0005992135847918689 0.3426121771335602
v -0.017613887786865234 -0.020841987803578377 0.3405764400959015
v -0.008889800868928432 -0.022159209474921227 0.3421213924884796
v -0.009349134750664234 0.0005992135847918689 0.3426121771335602
v -0.008889800868928432 -0.022159209474921227 0.3421213924884796
v -0.006997940130531788 0.0003357863752171397 0.34285634756088257
v -0.006997940130531788 0.0003357863752171397 0.34285634756088257
v -0.008889800868928432 -0.022159209474921227 0.3421213924884796
v -7.871557318139821e-05 -0.017366209998726845 0.3428651690483093
v -0.006997940130531788 0.0003357863752171397 0.34285634756088257
v -7.871557318139821e-05 -0.017366209998726845 0.3428651690483093
v -9.74054928519763e-05 4.882394222249786e-08 0.34316667914390564
v -0.027151504531502724 0.005087938625365496 0.3383599519729614
v -0.03160053491592407 0.00691414438188076 0.3365788459777832
v -0.03407798334956169 -0.016173161566257477 0.33482643961906433
v -0.03407798334956169 -0.016173161566257477 0.33482643961906433
v -0.03160053491592407 0.00691414438188076 0.3365788459777832
v -0.03369554877281189 0.007875506766140461 0.33562901616096497
v -0.03407798334956169 -0.016173161566257477 0.33482643961906433
v -0.03369554877281189 0.007875506766140461 0.33562901616096497
v -0.04160671681165695 -0.013123187236487865 0.3308321237564087
v -0.04160671681165695 -0.013123187236487865 0.3308321237564087
v -0.03369554877281189 0.007875506766140461 0.33562901616096497
v -0.040126387029886246 0.01124517247080803 0.33223068714141846
v -0.04160671681165695 -0.013123187236487865 0.3308321237564087
v -0.040126387029886246 0.01124517247080803 0.33223068714141846
v -0.04858878254890442 -0.009772314690053463 0.32621487975120544
v -0.04858878254890442 -0.009772314690053463 0.32621487975120544
v -0.040126387029886246 0.01124517247080803 0.33223068714141846
v -0.046397268772125244 0.015175648033618927 0.3281260132789612
v -0.04858878254890442 -0.009772314690053463 0.32621487975120544
v -0.046397268772125244 0.015175648033618927 0.3281260132789612
v -0.05498528480529785 -0.006224930752068758 0.3210495412349701
v -0.05498528480529785 -0.006224930752068758 0.3210495412349701
v -0.046397268772125244 0.015175648033618927 0.3281260132789612
v -0.052418988198041916 0.01961306296288967 0.32329845428466797
v -0.05498528480529785 -0.006224930752068758 0.3210495412349701
v -0.052418988198041916 0.01961306296288967 0.32329845428466797
v -0.06063779070973396 0.011930965818464756 0.315487802028656
v -0.06063779070973396 0.011930965818464756 0.315487802028656
v -0.052418988198041916 0.01961306296288967 0.32329845428466797
v -0.058087483048439026 0.024480869993567467 0.3177492916584015
v -0.06063779070973396 0.011930965818464756 0.315487802028656
v -0.058087483048439026 0.024480869993567467 0.3177492916584015
v -0.0655842274427414 0.016269389539957047 0.3093870282173157
v -0.0655842274427414 0.016269389539957047 0.3093870282173157
v -0.058087483048439026 0.024480869993567467 0.3177492916584015
v -0.06328669935464859 0.029677890241146088 0.31150662899017334
v -0.0655842274427414 0.016269389539957047 0.3093870282173157
v -0.06328669935464859 0.029677890241146088 0.31150662899017334
v -0.06985270977020264 0.02061145007610321 0.3029083013534546
v -0.06985270977020264 0.02061145007610321 0.3029083013534546
v -0.06328669935464859 0.029677890241146088 0.31150662899017334
v -0.06788871437311172 0.035070959478616714 0.30464547872543335
v -0.06985270977020264 0.02061145007610321 0.3029083013534546
v -0.06788871437311172 0.035070959478616714 0.30464547872543335
v -0.07341330498456955 0.024901216849684715 0.2960968315601349
v -0.07341330498456955 0.024901216849684715 0.2960968315601349
v -0.06788871437311172 0.035070959478616714 0.30464547872543335
v -0.07178954780101776 0.040529169142246246 0.297257661819458
v -0.07341330498456955 0.024901216849684715 0.2960968315601349
v -0.07178954780101776 0.040529169142246246 0.297257661819458
v -0.07627654075622559 0.02910177782177925 0.2890324890613556
v -0.07627654075622559 0.02910177782177925 0.2890324890613556
v -0.07178954780101776 0.040529169142246246 0.297257661819458
v -0.07488842308521271 0.0458972193300724 0.28949928283691406
v -0.07627654075622559 0.02910177782177925 0.2890324890613556
v -0.07488842308521271 0.0458972193300724 0.28949928283691406
v -0.0785025805234909 0.03319524973630905 0.28180235624313354
v -0.0785025805234909 0.03319524973630905 0.28180235624313354
v -0.07488842308521271 0.0458972193300724 0.28949928283691406
v -0.07713031768798828 0.051034968346357346 0.28154975175857544
v -0.0785025805234909 0.03319524973630905 0.28180235624313354
v -0.07713031768798828 0.051034968346357346 0.28154975175857544
v -0.08006800711154938 0.03714726120233536 0.27441906929016113
v -0.08006800711154938 0.03714726120233536 0.27441906929016113
v -0.07713031768798828 0.051034968346357346 0.28154975175857544
v -0.07853639870882034 0.05596058443188667 0.27337124943733215
v -0.08006800711154938 0.03714726120233536 0.27441906929016113
v -0.07853639870882034 0.05596058443188667 0.27337124943733215
v -0.08093377947807312 0.04092200845479965 0.2668994963169098
v -0.08093377947807312 0.04092200845479965 0.2668994963169098
v -0.07853639870882034 0.05596058443188667 0.27337124943733215
v -0.07907747477293015 0.06060229241847992 0.2650793790817261
v -0.08093377947807312 0.04092200845479965 0.2668994963169098
v -0.07907747477293015 0.06060229241847992 0.2650793790817261
v -0.07918255031108856 0.06163811683654785 0.2600000500679016
v -0.07918255031108856 0.06163811683654785 0.2600000500679016
v -0.07907747477293015 0.06060229241847992 0.2650793790817261
v -0.07897789776325226 0.06327851116657257 0.25999999046325684
v -2.4351389583898708e-05 -0.06765580922365189 0.33856862783432007
v -3.9356164052151144e-05 -0.053822483867406845 0.34026139974594116
v -0.007831667549908161 -0.06749340146780014 0.33813413977622986
v -0.007831667549908161 -0.06749340146780014 0.33813413977622986
v -3.9356164052151144e-05 -0.053822483867406845 0.34026139974594116
v -0.0083842184394598 -0.0448676161468029 0.3406265079975128
v -0.007831667549908161 -0.06749340146780014 0.33813413977622986
v -0.0083842184394598 -0.0448676161468029 0.3406265079975128
v -0.015649601817131042 -0.06703292578458786 0.33685851097106934
v -0.015649601817131042 -0.06703292578458786 0.33685851097106934
v -0.0083842184394598 -0.0448676161468029 0.3406265079975128
v -0.01671990379691124 -0.04396607354283333 0.33918771147727966
v -0.015649601817131042 -0.06703292578458786 0.33685851097106934
v -0.01671990379691124 -0.04396607354283333 0.33918771147727966
v -0.023353133350610733 -0.06632155179977417 0.334785521030426
v -0.023353133350610733 -0.06632155179977417 0.334785521030426
v -0.01671990379691124 -0.04396607354283333 0.33918771147727966
v -0.024888958781957626 -0.04256968945264816 0.3368746340274811
v -0.023353133350610733 -0.06632155179977417 0.334785521030426
v -0.024888958781957626 -0.04256968945264816 0.3368746340274811
v -0.03083747811615467 -0.06541534513235092 0.33196762204170227
v -0.03083747811615467 -0.06541534513235092 0.33196762204170227
v -0.024888958781957626 -0.04256968945264816 0.3368746340274811
v -0.03276415541768074 -0.040785711258649826 0.33377036452293396
v -0.03083747811615467 -0.06541534513235092 0.33196762204170227
v -0.03276415541768074 -0.040785711258649826 0.33377036452293396
v -0.03801695257425308 -0.06436920166015625 0.32846304774284363
v -0.03801695257425308 -0.06436920166015625 0.32846304774284363
v -0.03276415541768074 -0.040785711258649826 0.33377036452293396
v -0.040254514664411545 -0.038719017058610916 0.3299599289894104
v -0.03801695257425308 -0.06436920166015625 0.32846304774284363
v -0.040254514664411545 -0.038719017058610916 0.3299599289894104
v -0.04481523856520653 -0.0632304772734642 0.3243257701396942
v -0.04481523856520653 -0.0632304772734642 0.3243257701396942
v -0.040254514664411545 -0.038719017058610916 0.3299599289894104
v -0.0472874753177166 -0.03645944222807884 0.3255181908607483
v -0.04481523856520653 -0.0632304772734642 0.3243257701396942
v -0.0472874753177166 -0.03645944222807884 0.3255181908607483
v -0.051161933690309525 -0.06203916668891907 0.31960925459861755
v -0.051161933690309525 -0.06203916668891907 0.31960925459861755
v -0.0472874753177166 -0.03645944222807884 0.3255181908607483
v -0.053799718618392944 -0.03408209607005119 0.3205130398273468
v -0.051161933690309525 -0.06203916668891907 0.31960925459861755
v -0.053799718618392944 -0.03408209607005119 0.3205130398273468
v -0.058577682822942734 -0.04623512551188469 0.3147132694721222
v -0.058577682822942734 -0.04623512551188469 0.3147132694721222
v -0.053799718618392944 -0.03408209607005119 0.3205130398273468
v -0.059731412678956985 -0.03164920210838318 0.3150077164173126
v -0.058577682822942734 -0.04623512551188469 0.3147132694721222
v -0.059731412678956985 -0.03164920210838318 0.3150077164173126
v -0.0638704001903534 -0.04442008584737778 0.30887070298194885
v -0.0638704001903534 -0.04442008584737778 0.30887070298194885
v -0.059731412678956985 -0.03164920210838318 0.3150077164173126
v -0.06502091884613037 -0.029212631285190582 0.30905985832214355
v -0.0638704001903534 -0.04442008584737778 0.30887070298194885
v -0.06502091884613037 -0.029212631285190582 0.30905985832214355
v -0.06847792118787766 -0.042646292597055435 0.302632212638855
v -0.06847792118787766 -0.042646292597055435 0.302632212638855
v -0.06502091884613037 -0.029212631285190582 0.30905985832214355
v -0.06960652023553848 -0.026817435398697853 0.3027277886867523
v -0.06847792118787766 -0.042646292597055435 0.302632212638855
v -0.06960652023553848 -0.026817435398697853 0.3027277886867523
v -0.07233434170484543 -0.0409456305205822 0.29605865478515625
v -0.07233434170484543 -0.0409456305205822 0.29605865478515625
v -0.06960652023553848 -0.026817435398697853 0.3027277886867523
v -0.07342489808797836 -0.0245036818087101 0.2960709035396576
v -0.07233434170484543 -0.0409456305205822 0.29605865478515625
v -0.07342489808797836 -0.0245036818087101 0.2960709035396576
v -0.07559505105018616 -0.039275601506233215 0.2891809940338135
v -0.07559505105018616 -0.039275601506233215 0.2891809940338135
v -0.07342489808797836 -0.0245036818087101 0.2960709035396576
v -0.0765947550535202 -0.022227931767702103 0.28913652896881104
v -0.07559505105018616 -0.039275601506233215 0.2891809940338135
v -0.0765947550535202 -0.022227931767702103 0.28913652896881104
v -0.07846752554178238 -0.03755193576216698 0.28200042247772217
v -0.07846752554178238 -0.03755193576216698 0.28200042247772217
v -0.0765947550535202 -0.022227931767702103 0.28913652896881104
v -0.07931125909090042 -0.01990332640707493 0.2819463908672333
v -0.07846752554178238 -0.03755193576216698 0.28200042247772217
v -0.07931125909090042 -0.01990332640707493 0.2819463908672333
v -0.08067529648542404 -0.03582675755023956 0.27457287907600403
v -0.08067529648542404 -0.03582675755023956 0.27457287907600403
v -0.07931125909090042 -0.01990332640707493 0.2819463908672333
v -0.08139088749885559 -0.01759745366871357 0.27453744411468506
v -0.08067529648542404 -0.03582675755023956 0.27457287907600403
v -0.08139088749885559 -0.01759745366871357 0.27453744411468506
v -0.08193667978048325 -0.0341552272439003 0.2669673562049866
v -0.08193667978048325 -0.0341552272439003 0.2669673562049866
v -0.08139088749885559 -0.01759745366871357 0.27453744411468506
v -0.08264225721359253 -0.015381424687802792 0.26695716381073
v -0.08193667978048325 -0.0341552272439003 0.2669673562049866
v -0.08264225721359253 -0.015381424687802792 0.26695716381073
v -0.08256350457668304 -0.02310052700340748 0.260000079870224
v -0.08256350457668304 -0.02310052700340748 0.260000079870224
v -0.08264225721359253 -0.015381424687802792 0.26695716381073
v -0.08292937278747559 -0.012523017823696136 0.260000079870224
v 0.024082936346530914 0.0704839676618576 0.15675239264965057
v 0.024022068828344345 0.07180754840373993 0.16562148928642273
v 0.03201441094279289 0.06877975910902023 0.16768528521060944
v 0.023954307660460472 0.07638697326183319 0.17718954384326935
v 0.023939432576298714 0.07876341789960861 0.18047688901424408
v 0.031935010105371475 0.07609216868877411 0.18230214715003967
v 0.03191475197672844 0.08590734004974365 0.1903672069311142
v 0.03191748261451721 0.08219243586063385 0.18797536194324493
v 0.023922378197312355 0.08491569757461548 0.1861152946949005
v 0.0002830940647982061 0.07499996572732925 0.12435288727283478
v 0.0004288398486096412 0.07499954849481583 0.10484389960765839
v -0.00759518938139081 0.07453489303588867 0.10511672496795654
v -0.015776537358760834 0.07279504835605621 0.12575200200080872
v -0.015922965481877327 0.07272035628557205 0.14531125128269196
v -0.007887694984674454 0.07442402094602585 0.14420944452285767
v -0.015922965481877327 0.07272035628557205 0.14531125128269196
v -0.015776537358760834 0.07279504835605621 0.12575200200080872
v -0.023967623710632324 0.06998208910226822 0.14710526168346405
v -0.06299983710050583 0.04837352782487869 0.18831393122673035
v -0.0629999041557312 0.04968638718128204 0.19050520658493042
v -0.056394170969724655 0.05580061301589012 0.18570517003536224
v -0.02269115298986435 0.08927444368600845 0.18832534551620483
v -0.01980210468173027 0.08945388346910477 0.18751928210258484
v -0.02420094609260559 0.08844199031591415 0.18840503692626953
v 0.06300000101327896 0.052954189479351044 0.19518081843852997
v 0.06300001591444016 0.049652013927698135 0.19038569927215576
v 0.05588996410369873 0.056544478982686996 0.1857401728630066
v 0.06300001591444016 0.048033326864242554 0.18763446807861328
v 0.06300000101327896 0.045795101672410965 0.18321171402931213
v 0.05592922493815422 0.052839495241642 0.1784643679857254
v 0.06300000101327896 0.044215310364961624 0.17947623133659363
v 0.06300000846385956 0.04280133917927742 0.17545948922634125
v 0.0559772364795208 0.05009952932596207 0.17054292559623718
v 0.06300000101327896 0.039653848856687546 0.1260097473859787
v 0.05631843954324722 0.047545675188302994 0.12347842752933502
v 0.05616924539208412 0.047165874391794205 0.14324180781841278
v 0.0604369156062603 0.043447770178318024 0.1067299097776413
v 0.06299992650747299 0.03998904675245285 0.10905569791793823
v 0.06299996376037598 0.04069405421614647 0.08999998867511749
v 0.05609803646802902 0.04734952375292778 0.15287357568740845
v 0.06300000101327896 0.039400484412908554 0.153028205037117
v 0.05616924539208412 0.047165874391794205 0.14324180781841278
v 0.05616924539208412 0.047165874391794205 0.14324180781841278
v 0.06300000101327896 0.039400484412908554 0.153028205037117
v 0.06300000101327896 0.03943655639886856 0.144021674990654
v 0.05616924539208412 0.047165874391794205 0.14324180781841278
v 0.06300000101327896 0.03943655639886856 0.144021674990654
v 0.06300000101327896 0.039653848856687546 0.1260097473859787
v 0.06300002336502075 0.041518434882164 0.17088191211223602
v 0.06300002336502075 0.04070442542433739 0.16710753738880157
v 0.05603359267115593 0.04827875643968582 0.16200649738311768
v 0.05603359267115593 0.04827875643968582 0.16200649738311768
v 0.06300002336502075 0.04070442542433739 0.16710753738880157
v 0.06300000101327896 0.03992921859025955 0.16201578080654144
v 0.05603359267115593 0.04827875643968582 0.16200649738311768
v 0.06300000101327896 0.03992921859025955 0.16201578080654144
v 0.05609803646802902 0.04734952375292778 0.15287357568740845
v 0.05609803646802902 0.04734952375292778 0.15287357568740845
v 0.06300000101327896 0.03992921859025955 0.16201578080654144
v 0.06299997121095657 0.03957384079694748 0.15810814499855042
v 0.05609803646802902 0.04734952375292778 0.15287357568740845
v 0.06299997121095657 0.03957384079694748 0.15810814499855042
v 0.06300000101327896 0.039400484412908554 0.153028205037117
v 0.05583096295595169 0.07413756102323532 0.20323330163955688
v 0.055833641439676285 0.08246465027332306 0.20741665363311768
v 0.06300020962953568 0.06576147675514221 0.20776163041591644
v 0.06300020962953568 0.06576147675514221 0.20776163041591644
v 0.055833641439676285 0.08246465027332306 0.20741665363311768
v 0.0630001574754715 0.0733766257762909 0.2125585824251175
v 0.047872256487607956 0.08087227493524551 0.19868935644626617
v 0.0478922463953495 0.08610113710165024 0.20115086436271667
v 0.05229935050010681 0.08509846776723862 0.20476259291172028
v 0.0478782095015049 0.07349640876054764 0.19386959075927734
v 0.047872256487607956 0.08087227493524551 0.19868935644626617
v 0.05583096295595169 0.07413756102323532 0.20323330163955688
v 0.05583096295595169 0.07413756102323532 0.20323330163955688
v 0.047872256487607956 0.08087227493524551 0.19868935644626617
v 0.05229935050010681 0.08509846776723862 0.20476259291172028
v 0.05583096295595169 0.07413756102323532 0.20323330163955688
v 0.05229935050010681 0.08509846776723862 0.20476259291172028
v 0.055833641439676285 0.08246465027332306 0.20741665363311768
v 0.055833641439676285 0.08246465027332306 0.20741665363311768
v 0.05229935050010681 0.08509846776723862 0.20476259291172028
v 0.059677328914403915 0.08288166671991348 0.21219144761562347
v 0.055833641439676285 0.08246465027332306 0.20741665363311768
v 0.059677328914403915 0.08288166671991348 0.21219144761562347
v 0.0630001574754715 0.0733766257762909 0.2125585824251175
v 0.0630001574754715 0.0733766257762909 0.2125585824251175
v 0.059677328914403915 0.08288166671991348 0.21219144761562347
v 0.06153719872236252 0.0821785256266594 0.2144111841917038
v 0.0630001574754715 0.0733766257762909 0.2125585824251175
v 0.06153719872236252 0.0821785256266594 0.2144111841917038
v 0.06299995630979538 0.08157185465097427 0.2162797749042511
v 0.03989986702799797 0.08609917014837265 0.19515421986579895
v 0.03990638628602028 0.08749627321958542 0.1958070546388626
v 0.04086805880069733 0.08735215663909912 0.1963781863451004
v 0.03989986702799797 0.08609917014837265 0.19515421986579895
v 0.04086805880069733 0.08735215663909912 0.1963781863451004
v 0.047872256487607956 0.08087227493524551 0.19868935644626617
v 0.047872256487607956 0.08087227493524551 0.19868935644626617
v 0.04086805880069733 0.08735215663909912 0.1963781863451004
v 0.04665910080075264 0.08634873479604721 0.20023109018802643
v 0.047872256487607956 0.08087227493524551 0.19868935644626617
v 0.04665910080075264 0.08634873479604721 0.20023109018802643
v 0.0478922463953495 0.08610113710165024 0.20115086436271667
v 0.03193500638008118 0.08848916739225388 0.19173455238342285
v 0.035786326974630356 0.08805154263973236 0.19356036186218262
v 0.039899762719869614 0.08207166939973831 0.19297152757644653
v 0.03191475197672844 0.08590734004974365 0.1903672069311142
v 0.02805003896355629 0.08886127918958664 0.19014154374599457
v 0.031144559383392334 0.088570237159729 0.191390722990036
v 0.023935506120324135 0.0891881212592125 0.18870924413204193
v 0.023920394480228424 0.08871307969093323 0.18845194578170776
v 0.022692520171403885 0.0892743468284607 0.18832574784755707
v 0.022692520171403885 0.0892743468284607 0.18832574784755707
v 0.023920394480228424 0.08871307969093323 0.18845194578170776
v 0.02046138234436512 0.08941544592380524 0.18769285082817078
v 0.004943045321851969 0.0899672657251358 0.18515481054782867
v 0.014283725991845131 0.08972083777189255 0.18630041182041168
v 0.01591929979622364 0.08676028996706009 0.18484312295913696
v 0.01591929979622364 0.08676028996706009 0.18484312295913696
v 0.014283725991845131 0.08972083777189255 0.18630041182041168
v 0.015925981104373932 0.08965130150318146 0.18661995232105255
v 0.01591929979622364 0.08676028996706009 0.18484312295913696
v 0.015925981104373932 0.08965130150318146 0.18661995232105255
v 0.023922378197312355 0.08491569757461548 0.1861152946949005
v 0.01591929979622364 0.08676028996706009 0.18484312295913696
v 0.00790910329669714 0.08782020211219788 0.18409591913223267
v 0.004943045321851969 0.0899672657251358 0.18515481054782867
v 0.004943045321851969 0.0899672657251358 0.18515481054782867
v 0.00790910329669714 0.08782020211219788 0.18409591913223267
v -0.0001077375200111419 0.08814778178930283 0.18383871018886566
v 0.004943045321851969 0.0899672657251358 0.18515481054782867
v -0.0001077375200111419 0.08814778178930283 0.18383871018886566
v 7.294182751138578e-07 0.0899999812245369 0.18500001728534698
v -0.016161292791366577 0.08661255985498428 0.1847897619009018
v -0.01577119715511799 0.08965820074081421 0.18658830225467682
v -0.008131162263453007 0.08774973452091217 0.18406696617603302
v -0.008131162263453007 0.08774973452091217 0.18406696617603302
v -0.01577119715511799 0.08965820074081421 0.18658830225467682
v -0.004941585939377546 0.089967280626297 0.1851547211408615
v -0.008131162263453007 0.08774973452091217 0.18406696617603302
v -0.004941585939377546 0.089967280626297 0.1851547211408615
v -0.0001077375200111419 0.08814778178930283 0.18383871018886566
v -0.0001077375200111419 0.08814778178930283 0.18383871018886566
v -0.004941585939377546 0.089967280626297 0.1851547211408615
v -0.002263094764202833 0.08999316394329071 0.1850324422121048
v -0.0001077375200111419 0.08814778178930283 0.18383871018886566
v -0.002263094764202833 0.08999316394329071 0.1850324422121048
v 7.294182751138578e-07 0.0899999812245369 0.18500001728534698
v -0.0349695086479187 0.08815053850412369 0.19315174221992493
v -0.03226316347718239 0.08845467865467072 0.19188031554222107
v -0.032247256487607956 0.08552174270153046 0.19032078981399536
v -0.032247256487607956 0.08552174270153046 0.19032078981399536
v -0.03226316347718239 0.08845467865467072 0.19188031554222107
v -0.029507610946893692 0.08872929960489273 0.19071096181869507
v -0.032247256487607956 0.08552174270153046 0.19032078981399536
v -0.029507610946893692 0.08872929960489273 0.19071096181869507
v -0.02420094609260559 0.08844199031591415 0.18840503692626953
v -0.02420094609260559 0.08844199031591415 0.18840503692626953
v -0.029507610946893692 0.08872929960489273 0.19071096181869507
v -0.024219054728746414 0.08916766941547394 0.18879985809326172
v -0.02420094609260559 0.08844199031591415 0.18840503692626953
v -0.024219054728746414 0.08916766941547394 0.18879985809326172
v -0.02269115298986435 0.08927444368600845 0.18832534551620483
v -0.05350761115550995 0.08478705585002899 0.20584990084171295
v -0.04838576540350914 0.08599827438592911 0.20152954757213593
v -0.04837252199649811 0.08009862899780273 0.19875037670135498
v -0.04837252199649811 0.08009862899780273 0.19875037670135498
v -0.04838576540350914 0.08599827438592911 0.20152954757213593
v -0.046657975763082504 0.08634893596172333 0.20023028552532196
v -0.04837252199649811 0.08009862899780273 0.19875037670135498
v -0.046657975763082504 0.08634893596172333 0.20023028552532196
v -0.042218293994665146 0.08713967353105545 0.19721171259880066
v -0.059676412492990494 0.08288196474313736 0.21219046413898468
v -0.05645954981446266 0.08394747227430344 0.20870709419250488
v -0.05645415931940079 0.08131688088178635 0.20765189826488495
v -0.05645415931940079 0.08131688088178635 0.20765189826488495
v -0.05645954981446266 0.08394747227430344 0.20870709419250488
v -0.05350761115550995 0.08478705585002899 0.20584990084171295
v -0.05645415931940079 0.08131688088178635 0.20765189826488495
v -0.05350761115550995 0.08478705585002899 0.20584990084171295
v -0.05645586550235748 0.07309672981500626 0.2033970057964325
v -0.05645586550235748 0.07309672981500626 0.2033970057964325
v -0.05350761115550995 0.08478705585002899 0.20584990084171295
v -0.04837252199649811 0.08009862899780273 0.19875037670135498
v -0.05645586550235748 0.07309672981500626 0.2033970057964325
v -0.04837252199649811 0.08009862899780273 0.19875037670135498
v -0.048365864902734756 0.07280056923627853 0.19387856125831604
v -0.06299978494644165 0.06479951739311218 0.20706072449684143
v -0.06299977749586105 0.06611604988574982 0.20803633332252502
v -0.05645586550235748 0.07309672981500626 0.2033970057964325
v -0.05645586550235748 0.07309672981500626 0.2033970057964325
v -0.06299977749586105 0.06611604988574982 0.20803633332252502
v -0.06299981474876404 0.06936471164226532 0.21023163199424744
v -0.06299981474876404 0.06936471164226532 0.21023163199424744
v -0.06299982219934464 0.06983556598424911 0.2105264812707901
v -0.05645586550235748 0.07309672981500626 0.2033970057964325
v -0.05645586550235748 0.07309672981500626 0.2033970057964325
v -0.06299982219934464 0.06983556598424911 0.2105264812707901
v -0.06299985200166702 0.07103771716356277 0.2112540751695633
v -0.05645586550235748 0.07309672981500626 0.2033970057964325
v -0.06299985200166702 0.07103771716356277 0.2112540751695633
v -0.05645415931940079 0.08131688088178635 0.20765189826488495
v -0.05645415931940079 0.08131688088178635 0.20765189826488495
v -0.06299985200166702 0.07103771716356277 0.2112540751695633
v -0.0629999041557312 0.07367809861898422 0.21273119747638702
v -0.05645415931940079 0.08131688088178635 0.20765189826488495
v -0.0629999041557312 0.07367809861898422 0.21273119747638702
v -0.059676412492990494 0.08288196474313736 0.21219046413898468
v -0.059676412492990494 0.08288196474313736 0.21219046413898468
v -0.0629999041557312 0.07367809861898422 0.21273119747638702
v -0.06299998611211777 0.07789663225412369 0.21477802097797394
v -0.059676412492990494 0.08288196474313736 0.21219046413898468
v -0.06299998611211777 0.07789663225412369 0.21477802097797394
v -0.0629999190568924 0.08157185465097427 0.21627987921237946
v -0.05644574016332626 0.06618097424507141 0.19826939702033997
v -0.06299987435340881 0.05919400602579117 0.20224690437316895
v -0.06299978494644165 0.06479951739311218 0.20706072449684143
v -0.056181877851486206 0.047070834785699844 0.1525273472070694
v -0.06300076842308044 0.03946941718459129 0.15758159756660461
v -0.06300003826618195 0.03985052928328514 0.16193515062332153
v -0.06299999356269836 0.03944158926606178 0.13691186904907227
v -0.06300002336502075 0.039374254643917084 0.14334328472614288
v -0.05610905587673187 0.04706525430083275 0.14277644455432892
v -0.05610905587673187 0.04706525430083275 0.14277644455432892
v -0.06300002336502075 0.039374254643917084 0.14334328472614288
v -0.06300017237663269 0.039346542209386826 0.14681096374988556
v -0.06300017237663269 0.039346542209386826 0.14681096374988556
v -0.06300080567598343 0.039327699691057205 0.15293821692466736
v -0.05610905587673187 0.04706525430083275 0.14277644455432892
v -0.05610905587673187 0.04706525430083275 0.14277644455432892
v -0.06300080567598343 0.039327699691057205 0.15293821692466736
v -0.0630008801817894 0.03933359682559967 0.15368300676345825
v -0.05610905587673187 0.04706525430083275 0.14277644455432892
v -0.0630008801817894 0.03933359682559967 0.15368300676345825
v -0.06300076842308044 0.03946941718459129 0.15758159756660461
v -0.06300000846385956 0.03962329402565956 0.12410899996757507
v -0.06299999356269836 0.039509452879428864 0.13159756362438202
v -0.055956583470106125 0.04780634120106697 0.12277133762836456
v -0.06300017237663269 0.040146276354789734 0.10250833630561829
v -0.0630001649260521 0.04007097706198692 0.10478992760181427
v -0.05985387787222862 0.04415401443839073 0.10568666458129883
v -0.05985387787222862 0.04415401443839073 0.10568666458129883
v -0.0630001649260521 0.04007097706198692 0.10478992760181427
v -0.06300006806850433 0.03978239744901657 0.11576999723911285
v -0.05985387787222862 0.04415401443839073 0.10568666458129883
v -0.06300006806850433 0.03978239744901657 0.11576999723911285
v -0.055956583470106125 0.04780634120106697 0.12277133762836456
v -0.055956583470106125 0.04780634120106697 0.12277133762836456
v -0.06300006806850433 0.03978239744901657 0.11576999723911285
v -0.06300006061792374 0.039763111621141434 0.11667120456695557
v -0.055956583470106125 0.04780634120106697 0.12277133762836456
v -0.06300006061792374 0.039763111621141434 0.11667120456695557
v -0.06300000846385956 0.03962329402565956 0.12410899996757507
v -0.05579964444041252 0.04903922230005264 0.10243719816207886
v -0.05175045132637024 0.05336955189704895 0.0995589941740036
v -0.057924892753362656 0.04764135181903839 0.09000000357627869
v -0.057924892753362656 0.04764135181903839 0.09000000357627869
v -0.05175045132637024 0.05336955189704895 0.0995589941740036
v -0.052210066467523575 0.05384373292326927 0.09000000357627869
v -0.047705937176942825 0.057183556258678436 0.09702622890472412
v -0.04602339491248131 0.059219736605882645 0.09000000357627869
v -0.052210066467523575 0.05384373292326927 0.09000000357627869
v -0.047705937176942825 0.057183556258678436 0.09702622890472412
v -0.04366575554013252 0.060520242899656296 0.09481282532215118
v -0.04602339491248131 0.059219736605882645 0.09000000357627869
v -0.04602339491248131 0.059219736605882645 0.09000000357627869
v -0.04366575554013252 0.060520242899656296 0.09481282532215118
v -0.039629556238651276 0.0634181872010231 0.09289295971393585
v -0.04602339491248131 0.059219736605882645 0.09000000357627869
v -0.039629556238651276 0.0634181872010231 0.09289295971393585
v -0.039299339056015015 0.06388013064861298 0.09000000357627869
v -0.03978857398033142 0.06195589154958725 0.11338059604167938
v -0.031724292784929276 0.0668567344546318 0.11013969779014587
v -0.0321042500436306 0.06778259575366974 0.09000000357627869
v -0.0321042500436306 0.06778259575366974 0.09000000357627869
v -0.031724292784929276 0.0668567344546318 0.11013969779014587
v -0.023671237751841545 0.07052077353000641 0.10772630572319031
v -0.0321042500436306 0.06778259575366974 0.09000000357627869
v -0.023671237751841545 0.07052077353000641 0.10772630572319031
v -0.024543993175029755 0.07087210565805435 0.09000000357627869
v -0.024543993175029755 0.07087210565805435 0.09000000357627869
v -0.023671237751841545 0.07052077353000641 0.10772630572319031
v -0.015628429129719734 0.07305505126714706 0.10606877505779266
v -0.024543993175029755 0.07087210565805435 0.09000000357627869
v -0.015628429129719734 0.07305505126714706 0.10606877505779266
v -0.016681762412190437 0.073121577501297 0.09000000357627869
v -0.016681762412190437 0.073121577501297 0.09000000357627869
v -0.015628429129719734 0.07305505126714706 0.10606877505779266
v -0.00759518938139081 0.07453489303588867 0.10511672496795654
v -0.016681762412190437 0.073121577501297 0.09000000357627869
v -0.00759518938139081 0.07453489303588867 0.10511672496795654
v -0.008641847409307957 0.07450273633003235 0.09000000357627869
v -0.008641847409307957 0.07450273633003235 0.09000000357627869
v -0.00759518938139081 0.07453489303588867 0.10511672496795654
v 0.0004288398486096412 0.07499954849481583 0.10484389960765839
v -0.008641847409307957 0.07450273633003235 0.09000000357627869
v 0.0004288398486096412 0.07499954849481583 0.10484389960765839
v -0.0004853628925047815 0.07499845325946808 0.09000000357627869
v 0.02444585971534252 0.07032421976327896 0.10808609426021576
v 0.023675434291362762 0.07116678357124329 0.09000000357627869
v 0.015768012031912804 0.07332427054643631 0.09000000357627869
v 0.0324319452047348 0.06660685688257217 0.11061127483844757
v 0.032585978507995605 0.06751998513936996 0.09049107134342194
v 0.031277481466531754 0.06816843897104263 0.09000000357627869
v 0.052500639110803604 0.05265487730503082 0.10053178668022156
v 0.051517389714717865 0.054507091641426086 0.09000000357627869
v 0.04529038444161415 0.05978573113679886 0.09000000357627869
v 0.06299996376037598 0.04069405421614647 0.08999998867511749
v 0.061866335570812225 0.04239218309521675 0.09000000357627869
v 0.0604369156062603 0.043447770178318024 0.1067299097776413
v 0.0604369156062603 0.043447770178318024 0.1067299097776413
v 0.061866335570812225 0.04239218309521675 0.09000000357627869
v 0.05714067071676254 0.048579275608062744 0.09000000357627869
v 0.0604369156062603 0.043447770178318024 0.1067299097776413
v 0.05714067071676254 0.048579275608062744 0.09000000357627869
v 0.05647122859954834 0.048321615904569626 0.1034500002861023
v 0.05647122859954834 0.048321615904569626 0.1034500002861023
v 0.05714067071676254 0.048579275608062744 0.09000000357627869
v 0.051517389714717865 0.054507091641426086 0.09000000357627869
v -0.023967623710632324 0.06998208910226822 0.14710526168346405
v -0.03195059671998024 0.06601041555404663 0.1399698406457901
v -0.03202154487371445 0.0662229135632515 0.14958231151103973
v -0.03202154487371445 0.0662229135632515 0.14958231151103973
v -0.03195059671998024 0.06601041555404663 0.1399698406457901
v -0.04001600667834282 0.06098528206348419 0.14329390227794647
v -0.03202154487371445 0.0662229135632515 0.14958231151103973
v -0.04001600667834282 0.06098528206348419 0.14329390227794647
v -0.040085483342409134 0.06135956943035126 0.1527981013059616
v -0.040085483342409134 0.06135956943035126 0.1527981013059616
v -0.04001600667834282 0.06098528206348419 0.14329390227794647
v -0.048092663288116455 0.05472015216946602 0.14744757115840912
v -0.040085483342409134 0.06135956943035126 0.1527981013059616
v -0.048092663288116455 0.05472015216946602 0.14744757115840912
v -0.04816048964858055 0.055276427417993546 0.15683002769947052
v -0.04816048964858055 0.055276427417993546 0.15683002769947052
v -0.048092663288116455 0.05472015216946602 0.14744757115840912
v -0.056181877851486206 0.047070834785699844 0.1525273472070694
v -0.04816048964858055 0.055276427417993546 0.15683002769947052
v -0.056181877851486206 0.047070834785699844 0.1525273472070694
v -0.056247711181640625 0.047847237437963486 0.1617625206708908
v -0.056247711181640625 0.047847237437963486 0.1617625206708908
v -0.056181877851486206 0.047070834785699844 0.1525273472070694
v -0.06300003826618195 0.03985052928328514 0.16193515062332153
v -0.056247711181640625 0.047847237437963486 0.1617625206708908
v -0.06300003826618195 0.03985052928328514 0.16193515062332153
v -0.06299988925457001 0.041099242866039276 0.16935329139232635
v -0.06299997121095657 0.040693897753953934 0.08999998867511749
v -0.06300017237663269 0.040146276354789734 0.10250833630561829
v -0.057924892753362656 0.04764135181903839 0.09000000357627869
v -0.057924892753362656 0.04764135181903839 0.09000000357627869
v -0.06300017237663269 0.040146276354789734 0.10250833630561829
v -0.05985387787222862 0.04415401443839073 0.10568666458129883
v -0.057924892753362656 0.04764135181903839 0.09000000357627869
v -0.05985387787222862 0.04415401443839073 0.10568666458129883
v -0.05579964444041252 0.04903922230005264 0.10243719816207886
v -0.05579964444041252 0.04903922230005264 0.10243719816207886
v -0.05985387787222862 0.04415401443839073 0.10568666458129883
v -0.055956583470106125 0.04780634120106697 0.12277133762836456
v -0.05579964444041252 0.04903922230005264 0.10243719816207886
v -0.055956583470106125 0.04780634120106697 0.12277133762836456
v -0.05175045132637024 0.05336955189704895 0.0995589941740036
v -0.05175045132637024 0.05336955189704895 0.0995589941740036
v -0.055956583470106125 0.04780634120106697 0.12277133762836456
v -0.04786544293165207 0.05566755309700966 0.11754979193210602
v -0.052210066467523575 0.05384373292326927 0.09000000357627869
v -0.05175045132637024 0.05336955189704895 0.0995589941740036
v -0.047705937176942825 0.057183556258678436 0.09702622890472412
v -0.047705937176942825 0.057183556258678436 0.09702622890472412
v -0.05175045132637024 0.05336955189704895 0.0995589941740036
v -0.04786544293165207 0.05566755309700966 0.11754979193210602
v -0.047705937176942825 0.057183556258678436 0.09702622890472412
v -0.04786544293165207 0.05566755309700966 0.11754979193210602
v -0.04366575554013252 0.060520242899656296 0.09481282532215118
v -0.04366575554013252 0.060520242899656296 0.09481282532215118
v -0.04786544293165207 0.05566755309700966 0.11754979193210602
v -0.03978857398033142 0.06195589154958725 0.11338059604167938
v -0.04366575554013252 0.060520242899656296 0.09481282532215118
v -0.03978857398033142 0.06195589154958725 0.11338059604167938
v -0.039629556238651276 0.0634181872010231 0.09289295971393585
v -0.039629556238651276 0.0634181872010231 0.09289295971393585
v -0.03978857398033142 0.06195589154958725 0.11338059604167938
v -0.0321042500436306 0.06778259575366974 0.09000000357627869
v -0.039629556238651276 0.0634181872010231 0.09289295971393585
v -0.0321042500436306 0.06778259575366974 0.09000000357627869
v -0.039299339056015015 0.06388013064861298 0.09000000357627869
v -0.06299999356269836 0.039509452879428864 0.13159756362438202
v -0.06299999356269836 0.03944158926606178 0.13691186904907227
v -0.055956583470106125 0.04780634120106697 0.12277133762836456
v -0.055956583470106125 0.04780634120106697 0.12277133762836456
v -0.06299999356269836 0.03944158926606178 0.13691186904907227
v -0.05610905587673187 0.04706525430083275 0.14277644455432892
v -0.055956583470106125 0.04780634120106697 0.12277133762836456
v -0.05610905587673187 0.04706525430083275 0.14277644455432892
v -0.04786544293165207 0.05566755309700966 0.11754979193210602
v -0.04786544293165207 0.05566755309700966 0.11754979193210602
v -0.05610905587673187 0.04706525430083275 0.14277644455432892
v -0.0480194017291069 0.05476275458931923 0.13766443729400635
v -0.04786544293165207 0.05566755309700966 0.11754979193210602
v -0.0480194017291069 0.05476275458931923 0.13766443729400635
v -0.03978857398033142 0.06195589154958725 0.11338059604167938
v -0.03978857398033142 0.06195589154958725 0.11338059604167938
v -0.0480194017291069 0.05476275458931923 0.13766443729400635
v -0.039942286908626556 0.061078235507011414 0.13347706198692322
v -0.03978857398033142 0.06195589154958725 0.11338059604167938
v -0.039942286908626556 0.061078235507011414 0.13347706198692322
v -0.031724292784929276 0.0668567344546318 0.11013969779014587
v -0.031724292784929276 0.0668567344546318 0.11013969779014587
v -0.039942286908626556 0.061078235507011414 0.13347706198692322
v -0.03187663480639458 0.06613046675920486 0.13013488054275513
v -0.031724292784929276 0.0668567344546318 0.11013969779014587
v -0.03187663480639458 0.06613046675920486 0.13013488054275513
v -0.023671237751841545 0.07052077353000641 0.10772630572319031
v -0.023671237751841545 0.07052077353000641 0.10772630572319031
v -0.03187663480639458 0.06613046675920486 0.13013488054275513
v -0.02382153645157814 0.07001929730176926 0.12757109105587006
v -0.023671237751841545 0.07052077353000641 0.10772630572319031
v -0.02382153645157814 0.07001929730176926 0.12757109105587006
v -0.015628429129719734 0.07305505126714706 0.10606877505779266
v -0.06300076842308044 0.03946941718459129 0.15758159756660461
v -0.056181877851486206 0.047070834785699844 0.1525273472070694
v -0.05610905587673187 0.04706525430083275 0.14277644455432892
v -0.05610905587673187 0.04706525430083275 0.14277644455432892
v -0.056181877851486206 0.047070834785699844 0.1525273472070694
v -0.048092663288116455 0.05472015216946602 0.14744757115840912
v -0.05610905587673187 0.04706525430083275 0.14277644455432892
v -0.048092663288116455 0.05472015216946602 0.14744757115840912
v -0.0480194017291069 0.05476275458931923 0.13766443729400635
v -0.0480194017291069 0.05476275458931923 0.13766443729400635
v -0.048092663288116455 0.05472015216946602 0.14744757115840912
v -0.04001600667834282 0.06098528206348419 0.14329390227794647
v -0.0480194017291069 0.05476275458931923 0.13766443729400635
v -0.04001600667834282 0.06098528206348419 0.14329390227794647
v -0.039942286908626556 0.061078235507011414 0.13347706198692322
v -0.039942286908626556 0.061078235507011414 0.13347706198692322
v -0.04001600667834282 0.06098528206348419 0.14329390227794647
v -0.03195059671998024 0.06601041555404663 0.1399698406457901
v -0.039942286908626556 0.061078235507011414 0.13347706198692322
v -0.03195059671998024 0.06601041555404663 0.1399698406457901
v -0.03187663480639458 0.06613046675920486 0.13013488054275513
v -0.03187663480639458 0.06613046675920486 0.13013488054275513
v -0.03195059671998024 0.06601041555404663 0.1399698406457901
v -0.023967623710632324 0.06998208910226822 0.14710526168346405
v -0.03187663480639458 0.06613046675920486 0.13013488054275513
v -0.023967623710632324 0.06998208910226822 0.14710526168346405
v -0.02382153645157814 0.07001929730176926 0.12757109105587006
v -0.02382153645157814 0.07001929730176926 0.12757109105587006
v -0.023967623710632324 0.06998208910226822 0.14710526168346405
v -0.015776537358760834 0.07279504835605621 0.12575200200080872
v -0.02382153645157814 0.07001929730176926 0.12757109105587006
v -0.015776537358760834 0.07279504835605621 0.12575200200080872
v -0.015628429129719734 0.07305505126714706 0.10606877505779266
v -0.015628429129719734 0.07305505126714706 0.10606877505779266
v -0.015776537358760834 0.07279504835605621 0.12575200200080872
v -0.007887694984674454 0.07442402094602585 0.14420944452285767
v -0.015628429129719734 0.07305505126714706 0.10606877505779266
v -0.007887694984674454 0.07442402094602585 0.14420944452285767
v -0.00759518938139081 0.07453489303588867 0.10511672496795654
v -0.00759518938139081 0.07453489303588867 0.10511672496795654
v -0.007887694984674454 0.07442402094602585 0.14420944452285767
v 0.00013734353706240654 0.0749998688697815 0.14386223256587982
v -0.00759518938139081 0.07453489303588867 0.10511672496795654
v 0.00013734353706240654 0.0749998688697815 0.14386223256587982
v 0.0002830940647982061 0.07499996572732925 0.12435288727283478
v 0.024296730756759644 0.06995179504156113 0.12784454226493835
v 0.0324319452047348 0.06660685688257217 0.11061127483844757
v 0.02444585971534252 0.07032421976327896 0.10808609426021576
v 0.02444585971534252 0.07032421976327896 0.10808609426021576
v 0.0324319452047348 0.06660685688257217 0.11061127483844757
v 0.031277481466531754 0.06816843897104263 0.09000000357627869
v 0.02444585971534252 0.07032421976327896 0.10808609426021576
v 0.031277481466531754 0.06816843897104263 0.09000000357627869
v 0.023675434291362762 0.07116678357124329 0.09000000357627869
v 0.051517389714717865 0.054507091641426086 0.09000000357627869
v 0.052500639110803604 0.05265487730503082 0.10053178668022156
v 0.05647122859954834 0.048321615904569626 0.1034500002861023
v 0.05647122859954834 0.048321615904569626 0.1034500002861023
v 0.052500639110803604 0.05265487730503082 0.10053178668022156
v 0.05631843954324722 0.047545675188302994 0.12347842752933502
v 0.05647122859954834 0.048321615904569626 0.1034500002861023
v 0.05631843954324722 0.047545675188302994 0.12347842752933502
v 0.0604369156062603 0.043447770178318024 0.1067299097776413
v 0.0604369156062603 0.043447770178318024 0.1067299097776413
v 0.05631843954324722 0.047545675188302994 0.12347842752933502
v 0.06300000101327896 0.039653848856687546 0.1260097473859787
v 0.0604369156062603 0.043447770178318024 0.1067299097776413
v 0.06300000101327896 0.039653848856687546 0.1260097473859787
v 0.06299992650747299 0.03998904675245285 0.10905569791793823
v 0.06300000846385956 0.04280133917927742 0.17545948922634125
v 0.06300002336502075 0.041518434882164 0.17088191211223602
v 0.0559772364795208 0.05009952932596207 0.17054292559623718
v 0.0559772364795208 0.05009952932596207 0.17054292559623718
v 0.06300002336502075 0.041518434882164 0.17088191211223602
v 0.05603359267115593 0.04827875643968582 0.16200649738311768
v 0.0559772364795208 0.05009952932596207 0.17054292559623718
v 0.05603359267115593 0.04827875643968582 0.16200649738311768
v 0.04807991907000542 0.05556836724281311 0.15709128975868225
v 0.04807991907000542 0.05556836724281311 0.15709128975868225
v 0.05603359267115593 0.04827875643968582 0.16200649738311768
v 0.05609803646802902 0.04734952375292778 0.15287357568740845
v 0.04807991907000542 0.05556836724281311 0.15709128975868225
v 0.05609803646802902 0.04734952375292778 0.15287357568740845
v 0.04814666882157326 0.05489330738782883 0.14778830111026764
v 0.04814666882157326 0.05489330738782883 0.14778830111026764
v 0.05609803646802902 0.04734952375292778 0.15287357568740845
v 0.05616924539208412 0.047165874391794205 0.14324180781841278
v 0.04814666882157326 0.05489330738782883 0.14778830111026764
v 0.05616924539208412 0.047165874391794205 0.14324180781841278
v 0.04821868613362312 0.05479868873953819 0.13809697329998016
v 0.04821868613362312 0.05479868873953819 0.13809697329998016
v 0.05616924539208412 0.047165874391794205 0.14324180781841278
v 0.05631843954324722 0.047545675188302994 0.12347842752933502
v 0.04821868613362312 0.05479868873953819 0.13809697329998016
v 0.05631843954324722 0.047545675188302994 0.12347842752933502
v 0.048369716852903366 0.055380839854478836 0.1181982010602951
v 0.048369716852903366 0.055380839854478836 0.1181982010602951
v 0.05631843954324722 0.047545675188302994 0.12347842752933502
v 0.052500639110803604 0.05265487730503082 0.10053178668022156
v 0.048369716852903366 0.055380839854478836 0.1181982010602951
v 0.052500639110803604 0.05265487730503082 0.10053178668022156
v 0.048525478690862656 0.056484490633010864 0.0979505330324173
v 0.048525478690862656 0.056484490633010864 0.0979505330324173
v 0.052500639110803604 0.05265487730503082 0.10053178668022156
v 0.04529038444161415 0.05978573113679886 0.09000000357627869
v 0.048525478690862656 0.056484490633010864 0.0979505330324173
v 0.04529038444161415 0.05978573113679886 0.09000000357627869
v 0.0405903197824955 0.06306947022676468 0.09000000357627869
v 0.03191748261451721 0.08219243586063385 0.18797536194324493
v 0.031924255192279816 0.0789230465888977 0.18528544902801514
v 0.023928746581077576 0.08160175383090973 0.1834551990032196
v 0.015925981104373932 0.08965130150318146 0.18661995232105255
v 0.02046138234436512 0.08941544592380524 0.18769285082817078
v 0.023922378197312355 0.08491569757461548 0.1861152946949005
v 0.023922378197312355 0.08491569757461548 0.1861152946949005
v 0.02046138234436512 0.08941544592380524 0.18769285082817078
v 0.023920394480228424 0.08871307969093323 0.18845194578170776
v 0.023922378197312355 0.08491569757461548 0.1861152946949005
v 0.023920394480228424 0.08871307969093323 0.18845194578170776
v 0.03191475197672844 0.08590734004974365 0.1903672069311142
v 0.03191475197672844 0.08590734004974365 0.1903672069311142
v 0.023920394480228424 0.08871307969093323 0.18845194578170776
v 0.023935506120324135 0.0891881212592125 0.18870924413204193
v 0.03191475197672844 0.08590734004974365 0.1903672069311142
v 0.023935506120324135 0.0891881212592125 0.18870924413204193
v 0.02805003896355629 0.08886127918958664 0.19014154374599457
v 0.03194960951805115 0.07368557155132294 0.1790349781513214
v 0.031967874616384506 0.07168279588222504 0.1754976361989975
v 0.02397320047020912 0.07445342093706131 0.17360588908195496
v 0.02397320047020912 0.07445342093706131 0.17360588908195496
v 0.031967874616384506 0.07168279588222504 0.1754976361989975
v 0.023995893076062202 0.0729384794831276 0.1697421371936798
v 0.02397320047020912 0.07445342093706131 0.17360588908195496
v 0.023995893076062202 0.0729384794831276 0.1697421371936798
v 0.01599348895251751 0.07485713809728622 0.16842040419578552
v 0.01599348895251751 0.07485713809728622 0.16842040419578552
v 0.023995893076062202 0.0729384794831276 0.1697421371936798
v 0.016020849347114563 0.07385675609111786 0.1642123907804489
v 0.01599348895251751 0.07485713809728622 0.16842040419578552
v 0.016020849347114563 0.07385675609111786 0.1642123907804489
v 0.008011247031390667 0.0749821811914444 0.1634213775396347
v 0.008011247031390667 0.0749821811914444 0.1634213775396347
v 0.016020849347114563 0.07385675609111786 0.1642123907804489
v 0.008043752051889896 0.07454878091812134 0.15883402526378632
v 0.008011247031390667 0.0749821811914444 0.1634213775396347
v 0.008043752051889896 0.07454878091812134 0.15883402526378632
v 2.8030881367158145e-05 0.07499981671571732 0.15849421918392181
v 2.8030881367158145e-05 0.07499981671571732 0.15849421918392181
v 0.008043752051889896 0.07454878091812134 0.15883402526378632
v 6.446844054153189e-05 0.07499983161687851 0.15361689031124115
v 2.8030881367158145e-05 0.07499981671571732 0.15849421918392181
v 6.446844054153189e-05 0.07499983161687851 0.15361689031124115
v -0.007960260845720768 0.074458047747612 0.1539413183927536
v 0.024022068828344345 0.07180754840373993 0.16562148928642273
v 0.024082936346530914 0.0704839676618576 0.15675239264965057
v 0.016085051000118256 0.0729009285569191 0.15509726107120514
v 0.016085051000118256 0.0729009285569191 0.15509726107120514
v 0.024082936346530914 0.0704839676618576 0.15675239264965057
v 0.016155879944562912 0.07267533242702484 0.14549356698989868
v 0.016085051000118256 0.0729009285569191 0.15509726107120514
v 0.016155879944562912 0.07267533242702484 0.14549356698989868
v 0.008151589892804623 0.07438629865646362 0.14431078732013702
v 0.008151589892804623 0.07438629865646362 0.14431078732013702
v 0.016155879944562912 0.07267533242702484 0.14549356698989868
v 0.01630212552845478 0.07272995263338089 0.1259477436542511
v 0.008151589892804623 0.07438629865646362 0.14431078732013702
v 0.01630212552845478 0.07272995263338089 0.1259477436542511
v 0.008297641761600971 0.07441956549882889 0.12477925419807434
v 0.008297641761600971 0.07441956549882889 0.12477925419807434
v 0.01630212552845478 0.07272995263338089 0.1259477436542511
v 0.016449619084596634 0.07292232662439346 0.10630977153778076
v 0.008297641761600971 0.07441956549882889 0.12477925419807434
v 0.016449619084596634 0.07292232662439346 0.10630977153778076
v 0.008443817496299744 0.07446658611297607 0.10523852705955505
v 0.008443817496299744 0.07446658611297607 0.10523852705955505
v 0.016449619084596634 0.07292232662439346 0.10630977153778076
v 0.007701460737735033 0.07460565865039825 0.09000000357627869
v 0.008443817496299744 0.07446658611297607 0.10523852705955505
v 0.007701460737735033 0.07460565865039825 0.09000000357627869
v -0.0004853628925047815 0.07499845325946808 0.09000000357627869
v -0.0004853628925047815 0.07499845325946808 0.09000000357627869
v 0.0004288398486096412 0.07499954849481583 0.10484389960765839
v 0.008443817496299744 0.07446658611297607 0.10523852705955505
v 0.008443817496299744 0.07446658611297607 0.10523852705955505
v 0.0004288398486096412 0.07499954849481583 0.10484389960765839
v 0.0002830940647982061 0.07499996572732925 0.12435288727283478
v 0.008443817496299744 0.07446658611297607 0.10523852705955505
v 0.0002830940647982061 0.07499996572732925 0.12435288727283478
v 0.008297641761600971 0.07441956549882889 0.12477925419807434
v 0.008297641761600971 0.07441956549882889 0.12477925419807434
v 0.0002830940647982061 0.07499996572732925 0.12435288727283478
v 0.00013734353706240654 0.0749998688697815 0.14386223256587982
v 0.008297641761600971 0.07441956549882889 0.12477925419807434
v 0.00013734353706240654 0.0749998688697815 0.14386223256587982
v 0.008151589892804623 0.07438629865646362 0.14431078732013702
v 0.008151589892804623 0.07438629865646362 0.14431078732013702
v 0.00013734353706240654 0.0749998688697815 0.14386223256587982
v 0.008078989572823048 0.07441651821136475 0.1540452092885971
v 0.008151589892804623 0.07438629865646362 0.14431078732013702
v 0.008078989572823048 0.07441651821136475 0.1540452092885971
v 0.016085051000118256 0.0729009285569191 0.15509726107120514
v 0.03995309770107269 0.06787029653787613 0.17808645963668823
v 0.03992140293121338 0.07240878790616989 0.18480458855628967
v 0.04789692908525467 0.06752786040306091 0.18810825049877167
v 0.04789692908525467 0.06752786040306091 0.18810825049877167
v 0.03992140293121338 0.07240878790616989 0.18480458855628967
v 0.0478782095015049 0.07349640876054764 0.19386959075927734
v 0.04789692908525467 0.06752786040306091 0.18810825049877167
v 0.0478782095015049 0.07349640876054764 0.19386959075927734
v 0.055840104818344116 0.06711286306381226 0.19817858934402466
v 0.055840104818344116 0.06711286306381226 0.19817858934402466
v 0.0478782095015049 0.07349640876054764 0.19386959075927734
v 0.05583096295595169 0.07413756102323532 0.20323330163955688
v 0.055840104818344116 0.06711286306381226 0.19817858934402466
v 0.05583096295595169 0.07413756102323532 0.20323330163955688
v 0.06300006806850433 0.05890189856290817 0.20193614065647125
v 0.06300006806850433 0.05890189856290817 0.20193614065647125
v 0.05583096295595169 0.07413756102323532 0.20323330163955688
v 0.06300020962953568 0.06576147675514221 0.20776163041591644
v 0.03992140293121338 0.07240878790616989 0.18480458855628967
v 0.03991061821579933 0.07523603737354279 0.18779031932353973
v 0.0478782095015049 0.07349640876054764 0.19386959075927734
v 0.0478782095015049 0.07349640876054764 0.19386959075927734
v 0.03991061821579933 0.07523603737354279 0.18779031932353973
v 0.039903368800878525 0.07845328003168106 0.19051511585712433
v 0.0478782095015049 0.07349640876054764 0.19386959075927734
v 0.039903368800878525 0.07845328003168106 0.19051511585712433
v 0.047872256487607956 0.08087227493524551 0.19868935644626617
v 0.047872256487607956 0.08087227493524551 0.19868935644626617
v 0.039903368800878525 0.07845328003168106 0.19051511585712433
v 0.039899762719869614 0.08207166939973831 0.19297152757644653
v 0.047872256487607956 0.08087227493524551 0.19868935644626617
v 0.039899762719869614 0.08207166939973831 0.19297152757644653
v 0.03989986702799797 0.08609917014837265 0.19515421986579895
v 0.03989986702799797 0.08609917014837265 0.19515421986579895
v 0.039899762719869614 0.08207166939973831 0.19297152757644653
v 0.035786326974630356 0.08805154263973236 0.19356036186218262
v 0.03989986702799797 0.08609917014837265 0.19515421986579895
v 0.035786326974630356 0.08805154263973236 0.19356036186218262
v 0.03990638628602028 0.08749627321958542 0.1958070546388626
v 0.06300000101327896 0.0543738529086113 0.19698064029216766
v 0.06300000101327896 0.052954189479351044 0.19518081843852997
v 0.055860038846731186 0.061278171837329865 0.19232769310474396
v 0.055860038846731186 0.061278171837329865 0.19232769310474396
v 0.06300000101327896 0.052954189479351044 0.19518081843852997
v 0.05588996410369873 0.056544478982686996 0.1857401728630066
v 0.055860038846731186 0.061278171837329865 0.19232769310474396
v 0.05588996410369873 0.056544478982686996 0.1857401728630066
v 0.04792757332324982 0.06287337839603424 0.18146772682666779
v 0.04792757332324982 0.06287337839603424 0.18146772682666779
v 0.05588996410369873 0.056544478982686996 0.1857401728630066
v 0.04796909913420677 0.05941825360059738 0.174024760723114
v 0.04792757332324982 0.06287337839603424 0.18146772682666779
v 0.04796909913420677 0.05941825360059738 0.174024760723114
v 0.03999710828065872 0.06468884646892548 0.17046038806438446
v 0.03999710828065872 0.06468884646892548 0.17046038806438446
v 0.04796909913420677 0.05941825360059738 0.174024760723114
v 0.040051527321338654 0.06265498697757721 0.1620665192604065
v 0.03999710828065872 0.06468884646892548 0.17046038806438446
v 0.040051527321338654 0.06265498697757721 0.1620665192604065
v 0.032072052359580994 0.06710071861743927 0.15905402600765228
v 0.032072052359580994 0.06710071861743927 0.15905402600765228
v 0.040051527321338654 0.06265498697757721 0.1620665192604065
v 0.03213758394122124 0.06629154831171036 0.14984077215194702
v 0.032072052359580994 0.06710071861743927 0.15905402600765228
v 0.03213758394122124 0.06629154831171036 0.14984077215194702
v 0.024151233956217766 0.06997952610254288 0.1473352611064911
v 0.024151233956217766 0.06997952610254288 0.1473352611064911
v 0.03213758394122124 0.06629154831171036 0.14984077215194702
v 0.032208073884248734 0.0660284161567688 0.1402621865272522
v 0.024151233956217766 0.06997952610254288 0.1473352611064911
v 0.032208073884248734 0.0660284161567688 0.1402621865272522
v 0.024296730756759644 0.06995179504156113 0.12784454226493835
v 0.024296730756759644 0.06995179504156113 0.12784454226493835
v 0.032208073884248734 0.0660284161567688 0.1402621865272522
v 0.03228140249848366 0.06607837229967117 0.13047413527965546
v 0.024296730756759644 0.06995179504156113 0.12784454226493835
v 0.03228140249848366 0.06607837229967117 0.13047413527965546
v 0.0324319452047348 0.06660685688257217 0.11061127483844757
v 0.06300000101327896 0.045795101672410965 0.18321171402931213
v 0.06300000101327896 0.044215310364961624 0.17947623133659363
v 0.05592922493815422 0.052839495241642 0.1784643679857254
v 0.05592922493815422 0.052839495241642 0.1784643679857254
v 0.06300000101327896 0.044215310364961624 0.17947623133659363
v 0.0559772364795208 0.05009952932596207 0.17054292559623718
v 0.05592922493815422 0.052839495241642 0.1784643679857254
v 0.0559772364795208 0.05009952932596207 0.17054292559623718
v 0.04802029952406883 0.05702938884496689 0.16586841642856598
v 0.04802029952406883 0.05702938884496689 0.16586841642856598
v 0.0559772364795208 0.05009952932596207 0.17054292559623718
v 0.04807991907000542 0.05556836724281311 0.15709128975868225
v 0.04802029952406883 0.05702938884496689 0.16586841642856598
v 0.04807991907000542 0.05556836724281311 0.15709128975868225
v 0.040114182978868484 0.06152845546603203 0.15306560695171356
v 0.040114182978868484 0.06152845546603203 0.15306560695171356
v 0.04807991907000542 0.05556836724281311 0.15709128975868225
v 0.04814666882157326 0.05489330738782883 0.14778830111026764
v 0.040114182978868484 0.06152845546603203 0.15306560695171356
v 0.04814666882157326 0.05489330738782883 0.14778830111026764
v 0.04018290340900421 0.06107065826654434 0.14361725747585297
v 0.04018290340900421 0.06107065826654434 0.14361725747585297
v 0.04814666882157326 0.05489330738782883 0.14778830111026764
v 0.04821868613362312 0.05479868873953819 0.13809697329998016
v 0.04018290340900421 0.06107065826654434 0.14361725747585297
v 0.04821868613362312 0.05479868873953819 0.13809697329998016
v 0.04025568813085556 0.06106056272983551 0.13386937975883484
v 0.04025568813085556 0.06106056272983551 0.13386937975883484
v 0.04821868613362312 0.05479868873953819 0.13809697329998016
v 0.048369716852903366 0.055380839854478836 0.1181982010602951
v 0.04025568813085556 0.06106056272983551 0.13386937975883484
v 0.048369716852903366 0.055380839854478836 0.1181982010602951
v 0.04040699079632759 0.06167275086045265 0.11395052075386047
v 0.04040699079632759 0.06167275086045265 0.11395052075386047
v 0.048369716852903366 0.055380839854478836 0.1181982010602951
v 0.048525478690862656 0.056484490633010864 0.0979505330324173
v 0.04040699079632759 0.06167275086045265 0.11395052075386047
v 0.048525478690862656 0.056484490633010864 0.0979505330324173
v 0.040562842041254044 0.0627862960100174 0.0936962217092514
v 0.040562842041254044 0.0627862960100174 0.0936962217092514
v 0.048525478690862656 0.056484490633010864 0.0979505330324173
v 0.0405903197824955 0.06306947022676468 0.09000000357627869
v 0.040562842041254044 0.0627862960100174 0.0936962217092514
v 0.0405903197824955 0.06306947022676468 0.09000000357627869
v 0.03851998224854469 0.0643533244729042 0.09000000357627869
v 0.06300001591444016 0.049652013927698135 0.19038569927215576
v 0.06300001591444016 0.048033326864242554 0.18763446807861328
v 0.05588996410369873 0.056544478982686996 0.1857401728630066
v 0.05588996410369873 0.056544478982686996 0.1857401728630066
v 0.06300001591444016 0.048033326864242554 0.18763446807861328
v 0.05592922493815422 0.052839495241642 0.1784643679857254
v 0.05588996410369873 0.056544478982686996 0.1857401728630066
v 0.05592922493815422 0.052839495241642 0.1784643679857254
v 0.04796909913420677 0.05941825360059738 0.174024760723114
v 0.04796909913420677 0.05941825360059738 0.174024760723114
v 0.05592922493815422 0.052839495241642 0.1784643679857254
v 0.04802029952406883 0.05702938884496689 0.16586841642856598
v 0.04796909913420677 0.05941825360059738 0.174024760723114
v 0.04802029952406883 0.05702938884496689 0.16586841642856598
v 0.040051527321338654 0.06265498697757721 0.1620665192604065
v 0.040051527321338654 0.06265498697757721 0.1620665192604065
v 0.04802029952406883 0.05702938884496689 0.16586841642856598
v 0.040114182978868484 0.06152845546603203 0.15306560695171356
v 0.040051527321338654 0.06265498697757721 0.1620665192604065
v 0.040114182978868484 0.06152845546603203 0.15306560695171356
v 0.03213758394122124 0.06629154831171036 0.14984077215194702
v 0.03213758394122124 0.06629154831171036 0.14984077215194702
v 0.040114182978868484 0.06152845546603203 0.15306560695171356
v 0.04018290340900421 0.06107065826654434 0.14361725747585297
v 0.03213758394122124 0.06629154831171036 0.14984077215194702
v 0.04018290340900421 0.06107065826654434 0.14361725747585297
v 0.032208073884248734 0.0660284161567688 0.1402621865272522
v 0.032208073884248734 0.0660284161567688 0.1402621865272522
v 0.04018290340900421 0.06107065826654434 0.14361725747585297
v 0.04025568813085556 0.06106056272983551 0.13386937975883484
v 0.032208073884248734 0.0660284161567688 0.1402621865272522
v 0.04025568813085556 0.06106056272983551 0.13386937975883484
v 0.03228140249848366 0.06607837229967117 0.13047413527965546
v 0.03228140249848366 0.06607837229967117 0.13047413527965546
v 0.04025568813085556 0.06106056272983551 0.13386937975883484
v 0.04040699079632759 0.06167275086045265 0.11395052075386047
v 0.03228140249848366 0.06607837229967117 0.13047413527965546
v 0.04040699079632759 0.06167275086045265 0.11395052075386047
v 0.0324319452047348 0.06660685688257217 0.11061127483844757
v 0.0324319452047348 0.06660685688257217 0.11061127483844757
v 0.04040699079632759 0.06167275086045265 0.11395052075386047
v 0.040562842041254044 0.0627862960100174 0.0936962217092514
v 0.0324319452047348 0.06660685688257217 0.11061127483844757
v 0.040562842041254044 0.0627862960100174 0.0936962217092514
v 0.032585978507995605 0.06751998513936996 0.09049107134342194
v 0.032585978507995605 0.06751998513936996 0.09049107134342194
v 0.040562842041254044 0.0627862960100174 0.0936962217092514
v 0.03851998224854469 0.0643533244729042 0.09000000357627869
v 0.032585978507995605 0.06751998513936996 0.09049107134342194
v 0.03851998224854469 0.0643533244729042 0.09000000357627869
v 0.031277481466531754 0.06816843897104263 0.09000000357627869
v 0.06300006806850433 0.05890189856290817 0.20193614065647125
v 0.06300000101327896 0.0543738529086113 0.19698064029216766
v 0.055840104818344116 0.06711286306381226 0.19817858934402466
v 0.055840104818344116 0.06711286306381226 0.19817858934402466
v 0.06300000101327896 0.0543738529086113 0.19698064029216766
v 0.055860038846731186 0.061278171837329865 0.19232769310474396
v 0.055840104818344116 0.06711286306381226 0.19817858934402466
v 0.055860038846731186 0.061278171837329865 0.19232769310474396
v 0.04789692908525467 0.06752786040306091 0.18810825049877167
v 0.04789692908525467 0.06752786040306091 0.18810825049877167
v 0.055860038846731186 0.061278171837329865 0.19232769310474396
v 0.04792757332324982 0.06287337839603424 0.18146772682666779
v 0.04789692908525467 0.06752786040306091 0.18810825049877167
v 0.04792757332324982 0.06287337839603424 0.18146772682666779
v 0.03995309770107269 0.06787029653787613 0.17808645963668823
v 0.03995309770107269 0.06787029653787613 0.17808645963668823
v 0.04792757332324982 0.06287337839603424 0.18146772682666779
v 0.03999710828065872 0.06468884646892548 0.17046038806438446
v 0.03995309770107269 0.06787029653787613 0.17808645963668823
v 0.03999710828065872 0.06468884646892548 0.17046038806438446
v 0.03201441094279289 0.06877975910902023 0.16768528521060944
v 0.03201441094279289 0.06877975910902023 0.16768528521060944
v 0.03999710828065872 0.06468884646892548 0.17046038806438446
v 0.032072052359580994 0.06710071861743927 0.15905402600765228
v 0.03201441094279289 0.06877975910902023 0.16768528521060944
v 0.032072052359580994 0.06710071861743927 0.15905402600765228
v 0.024082936346530914 0.0704839676618576 0.15675239264965057
v 0.024082936346530914 0.0704839676618576 0.15675239264965057
v 0.032072052359580994 0.06710071861743927 0.15905402600765228
v 0.024151233956217766 0.06997952610254288 0.1473352611064911
v 0.024082936346530914 0.0704839676618576 0.15675239264965057
v 0.024151233956217766 0.06997952610254288 0.1473352611064911
v 0.016155879944562912 0.07267533242702484 0.14549356698989868
v 0.016155879944562912 0.07267533242702484 0.14549356698989868
v 0.024151233956217766 0.06997952610254288 0.1473352611064911
v 0.024296730756759644 0.06995179504156113 0.12784454226493835
v 0.016155879944562912 0.07267533242702484 0.14549356698989868
v 0.024296730756759644 0.06995179504156113 0.12784454226493835
v 0.01630212552845478 0.07272995263338089 0.1259477436542511
v 0.01630212552845478 0.07272995263338089 0.1259477436542511
v 0.024296730756759644 0.06995179504156113 0.12784454226493835
v 0.02444585971534252 0.07032421976327896 0.10808609426021576
v 0.01630212552845478 0.07272995263338089 0.1259477436542511
v 0.02444585971534252 0.07032421976327896 0.10808609426021576
v 0.016449619084596634 0.07292232662439346 0.10630977153778076
v 0.016449619084596634 0.07292232662439346 0.10630977153778076
v 0.02444585971534252 0.07032421976327896 0.10808609426021576
v 0.015768012031912804 0.07332427054643631 0.09000000357627869
v 0.016449619084596634 0.07292232662439346 0.10630977153778076
v 0.015768012031912804 0.07332427054643631 0.09000000357627869
v 0.007701460737735033 0.07460565865039825 0.09000000357627869
v -0.04031259939074516 0.08743609488010406 0.19604608416557312
v -0.03916647285223007 0.08760323375463486 0.19538001716136932
v -0.040303416550159454 0.08553139865398407 0.19515360891819
v -0.040303416550159454 0.08553139865398407 0.19515360891819
v -0.03916647285223007 0.08760323375463486 0.19538001716136932
v -0.0349695086479187 0.08815053850412369 0.19315174221992493
v -0.040303416550159454 0.08553139865398407 0.19515360891819
v -0.0349695086479187 0.08815053850412369 0.19315174221992493
v -0.04030326008796692 0.08153295516967773 0.19295147061347961
v -0.04030326008796692 0.08153295516967773 0.19295147061347961
v -0.0349695086479187 0.08815053850412369 0.19315174221992493
v -0.032247256487607956 0.08552174270153046 0.19032078981399536
v -0.04030326008796692 0.08153295516967773 0.19295147061347961
v -0.032247256487607956 0.08552174270153046 0.19032078981399536
v -0.040299348533153534 0.07794804871082306 0.19047266244888306
v -0.06299999356269836 0.05413408204913139 0.19672726094722748
v -0.06299987435340881 0.05919400602579117 0.20224690437316895
v -0.05642492324113846 0.060443080961704254 0.1923537403345108
v -0.05642492324113846 0.060443080961704254 0.1923537403345108
v -0.06299987435340881 0.05919400602579117 0.20224690437316895
v -0.05644574016332626 0.06618097424507141 0.19826939702033997
v -0.05642492324113846 0.060443080961704254 0.1923537403345108
v -0.05644574016332626 0.06618097424507141 0.19826939702033997
v -0.048346396535634995 0.06691451370716095 0.18806202709674835
v -0.040299348533153534 0.07794804871082306 0.19047266244888306
v -0.032247256487607956 0.08552174270153046 0.19032078981399536
v -0.03224419429898262 0.08184293657541275 0.18790480494499207
v -0.03224419429898262 0.08184293657541275 0.18790480494499207
v -0.032247256487607956 0.08552174270153046 0.19032078981399536
v -0.02420094609260559 0.08844199031591415 0.18840503692626953
v -0.03224419429898262 0.08184293657541275 0.18790480494499207
v -0.02420094609260559 0.08844199031591415 0.18840503692626953
v -0.024198638275265694 0.08468043059110641 0.18604440987110138
v -0.024198638275265694 0.08468043059110641 0.18604440987110138
v -0.02420094609260559 0.08844199031591415 0.18840503692626953
v -0.01980210468173027 0.08945388346910477 0.18751928210258484
v -0.024198638275265694 0.08468043059110641 0.18604440987110138
v -0.01980210468173027 0.08945388346910477 0.18751928210258484
v -0.016161292791366577 0.08661255985498428 0.1847897619009018
v -0.016161292791366577 0.08661255985498428 0.1847897619009018
v -0.01980210468173027 0.08945388346910477 0.18751928210258484
v -0.016165368258953094 0.08964047580957413 0.18666957318782806
v -0.016161292791366577 0.08661255985498428 0.1847897619009018
v -0.016165368258953094 0.08964047580957413 0.18666957318782806
v -0.01577119715511799 0.08965820074081421 0.18658830225467682
v 0.03191748261451721 0.08219243586063385 0.18797536194324493
v 0.023928746581077576 0.08160175383090973 0.1834551990032196
v 0.023922378197312355 0.08491569757461548 0.1861152946949005
v 0.023922378197312355 0.08491569757461548 0.1861152946949005
v 0.023928746581077576 0.08160175383090973 0.1834551990032196
v 0.015925373882055283 0.08341380953788757 0.18220478296279907
v 0.023922378197312355 0.08491569757461548 0.1861152946949005
v 0.015925373882055283 0.08341380953788757 0.18220478296279907
v 0.01591929979622364 0.08676028996706009 0.18484312295913696
v 0.01591929979622364 0.08676028996706009 0.18484312295913696
v 0.015925373882055283 0.08341380953788757 0.18220478296279907
v 0.007915063761174679 0.08446116000413895 0.1814659982919693
v 0.01591929979622364 0.08676028996706009 0.18484312295913696
v 0.007915063761174679 0.08446116000413895 0.1814659982919693
v 0.00790910329669714 0.08782020211219788 0.18409591913223267
v 0.00790910329669714 0.08782020211219788 0.18409591913223267
v 0.007915063761174679 0.08446116000413895 0.1814659982919693
v -0.00010166416177526116 0.08480119705200195 0.18120044469833374
v 0.00790910329669714 0.08782020211219788 0.18409591913223267
v -0.00010166416177526116 0.08480119705200195 0.18120044469833374
v -0.0001077375200111419 0.08814778178930283 0.18383871018886566
v -0.0001077375200111419 0.08814778178930283 0.18383871018886566
v -0.00010166416177526116 0.08480119705200195 0.18120044469833374
v -0.008125027641654015 0.08440995961427689 0.18142415583133698
v -0.0001077375200111419 0.08814778178930283 0.18383871018886566
v -0.008125027641654015 0.08440995961427689 0.18142415583133698
v -0.008131162263453007 0.08774973452091217 0.18406696617603302
v -0.008131162263453007 0.08774973452091217 0.18406696617603302
v -0.008125027641654015 0.08440995961427689 0.18142415583133698
v -0.016154924407601357 0.08329848200082779 0.18212974071502686
v -0.008131162263453007 0.08774973452091217 0.18406696617603302
v -0.016154924407601357 0.08329848200082779 0.18212974071502686
v -0.016161292791366577 0.08661255985498428 0.1847897619009018
v -0.016161292791366577 0.08661255985498428 0.1847897619009018
v -0.016154924407601357 0.08329848200082779 0.18212974071502686
v -0.02419191785156727 0.08140505105257034 0.18335850536823273
v -0.016161292791366577 0.08661255985498428 0.1847897619009018
v -0.02419191785156727 0.08140505105257034 0.18335850536823273
v -0.024198638275265694 0.08468043059110641 0.18604440987110138
v -0.024198638275265694 0.08468043059110641 0.18604440987110138
v -0.02419191785156727 0.08140505105257034 0.18335850536823273
v -0.032237082719802856 0.07861100137233734 0.1851898431777954
v -0.024198638275265694 0.08468043059110641 0.18604440987110138
v -0.032237082719802856 0.07861100137233734 0.1851898431777954
v -0.03224419429898262 0.08184293657541275 0.18790480494499207
v -0.03224419429898262 0.08184293657541275 0.18790480494499207
v -0.032237082719802856 0.07861100137233734 0.1851898431777954
v -0.040291767567396164 0.07476767152547836 0.18772318959236145
v -0.03224419429898262 0.08184293657541275 0.18790480494499207
v -0.040291767567396164 0.07476767152547836 0.18772318959236145
v -0.040299348533153534 0.07794804871082306 0.19047266244888306
v -0.040299348533153534 0.07794804871082306 0.19047266244888306
v -0.040291767567396164 0.07476767152547836 0.18772318959236145
v -0.048365864902734756 0.07280056923627853 0.19387856125831604
v -0.040299348533153534 0.07794804871082306 0.19047266244888306
v -0.048365864902734756 0.07280056923627853 0.19387856125831604
v -0.04030326008796692 0.08153295516967773 0.19295147061347961
v -0.04030326008796692 0.08153295516967773 0.19295147061347961
v -0.048365864902734756 0.07280056923627853 0.19387856125831604
v -0.04837252199649811 0.08009862899780273 0.19875037670135498
v -0.04030326008796692 0.08153295516967773 0.19295147061347961
v -0.04837252199649811 0.08009862899780273 0.19875037670135498
v -0.040303416550159454 0.08553139865398407 0.19515360891819
v -0.040303416550159454 0.08553139865398407 0.19515360891819
v -0.04837252199649811 0.08009862899780273 0.19875037670135498
v -0.042218293994665146 0.08713967353105545 0.19721171259880066
v -0.040303416550159454 0.08553139865398407 0.19515360891819
v -0.042218293994665146 0.08713967353105545 0.19721171259880066
v -0.04031259939074516 0.08743609488010406 0.19604608416557312
v -0.0629999041557312 0.04968638718128204 0.19050520658493042
v -0.06299999356269836 0.05413408204913139 0.19672726094722748
v -0.056394170969724655 0.05580061301589012 0.18570517003536224
v -0.056394170969724655 0.05580061301589012 0.18570517003536224
v -0.06299999356269836 0.05413408204913139 0.19672726094722748
v -0.05642492324113846 0.060443080961704254 0.1923537403345108
v -0.056394170969724655 0.05580061301589012 0.18570517003536224
v -0.05642492324113846 0.060443080961704254 0.1923537403345108
v -0.04831504821777344 0.06233762204647064 0.1813695877790451
v -0.04831504821777344 0.06233762204647064 0.1813695877790451
v -0.05642492324113846 0.060443080961704254 0.1923537403345108
v -0.048346396535634995 0.06691451370716095 0.18806202709674835
v -0.04831504821777344 0.06233762204647064 0.1813695877790451
v -0.048346396535634995 0.06691451370716095 0.18806202709674835
v -0.040248289704322815 0.06751149147748947 0.1779460310935974
v -0.040248289704322815 0.06751149147748947 0.1779460310935974
v -0.048346396535634995 0.06691451370716095 0.18806202709674835
v -0.04028063639998436 0.07197839766740799 0.18471205234527588
v -0.04028063639998436 0.07197839766740799 0.18471205234527588
v -0.03222599998116493 0.07581639289855957 0.18218226730823517
v -0.040248289704322815 0.06751149147748947 0.1779460310935974
v -0.040248289704322815 0.06751149147748947 0.1779460310935974
v -0.03222599998116493 0.07581639289855957 0.18218226730823517
v -0.03221109136939049 0.07344355434179306 0.17889250814914703
v -0.040248289704322815 0.06751149147748947 0.1779460310935974
v -0.03221109136939049 0.07344355434179306 0.17889250814914703
v -0.03219255059957504 0.07147110998630524 0.1753348708152771
v -0.03219255059957504 0.07147110998630524 0.1753348708152771
v -0.03214552253484726 0.06862258911132812 0.1674860566854477
v -0.040248289704322815 0.06751149147748947 0.1779460310935974
v -0.040248289704322815 0.06751149147748947 0.1779460310935974
v -0.03214552253484726 0.06862258911132812 0.1674860566854477
v -0.04020371660590172 0.06439226865768433 0.17027832567691803
v -0.040248289704322815 0.06751149147748947 0.1779460310935974
v -0.04020371660590172 0.06439226865768433 0.17027832567691803
v -0.04831504821777344 0.06233762204647064 0.1813695877790451
v -0.04831504821777344 0.06233762204647064 0.1813695877790451
v -0.04020371660590172 0.06439226865768433 0.17027832567691803
v -0.04827285185456276 0.05895625054836273 0.1738772839307785
v -0.04831504821777344 0.06233762204647064 0.1813695877790451
v -0.04827285185456276 0.05895625054836273 0.1738772839307785
v -0.056394170969724655 0.05580061301589012 0.18570517003536224
v -0.056394170969724655 0.05580061301589012 0.18570517003536224
v -0.04827285185456276 0.05895625054836273 0.1738772839307785
v -0.056354086846113205 0.05218686908483505 0.17836833000183105
v -0.056394170969724655 0.05580061301589012 0.18570517003536224
v -0.056354086846113205 0.05218686908483505 0.17836833000183105
v -0.06299983710050583 0.04837352782487869 0.18831393122673035
v -0.06299983710050583 0.04837352782487869 0.18831393122673035
v -0.056354086846113205 0.05218686908483505 0.17836833000183105
v -0.06299973279237747 0.046000078320503235 0.1837550550699234
v 0.015935970470309258 0.0805656909942627 0.17923301458358765
v 0.00794047862291336 0.07923029363155365 0.175211101770401
v 0.007925613783299923 0.08160798251628876 0.17849761247634888
v 0.007925613783299923 0.08160798251628876 0.17849761247634888
v 0.00794047862291336 0.07923029363155365 0.175211101770401
v -7.620899850735441e-05 0.0795748233795166 0.17494255304336548
v 0.007925613783299923 0.08160798251628876 0.17849761247634888
v -7.620899850735441e-05 0.0795748233795166 0.17494255304336548
v -9.104680793825537e-05 0.0819554328918457 0.17822709679603577
v -9.104680793825537e-05 0.0819554328918457 0.17822709679603577
v -7.620899850735441e-05 0.0795748233795166 0.17494255304336548
v -0.008099297061562538 0.07921390980482101 0.1751459687948227
v -9.104680793825537e-05 0.0819554328918457 0.17822709679603577
v -0.008099297061562538 0.07921390980482101 0.1751459687948227
v -0.008114315569400787 0.08157462626695633 0.17844383418560028
v -0.008114315569400787 0.08157462626695633 0.17844383418560028
v -0.008099297061562538 0.07921390980482101 0.1751459687948227
v -0.016128843650221825 0.0781412199139595 0.17582561075687408
v -0.008114315569400787 0.08157462626695633 0.17844383418560028
v -0.016128843650221825 0.0781412199139595 0.17582561075687408
v -0.01614404283463955 0.08048191666603088 0.17913687229156494
v -0.01614404283463955 0.08048191666603088 0.17913687229156494
v -0.016128843650221825 0.0781412199139595 0.17582561075687408
v -0.024165719747543335 0.07626055181026459 0.17704583704471588
v -0.01614404283463955 0.08048191666603088 0.17913687229156494
v -0.024165719747543335 0.07626055181026459 0.17704583704471588
v -0.02418089471757412 0.07860398292541504 0.1803552657365799
v -5.721595880459063e-05 0.07765218615531921 0.1713515818119049
v -0.00805640034377575 0.0759098082780838 0.16760195791721344
v -0.008080040104687214 0.07732037454843521 0.17153553664684296
v -0.008080040104687214 0.07732037454843521 0.17153553664684296
v -0.00805640034377575 0.0759098082780838 0.16760195791721344
v -0.01608583703637123 0.07484914362430573 0.16827355325222015
v -0.008080040104687214 0.07732037454843521 0.17153553664684296
v -0.01608583703637123 0.07484914362430573 0.16827355325222015
v -0.016109421849250793 0.07626581937074661 0.17220303416252136
v -0.016109421849250793 0.07626581937074661 0.17220303416252136
v -0.01608583703637123 0.07484914362430573 0.16827355325222015
v -0.024123644456267357 0.07286608964204788 0.16956228017807007
v -0.016109421849250793 0.07626581937074661 0.17220303416252136
v -0.024123644456267357 0.07286608964204788 0.16956228017807007
v -0.024146562442183495 0.07435613870620728 0.17344267666339874
v 0.00794047862291336 0.07923029363155365 0.175211101770401
v -5.721595880459063e-05 0.07765218615531921 0.1713515818119049
v -7.620899850735441e-05 0.0795748233795166 0.17494255304336548
v -7.620899850735441e-05 0.0795748233795166 0.17494255304336548
v -5.721595880459063e-05 0.07765218615531921 0.1713515818119049
v -0.008080040104687214 0.07732037454843521 0.17153553664684296
v -7.620899850735441e-05 0.0795748233795166 0.17494255304336548
v -0.008080040104687214 0.07732037454843521 0.17153553664684296
v -0.008099297061562538 0.07921390980482101 0.1751459687948227
v -0.008099297061562538 0.07921390980482101 0.1751459687948227
v -0.008080040104687214 0.07732037454843521 0.17153553664684296
v -0.016109421849250793 0.07626581937074661 0.17220303416252136
v -0.008099297061562538 0.07921390980482101 0.1751459687948227
v -0.016109421849250793 0.07626581937074661 0.17220303416252136
v -0.016128843650221825 0.0781412199139595 0.17582561075687408
v -0.016128843650221825 0.0781412199139595 0.17582561075687408
v -0.016109421849250793 0.07626581937074661 0.17220303416252136
v -0.024146562442183495 0.07435613870620728 0.17344267666339874
v -0.016128843650221825 0.0781412199139595 0.17582561075687408
v -0.024146562442183495 0.07435613870620728 0.17344267666339874
v -0.024165719747543335 0.07626055181026459 0.17704583704471588
v -0.03222599998116493 0.07581639289855957 0.18218226730823517
v -0.02418089471757412 0.07860398292541504 0.1803552657365799
v -0.03221109136939049 0.07344355434179306 0.17889250814914703
v -0.03221109136939049 0.07344355434179306 0.17889250814914703
v -0.02418089471757412 0.07860398292541504 0.1803552657365799
v -0.024165719747543335 0.07626055181026459 0.17704583704471588
v -0.03221109136939049 0.07344355434179306 0.17889250814914703
v -0.024165719747543335 0.07626055181026459 0.17704583704471588
v -0.03219255059957504 0.07147110998630524 0.1753348708152771
v -0.03219255059957504 0.07147110998630524 0.1753348708152771
v -0.024165719747543335 0.07626055181026459 0.17704583704471588
v -0.024146562442183495 0.07435613870620728 0.17344267666339874
v -0.03219255059957504 0.07147110998630524 0.1753348708152771
v -0.024146562442183495 0.07435613870620728 0.17344267666339874
v -0.03214552253484726 0.06862258911132812 0.1674860566854477
v -0.03214552253484726 0.06862258911132812 0.1674860566854477
v -0.024146562442183495 0.07435613870620728 0.17344267666339874
v -0.024123644456267357 0.07286608964204788 0.16956228017807007
v -0.03214552253484726 0.06862258911132812 0.1674860566854477
v -0.024123644456267357 0.07286608964204788 0.16956228017807007
v -0.024097302928566933 0.0717533752322197 0.16542942821979523
v -0.024097302928566933 0.0717533752322197 0.16542942821979523
v -0.024123644456267357 0.07286608964204788 0.16956228017807007
v -0.01608583703637123 0.07484914362430573 0.16827355325222015
v -0.024097302928566933 0.0717533752322197 0.16542942821979523
v -0.01608583703637123 0.07484914362430573 0.16827355325222015
v -0.016058284789323807 0.07386995106935501 0.1640513688325882
v -0.016058284789323807 0.07386995106935501 0.1640513688325882
v -0.01608583703637123 0.07484914362430573 0.16827355325222015
v -0.00805640034377575 0.0759098082780838 0.16760195791721344
v 0.023939432576298714 0.07876341789960861 0.18047688901424408
v 0.023954307660460472 0.07638697326183319 0.17718954384326935
v 0.015950912609696388 0.07819662988185883 0.17594073712825775
v 0.015950912609696388 0.07819662988185883 0.17594073712825775
v 0.023954307660460472 0.07638697326183319 0.17718954384326935
v 0.015970109030604362 0.07629632204771042 0.17233483493328094
v 0.015950912609696388 0.07819662988185883 0.17594073712825775
v 0.015970109030604362 0.07629632204771042 0.17233483493328094
v 0.00795959122478962 0.07732085138559341 0.17161130905151367
v 0.00795959122478962 0.07732085138559341 0.17161130905151367
v 0.015970109030604362 0.07629632204771042 0.17233483493328094
v 0.007983103394508362 0.07589627802371979 0.16768711805343628
v 0.00795959122478962 0.07732085138559341 0.17161130905151367
v 0.007983103394508362 0.07589627802371979 0.16768711805343628
v -3.389436096767895e-05 0.07620662450790405 0.16744142770767212
v -3.389436096767895e-05 0.07620662450790405 0.16744142770767212
v 0.007983103394508362 0.07589627802371979 0.16768711805343628
v -5.777116257377202e-06 0.07528961449861526 0.16317763924598694
v -3.389436096767895e-05 0.07620662450790405 0.16744142770767212
v -5.777116257377202e-06 0.07528961449861526 0.16317763924598694
v -0.008028154261410236 0.07500704377889633 0.1633286476135254
v -0.008028154261410236 0.07500704377889633 0.1633286476135254
v -5.777116257377202e-06 0.07528961449861526 0.16317763924598694
v -0.007995542138814926 0.07458540052175522 0.15873342752456665
v -0.008028154261410236 0.07500704377889633 0.1633286476135254
v -0.007995542138814926 0.07458540052175522 0.15873342752456665
v -0.01599389687180519 0.07293455302715302 0.15492257475852966
v 0.031935010105371475 0.07609216868877411 0.18230214715003967
v 0.03194960951805115 0.07368557155132294 0.1790349781513214
v 0.023954307660460472 0.07638697326183319 0.17718954384326935
v 0.023954307660460472 0.07638697326183319 0.17718954384326935
v 0.03194960951805115 0.07368557155132294 0.1790349781513214
v 0.02397320047020912 0.07445342093706131 0.17360588908195496
v 0.023954307660460472 0.07638697326183319 0.17718954384326935
v 0.02397320047020912 0.07445342093706131 0.17360588908195496
v 0.015970109030604362 0.07629632204771042 0.17233483493328094
v 0.015970109030604362 0.07629632204771042 0.17233483493328094
v 0.02397320047020912 0.07445342093706131 0.17360588908195496
v 0.01599348895251751 0.07485713809728622 0.16842040419578552
v 0.015970109030604362 0.07629632204771042 0.17233483493328094
v 0.01599348895251751 0.07485713809728622 0.16842040419578552
v 0.007983103394508362 0.07589627802371979 0.16768711805343628
v 0.007983103394508362 0.07589627802371979 0.16768711805343628
v 0.01599348895251751 0.07485713809728622 0.16842040419578552
v 0.008011247031390667 0.0749821811914444 0.1634213775396347
v 0.007983103394508362 0.07589627802371979 0.16768711805343628
v 0.008011247031390667 0.0749821811914444 0.1634213775396347
v -5.777116257377202e-06 0.07528961449861526 0.16317763924598694
v -5.777116257377202e-06 0.07528961449861526 0.16317763924598694
v 0.008011247031390667 0.0749821811914444 0.1634213775396347
v 2.8030881367158145e-05 0.07499981671571732 0.15849421918392181
v -5.777116257377202e-06 0.07528961449861526 0.16317763924598694
v 2.8030881367158145e-05 0.07499981671571732 0.15849421918392181
v -0.007995542138814926 0.07458540052175522 0.15873342752456665
v -0.007995542138814926 0.07458540052175522 0.15873342752456665
v 2.8030881367158145e-05 0.07499981671571732 0.15849421918392181
v -0.007960260845720768 0.074458047747612 0.1539413183927536
v -0.007995542138814926 0.07458540052175522 0.15873342752456665
v -0.007960260845720768 0.074458047747612 0.1539413183927536
v -0.01599389687180519 0.07293455302715302 0.15492257475852966
v -0.06299973279237747 0.043107256293296814 0.17656642198562622
v -0.06299973279237747 0.046000078320503235 0.1837550550699234
v -0.0563051737844944 0.049545932561159134 0.170380637049675
v -0.0563051737844944 0.049545932561159134 0.170380637049675
v -0.06299973279237747 0.046000078320503235 0.1837550550699234
v -0.056354086846113205 0.05218686908483505 0.17836833000183105
v -0.0563051737844944 0.049545932561159134 0.170380637049675
v -0.056354086846113205 0.05218686908483505 0.17836833000183105
v -0.04822094365954399 0.05664556473493576 0.16566863656044006
v -0.04822094365954399 0.05664556473493576 0.16566863656044006
v -0.056354086846113205 0.05218686908483505 0.17836833000183105
v -0.04827285185456276 0.05895625054836273 0.1738772839307785
v -0.04822094365954399 0.05664556473493576 0.16566863656044006
v -0.04827285185456276 0.05895625054836273 0.1738772839307785
v -0.040148746222257614 0.062419116497039795 0.16184385120868683
v -0.040148746222257614 0.062419116497039795 0.16184385120868683
v -0.04827285185456276 0.05895625054836273 0.1738772839307785
v -0.04020371660590172 0.06439226865768433 0.17027832567691803
v -0.040148746222257614 0.062419116497039795 0.16184385120868683
v -0.04020371660590172 0.06439226865768433 0.17027832567691803
v -0.03208748996257782 0.06698670238256454 0.15882591903209686
v -0.03208748996257782 0.06698670238256454 0.15882591903209686
v -0.04020371660590172 0.06439226865768433 0.17027832567691803
v -0.03214552253484726 0.06862258911132812 0.1674860566854477
v -0.03208748996257782 0.06698670238256454 0.15882591903209686
v -0.03214552253484726 0.06862258911132812 0.1674860566854477
v -0.024036115035414696 0.07046522945165634 0.15653663873672485
v -0.024036115035414696 0.07046522945165634 0.15653663873672485
v -0.03214552253484726 0.06862258911132812 0.1674860566854477
v -0.024097302928566933 0.0717533752322197 0.16542942821979523
v -0.024036115035414696 0.07046522945165634 0.15653663873672485
v -0.024097302928566933 0.0717533752322197 0.16542942821979523
v -0.01599389687180519 0.07293455302715302 0.15492257475852966
v -0.01599389687180519 0.07293455302715302 0.15492257475852966
v -0.024097302928566933 0.0717533752322197 0.16542942821979523
v -0.016058284789323807 0.07386995106935501 0.1640513688325882
v -0.01599389687180519 0.07293455302715302 0.15492257475852966
v -0.016058284789323807 0.07386995106935501 0.1640513688325882
v -0.008028154261410236 0.07500704377889633 0.1633286476135254
v -0.008028154261410236 0.07500704377889633 0.1633286476135254
v -0.016058284789323807 0.07386995106935501 0.1640513688325882
v -0.00805640034377575 0.0759098082780838 0.16760195791721344
v -0.008028154261410236 0.07500704377889633 0.1633286476135254
v -0.00805640034377575 0.0759098082780838 0.16760195791721344
v -3.389436096767895e-05 0.07620662450790405 0.16744142770767212
v -3.389436096767895e-05 0.07620662450790405 0.16744142770767212
v -0.00805640034377575 0.0759098082780838 0.16760195791721344
v -5.721595880459063e-05 0.07765218615531921 0.1713515818119049
v -3.389436096767895e-05 0.07620662450790405 0.16744142770767212
v -5.721595880459063e-05 0.07765218615531921 0.1713515818119049
v 0.00795959122478962 0.07732085138559341 0.17161130905151367
v 0.00795959122478962 0.07732085138559341 0.17161130905151367
v -5.721595880459063e-05 0.07765218615531921 0.1713515818119049
v 0.00794047862291336 0.07923029363155365 0.175211101770401
v 0.00795959122478962 0.07732085138559341 0.17161130905151367
v 0.00794047862291336 0.07923029363155365 0.175211101770401
v 0.015950912609696388 0.07819662988185883 0.17594073712825775
v 0.015950912609696388 0.07819662988185883 0.17594073712825775
v 0.00794047862291336 0.07923029363155365 0.175211101770401
v 0.015935970470309258 0.0805656909942627 0.17923301458358765
v 0.015950912609696388 0.07819662988185883 0.17594073712825775
v 0.015935970470309258 0.0805656909942627 0.17923301458358765
v 0.023939432576298714 0.07876341789960861 0.18047688901424408
v -0.06299978494644165 0.06479951739311218 0.20706072449684143
v -0.05645586550235748 0.07309672981500626 0.2033970057964325
v -0.05644574016332626 0.06618097424507141 0.19826939702033997
v -0.05644574016332626 0.06618097424507141 0.19826939702033997
v -0.05645586550235748 0.07309672981500626 0.2033970057964325
v -0.048365864902734756 0.07280056923627853 0.19387856125831604
v -0.05644574016332626 0.06618097424507141 0.19826939702033997
v -0.048365864902734756 0.07280056923627853 0.19387856125831604
v -0.048346396535634995 0.06691451370716095 0.18806202709674835
v -0.048346396535634995 0.06691451370716095 0.18806202709674835
v -0.048365864902734756 0.07280056923627853 0.19387856125831604
v -0.040291767567396164 0.07476767152547836 0.18772318959236145
v -0.048346396535634995 0.06691451370716095 0.18806202709674835
v -0.040291767567396164 0.07476767152547836 0.18772318959236145
v -0.04028063639998436 0.07197839766740799 0.18471205234527588
v -0.04028063639998436 0.07197839766740799 0.18471205234527588
v -0.040291767567396164 0.07476767152547836 0.18772318959236145
v -0.032237082719802856 0.07861100137233734 0.1851898431777954
v -0.04028063639998436 0.07197839766740799 0.18471205234527588
v -0.032237082719802856 0.07861100137233734 0.1851898431777954
v -0.03222599998116493 0.07581639289855957 0.18218226730823517
v -0.03222599998116493 0.07581639289855957 0.18218226730823517
v -0.032237082719802856 0.07861100137233734 0.1851898431777954
v -0.02419191785156727 0.08140505105257034 0.18335850536823273
v -0.03222599998116493 0.07581639289855957 0.18218226730823517
v -0.02419191785156727 0.08140505105257034 0.18335850536823273
v -0.02418089471757412 0.07860398292541504 0.1803552657365799
v -0.02418089471757412 0.07860398292541504 0.1803552657365799
v -0.02419191785156727 0.08140505105257034 0.18335850536823273
v -0.016154924407601357 0.08329848200082779 0.18212974071502686
v -0.02418089471757412 0.07860398292541504 0.1803552657365799
v -0.016154924407601357 0.08329848200082779 0.18212974071502686
v -0.01614404283463955 0.08048191666603088 0.17913687229156494
v -0.01614404283463955 0.08048191666603088 0.17913687229156494
v -0.016154924407601357 0.08329848200082779 0.18212974071502686
v -0.008125027641654015 0.08440995961427689 0.18142415583133698
v -0.01614404283463955 0.08048191666603088 0.17913687229156494
v -0.008125027641654015 0.08440995961427689 0.18142415583133698
v -0.008114315569400787 0.08157462626695633 0.17844383418560028
v -0.008114315569400787 0.08157462626695633 0.17844383418560028
v -0.008125027641654015 0.08440995961427689 0.18142415583133698
v -0.00010166416177526116 0.08480119705200195 0.18120044469833374
v -0.008114315569400787 0.08157462626695633 0.17844383418560028
v -0.00010166416177526116 0.08480119705200195 0.18120044469833374
v -9.104680793825537e-05 0.0819554328918457 0.17822709679603577
v -9.104680793825537e-05 0.0819554328918457 0.17822709679603577
v -0.00010166416177526116 0.08480119705200195 0.18120044469833374
v 0.007915063761174679 0.08446116000413895 0.1814659982919693
v -9.104680793825537e-05 0.0819554328918457 0.17822709679603577
v 0.007915063761174679 0.08446116000413895 0.1814659982919693
v 0.007925613783299923 0.08160798251628876 0.17849761247634888
v 0.007925613783299923 0.08160798251628876 0.17849761247634888
v 0.007915063761174679 0.08446116000413895 0.1814659982919693
v 0.015925373882055283 0.08341380953788757 0.18220478296279907
v 0.007925613783299923 0.08160798251628876 0.17849761247634888
v 0.015925373882055283 0.08341380953788757 0.18220478296279907
v 0.015935970470309258 0.0805656909942627 0.17923301458358765
v 0.015935970470309258 0.0805656909942627 0.17923301458358765
v 0.015925373882055283 0.08341380953788757 0.18220478296279907
v 0.023928746581077576 0.08160175383090973 0.1834551990032196
v 0.015935970470309258 0.0805656909942627 0.17923301458358765
v 0.023928746581077576 0.08160175383090973 0.1834551990032196
v 0.023939432576298714 0.07876341789960861 0.18047688901424408
v 0.023939432576298714 0.07876341789960861 0.18047688901424408
v 0.023928746581077576 0.08160175383090973 0.1834551990032196
v 0.031924255192279816 0.0789230465888977 0.18528544902801514
v 0.023939432576298714 0.07876341789960861 0.18047688901424408
v 0.031924255192279816 0.0789230465888977 0.18528544902801514
v 0.031935010105371475 0.07609216868877411 0.18230214715003967
v 0.031144559383392334 0.088570237159729 0.191390722990036
v 0.03193500638008118 0.08848916739225388 0.19173455238342285
v 0.03191475197672844 0.08590734004974365 0.1903672069311142
v 0.03191475197672844 0.08590734004974365 0.1903672069311142
v 0.03193500638008118 0.08848916739225388 0.19173455238342285
v 0.039899762719869614 0.08207166939973831 0.19297152757644653
v 0.03191475197672844 0.08590734004974365 0.1903672069311142
v 0.039899762719869614 0.08207166939973831 0.19297152757644653
v 0.03191748261451721 0.08219243586063385 0.18797536194324493
v 0.03191748261451721 0.08219243586063385 0.18797536194324493
v 0.039899762719869614 0.08207166939973831 0.19297152757644653
v 0.039903368800878525 0.07845328003168106 0.19051511585712433
v 0.03191748261451721 0.08219243586063385 0.18797536194324493
v 0.039903368800878525 0.07845328003168106 0.19051511585712433
v 0.031924255192279816 0.0789230465888977 0.18528544902801514
v 0.031924255192279816 0.0789230465888977 0.18528544902801514
v 0.039903368800878525 0.07845328003168106 0.19051511585712433
v 0.03991061821579933 0.07523603737354279 0.18779031932353973
v 0.031924255192279816 0.0789230465888977 0.18528544902801514
v 0.03991061821579933 0.07523603737354279 0.18779031932353973
v 0.031935010105371475 0.07609216868877411 0.18230214715003967
v 0.031935010105371475 0.07609216868877411 0.18230214715003967
v 0.03991061821579933 0.07523603737354279 0.18779031932353973
v 0.03992140293121338 0.07240878790616989 0.18480458855628967
v 0.031935010105371475 0.07609216868877411 0.18230214715003967
v 0.03992140293121338 0.07240878790616989 0.18480458855628967
v 0.03194960951805115 0.07368557155132294 0.1790349781513214
v 0.03194960951805115 0.07368557155132294 0.1790349781513214
v 0.03992140293121338 0.07240878790616989 0.18480458855628967
v 0.03995309770107269 0.06787029653787613 0.17808645963668823
v 0.03194960951805115 0.07368557155132294 0.1790349781513214
v 0.03995309770107269 0.06787029653787613 0.17808645963668823
v 0.031967874616384506 0.07168279588222504 0.1754976361989975
v 0.031967874616384506 0.07168279588222504 0.1754976361989975
v 0.03995309770107269 0.06787029653787613 0.17808645963668823
v 0.03201441094279289 0.06877975910902023 0.16768528521060944
v 0.031967874616384506 0.07168279588222504 0.1754976361989975
v 0.03201441094279289 0.06877975910902023 0.16768528521060944
v 0.023995893076062202 0.0729384794831276 0.1697421371936798
v 0.023995893076062202 0.0729384794831276 0.1697421371936798
v 0.03201441094279289 0.06877975910902023 0.16768528521060944
v 0.024022068828344345 0.07180754840373993 0.16562148928642273
v 0.023995893076062202 0.0729384794831276 0.1697421371936798
v 0.024022068828344345 0.07180754840373993 0.16562148928642273
v 0.016020849347114563 0.07385675609111786 0.1642123907804489
v 0.016020849347114563 0.07385675609111786 0.1642123907804489
v 0.024022068828344345 0.07180754840373993 0.16562148928642273
v 0.016085051000118256 0.0729009285569191 0.15509726107120514
v 0.016020849347114563 0.07385675609111786 0.1642123907804489
v 0.016085051000118256 0.0729009285569191 0.15509726107120514
v 0.008043752051889896 0.07454878091812134 0.15883402526378632
v 0.008043752051889896 0.07454878091812134 0.15883402526378632
v 0.016085051000118256 0.0729009285569191 0.15509726107120514
v 0.008078989572823048 0.07441651821136475 0.1540452092885971
v 0.008043752051889896 0.07454878091812134 0.15883402526378632
v 0.008078989572823048 0.07441651821136475 0.1540452092885971
v 6.446844054153189e-05 0.07499983161687851 0.15361689031124115
v 6.446844054153189e-05 0.07499983161687851 0.15361689031124115
v 0.008078989572823048 0.07441651821136475 0.1540452092885971
v 0.00013734353706240654 0.0749998688697815 0.14386223256587982
v 6.446844054153189e-05 0.07499983161687851 0.15361689031124115
v 0.00013734353706240654 0.0749998688697815 0.14386223256587982
v -0.007960260845720768 0.074458047747612 0.1539413183927536
v -0.007960260845720768 0.074458047747612 0.1539413183927536
v 0.00013734353706240654 0.0749998688697815 0.14386223256587982
v -0.007887694984674454 0.07442402094602585 0.14420944452285767
v -0.007960260845720768 0.074458047747612 0.1539413183927536
v -0.007887694984674454 0.07442402094602585 0.14420944452285767
v -0.01599389687180519 0.07293455302715302 0.15492257475852966
v -0.01599389687180519 0.07293455302715302 0.15492257475852966
v -0.007887694984674454 0.07442402094602585 0.14420944452285767
v -0.015922965481877327 0.07272035628557205 0.14531125128269196
v -0.01599389687180519 0.07293455302715302 0.15492257475852966
v -0.015922965481877327 0.07272035628557205 0.14531125128269196
v -0.024036115035414696 0.07046522945165634 0.15653663873672485
v -0.024036115035414696 0.07046522945165634 0.15653663873672485
v -0.015922965481877327 0.07272035628557205 0.14531125128269196
v -0.023967623710632324 0.06998208910226822 0.14710526168346405
v -0.024036115035414696 0.07046522945165634 0.15653663873672485
v -0.023967623710632324 0.06998208910226822 0.14710526168346405
v -0.03208748996257782 0.06698670238256454 0.15882591903209686
v -0.03208748996257782 0.06698670238256454 0.15882591903209686
v -0.023967623710632324 0.06998208910226822 0.14710526168346405
v -0.03202154487371445 0.0662229135632515 0.14958231151103973
v -0.03208748996257782 0.06698670238256454 0.15882591903209686
v -0.03202154487371445 0.0662229135632515 0.14958231151103973
v -0.040148746222257614 0.062419116497039795 0.16184385120868683
v -0.040148746222257614 0.062419116497039795 0.16184385120868683
v -0.03202154487371445 0.0662229135632515 0.14958231151103973
v -0.040085483342409134 0.06135956943035126 0.1527981013059616
v -0.040148746222257614 0.062419116497039795 0.16184385120868683
v -0.040085483342409134 0.06135956943035126 0.1527981013059616
v -0.04822094365954399 0.05664556473493576 0.16566863656044006
v -0.04822094365954399 0.05664556473493576 0.16566863656044006
v -0.040085483342409134 0.06135956943035126 0.1527981013059616
v -0.04816048964858055 0.055276427417993546 0.15683002769947052
v -0.04822094365954399 0.05664556473493576 0.16566863656044006
v -0.04816048964858055 0.055276427417993546 0.15683002769947052
v -0.0563051737844944 0.049545932561159134 0.170380637049675
v -0.0563051737844944 0.049545932561159134 0.170380637049675
v -0.04816048964858055 0.055276427417993546 0.15683002769947052
v -0.056247711181640625 0.047847237437963486 0.1617625206708908
v -0.0563051737844944 0.049545932561159134 0.170380637049675
v -0.056247711181640625 0.047847237437963486 0.1617625206708908
v -0.06299973279237747 0.043107256293296814 0.17656642198562622
v -0.06299973279237747 0.043107256293296814 0.17656642198562622
v -0.056247711181640625 0.047847237437963486 0.1617625206708908
v -0.06299988925457001 0.041099242866039276 0.16935329139232635
v -1.2206012200977057e-08 -0.0879586786031723 0.18370874226093292
v -1.2264732340838691e-08 -0.0847252905368805 0.1811315417289734
v 0.007969490252435207 -0.08442496508359909 0.1814028024673462
v 0.055786505341529846 -0.04909149557352066 0.1693354696035385
v 0.04781700298190117 -0.05636672303080559 0.16276425123214722
v 0.04781700298190117 -0.0553898811340332 0.15265114605426788
v -0.007969514466822147 -0.07445264607667923 0.1244376003742218
v -1.1443638037178516e-08 -0.07500007003545761 0.12394315004348755
v -1.1887437700863757e-08 -0.07500024139881134 0.1459338366985321
v 0.04957234859466553 -0.09000008553266525 0.20371860265731812
v 0.05180175602436066 -0.08825530856847763 0.20543165504932404
v 0.051807716488838196 -0.0900002270936966 0.2057691514492035
v 0.02521575428545475 -0.09000004082918167 0.18936631083488464
v 0.023908495903015137 -0.08887902647256851 0.18837516009807587
v 0.031877998262643814 -0.08645916730165482 0.19056086242198944
v 0.023908495903015137 -0.08887902647256851 0.18837516009807587
v 0.02521575428545475 -0.09000004082918167 0.18936631083488464
v 0.017382461577653885 -0.0900004506111145 0.1870417445898056
v 0.0011735250009223819 -0.08999950438737869 0.18500961363315582
v 2.3165229734445347e-08 -0.08999935537576675 0.18500058352947235
v -1.2206012200977057e-08 -0.0879586786031723 0.18370874226093292
v -0.04783052206039429 -0.0899997279047966 0.20223145186901093
v -0.04781702905893326 -0.0866452008485794 0.20138825476169586
v -0.044712115079164505 -0.09000000357627869 0.19978566467761993
v -0.06300003081560135 -0.07505477964878082 0.2158074676990509
v -0.06300003081560135 -0.07148800045251846 0.21429654955863953
v -0.05977128446102142 -0.0758119523525238 0.2111731916666031
v -0.06300002336502075 -0.0450730137526989 0.18763169646263123
v -0.06300002336502075 -0.04389389976859093 0.18489524722099304
v -0.055786535143852234 -0.051466502249240875 0.17818570137023926
v -0.06300001591444016 -0.03949129581451416 0.1445786952972412
v -0.055786531418561935 -0.04816102981567383 0.12619420886039734
v -0.055786531418561935 -0.047602578997612 0.14868946373462677
v -0.06300000846385956 -0.039807405322790146 0.1217050850391388
v -0.05977128446102142 -0.04436895251274109 0.10762849450111389
v -0.055786531418561935 -0.0492158941924572 0.10325057804584503
v -0.055786531418561935 -0.047853145748376846 0.15945856273174286
v -0.06300001591444016 -0.039689671248197556 0.16698595881462097
v -0.06300001591444016 -0.03940786048769951 0.15869460999965668
v -0.06300002336502075 -0.04250317066907883 0.18104258179664612
v -0.06300002336502075 -0.041215743869543076 0.17644943296909332
v -0.055786535143852234 -0.04910324141383171 0.1693248599767685
v -0.055786535143852234 -0.04910324141383171 0.1693248599767685
v -0.06300002336502075 -0.041215743869543076 0.17644943296909332
v -0.06300002336502075 -0.040710750967264175 0.17415420711040497
v -0.06300003081560135 -0.06849482655525208 0.21279548108577728
v -0.06300003081560135 -0.06407401710748672 0.2101280838251114
v -0.055786535143852234 -0.07184501737356186 0.20376084744930267
v -0.055786535143852234 -0.07184501737356186 0.20376084744930267
v -0.06300003081560135 -0.06407401710748672 0.2101280838251114
v -0.06300003081560135 -0.06249849870800972 0.20902757346630096
v -0.055786535143852234 -0.07184501737356186 0.20376084744930267
v -0.06300003081560135 -0.06249849870800972 0.20902757346630096
v -0.055786535143852234 -0.06504688411951065 0.19890572130680084
v -0.055786535143852234 -0.06504688411951065 0.19890572130680084
v -0.06300003081560135 -0.06249849870800972 0.20902757346630096
v -0.06300003081560135 -0.057946499437093735 0.20531898736953735
v -0.055786535143852234 -0.06504688411951065 0.19890572130680084
v -0.06300003081560135 -0.057946499437093735 0.20531898736953735
v -0.06300003081560135 -0.05713092163205147 0.2045605629682541
v -0.05977128446102142 -0.08497351408004761 0.2138935923576355
v -0.06300003081560135 -0.08139291405677795 0.21780841052532196
v -0.06300003081560135 -0.08002878725528717 0.21744735538959503
v -0.06300003081560135 -0.08139291405677795 0.21780841052532196
v -0.05977128446102142 -0.08497351408004761 0.2138935923576355
v -0.06300003826618195 -0.08815164119005203 0.21909016370773315
v -0.06300003826618195 -0.08815164119005203 0.21909016370773315
v -0.05977128446102142 -0.08497351408004761 0.2138935923576355
v -0.061692312359809875 -0.08999981731176376 0.2173495590686798
v -0.06300003826618195 -0.08815164119005203 0.21909016370773315
v -0.061692312359809875 -0.08999981731176376 0.2173495590686798
v -0.06299997121095657 -0.09000001847743988 0.21930590271949768
v -0.055792372673749924 -0.09000029414892197 0.2098778635263443
v -0.05668460577726364 -0.09000032395124435 0.2108893245458603
v -0.05977128446102142 -0.08497351408004761 0.2138935923576355
v -0.05977128446102142 -0.08497351408004761 0.2138935923576355
v -0.05668460577726364 -0.09000032395124435 0.2108893245458603
v -0.05703042820096016 -0.09000032395124435 0.21129140257835388
v -0.05977128446102142 -0.08497351408004761 0.2138935923576355
v -0.05703042820096016 -0.09000032395124435 0.21129140257835388
v -0.061692312359809875 -0.08999981731176376 0.2173495590686798
v -0.055786531418561935 -0.08950731158256531 0.20979851484298706
v -0.055786531418561935 -0.08451502025127411 0.2088100165128708
v -0.05520834028720856 -0.09000027179718018 0.20923520624637604
v -0.05520834028720856 -0.09000027179718018 0.20923520624637604
v -0.055786531418561935 -0.08451502025127411 0.2088100165128708
v -0.051801782101392746 -0.08825840055942535 0.2054288685321808
v -0.05520834028720856 -0.09000027179718018 0.20923520624637604
v -0.051801782101392746 -0.08825840055942535 0.2054288685321808
v -0.051808103919029236 -0.0900001972913742 0.20576953887939453
v -0.051808103919029236 -0.0900001972913742 0.20576953887939453
v -0.051801782101392746 -0.08825840055942535 0.2054288685321808
v -0.05099941045045853 -0.09000011533498764 0.20500843226909637
v -0.03789235278964043 -0.09000027924776077 0.1952759325504303
v -0.0398598313331604 -0.09000017493963242 0.19646887481212616
v -0.03984752669930458 -0.08708540350198746 0.1954929381608963
v -0.03984752669930458 -0.08708540350198746 0.1954929381608963
v -0.0398598313331604 -0.09000017493963242 0.19646887481212616
v -0.044712115079164505 -0.09000000357627869 0.19978566467761993
v -0.03984752669930458 -0.08708540350198746 0.1954929381608963
v -0.044712115079164505 -0.09000000357627869 0.19978566467761993
v -0.04781702905893326 -0.0822296217083931 0.19987884163856506
v -0.04781702905893326 -0.0822296217083931 0.19987884163856506
v -0.044712115079164505 -0.09000000357627869 0.19978566467761993
v -0.04781702905893326 -0.0866452008485794 0.20138825476169586
v -0.04781702905893326 -0.0822296217083931 0.19987884163856506
v -0.04781702905893326 -0.0866452008485794 0.20138825476169586
v -0.055786531418561935 -0.07993102818727493 0.2074527144432068
v -0.03984752669930458 -0.0829901471734047 0.19369420409202576
v -0.0318780243396759 -0.0864592045545578 0.19056083261966705
v -0.030622920021414757 -0.09000030159950256 0.19153684377670288
v -0.030622920021414757 -0.09000030159950256 0.19153684377670288
v -0.0318780243396759 -0.0864592045545578 0.19056083261966705
v -0.023908520117402077 -0.08887899667024612 0.18837518990039825
v -0.030622920021414757 -0.09000030159950256 0.19153684377670288
v -0.023908520117402077 -0.08887899667024612 0.18837518990039825
v -0.02298828586935997 -0.09000043570995331 0.18860988318920135
v 0.0011735250009223819 -0.08999950438737869 0.18500961363315582
v -1.2206012200977057e-08 -0.0879586786031723 0.18370874226093292
v 0.009330063126981258 -0.09000010788440704 0.18558330833911896
v -1.2206012200977057e-08 -0.0879586786031723 0.18370874226093292
v 0.007969490252435207 -0.08766664564609528 0.1839725226163864
v 0.009330063126981258 -0.09000010788440704 0.18558330833911896
v 0.009330063126981258 -0.09000010788440704 0.18558330833911896
v 0.007969490252435207 -0.08766664564609528 0.1839725226163864
v 0.01593899354338646 -0.08677065372467041 0.18478180468082428
v 0.009330063126981258 -0.09000010788440704 0.18558330833911896
v 0.01593899354338646 -0.08677065372467041 0.18478180468082428
v 0.016073262318968773 -0.09000059962272644 0.1867421418428421
v 0.04781700298190117 -0.07819458842277527 0.19802570343017578
v 0.03984750062227249 -0.08708195388317108 0.19549605250358582
v 0.03984750062227249 -0.08298365026712418 0.19370006024837494
v 0.03984750062227249 -0.08298365026712418 0.19370006024837494
v 0.03984750062227249 -0.08708195388317108 0.19549605250358582
v 0.032756198197603226 -0.0900002270936966 0.1925310492515564
v 0.03984750062227249 -0.08298365026712418 0.19370006024837494
v 0.032756198197603226 -0.0900002270936966 0.1925310492515564
v 0.031877998262643814 -0.08645916730165482 0.19056086242198944
v 0.031877998262643814 -0.08645916730165482 0.19056086242198944
v 0.032756198197603226 -0.0900002270936966 0.1925310492515564
v 0.03139951825141907 -0.0900002270936966 0.19188916683197021
v 0.031877998262643814 -0.08645916730165482 0.19056086242198944
v 0.03139951825141907 -0.0900002270936966 0.19188916683197021
v 0.02521575428545475 -0.09000004082918167 0.18936631083488464
v 0.04526656121015549 -0.09000007808208466 0.2002011388540268
v 0.04781700298190117 -0.08663972467184067 0.20139318704605103
v 0.04658251628279686 -0.08999998867511749 0.2012203335762024
v 0.04658251628279686 -0.08999998867511749 0.2012203335762024
v 0.04781700298190117 -0.08663972467184067 0.20139318704605103
v 0.04782596603035927 -0.0899999663233757 0.2022274136543274
v 0.04782596603035927 -0.0899999663233757 0.2022274136543274
v 0.04781700298190117 -0.08663972467184067 0.20139318704605103
v 0.04957234859466553 -0.09000008553266525 0.20371860265731812
v 0.04957234859466553 -0.09000008553266525 0.20371860265731812
v 0.04781700298190117 -0.08663972467184067 0.20139318704605103
v 0.05180175602436066 -0.08351747691631317 0.20421330630779266
v 0.04957234859466553 -0.09000008553266525 0.20371860265731812
v 0.05180175602436066 -0.08351747691631317 0.20421330630779266
v 0.05180175602436066 -0.08825530856847763 0.20543165504932404
v 0.051807716488838196 -0.0900002270936966 0.2057691514492035
v 0.05180175602436066 -0.08825530856847763 0.20543165504932404
v 0.0527021586894989 -0.0900002047419548 0.20663796365261078
v 0.0527021586894989 -0.0900002047419548 0.20663796365261078
v 0.05180175602436066 -0.08825530856847763 0.20543165504932404
v 0.055786509066820145 -0.08950623124837875 0.20979948341846466
v 0.0527021586894989 -0.0900002047419548 0.20663796365261078
v 0.055786509066820145 -0.08950623124837875 0.20979948341846466
v 0.057030338793992996 -0.09000034630298615 0.21129149198532104
v 0.05977420136332512 -0.08999999612569809 0.21470066905021667
v 0.05819939076900482 -0.09000027924776077 0.21269457042217255
v 0.059771258383989334 -0.08496714383363724 0.21389934420585632
v 0.059771258383989334 -0.08496714383363724 0.21389934420585632
v 0.05819939076900482 -0.09000027924776077 0.21269457042217255
v 0.057030338793992996 -0.09000034630298615 0.21129149198532104
v 0.059771258383989334 -0.08496714383363724 0.21389934420585632
v 0.06300000846385956 -0.081397145986557 0.2178099900484085
v 0.06300000846385956 -0.08813948929309845 0.21908943355083466
v 0.05977420136332512 -0.08999999612569809 0.21470066905021667
v 0.059771258383989334 -0.08496714383363724 0.21389934420585632
v 0.05978020280599594 -0.08999999612569809 0.2147085964679718
v 0.05978020280599594 -0.08999999612569809 0.2147085964679718
v 0.059771258383989334 -0.08496714383363724 0.21389934420585632
v 0.06300000846385956 -0.08813948929309845 0.21908943355083466
v 0.05978020280599594 -0.08999999612569809 0.2147085964679718
v 0.06300000846385956 -0.08813948929309845 0.21908943355083466
v 0.06299994885921478 -0.09000006318092346 0.21930578351020813
v 0.055786505341529846 -0.07569906115531921 0.20577745139598846
v 0.06300000846385956 -0.07205259054899216 0.21456876397132874
v 0.059771258383989334 -0.07579721510410309 0.2111864984035492
v 0.059771258383989334 -0.07579721510410309 0.2111864984035492
v 0.06300000846385956 -0.07205259054899216 0.21456876397132874
v 0.06300000846385956 -0.07501545548439026 0.21580012142658234
v 0.059771258383989334 -0.07579721510410309 0.2111864984035492
v 0.06300000846385956 -0.07501545548439026 0.21580012142658234
v 0.059771258383989334 -0.08496714383363724 0.21389934420585632
v 0.059771258383989334 -0.08496714383363724 0.21389934420585632
v 0.06300000846385956 -0.07501545548439026 0.21580012142658234
v 0.06300000846385956 -0.08002398163080215 0.21744707226753235
v 0.059771258383989334 -0.08496714383363724 0.21389934420585632
v 0.06300000846385956 -0.08002398163080215 0.21744707226753235
v 0.06300000846385956 -0.081397145986557 0.2178099900484085
v 0.055786505341529846 -0.07182253897190094 0.2037811428308487
v 0.06300000846385956 -0.06843516230583191 0.2127782106399536
v 0.055786505341529846 -0.07569906115531921 0.20577745139598846
v 0.055786505341529846 -0.07569906115531921 0.20577745139598846
v 0.06300000846385956 -0.06843516230583191 0.2127782106399536
v 0.06300000846385956 -0.07147752493619919 0.21430596709251404
v 0.055786505341529846 -0.07569906115531921 0.20577745139598846
v 0.06300000846385956 -0.07147752493619919 0.21430596709251404
v 0.06300000846385956 -0.07205259054899216 0.21456876397132874
v 0.06300000846385956 -0.057092927396297455 0.20454666018486023
v 0.06300000846385956 -0.057934489101171494 0.20532986521720886
v 0.055786505341529846 -0.06502078473567963 0.1989292949438095
v 0.055786505341529846 -0.06502078473567963 0.1989292949438095
v 0.06300000846385956 -0.057934489101171494 0.20532986521720886
v 0.06300000846385956 -0.06245626136660576 0.209013894200325
v 0.055786505341529846 -0.06502078473567963 0.1989292949438095
v 0.06300000846385956 -0.06245626136660576 0.209013894200325
v 0.055786505341529846 -0.07182253897190094 0.2037811428308487
v 0.055786505341529846 -0.07182253897190094 0.2037811428308487
v 0.06300000846385956 -0.06245626136660576 0.209013894200325
v 0.06300000846385956 -0.06406362354755402 0.21013659238815308
v 0.055786505341529846 -0.07182253897190094 0.2037811428308487
v 0.06300000846385956 -0.06406362354755402 0.21013659238815308
v 0.06300000846385956 -0.06843516230583191 0.2127782106399536
v 0.055786505341529846 -0.059399448335170746 0.19301123917102814
v 0.06300000846385956 -0.05237999185919762 0.19944199919700623
v 0.06300000846385956 -0.057092927396297455 0.20454666018486023
v 0.055786505341529846 -0.05488886311650276 0.18608993291854858
v 0.06300000101327896 -0.048352569341659546 0.19376319646835327
v 0.06300000846385956 -0.05237999185919762 0.19944199919700623
v 0.055786505341529846 -0.051452264189720154 0.17819856107234955
v 0.06300000101327896 -0.043890152126550674 0.18490049242973328
v 0.06300000101327896 -0.0450427271425724 0.18758444488048553
v 0.055786509066820145 -0.04813616722822189 0.12621666491031647
v 0.06300000101327896 -0.039402492344379425 0.15856754779815674
v 0.055786509066820145 -0.047587182372808456 0.14870336651802063
v 0.055786509066820145 -0.047587182372808456 0.14870336651802063
v 0.06300000101327896 -0.039402492344379425 0.15856754779815674
v 0.06300000101327896 -0.03967752307653427 0.16692374646663666
v 0.055786509066820145 -0.047587182372808456 0.14870336651802063
v 0.06300000101327896 -0.03967752307653427 0.16692374646663666
v 0.055786505341529846 -0.047839418053627014 0.15947096049785614
v 0.055786505341529846 -0.047839418053627014 0.15947096049785614
v 0.06300000101327896 -0.03967752307653427 0.16692374646663666
v 0.06300000101327896 -0.04069444537162781 0.17410770058631897
v 0.055786505341529846 -0.047839418053627014 0.15947096049785614
v 0.06300000101327896 -0.04069444537162781 0.17410770058631897
v 0.055786505341529846 -0.04909149557352066 0.1693354696035385
v 0.055786505341529846 -0.04909149557352066 0.1693354696035385
v 0.06300000101327896 -0.04069444537162781 0.17410770058631897
v 0.06300000101327896 -0.04120958596467972 0.17645497620105743
v 0.055786505341529846 -0.04909149557352066 0.1693354696035385
v 0.06300000101327896 -0.04120958596467972 0.17645497620105743
v 0.06300000101327896 -0.04248708859086037 0.1810116022825241
v 0.059771258383989334 -0.04435132443904877 0.10764442384243011
v 0.06300000101327896 -0.039805542677640915 0.12145741283893585
v 0.055786509066820145 -0.04813616722822189 0.12621666491031647
v 0.055786509066820145 -0.04813616722822189 0.12621666491031647
v 0.06300000101327896 -0.039805542677640915 0.12145741283893585
v 0.06300000101327896 -0.03948918730020523 0.14420098066329956
v 0.055786509066820145 -0.04813616722822189 0.12621666491031647
v 0.06300000101327896 -0.03948918730020523 0.14420098066329956
v 0.06300000101327896 -0.039402492344379425 0.15856754779815674
v 0.055786509066820145 -0.04813616722822189 0.12621666491031647
v 0.055786509066820145 -0.04919719323515892 0.10326747596263885
v 0.059771258383989334 -0.04435132443904877 0.10764442384243011
v 0.059771258383989334 -0.04435132443904877 0.10764442384243011
v 0.055786509066820145 -0.04919719323515892 0.10326747596263885
v 0.06169237568974495 -0.042650558054447174 0.08999988436698914
v 0.059771258383989334 -0.04435132443904877 0.10764442384243011
v 0.06169237568974495 -0.042650558054447174 0.08999988436698914
v 0.06300000101327896 -0.039805542677640915 0.12145741283893585
v 0.06300000101327896 -0.039805542677640915 0.12145741283893585
v 0.06169237568974495 -0.042650558054447174 0.08999988436698914
v 0.06300000101327896 -0.04069412499666214 0.08999992907047272
v 0.037890151143074036 -0.06472495198249817 0.09000018239021301
v 0.039156749844551086 -0.06396661698818207 0.09000025689601898
v 0.03984750434756279 -0.06351397931575775 0.09033608436584473
v 0.03984750434756279 -0.06351397931575775 0.09033608436584473
v 0.039156749844551086 -0.06396661698818207 0.09000025689601898
v 0.03984391689300537 -0.06354085355997086 0.09000027179718018
v 0.03984750434756279 -0.06351397931575775 0.09033608436584473
v 0.03984391689300537 -0.06354085355997086 0.09000027179718018
v 0.043830085545778275 -0.060859814286231995 0.08999998867511749
v 0.03984750434756279 -0.06215646490454674 0.11355307698249817
v 0.031877998262643814 -0.0669933408498764 0.10918425023555756
v 0.03187646344304085 -0.06788892298936844 0.09000010788440704
v 0.03187646344304085 -0.06788892298936844 0.09000010788440704
v 0.031877998262643814 -0.0669933408498764 0.10918425023555756
v 0.03061932697892189 -0.06846512854099274 0.09000010788440704
v 0.03061932697892189 -0.06846512854099274 0.09000010788440704
v 0.031877998262643814 -0.0669933408498764 0.10918425023555756
v 0.023908497765660286 -0.07059227675199509 0.10593357682228088
v 0.03061932697892189 -0.06846512854099274 0.09000010788440704
v 0.023908497765660286 -0.07059227675199509 0.10593357682228088
v 0.022984327748417854 -0.07139122486114502 0.09000027179718018
v 0.022984327748417854 -0.07139122486114502 0.09000027179718018
v 0.023908497765660286 -0.07059227675199509 0.10593357682228088
v 0.01593899540603161 -0.07307734340429306 0.10368898510932922
v 0.022984327748417854 -0.07139122486114502 0.09000027179718018
v 0.01593899540603161 -0.07307734340429306 0.10368898510932922
v 0.015078779309988022 -0.0734686404466629 0.09000003337860107
v 0.015078779309988022 -0.0734686404466629 0.09000003337860107
v 0.01593899540603161 -0.07307734340429306 0.10368898510932922
v 0.007969492115080357 -0.07452636957168579 0.10238017141819
v 0.015078779309988022 -0.0734686404466629 0.09000003337860107
v 0.007969492115080357 -0.07452636957168579 0.10238017141819
v 0.006989159621298313 -0.07467346638441086 0.0899999737739563
v 0.006989159621298313 -0.07467346638441086 0.0899999737739563
v 0.007969492115080357 -0.07452636957168579 0.10238017141819
v -1.0999833932601177e-08 -0.07499998807907104 0.10195238888263702
v 0.006989159621298313 -0.07467346638441086 0.0899999737739563
v -1.0999833932601177e-08 -0.07499998807907104 0.10195238888263702
v -0.0011821313528344035 -0.07499083131551743 0.08999985456466675
v -0.0011821313528344035 -0.07499083131551743 0.08999985456466675
v -1.0999833932601177e-08 -0.07499998807907104 0.10195238888263702
v -0.007969513535499573 -0.07452363520860672 0.10238264501094818
v -0.0011821313528344035 -0.07499083131551743 0.08999985456466675
v -0.007969513535499573 -0.07452363520860672 0.10238264501094818
v -0.009336098097264767 -0.07441633194684982 0.0899997353553772
v -0.009336098097264767 -0.07441633194684982 0.0899997353553772
v -0.007969513535499573 -0.07452363520860672 0.10238264501094818
v -0.0159390177577734 -0.0730740875005722 0.10369192063808441
v -0.009336098097264767 -0.07441633194684982 0.0899997353553772
v -0.0159390177577734 -0.0730740875005722 0.10369192063808441
v -0.01738475263118744 -0.07295746356248856 0.08999986946582794
v -0.03984752669930458 -0.062163423746824265 0.11354678869247437
v -0.03275701776146889 -0.06746865063905716 0.08999983966350555
v -0.0318780243396759 -0.06699153780937195 0.10918587446212769
v -0.0318780243396759 -0.06699153780937195 0.10918587446212769
v -0.03275701776146889 -0.06746865063905716 0.08999983966350555
v -0.025219103321433067 -0.07063272595405579 0.09000003337860107
v -0.0318780243396759 -0.06699153780937195 0.10918587446212769
v -0.025219103321433067 -0.07063272595405579 0.09000003337860107
v -0.023908520117402077 -0.07059107720851898 0.10593466460704803
v -0.03984752669930458 -0.06351445615291595 0.0903356522321701
v -0.04383227601647377 -0.06063225492835045 0.09293895959854126
v -0.03990797698497772 -0.06350063532590866 0.0900001972913742
v -0.03990797698497772 -0.06350063532590866 0.0900001972913742
v -0.04383227601647377 -0.06063225492835045 0.09293895959854126
v -0.0465833880007267 -0.0587790422141552 0.09000007808208466
v -0.06300001591444016 -0.03949129581451416 0.1445786952972412
v -0.06300000846385956 -0.039807405322790146 0.1217050850391388
v -0.055786531418561935 -0.04816102981567383 0.12619420886039734
v -0.055786531418561935 -0.04816102981567383 0.12619420886039734
v -0.06300000846385956 -0.039807405322790146 0.1217050850391388
v -0.055786531418561935 -0.0492158941924572 0.10325057804584503
v -0.055786531418561935 -0.04816102981567383 0.12619420886039734
v -0.055786531418561935 -0.0492158941924572 0.10325057804584503
v -0.04781702905893326 -0.05594664067029953 0.11916199326515198
v -0.055786531418561935 -0.0492158941924572 0.10325057804584503
v -0.051801782101392746 -0.05351867899298668 0.09936417639255524
v -0.04781702905893326 -0.05594664067029953 0.11916199326515198
v -0.04781702905893326 -0.05594664067029953 0.11916199326515198
v -0.051801782101392746 -0.05351867899298668 0.09936417639255524
v -0.04781702905893326 -0.057312242686748505 0.09593769907951355
v -0.04781702905893326 -0.05594664067029953 0.11916199326515198
v -0.04781702905893326 -0.057312242686748505 0.09593769907951355
v -0.03984752669930458 -0.062163423746824265 0.11354678869247437
v -0.03990797698497772 -0.06350063532590866 0.0900001972913742
v -0.03275701776146889 -0.06746865063905716 0.08999983966350555
v -0.03984752669930458 -0.06351445615291595 0.0903356522321701
v -0.03984752669930458 -0.06351445615291595 0.0903356522321701
v -0.03275701776146889 -0.06746865063905716 0.08999983966350555
v -0.03984752669930458 -0.062163423746824265 0.11354678869247437
v -0.03984752669930458 -0.06351445615291595 0.0903356522321701
v -0.03984752669930458 -0.062163423746824265 0.11354678869247437
v -0.04383227601647377 -0.06063225492835045 0.09293895959854126
v -0.04383227601647377 -0.06063225492835045 0.09293895959854126
v -0.03984752669930458 -0.062163423746824265 0.11354678869247437
v -0.04781702905893326 -0.057312242686748505 0.09593769907951355
v -0.04383227601647377 -0.06063225492835045 0.09293895959854126
v -0.04781702905893326 -0.057312242686748505 0.09593769907951355
v -0.0465833880007267 -0.0587790422141552 0.09000007808208466
v -0.0465833880007267 -0.0587790422141552 0.09000007808208466
v -0.04781702905893326 -0.057312242686748505 0.09593769907951355
v -0.051801782101392746 -0.05351867899298668 0.09936417639255524
v -0.0465833880007267 -0.0587790422141552 0.09000007808208466
v -0.051801782101392746 -0.05351867899298668 0.09936417639255524
v -0.052704308182001114 -0.05335988476872444 0.08999985456466675
v -0.052704308182001114 -0.05335988476872444 0.08999985456466675
v -0.051801782101392746 -0.05351867899298668 0.09936417639255524
v -0.055786531418561935 -0.0492158941924572 0.10325057804584503
v -0.052704308182001114 -0.05335988476872444 0.08999985456466675
v -0.055786531418561935 -0.0492158941924572 0.10325057804584503
v -0.05820028483867645 -0.04730446636676788 0.08999975025653839
v -0.05820028483867645 -0.04730446636676788 0.08999975025653839
v -0.055786531418561935 -0.0492158941924572 0.10325057804584503
v -0.05977128446102142 -0.04436895251274109 0.10762849450111389
v -0.05820028483867645 -0.04730446636676788 0.08999975025653839
v -0.05977128446102142 -0.04436895251274109 0.10762849450111389
v -0.06300000101327896 -0.040694158524274826 0.08999991416931152
v -0.06300000101327896 -0.040694158524274826 0.08999991416931152
v -0.05977128446102142 -0.04436895251274109 0.10762849450111389
v -0.06300000846385956 -0.039807405322790146 0.1217050850391388
v -0.0159390177577734 -0.07284672558307648 0.147878959774971
v -0.023908520117402077 -0.07034117728471756 0.15014205873012543
v -0.023908520117402077 -0.07007989287376404 0.13938264548778534
v -0.023908520117402077 -0.07007989287376404 0.13938264548778534
v -0.023908520117402077 -0.07034117728471756 0.15014205873012543
v -0.0318780243396759 -0.06684726476669312 0.15329787135124207
v -0.023908520117402077 -0.07007989287376404 0.13938264548778534
v -0.0318780243396759 -0.06684726476669312 0.15329787135124207
v -0.0318780243396759 -0.0663566142320633 0.14274562895298004
v -0.0318780243396759 -0.0663566142320633 0.14274562895298004
v -0.0318780243396759 -0.06684726476669312 0.15329787135124207
v -0.03984752669930458 -0.062240853905677795 0.15745854377746582
v -0.0318780243396759 -0.0663566142320633 0.14274562895298004
v -0.03984752669930458 -0.062240853905677795 0.15745854377746582
v -0.03984752669930458 -0.061512526124715805 0.14712096750736237
v -0.03984752669930458 -0.061512526124715805 0.14712096750736237
v -0.03984752669930458 -0.062240853905677795 0.15745854377746582
v -0.04781702905893326 -0.05637440085411072 0.16275730729103088
v -0.03984752669930458 -0.061512526124715805 0.14712096750736237
v -0.04781702905893326 -0.05637440085411072 0.16275730729103088
v -0.04781702905893326 -0.05539930984377861 0.152642622590065
v -0.04781702905893326 -0.05539930984377861 0.152642622590065
v -0.04781702905893326 -0.05637440085411072 0.16275730729103088
v -0.055786535143852234 -0.04910324141383171 0.1693248599767685
v -0.04781702905893326 -0.05539930984377861 0.152642622590065
v -0.055786535143852234 -0.04910324141383171 0.1693248599767685
v -0.055786531418561935 -0.047853145748376846 0.15945856273174286
v -0.055786531418561935 -0.047853145748376846 0.15945856273174286
v -0.055786535143852234 -0.04910324141383171 0.1693248599767685
v -0.06300002336502075 -0.040710750967264175 0.17415420711040497
v -0.055786531418561935 -0.047853145748376846 0.15945856273174286
v -0.06300002336502075 -0.040710750967264175 0.17415420711040497
v -0.06300001591444016 -0.039689671248197556 0.16698595881462097
v -0.055786531418561935 -0.047602578997612 0.14868946373462677
v -0.055786531418561935 -0.04816102981567383 0.12619420886039734
v -0.04781702905893326 -0.055206798017024994 0.14182108640670776
v -0.04781702905893326 -0.055206798017024994 0.14182108640670776
v -0.055786531418561935 -0.04816102981567383 0.12619420886039734
v -0.04781702905893326 -0.05594664067029953 0.11916199326515198
v -0.04781702905893326 -0.055206798017024994 0.14182108640670776
v -0.04781702905893326 -0.05594664067029953 0.11916199326515198
v -0.03984752669930458 -0.061411336064338684 0.136216938495636
v -0.03984752669930458 -0.061411336064338684 0.136216938495636
v -0.04781702905893326 -0.05594664067029953 0.11916199326515198
v -0.03984752669930458 -0.062163423746824265 0.11354678869247437
v -0.03984752669930458 -0.061411336064338684 0.136216938495636
v -0.03984752669930458 -0.062163423746824265 0.11354678869247437
v -0.0318780243396759 -0.06634446978569031 0.13176117837429047
v -0.0318780243396759 -0.06634446978569031 0.13176117837429047
v -0.03984752669930458 -0.062163423746824265 0.11354678869247437
v -0.0318780243396759 -0.06699153780937195 0.10918587446212769
v -0.0318780243396759 -0.06634446978569031 0.13176117837429047
v -0.0318780243396759 -0.06699153780937195 0.10918587446212769
v -0.023908520117402077 -0.07012146711349487 0.1283496618270874
v -0.023908520117402077 -0.07012146711349487 0.1283496618270874
v -0.0318780243396759 -0.06699153780937195 0.10918587446212769
v -0.023908520117402077 -0.07059107720851898 0.10593466460704803
v -0.023908520117402077 -0.07012146711349487 0.1283496618270874
v -0.023908520117402077 -0.07059107720851898 0.10593466460704803
v -0.0159390177577734 -0.0728210061788559 0.12591135501861572
v -1.1887437700863757e-08 -0.07500024139881134 0.1459338366985321
v -1.1443638037178516e-08 -0.07500007003545761 0.12394315004348755
v 0.007969491183757782 -0.07443463802337646 0.14644470810890198
v 0.007969491183757782 -0.07443463802337646 0.14644470810890198
v -1.1443638037178516e-08 -0.07500007003545761 0.12394315004348755
v 0.007969491183757782 -0.07445705682039261 0.12443362176418304
v 0.007969491183757782 -0.07443463802337646 0.14644470810890198
v 0.007969491183757782 -0.07445705682039261 0.12443362176418304
v 0.01593899354338646 -0.0728272795677185 0.12590567767620087
v 0.01593899354338646 -0.07285632938146591 0.1478702872991562
v 0.007969491183757782 -0.07443463802337646 0.14644470810890198
v 0.01593899354338646 -0.0727776437997818 0.1369459480047226
v 0.01593899354338646 -0.0727776437997818 0.1369459480047226
v 0.007969491183757782 -0.07443463802337646 0.14644470810890198
v 0.01593899354338646 -0.0728272795677185 0.12590567767620087
v 0.01593899354338646 -0.0727776437997818 0.1369459480047226
v 0.01593899354338646 -0.0728272795677185 0.12590567767620087
v 0.023908495903015137 -0.07008907198905945 0.13937434554100037
v 0.023908495903015137 -0.07008907198905945 0.13937434554100037
v 0.01593899354338646 -0.0728272795677185 0.12590567767620087
v 0.023908497765660286 -0.07013184577226639 0.12834028899669647
v 0.023908495903015137 -0.07008907198905945 0.13937434554100037
v 0.023908497765660286 -0.07013184577226639 0.12834028899669647
v 0.031877998262643814 -0.06636539846658707 0.14273770153522491
v 0.031877998262643814 -0.06636539846658707 0.14273770153522491
v 0.023908497765660286 -0.07013184577226639 0.12834028899669647
v 0.031877998262643814 -0.06635110080242157 0.13175518810749054
v 0.031877998262643814 -0.06636539846658707 0.14273770153522491
v 0.031877998262643814 -0.06635110080242157 0.13175518810749054
v 0.03984750062227249 -0.0615137554705143 0.14711984992027283
v 0.03984750062227249 -0.0615137554705143 0.14711984992027283
v 0.031877998262643814 -0.06635110080242157 0.13175518810749054
v 0.03984750062227249 -0.061408959329128265 0.1362190842628479
v 0.01593899354338646 -0.07285632938146591 0.1478702872991562
v 0.01593899354338646 -0.0727776437997818 0.1369459480047226
v 0.023908495903015137 -0.07035254687070847 0.15013179183006287
v 0.023908495903015137 -0.07035254687070847 0.15013179183006287
v 0.01593899354338646 -0.0727776437997818 0.1369459480047226
v 0.023908495903015137 -0.07008907198905945 0.13937434554100037
v 0.023908495903015137 -0.07035254687070847 0.15013179183006287
v 0.023908495903015137 -0.07008907198905945 0.13937434554100037
v 0.031877998262643814 -0.0668553039431572 0.15329061448574066
v 0.031877998262643814 -0.0668553039431572 0.15329061448574066
v 0.023908495903015137 -0.07008907198905945 0.13937434554100037
v 0.031877998262643814 -0.06636539846658707 0.14273770153522491
v 0.031877998262643814 -0.0668553039431572 0.15329061448574066
v 0.031877998262643814 -0.06636539846658707 0.14273770153522491
v 0.03984750062227249 -0.06224162504076958 0.1574578434228897
v 0.03984750062227249 -0.06224162504076958 0.1574578434228897
v 0.031877998262643814 -0.06636539846658707 0.14273770153522491
v 0.03984750062227249 -0.0615137554705143 0.14711984992027283
v 0.03984750062227249 -0.06224162504076958 0.1574578434228897
v 0.03984750062227249 -0.0615137554705143 0.14711984992027283
v 0.04781700298190117 -0.05636672303080559 0.16276425123214722
v 0.03984750434756279 -0.06215646490454674 0.11355307698249817
v 0.03984750062227249 -0.061408959329128265 0.1362190842628479
v 0.031877998262643814 -0.0669933408498764 0.10918425023555756
v 0.031877998262643814 -0.0669933408498764 0.10918425023555756
v 0.03984750062227249 -0.061408959329128265 0.1362190842628479
v 0.031877998262643814 -0.06635110080242157 0.13175518810749054
v 0.031877998262643814 -0.0669933408498764 0.10918425023555756
v 0.031877998262643814 -0.06635110080242157 0.13175518810749054
v 0.023908497765660286 -0.07059227675199509 0.10593357682228088
v 0.023908497765660286 -0.07059227675199509 0.10593357682228088
v 0.031877998262643814 -0.06635110080242157 0.13175518810749054
v 0.023908497765660286 -0.07013184577226639 0.12834028899669647
v 0.023908497765660286 -0.07059227675199509 0.10593357682228088
v 0.023908497765660286 -0.07013184577226639 0.12834028899669647
v 0.01593899540603161 -0.07307734340429306 0.10368898510932922
v 0.01593899540603161 -0.07307734340429306 0.10368898510932922
v 0.023908497765660286 -0.07013184577226639 0.12834028899669647
v 0.01593899354338646 -0.0728272795677185 0.12590567767620087
v 0.01593899540603161 -0.07307734340429306 0.10368898510932922
v 0.01593899354338646 -0.0728272795677185 0.12590567767620087
v 0.007969492115080357 -0.07452636957168579 0.10238017141819
v 0.007969492115080357 -0.07452636957168579 0.10238017141819
v 0.01593899354338646 -0.0728272795677185 0.12590567767620087
v 0.007969491183757782 -0.07445705682039261 0.12443362176418304
v 0.007969492115080357 -0.07452636957168579 0.10238017141819
v 0.007969491183757782 -0.07445705682039261 0.12443362176418304
v -1.0999833932601177e-08 -0.07499998807907104 0.10195238888263702
v -1.0999833932601177e-08 -0.07499998807907104 0.10195238888263702
v 0.007969491183757782 -0.07445705682039261 0.12443362176418304
v -1.1443638037178516e-08 -0.07500007003545761 0.12394315004348755
v -1.0999833932601177e-08 -0.07499998807907104 0.10195238888263702
v -1.1443638037178516e-08 -0.07500007003545761 0.12394315004348755
v -0.007969513535499573 -0.07452363520860672 0.10238264501094818
v -0.007969513535499573 -0.07452363520860672 0.10238264501094818
v -1.1443638037178516e-08 -0.07500007003545761 0.12394315004348755
v -0.007969514466822147 -0.07445264607667923 0.1244376003742218
v -0.007969513535499573 -0.07452363520860672 0.10238264501094818
v -0.007969514466822147 -0.07445264607667923 0.1244376003742218
v -0.0159390177577734 -0.0730740875005722 0.10369192063808441
v 0.04781700670719147 -0.05592626705765724 0.11918039619922638
v 0.04781700670719147 -0.05730209872126579 0.09594686329364777
v 0.05180175602436066 -0.05350327119231224 0.0993780791759491
v 0.05180175602436066 -0.05350327119231224 0.0993780791759491
v 0.04781700670719147 -0.05730209872126579 0.09594686329364777
v 0.05099937319755554 -0.054991647601127625 0.08999985456466675
v 0.05180175602436066 -0.05350327119231224 0.0993780791759491
v 0.05099937319755554 -0.054991647601127625 0.08999985456466675
v 0.05668032541871071 -0.049115393310785294 0.08999983966350555
v 0.055786505341529846 -0.04909149557352066 0.1693354696035385
v 0.04781700298190117 -0.0553898811340332 0.15265114605426788
v 0.055786505341529846 -0.047839418053627014 0.15947096049785614
v 0.055786505341529846 -0.047839418053627014 0.15947096049785614
v 0.04781700298190117 -0.0553898811340332 0.15265114605426788
v 0.04781700298190117 -0.05519510805606842 0.1418316513299942
v 0.055786505341529846 -0.047839418053627014 0.15947096049785614
v 0.04781700298190117 -0.05519510805606842 0.1418316513299942
v 0.055786509066820145 -0.047587182372808456 0.14870336651802063
v 0.055786509066820145 -0.047587182372808456 0.14870336651802063
v 0.04781700298190117 -0.05519510805606842 0.1418316513299942
v 0.04781700670719147 -0.05592626705765724 0.11918039619922638
v 0.055786509066820145 -0.047587182372808456 0.14870336651802063
v 0.04781700670719147 -0.05592626705765724 0.11918039619922638
v 0.055786509066820145 -0.04813616722822189 0.12621666491031647
v 0.055786509066820145 -0.04813616722822189 0.12621666491031647
v 0.04781700670719147 -0.05592626705765724 0.11918039619922638
v 0.05180175602436066 -0.05350327119231224 0.0993780791759491
v 0.055786509066820145 -0.04813616722822189 0.12621666491031647
v 0.05180175602436066 -0.05350327119231224 0.0993780791759491
v 0.055786509066820145 -0.04919719323515892 0.10326747596263885
v 0.055786509066820145 -0.04919719323515892 0.10326747596263885
v 0.05180175602436066 -0.05350327119231224 0.0993780791759491
v 0.05668032541871071 -0.049115393310785294 0.08999983966350555
v 0.055786509066820145 -0.04919719323515892 0.10326747596263885
v 0.05668032541871071 -0.049115393310785294 0.08999983966350555
v 0.06169237568974495 -0.042650558054447174 0.08999988436698914
v 0.03187646344304085 -0.06788892298936844 0.09000010788440704
v 0.037890151143074036 -0.06472495198249817 0.09000018239021301
v 0.03984750434756279 -0.06215646490454674 0.11355307698249817
v 0.03984750434756279 -0.06215646490454674 0.11355307698249817
v 0.037890151143074036 -0.06472495198249817 0.09000018239021301
v 0.03984750434756279 -0.06351397931575775 0.09033608436584473
v 0.03984750434756279 -0.06215646490454674 0.11355307698249817
v 0.03984750434756279 -0.06351397931575775 0.09033608436584473
v 0.04383225366473198 -0.06062751263380051 0.0929432362318039
v 0.04383225366473198 -0.06062751263380051 0.0929432362318039
v 0.03984750434756279 -0.06351397931575775 0.09033608436584473
v 0.043830085545778275 -0.060859814286231995 0.08999998867511749
v 0.04383225366473198 -0.06062751263380051 0.0929432362318039
v 0.043830085545778275 -0.060859814286231995 0.08999998867511749
v 0.044709157198667526 -0.06021702662110329 0.08999998867511749
v 0.04781700298190117 -0.05636672303080559 0.16276425123214722
v 0.03984750062227249 -0.0615137554705143 0.14711984992027283
v 0.04781700298190117 -0.0553898811340332 0.15265114605426788
v 0.04781700298190117 -0.0553898811340332 0.15265114605426788
v 0.03984750062227249 -0.0615137554705143 0.14711984992027283
v 0.03984750062227249 -0.061408959329128265 0.1362190842628479
v 0.04781700298190117 -0.0553898811340332 0.15265114605426788
v 0.03984750062227249 -0.061408959329128265 0.1362190842628479
v 0.04781700298190117 -0.05519510805606842 0.1418316513299942
v 0.04781700298190117 -0.05519510805606842 0.1418316513299942
v 0.03984750062227249 -0.061408959329128265 0.1362190842628479
v 0.03984750434756279 -0.06215646490454674 0.11355307698249817
v 0.04781700298190117 -0.05519510805606842 0.1418316513299942
v 0.03984750434756279 -0.06215646490454674 0.11355307698249817
v 0.04781700670719147 -0.05592626705765724 0.11918039619922638
v 0.04781700670719147 -0.05592626705765724 0.11918039619922638
v 0.03984750434756279 -0.06215646490454674 0.11355307698249817
v 0.04383225366473198 -0.06062751263380051 0.0929432362318039
v 0.04781700670719147 -0.05592626705765724 0.11918039619922638
v 0.04383225366473198 -0.06062751263380051 0.0929432362318039
v 0.04781700670719147 -0.05730209872126579 0.09594686329364777
v 0.04781700670719147 -0.05730209872126579 0.09594686329364777
v 0.04383225366473198 -0.06062751263380051 0.0929432362318039
v 0.044709157198667526 -0.06021702662110329 0.08999998867511749
v 0.04781700670719147 -0.05730209872126579 0.09594686329364777
v 0.044709157198667526 -0.06021702662110329 0.08999998867511749
v 0.05099937319755554 -0.054991647601127625 0.08999985456466675
v -1.2264732340838691e-08 -0.0847252905368805 0.1811315417289734
v -1.2301406115966529e-08 -0.08191203325986862 0.17817485332489014
v 0.007969490252435207 -0.08161187916994095 0.178445965051651
v -1.227513024559812e-08 -0.07606961578130722 0.1669587790966034
v -1.2211042843546238e-08 -0.07517654448747635 0.16226772964000702
v 0.007969490252435207 -0.07496345043182373 0.16246020793914795
v 0.031877998262643814 -0.06810517609119415 0.16315710544586182
v 0.023908495903015137 -0.0720515251159668 0.16509035229682922
v 0.023908495903015137 -0.07122992724180222 0.1603347361087799
v 0.023908495903015137 -0.07122992724180222 0.1603347361087799
v 0.023908495903015137 -0.0720515251159668 0.16509035229682922
v 0.01593899354338646 -0.07396890968084335 0.16335850954055786
v 0.023908495903015137 -0.07122992724180222 0.1603347361087799
v 0.01593899354338646 -0.07396890968084335 0.16335850954055786
v 0.01593899354338646 -0.07335203140974045 0.1584179848432541
v 0.01593899354338646 -0.07335203140974045 0.1584179848432541
v 0.01593899354338646 -0.07396890968084335 0.16335850954055786
v 0.007969490252435207 -0.07496345043182373 0.16246020793914795
v 0.01593899354338646 -0.07335203140974045 0.1584179848432541
v 0.007969490252435207 -0.07496345043182373 0.16246020793914795
v 0.007969491183757782 -0.07457392662763596 0.15731433033943176
v 0.007969491183757782 -0.07457392662763596 0.15731433033943176
v 0.007969490252435207 -0.07496345043182373 0.16246020793914795
v -1.2211042843546238e-08 -0.07517654448747635 0.16226772964000702
v 0.007969491183757782 -0.07457392662763596 0.15731433033943176
v -1.2211042843546238e-08 -0.07517654448747635 0.16226772964000702
v -1.210935618445319e-08 -0.07499997317790985 0.15692950785160065
v 0.016073262318968773 -0.09000059962272644 0.1867421418428421
v 0.01593899354338646 -0.08677065372467041 0.18478180468082428
v 0.017382461577653885 -0.0900004506111145 0.1870417445898056
v 0.017382461577653885 -0.0900004506111145 0.1870417445898056
v 0.01593899354338646 -0.08677065372467041 0.18478180468082428
v 0.023908495903015137 -0.08518880605697632 0.18621058762073517
v 0.017382461577653885 -0.0900004506111145 0.1870417445898056
v 0.023908495903015137 -0.08518880605697632 0.18621058762073517
v 0.023908495903015137 -0.08887902647256851 0.18837516009807587
v 0.023908495903015137 -0.08887902647256851 0.18837516009807587
v 0.023908495903015137 -0.08518880605697632 0.18621058762073517
v 0.031877998262643814 -0.08276770263910294 0.18839740753173828
v 0.023908495903015137 -0.08887902647256851 0.18837516009807587
v 0.031877998262643814 -0.08276770263910294 0.18839740753173828
v 0.031877998262643814 -0.08645916730165482 0.19056086242198944
v 0.031877998262643814 -0.08645916730165482 0.19056086242198944
v 0.031877998262643814 -0.08276770263910294 0.18839740753173828
v 0.03984750062227249 -0.07929960638284683 0.19152989983558655
v 0.031877998262643814 -0.08645916730165482 0.19056086242198944
v 0.03984750062227249 -0.07929960638284683 0.19152989983558655
v 0.03984750062227249 -0.08298365026712418 0.19370006024837494
v 0.03984750062227249 -0.08298365026712418 0.19370006024837494
v 0.03984750062227249 -0.07929960638284683 0.19152989983558655
v 0.04781700298190117 -0.07454684376716614 0.19582276046276093
v 0.03984750062227249 -0.08298365026712418 0.19370006024837494
v 0.04781700298190117 -0.07454684376716614 0.19582276046276093
v 0.04781700298190117 -0.07819458842277527 0.19802570343017578
v 0.04526656121015549 -0.09000007808208466 0.2002011388540268
v 0.03990475833415985 -0.09000001847743988 0.19649721682071686
v 0.04781700298190117 -0.08663972467184067 0.20139318704605103
v 0.04781700298190117 -0.08663972467184067 0.20139318704605103
v 0.03990475833415985 -0.09000001847743988 0.19649721682071686
v 0.04781700298190117 -0.08221761137247086 0.19988968968391418
v 0.04781700298190117 -0.08663972467184067 0.20139318704605103
v 0.04781700298190117 -0.08221761137247086 0.19988968968391418
v 0.05180175602436066 -0.08351747691631317 0.20421330630779266
v 0.05180175602436066 -0.08351747691631317 0.20421330630779266
v 0.04781700298190117 -0.08221761137247086 0.19988968968391418
v 0.055786505341529846 -0.07991668581962585 0.20746566355228424
v 0.05180175602436066 -0.08351747691631317 0.20421330630779266
v 0.055786505341529846 -0.07991668581962585 0.20746566355228424
v 0.05180175602436066 -0.08825530856847763 0.20543165504932404
v 0.05180175602436066 -0.08825530856847763 0.20543165504932404
v 0.055786505341529846 -0.07991668581962585 0.20746566355228424
v 0.055786509066820145 -0.08450628817081451 0.20881789922714233
v 0.05180175602436066 -0.08825530856847763 0.20543165504932404
v 0.055786509066820145 -0.08450628817081451 0.20881789922714233
v 0.055786509066820145 -0.08950623124837875 0.20979948341846466
v 0.057030338793992996 -0.09000034630298615 0.21129149198532104
v 0.055786509066820145 -0.08950623124837875 0.20979948341846466
v 0.059771258383989334 -0.08496714383363724 0.21389934420585632
v 0.059771258383989334 -0.08496714383363724 0.21389934420585632
v 0.055786509066820145 -0.08950623124837875 0.20979948341846466
v 0.055786509066820145 -0.08450628817081451 0.20881789922714233
v 0.059771258383989334 -0.08496714383363724 0.21389934420585632
v 0.055786509066820145 -0.08450628817081451 0.20881789922714233
v 0.059771258383989334 -0.07579721510410309 0.2111864984035492
v 0.059771258383989334 -0.07579721510410309 0.2111864984035492
v 0.055786509066820145 -0.08450628817081451 0.20881789922714233
v 0.055786505341529846 -0.07991668581962585 0.20746566355228424
v 0.059771258383989334 -0.07579721510410309 0.2111864984035492
v 0.055786505341529846 -0.07991668581962585 0.20746566355228424
v 0.055786505341529846 -0.07569906115531921 0.20577745139598846
v 0.055786505341529846 -0.07569906115531921 0.20577745139598846
v 0.055786505341529846 -0.07991668581962585 0.20746566355228424
v 0.04781700298190117 -0.08221761137247086 0.19988968968391418
v 0.055786505341529846 -0.07569906115531921 0.20577745139598846
v 0.04781700298190117 -0.08221761137247086 0.19988968968391418
v 0.055786505341529846 -0.07182253897190094 0.2037811428308487
v -1.2206012200977057e-08 -0.0879586786031723 0.18370874226093292
v 0.007969490252435207 -0.08442496508359909 0.1814028024673462
v 0.007969490252435207 -0.08766664564609528 0.1839725226163864
v 0.007969490252435207 -0.08766664564609528 0.1839725226163864
v 0.007969490252435207 -0.08442496508359909 0.1814028024673462
v 0.01593899354338646 -0.08352218568325043 0.18221822381019592
v 0.007969490252435207 -0.08766664564609528 0.1839725226163864
v 0.01593899354338646 -0.08352218568325043 0.18221822381019592
v 0.01593899354338646 -0.08677065372467041 0.18478180468082428
v 0.01593899354338646 -0.08677065372467041 0.18478180468082428
v 0.01593899354338646 -0.08352218568325043 0.18221822381019592
v 0.023908495903015137 -0.08193635940551758 0.18365058302879333
v 0.01593899354338646 -0.08677065372467041 0.18478180468082428
v 0.023908495903015137 -0.08193635940551758 0.18365058302879333
v 0.023908495903015137 -0.08518880605697632 0.18621058762073517
v 0.023908495903015137 -0.08518880605697632 0.18621058762073517
v 0.023908495903015137 -0.08193635940551758 0.18365058302879333
v 0.031877998262643814 -0.07950091361999512 0.1858503669500351
v 0.023908495903015137 -0.08518880605697632 0.18621058762073517
v 0.031877998262643814 -0.07950091361999512 0.1858503669500351
v 0.031877998262643814 -0.08276770263910294 0.18839740753173828
v 0.031877998262643814 -0.08276770263910294 0.18839740753173828
v 0.031877998262643814 -0.07950091361999512 0.1858503669500351
v 0.03984750062227249 -0.07601384818553925 0.1889999955892563
v 0.031877998262643814 -0.08276770263910294 0.18839740753173828
v 0.03984750062227249 -0.07601384818553925 0.1889999955892563
v 0.03984750062227249 -0.07929960638284683 0.19152989983558655
v 0.03984750062227249 -0.07929960638284683 0.19152989983558655
v 0.03984750062227249 -0.07601384818553925 0.1889999955892563
v 0.04781700298190117 -0.07125844806432724 0.19329522550106049
v 0.03984750062227249 -0.07929960638284683 0.19152989983558655
v 0.04781700298190117 -0.07125844806432724 0.19329522550106049
v 0.04781700298190117 -0.07454684376716614 0.19582276046276093
v 0.04781700298190117 -0.061430178582668304 0.1801816076040268
v 0.03984750062227249 -0.06840777397155762 0.17937692999839783
v 0.03984750062227249 -0.06657407432794571 0.17553547024726868
v 0.03984750062227249 -0.06657407432794571 0.17553547024726868
v 0.03984750062227249 -0.06840777397155762 0.17937692999839783
v 0.031877998262643814 -0.07213933020830154 0.17600645124912262
v 0.03984750062227249 -0.06657407432794571 0.17553547024726868
v 0.031877998262643814 -0.07213933020830154 0.17600645124912262
v 0.031877998262643814 -0.07045569270849228 0.17202946543693542
v 0.031877998262643814 -0.07045569270849228 0.17202946543693542
v 0.031877998262643814 -0.07213933020830154 0.17600645124912262
v 0.023908495903015137 -0.07476209849119186 0.1736374795436859
v 0.031877998262643814 -0.07045569270849228 0.17202946543693542
v 0.023908495903015137 -0.07476209849119186 0.1736374795436859
v 0.023908495903015137 -0.07321303337812424 0.1695389449596405
v 0.023908495903015137 -0.07321303337812424 0.1695389449596405
v 0.023908495903015137 -0.07476209849119186 0.1736374795436859
v 0.01593899354338646 -0.07642941921949387 0.1721315085887909
v 0.023908495903015137 -0.07321303337812424 0.1695389449596405
v 0.01593899354338646 -0.07642941921949387 0.1721315085887909
v 0.01593899354338646 -0.07497459650039673 0.16794784367084503
v 0.01593899354338646 -0.07497459650039673 0.16794784367084503
v 0.01593899354338646 -0.07642941921949387 0.1721315085887909
v 0.007969490252435207 -0.07729212194681168 0.17135228216648102
v 0.01593899354338646 -0.07497459650039673 0.16794784367084503
v 0.007969490252435207 -0.07729212194681168 0.17135228216648102
v 0.007969490252435207 -0.07585375010967255 0.1671537607908249
v 0.007969490252435207 -0.07585375010967255 0.1671537607908249
v 0.007969490252435207 -0.07729212194681168 0.17135228216648102
v -1.2308460917154207e-08 -0.07754883915185928 0.17112042009830475
v 0.007969490252435207 -0.07585375010967255 0.1671537607908249
v -1.2308460917154207e-08 -0.07754883915185928 0.17112042009830475
v -1.227513024559812e-08 -0.07606961578130722 0.1669587790966034
v -1.2264732340838691e-08 -0.0847252905368805 0.1811315417289734
v 0.007969490252435207 -0.08161187916994095 0.178445965051651
v 0.007969490252435207 -0.08442496508359909 0.1814028024673462
v 0.007969490252435207 -0.08442496508359909 0.1814028024673462
v 0.007969490252435207 -0.08161187916994095 0.178445965051651
v 0.01593899354338646 -0.08071307092905045 0.17925779521465302
v 0.007969490252435207 -0.08442496508359909 0.1814028024673462
v 0.01593899354338646 -0.08071307092905045 0.17925779521465302
v 0.01593899354338646 -0.08352218568325043 0.18221822381019592
v 0.01593899354338646 -0.08352218568325043 0.18221822381019592
v 0.01593899354338646 -0.08071307092905045 0.17925779521465302
v 0.023908495903015137 -0.07911641895771027 0.18069994449615479
v 0.01593899354338646 -0.08352218568325043 0.18221822381019592
v 0.023908495903015137 -0.07911641895771027 0.18069994449615479
v 0.023908495903015137 -0.08193635940551758 0.18365058302879333
v 0.023908495903015137 -0.08193635940551758 0.18365058302879333
v 0.023908495903015137 -0.07911641895771027 0.18069994449615479
v 0.031877998262643814 -0.07664722204208374 0.18293020129203796
v 0.023908495903015137 -0.08193635940551758 0.18365058302879333
v 0.031877998262643814 -0.07664722204208374 0.18293020129203796
v 0.031877998262643814 -0.07950091361999512 0.1858503669500351
v 0.031877998262643814 -0.07950091361999512 0.1858503669500351
v 0.031877998262643814 -0.07664722204208374 0.18293020129203796
v 0.03984750062227249 -0.0731125921010971 0.18612278997898102
v 0.031877998262643814 -0.07950091361999512 0.1858503669500351
v 0.03984750062227249 -0.0731125921010971 0.18612278997898102
v 0.03984750062227249 -0.07601384818553925 0.1889999955892563
v 0.03984750062227249 -0.07601384818553925 0.1889999955892563
v 0.03984750062227249 -0.0731125921010971 0.18612278997898102
v 0.04781700298190117 -0.06831570714712143 0.19045549631118774
v 0.03984750062227249 -0.07601384818553925 0.1889999955892563
v 0.04781700298190117 -0.06831570714712143 0.19045549631118774
v 0.04781700298190117 -0.07125844806432724 0.19329522550106049
v 0.04781700298190117 -0.07125844806432724 0.19329522550106049
v 0.04781700298190117 -0.06831570714712143 0.19045549631118774
v 0.055786505341529846 -0.06502078473567963 0.1989292949438095
v 0.04781700298190117 -0.07125844806432724 0.19329522550106049
v 0.055786505341529846 -0.06502078473567963 0.1989292949438095
v 0.04781700298190117 -0.07454684376716614 0.19582276046276093
v 0.04781700298190117 -0.07454684376716614 0.19582276046276093
v 0.055786505341529846 -0.06502078473567963 0.1989292949438095
v 0.055786505341529846 -0.07182253897190094 0.2037811428308487
v 0.04781700298190117 -0.07454684376716614 0.19582276046276093
v 0.055786505341529846 -0.07182253897190094 0.2037811428308487
v 0.04781700298190117 -0.07819458842277527 0.19802570343017578
v 0.04781700298190117 -0.07819458842277527 0.19802570343017578
v 0.055786505341529846 -0.07182253897190094 0.2037811428308487
v 0.04781700298190117 -0.08221761137247086 0.19988968968391418
v 0.04781700298190117 -0.07819458842277527 0.19802570343017578
v 0.04781700298190117 -0.08221761137247086 0.19988968968391418
v 0.03984750062227249 -0.08708195388317108 0.19549605250358582
v 0.03984750062227249 -0.08708195388317108 0.19549605250358582
v 0.04781700298190117 -0.08221761137247086 0.19988968968391418
v 0.03990475833415985 -0.09000001847743988 0.19649721682071686
v 0.03984750062227249 -0.08708195388317108 0.19549605250358582
v 0.03990475833415985 -0.09000001847743988 0.19649721682071686
v 0.032756198197603226 -0.0900002270936966 0.1925310492515564
v 0.06300000846385956 -0.057092927396297455 0.20454666018486023
v 0.055786505341529846 -0.06502078473567963 0.1989292949438095
v 0.055786505341529846 -0.059399448335170746 0.19301123917102814
v 0.055786505341529846 -0.059399448335170746 0.19301123917102814
v 0.055786505341529846 -0.06502078473567963 0.1989292949438095
v 0.04781700298190117 -0.06831570714712143 0.19045549631118774
v 0.055786505341529846 -0.059399448335170746 0.19301123917102814
v 0.04781700298190117 -0.06831570714712143 0.19045549631118774
v 0.04781700298190117 -0.06570467352867126 0.1873161643743515
v 0.04781700298190117 -0.06570467352867126 0.1873161643743515
v 0.04781700298190117 -0.06831570714712143 0.19045549631118774
v 0.03984750062227249 -0.0731125921010971 0.18612278997898102
v 0.04781700298190117 -0.06570467352867126 0.1873161643743515
v 0.03984750062227249 -0.0731125921010971 0.18612278997898102
v 0.03984750062227249 -0.07058201730251312 0.18291078507900238
v 0.03984750062227249 -0.07058201730251312 0.18291078507900238
v 0.03984750062227249 -0.0731125921010971 0.18612278997898102
v 0.031877998262643814 -0.07664722204208374 0.18293020129203796
v 0.03984750062227249 -0.07058201730251312 0.18291078507900238
v 0.031877998262643814 -0.07664722204208374 0.18293020129203796
v 0.031877998262643814 -0.07419732958078384 0.17964531481266022
v 0.031877998262643814 -0.07419732958078384 0.17964531481266022
v 0.031877998262643814 -0.07664722204208374 0.18293020129203796
v 0.023908495903015137 -0.07911641895771027 0.18069994449615479
v 0.031877998262643814 -0.07419732958078384 0.17964531481266022
v 0.023908495903015137 -0.07911641895771027 0.18069994449615479
v 0.023908495903015137 -0.0767262876033783 0.17736107110977173
v 0.023908495903015137 -0.0767262876033783 0.17736107110977173
v 0.023908495903015137 -0.07911641895771027 0.18069994449615479
v 0.01593899354338646 -0.08071307092905045 0.17925779521465302
v 0.023908495903015137 -0.0767262876033783 0.17736107110977173
v 0.01593899354338646 -0.08071307092905045 0.17925779521465302
v 0.01593899354338646 -0.07834575325250626 0.17589831352233887
v 0.01593899354338646 -0.07834575325250626 0.17589831352233887
v 0.01593899354338646 -0.08071307092905045 0.17925779521465302
v 0.007969490252435207 -0.08161187916994095 0.178445965051651
v 0.01593899354338646 -0.07834575325250626 0.17589831352233887
v 0.007969490252435207 -0.08161187916994095 0.178445965051651
v 0.007969490252435207 -0.07922723889350891 0.1751021295785904
v 0.007969490252435207 -0.07922723889350891 0.1751021295785904
v 0.007969490252435207 -0.08161187916994095 0.178445965051651
v -1.2301406115966529e-08 -0.08191203325986862 0.17817485332489014
v 0.007969490252435207 -0.07922723889350891 0.1751021295785904
v -1.2301406115966529e-08 -0.08191203325986862 0.17817485332489014
v -1.2316335507023268e-08 -0.07951315492391586 0.174843892455101
v 0.06300000846385956 -0.05237999185919762 0.19944199919700623
v 0.055786505341529846 -0.059399448335170746 0.19301123917102814
v 0.055786505341529846 -0.05488886311650276 0.18608993291854858
v 0.055786505341529846 -0.05488886311650276 0.18608993291854858
v 0.055786505341529846 -0.059399448335170746 0.19301123917102814
v 0.04781700298190117 -0.06570467352867126 0.1873161643743515
v 0.055786505341529846 -0.05488886311650276 0.18608993291854858
v 0.04781700298190117 -0.06570467352867126 0.1873161643743515
v 0.04781700298190117 -0.061430178582668304 0.1801816076040268
v 0.04781700298190117 -0.061430178582668304 0.1801816076040268
v 0.04781700298190117 -0.06570467352867126 0.1873161643743515
v 0.03984750062227249 -0.07058201730251312 0.18291078507900238
v 0.04781700298190117 -0.061430178582668304 0.1801816076040268
v 0.03984750062227249 -0.07058201730251312 0.18291078507900238
v 0.03984750062227249 -0.06840777397155762 0.17937692999839783
v 0.03984750062227249 -0.06840777397155762 0.17937692999839783
v 0.03984750062227249 -0.07058201730251312 0.18291078507900238
v 0.031877998262643814 -0.07419732958078384 0.17964531481266022
v 0.03984750062227249 -0.06840777397155762 0.17937692999839783
v 0.031877998262643814 -0.07419732958078384 0.17964531481266022
v 0.031877998262643814 -0.07213933020830154 0.17600645124912262
v 0.031877998262643814 -0.07213933020830154 0.17600645124912262
v 0.031877998262643814 -0.07419732958078384 0.17964531481266022
v 0.023908495903015137 -0.0767262876033783 0.17736107110977173
v 0.031877998262643814 -0.07213933020830154 0.17600645124912262
v 0.023908495903015137 -0.0767262876033783 0.17736107110977173
v 0.023908495903015137 -0.07476209849119186 0.1736374795436859
v 0.023908495903015137 -0.07476209849119186 0.1736374795436859
v 0.023908495903015137 -0.0767262876033783 0.17736107110977173
v 0.01593899354338646 -0.07834575325250626 0.17589831352233887
v 0.023908495903015137 -0.07476209849119186 0.1736374795436859
v 0.01593899354338646 -0.07834575325250626 0.17589831352233887
v 0.01593899354338646 -0.07642941921949387 0.1721315085887909
v 0.01593899354338646 -0.07642941921949387 0.1721315085887909
v 0.01593899354338646 -0.07834575325250626 0.17589831352233887
v 0.007969490252435207 -0.07922723889350891 0.1751021295785904
v 0.01593899354338646 -0.07642941921949387 0.1721315085887909
v 0.007969490252435207 -0.07922723889350891 0.1751021295785904
v 0.007969490252435207 -0.07729212194681168 0.17135228216648102
v 0.007969490252435207 -0.07729212194681168 0.17135228216648102
v 0.007969490252435207 -0.07922723889350891 0.1751021295785904
v -1.2316335507023268e-08 -0.07951315492391586 0.174843892455101
v 0.007969490252435207 -0.07729212194681168 0.17135228216648102
v -1.2316335507023268e-08 -0.07951315492391586 0.174843892455101
v -1.2308460917154207e-08 -0.07754883915185928 0.17112042009830475
v -1.227513024559812e-08 -0.07606961578130722 0.1669587790966034
v 0.007969490252435207 -0.07496345043182373 0.16246020793914795
v 0.007969490252435207 -0.07585375010967255 0.1671537607908249
v 0.007969490252435207 -0.07585375010967255 0.1671537607908249
v 0.007969490252435207 -0.07496345043182373 0.16246020793914795
v 0.01593899354338646 -0.07396890968084335 0.16335850954055786
v 0.007969490252435207 -0.07585375010967255 0.1671537607908249
v 0.01593899354338646 -0.07396890968084335 0.16335850954055786
v 0.01593899354338646 -0.07497459650039673 0.16794784367084503
v 0.01593899354338646 -0.07497459650039673 0.16794784367084503
v 0.01593899354338646 -0.07396890968084335 0.16335850954055786
v 0.023908495903015137 -0.0720515251159668 0.16509035229682922
v 0.01593899354338646 -0.07497459650039673 0.16794784367084503
v 0.023908495903015137 -0.0720515251159668 0.16509035229682922
v 0.023908495903015137 -0.07321303337812424 0.1695389449596405
v 0.023908495903015137 -0.07321303337812424 0.1695389449596405
v 0.023908495903015137 -0.0720515251159668 0.16509035229682922
v 0.031877998262643814 -0.06810517609119415 0.16315710544586182
v 0.023908495903015137 -0.07321303337812424 0.1695389449596405
v 0.031877998262643814 -0.06810517609119415 0.16315710544586182
v 0.031877998262643814 -0.07045569270849228 0.17202946543693542
v 0.031877998262643814 -0.07045569270849228 0.17202946543693542
v 0.031877998262643814 -0.06810517609119415 0.16315710544586182
v 0.03984750062227249 -0.0638546496629715 0.1669963300228119
v 0.031877998262643814 -0.07045569270849228 0.17202946543693542
v 0.03984750062227249 -0.0638546496629715 0.1669963300228119
v 0.03984750062227249 -0.06657407432794571 0.17553547024726868
v 0.03984750062227249 -0.06657407432794571 0.17553547024726868
v 0.03984750062227249 -0.0638546496629715 0.1669963300228119
v 0.04781700298190117 -0.05834602192044258 0.1719718873500824
v 0.03984750062227249 -0.06657407432794571 0.17553547024726868
v 0.04781700298190117 -0.05834602192044258 0.1719718873500824
v 0.04781700298190117 -0.061430178582668304 0.1801816076040268
v 0.04781700298190117 -0.061430178582668304 0.1801816076040268
v 0.04781700298190117 -0.05834602192044258 0.1719718873500824
v 0.055786505341529846 -0.051452264189720154 0.17819856107234955
v 0.04781700298190117 -0.061430178582668304 0.1801816076040268
v 0.055786505341529846 -0.051452264189720154 0.17819856107234955
v 0.055786505341529846 -0.05488886311650276 0.18608993291854858
v 0.055786505341529846 -0.05488886311650276 0.18608993291854858
v 0.055786505341529846 -0.051452264189720154 0.17819856107234955
v 0.06300000101327896 -0.0450427271425724 0.18758444488048553
v 0.055786505341529846 -0.05488886311650276 0.18608993291854858
v 0.06300000101327896 -0.0450427271425724 0.18758444488048553
v 0.06300000101327896 -0.048352569341659546 0.19376319646835327
v -0.025219103321433067 -0.07063272595405579 0.09000003337860107
v -0.01738475263118744 -0.07295746356248856 0.08999986946582794
v -0.023908520117402077 -0.07059107720851898 0.10593466460704803
v -0.023908520117402077 -0.07059107720851898 0.10593466460704803
v -0.01738475263118744 -0.07295746356248856 0.08999986946582794
v -0.0159390177577734 -0.0730740875005722 0.10369192063808441
v -0.023908520117402077 -0.07059107720851898 0.10593466460704803
v -0.0159390177577734 -0.0730740875005722 0.10369192063808441
v -0.0159390177577734 -0.0728210061788559 0.12591135501861572
v -0.0159390177577734 -0.0728210061788559 0.12591135501861572
v -0.0159390177577734 -0.0730740875005722 0.10369192063808441
v -0.007969514466822147 -0.07445264607667923 0.1244376003742218
v -0.0159390177577734 -0.0728210061788559 0.12591135501861572
v -0.007969514466822147 -0.07445264607667923 0.1244376003742218
v -0.007969514466822147 -0.07443203777074814 0.1464470624923706
v -0.007969514466822147 -0.07443203777074814 0.1464470624923706
v -0.007969514466822147 -0.07445264607667923 0.1244376003742218
v -1.1887437700863757e-08 -0.07500024139881134 0.1459338366985321
v -0.007969514466822147 -0.07443203777074814 0.1464470624923706
v -1.1887437700863757e-08 -0.07500024139881134 0.1459338366985321
v -1.210935618445319e-08 -0.07499997317790985 0.15692950785160065
v -1.210935618445319e-08 -0.07499997317790985 0.15692950785160065
v -1.1887437700863757e-08 -0.07500024139881134 0.1459338366985321
v 0.007969491183757782 -0.07443463802337646 0.14644470810890198
v -1.210935618445319e-08 -0.07499997317790985 0.15692950785160065
v 0.007969491183757782 -0.07443463802337646 0.14644470810890198
v 0.007969491183757782 -0.07457392662763596 0.15731433033943176
v 0.007969491183757782 -0.07457392662763596 0.15731433033943176
v 0.007969491183757782 -0.07443463802337646 0.14644470810890198
v 0.01593899354338646 -0.07285632938146591 0.1478702872991562
v 0.007969491183757782 -0.07457392662763596 0.15731433033943176
v 0.01593899354338646 -0.07285632938146591 0.1478702872991562
v 0.01593899354338646 -0.07335203140974045 0.1584179848432541
v 0.01593899354338646 -0.07335203140974045 0.1584179848432541
v 0.01593899354338646 -0.07285632938146591 0.1478702872991562
v 0.023908495903015137 -0.07035254687070847 0.15013179183006287
v 0.01593899354338646 -0.07335203140974045 0.1584179848432541
v 0.023908495903015137 -0.07035254687070847 0.15013179183006287
v 0.023908495903015137 -0.07122992724180222 0.1603347361087799
v 0.023908495903015137 -0.07122992724180222 0.1603347361087799
v 0.023908495903015137 -0.07035254687070847 0.15013179183006287
v 0.031877998262643814 -0.0668553039431572 0.15329061448574066
v 0.023908495903015137 -0.07122992724180222 0.1603347361087799
v 0.031877998262643814 -0.0668553039431572 0.15329061448574066
v 0.031877998262643814 -0.06810517609119415 0.16315710544586182
v 0.031877998262643814 -0.06810517609119415 0.16315710544586182
v 0.031877998262643814 -0.0668553039431572 0.15329061448574066
v 0.03984750062227249 -0.06224162504076958 0.1574578434228897
v 0.031877998262643814 -0.06810517609119415 0.16315710544586182
v 0.03984750062227249 -0.06224162504076958 0.1574578434228897
v 0.03984750062227249 -0.0638546496629715 0.1669963300228119
v 0.03984750062227249 -0.0638546496629715 0.1669963300228119
v 0.03984750062227249 -0.06224162504076958 0.1574578434228897
v 0.04781700298190117 -0.05636672303080559 0.16276425123214722
v 0.03984750062227249 -0.0638546496629715 0.1669963300228119
v 0.04781700298190117 -0.05636672303080559 0.16276425123214722
v 0.04781700298190117 -0.05834602192044258 0.1719718873500824
v 0.04781700298190117 -0.05834602192044258 0.1719718873500824
v 0.04781700298190117 -0.05636672303080559 0.16276425123214722
v 0.055786505341529846 -0.04909149557352066 0.1693354696035385
v 0.04781700298190117 -0.05834602192044258 0.1719718873500824
v 0.055786505341529846 -0.04909149557352066 0.1693354696035385
v 0.055786505341529846 -0.051452264189720154 0.17819856107234955
v 0.055786505341529846 -0.051452264189720154 0.17819856107234955
v 0.055786505341529846 -0.04909149557352066 0.1693354696035385
v 0.06300000101327896 -0.04248708859086037 0.1810116022825241
v 0.055786505341529846 -0.051452264189720154 0.17819856107234955
v 0.06300000101327896 -0.04248708859086037 0.1810116022825241
v 0.06300000101327896 -0.043890152126550674 0.18490049242973328
v -0.055786531418561935 -0.07993102818727493 0.2074527144432068
v -0.05977128446102142 -0.08497351408004761 0.2138935923576355
v -0.05977128446102142 -0.0758119523525238 0.2111731916666031
v -0.05977128446102142 -0.0758119523525238 0.2111731916666031
v -0.05977128446102142 -0.08497351408004761 0.2138935923576355
v -0.06300003081560135 -0.08002878725528717 0.21744735538959503
v -0.05977128446102142 -0.0758119523525238 0.2111731916666031
v -0.06300003081560135 -0.08002878725528717 0.21744735538959503
v -0.06300003081560135 -0.07505477964878082 0.2158074676990509
v -0.05520834028720856 -0.09000027179718018 0.20923520624637604
v -0.055792372673749924 -0.09000029414892197 0.2098778635263443
v -0.055786531418561935 -0.08950731158256531 0.20979851484298706
v -0.055786531418561935 -0.08950731158256531 0.20979851484298706
v -0.055792372673749924 -0.09000029414892197 0.2098778635263443
v -0.05977128446102142 -0.08497351408004761 0.2138935923576355
v -0.055786531418561935 -0.08950731158256531 0.20979851484298706
v -0.05977128446102142 -0.08497351408004761 0.2138935923576355
v -0.055786531418561935 -0.08451502025127411 0.2088100165128708
v -0.055786531418561935 -0.08451502025127411 0.2088100165128708
v -0.05977128446102142 -0.08497351408004761 0.2138935923576355
v -0.055786531418561935 -0.07993102818727493 0.2074527144432068
v -0.055786531418561935 -0.08451502025127411 0.2088100165128708
v -0.055786531418561935 -0.07993102818727493 0.2074527144432068
v -0.051801782101392746 -0.08825840055942535 0.2054288685321808
v -0.051801782101392746 -0.08825840055942535 0.2054288685321808
v -0.055786531418561935 -0.07993102818727493 0.2074527144432068
v -0.04781702905893326 -0.0866452008485794 0.20138825476169586
v -0.051801782101392746 -0.08825840055942535 0.2054288685321808
v -0.04781702905893326 -0.0866452008485794 0.20138825476169586
v -0.05099941045045853 -0.09000011533498764 0.20500843226909637
v -0.05099941045045853 -0.09000011533498764 0.20500843226909637
v -0.04781702905893326 -0.0866452008485794 0.20138825476169586
v -0.04783052206039429 -0.0899997279047966 0.20223145186901093
v -0.06300003081560135 -0.07148800045251846 0.21429654955863953
v -0.06300003081560135 -0.06849482655525208 0.21279548108577728
v -0.05977128446102142 -0.0758119523525238 0.2111731916666031
v -0.05977128446102142 -0.0758119523525238 0.2111731916666031
v -0.06300003081560135 -0.06849482655525208 0.21279548108577728
v -0.055786535143852234 -0.07184501737356186 0.20376084744930267
v -0.05977128446102142 -0.0758119523525238 0.2111731916666031
v -0.055786535143852234 -0.07184501737356186 0.20376084744930267
v -0.055786531418561935 -0.07993102818727493 0.2074527144432068
v -0.055786531418561935 -0.07993102818727493 0.2074527144432068
v -0.055786535143852234 -0.07184501737356186 0.20376084744930267
v -0.04781702905893326 -0.07821177691221237 0.1980101764202118
v -0.055786531418561935 -0.07993102818727493 0.2074527144432068
v -0.04781702905893326 -0.07821177691221237 0.1980101764202118
v -0.04781702905893326 -0.0822296217083931 0.19987884163856506
v -0.04781702905893326 -0.0822296217083931 0.19987884163856506
v -0.04781702905893326 -0.07821177691221237 0.1980101764202118
v -0.03984752669930458 -0.0829901471734047 0.19369420409202576
v -0.04781702905893326 -0.0822296217083931 0.19987884163856506
v -0.03984752669930458 -0.0829901471734047 0.19369420409202576
v -0.03984752669930458 -0.08708540350198746 0.1954929381608963
v -0.03984752669930458 -0.08708540350198746 0.1954929381608963
v -0.03984752669930458 -0.0829901471734047 0.19369420409202576
v -0.030622920021414757 -0.09000030159950256 0.19153684377670288
v -0.03984752669930458 -0.08708540350198746 0.1954929381608963
v -0.030622920021414757 -0.09000030159950256 0.19153684377670288
v -0.03789235278964043 -0.09000027924776077 0.1952759325504303
v -0.04781702905893326 -0.06572388112545013 0.18729880452156067
v -0.055786535143852234 -0.06504688411951065 0.19890572130680084
v -0.055786535143852234 -0.05942465737462044 0.19298848509788513
v -0.055786535143852234 -0.05942465737462044 0.19298848509788513
v -0.055786535143852234 -0.06504688411951065 0.19890572130680084
v -0.06300003081560135 -0.05713092163205147 0.2045605629682541
v -0.055786535143852234 -0.05942465737462044 0.19298848509788513
v -0.06300003081560135 -0.05713092163205147 0.2045605629682541
v -0.06300003081560135 -0.052420053631067276 0.1994701623916626
v -0.03984752669930458 -0.07930751889944077 0.1915227472782135
v -0.04781702905893326 -0.07456748187541962 0.19580411911010742
v -0.03984752669930458 -0.0760214552283287 0.18899312615394592
v -0.03984752669930458 -0.0760214552283287 0.18899312615394592
v -0.04781702905893326 -0.07456748187541962 0.19580411911010742
v -0.04781702905893326 -0.07128019630908966 0.193275585770607
v -0.03984752669930458 -0.0760214552283287 0.18899312615394592
v -0.04781702905893326 -0.07128019630908966 0.193275585770607
v -0.03984752669930458 -0.07311830669641495 0.18611763417720795
v -0.03984752669930458 -0.07311830669641495 0.18611763417720795
v -0.04781702905893326 -0.07128019630908966 0.193275585770607
v -0.04781702905893326 -0.06833668798208237 0.19043655693531036
v -0.03984752669930458 -0.07311830669641495 0.18611763417720795
v -0.04781702905893326 -0.06833668798208237 0.19043655693531036
v -0.03984752669930458 -0.07058537751436234 0.18290774524211884
v -0.0318780243396759 -0.08276619762182236 0.18839876353740692
v -0.03984752669930458 -0.07930751889944077 0.1915227472782135
v -0.0318780243396759 -0.07949735224246979 0.18585358560085297
v -0.0318780243396759 -0.07949735224246979 0.18585358560085297
v -0.03984752669930458 -0.07930751889944077 0.1915227472782135
v -0.03984752669930458 -0.0760214552283287 0.18899312615394592
v -0.0318780243396759 -0.07949735224246979 0.18585358560085297
v -0.03984752669930458 -0.0760214552283287 0.18899312615394592
v -0.0318780243396759 -0.07664182782173157 0.18293507397174835
v -0.0318780243396759 -0.07664182782173157 0.18293507397174835
v -0.03984752669930458 -0.0760214552283287 0.18899312615394592
v -0.03984752669930458 -0.07311830669641495 0.18611763417720795
v -0.0318780243396759 -0.07664182782173157 0.18293507397174835
v -0.03984752669930458 -0.07311830669641495 0.18611763417720795
v -0.0318780243396759 -0.07419024407863617 0.17965172231197357
v -0.0318780243396759 -0.07419024407863617 0.17965172231197357
v -0.03984752669930458 -0.07311830669641495 0.18611763417720795
v -0.03984752669930458 -0.07058537751436234 0.18290774524211884
v -0.0318780243396759 -0.07419024407863617 0.17965172231197357
v -0.03984752669930458 -0.07058537751436234 0.18290774524211884
v -0.0318780243396759 -0.07213084399700165 0.17601412534713745
v -0.06300003081560135 -0.052420053631067276 0.1994701623916626
v -0.06300002336502075 -0.04837068170309067 0.19376780092716217
v -0.055786535143852234 -0.05942465737462044 0.19298848509788513
v -0.055786535143852234 -0.05942465737462044 0.19298848509788513
v -0.06300002336502075 -0.04837068170309067 0.19376780092716217
v -0.055786535143852234 -0.05490875616669655 0.1860719621181488
v -0.055786535143852234 -0.05942465737462044 0.19298848509788513
v -0.055786535143852234 -0.05490875616669655 0.1860719621181488
v -0.04781702905893326 -0.06572388112545013 0.18729880452156067
v -0.04781702905893326 -0.06572388112545013 0.18729880452156067
v -0.055786535143852234 -0.05490875616669655 0.1860719621181488
v -0.04781702905893326 -0.061444368213415146 0.18016879260540009
v -0.04781702905893326 -0.06572388112545013 0.18729880452156067
v -0.04781702905893326 -0.061444368213415146 0.18016879260540009
v -0.03984752669930458 -0.06840942800045013 0.17937542498111725
v -0.03984752669930458 -0.06840942800045013 0.17937542498111725
v -0.04781702905893326 -0.061444368213415146 0.18016879260540009
v -0.03984752669930458 -0.06657493114471436 0.1755346953868866
v -0.03984752669930458 -0.06840942800045013 0.17937542498111725
v -0.03984752669930458 -0.06657493114471436 0.1755346953868866
v -0.0318780243396759 -0.07044672966003418 0.17203755676746368
v -0.023908520117402077 -0.08518628776073456 0.18621285259723663
v -0.0318780243396759 -0.08276619762182236 0.18839876353740692
v -0.023908520117402077 -0.08193136006593704 0.18365511298179626
v -0.023908520117402077 -0.08193136006593704 0.18365511298179626
v -0.0318780243396759 -0.08276619762182236 0.18839876353740692
v -0.0318780243396759 -0.07949735224246979 0.18585358560085297
v -0.023908520117402077 -0.08193136006593704 0.18365511298179626
v -0.0318780243396759 -0.07949735224246979 0.18585358560085297
v -0.023908521980047226 -0.07911064475774765 0.18070515990257263
v -0.023908521980047226 -0.07911064475774765 0.18070515990257263
v -0.0318780243396759 -0.07949735224246979 0.18585358560085297
v -0.0318780243396759 -0.07664182782173157 0.18293507397174835
v -0.023908521980047226 -0.07911064475774765 0.18070515990257263
v -0.0318780243396759 -0.07664182782173157 0.18293507397174835
v -0.023908521980047226 -0.07672042399644852 0.17736637592315674
v -0.023908521980047226 -0.07672042399644852 0.17736637592315674
v -0.0318780243396759 -0.07664182782173157 0.18293507397174835
v -0.0318780243396759 -0.07419024407863617 0.17965172231197357
v -0.023908521980047226 -0.07672042399644852 0.17736637592315674
v -0.0318780243396759 -0.07419024407863617 0.17965172231197357
v -0.023908521980047226 -0.07475540786981583 0.17364352941513062
v -0.023908521980047226 -0.07475540786981583 0.17364352941513062
v -0.0318780243396759 -0.07419024407863617 0.17965172231197357
v -0.0318780243396759 -0.07213084399700165 0.17601412534713745
v -0.023908521980047226 -0.07475540786981583 0.17364352941513062
v -0.0318780243396759 -0.07213084399700165 0.17601412534713745
v -0.023908521980047226 -0.07320453971624374 0.16954661905765533
v -0.015066701918840408 -0.08999892324209213 0.18652905523777008
v -0.01607314497232437 -0.08999926596879959 0.18674270808696747
v -0.0159390177577734 -0.08676920086145401 0.18478311598300934
v -0.0159390177577734 -0.08676920086145401 0.18478311598300934
v -0.01607314497232437 -0.08999926596879959 0.18674270808696747
v -0.023908520117402077 -0.08518628776073456 0.18621285259723663
v -0.0159390177577734 -0.08676920086145401 0.18478311598300934
v -0.023908520117402077 -0.08518628776073456 0.18621285259723663
v -0.0159390177577734 -0.08352024853229523 0.1822199672460556
v -0.0159390177577734 -0.08352024853229523 0.1822199672460556
v -0.023908520117402077 -0.08518628776073456 0.18621285259723663
v -0.023908520117402077 -0.08193136006593704 0.18365511298179626
v -0.0159390177577734 -0.08352024853229523 0.1822199672460556
v -0.023908520117402077 -0.08193136006593704 0.18365511298179626
v -0.0159390177577734 -0.08070952445268631 0.1792609989643097
v -0.0159390177577734 -0.08070952445268631 0.1792609989643097
v -0.023908520117402077 -0.08193136006593704 0.18365511298179626
v -0.023908521980047226 -0.07911064475774765 0.18070515990257263
v -0.0159390177577734 -0.08070952445268631 0.1792609989643097
v -0.023908521980047226 -0.07911064475774765 0.18070515990257263
v -0.0159390177577734 -0.07834106683731079 0.1759025603532791
v -0.0159390177577734 -0.07834106683731079 0.1759025603532791
v -0.023908521980047226 -0.07911064475774765 0.18070515990257263
v -0.023908521980047226 -0.07672042399644852 0.17736637592315674
v -0.0159390177577734 -0.07834106683731079 0.1759025603532791
v -0.023908521980047226 -0.07672042399644852 0.17736637592315674
v -0.0159390177577734 -0.07642493396997452 0.17213556170463562
v -0.0159390177577734 -0.07642493396997452 0.17213556170463562
v -0.023908521980047226 -0.07672042399644852 0.17736637592315674
v -0.023908521980047226 -0.07475540786981583 0.17364352941513062
v -0.0159390177577734 -0.07642493396997452 0.17213556170463562
v -0.023908521980047226 -0.07475540786981583 0.17364352941513062
v -0.0159390177577734 -0.07497070729732513 0.16795136034488678
v -0.0159390177577734 -0.07497070729732513 0.16795136034488678
v -0.023908521980047226 -0.07475540786981583 0.17364352941513062
v -0.023908521980047226 -0.07320453971624374 0.16954661905765533
v -0.0159390177577734 -0.07497070729732513 0.16795136034488678
v -0.023908521980047226 -0.07320453971624374 0.16954661905765533
v -0.0159390177577734 -0.073961541056633 0.16336515545845032
v -0.06300002336502075 -0.04837068170309067 0.19376780092716217
v -0.06300002336502075 -0.0450730137526989 0.18763169646263123
v -0.055786535143852234 -0.05490875616669655 0.1860719621181488
v -0.055786535143852234 -0.05490875616669655 0.1860719621181488
v -0.06300002336502075 -0.0450730137526989 0.18763169646263123
v -0.055786535143852234 -0.051466502249240875 0.17818570137023926
v -0.055786535143852234 -0.05490875616669655 0.1860719621181488
v -0.055786535143852234 -0.051466502249240875 0.17818570137023926
v -0.04781702905893326 -0.061444368213415146 0.18016879260540009
v -0.04781702905893326 -0.061444368213415146 0.18016879260540009
v -0.055786535143852234 -0.051466502249240875 0.17818570137023926
v -0.04781702905893326 -0.05835559964179993 0.17196324467658997
v -0.04781702905893326 -0.061444368213415146 0.18016879260540009
v -0.04781702905893326 -0.05835559964179993 0.17196324467658997
v -0.03984752669930458 -0.06657493114471436 0.1755346953868866
v -0.03984752669930458 -0.06657493114471436 0.1755346953868866
v -0.04781702905893326 -0.05835559964179993 0.17196324467658997
v -0.03984752669930458 -0.06385458260774612 0.16699638962745667
v -0.03984752669930458 -0.06657493114471436 0.1755346953868866
v -0.03984752669930458 -0.06385458260774612 0.16699638962745667
v -0.0318780243396759 -0.07044672966003418 0.17203755676746368
v -0.0318780243396759 -0.07044672966003418 0.17203755676746368
v -0.03984752669930458 -0.06385458260774612 0.16699638962745667
v -0.0318780243396759 -0.0680963322520256 0.1631651073694229
v -0.0318780243396759 -0.07044672966003418 0.17203755676746368
v -0.0318780243396759 -0.0680963322520256 0.1631651073694229
v -0.023908520117402077 -0.07204301655292511 0.16509802639484406
v -0.023908520117402077 -0.07204301655292511 0.16509802639484406
v -0.0318780243396759 -0.0680963322520256 0.1631651073694229
v -0.023908520117402077 -0.07121885567903519 0.16034473478794098
v -0.023908520117402077 -0.07204301655292511 0.16509802639484406
v -0.023908520117402077 -0.07121885567903519 0.16034473478794098
v -0.0159390177577734 -0.07334642112255096 0.1584230363368988
v -0.0159390177577734 -0.07334642112255096 0.1584230363368988
v -0.0159390177577734 -0.073961541056633 0.16336515545845032
v -0.023908520117402077 -0.07204301655292511 0.16509802639484406
v -0.023908520117402077 -0.07204301655292511 0.16509802639484406
v -0.0159390177577734 -0.073961541056633 0.16336515545845032
v -0.023908521980047226 -0.07320453971624374 0.16954661905765533
v -0.023908520117402077 -0.07204301655292511 0.16509802639484406
v -0.023908521980047226 -0.07320453971624374 0.16954661905765533
v -0.0318780243396759 -0.07044672966003418 0.17203755676746368
v -0.0318780243396759 -0.07044672966003418 0.17203755676746368
v -0.023908521980047226 -0.07320453971624374 0.16954661905765533
v -0.0318780243396759 -0.07213084399700165 0.17601412534713745
v -0.0318780243396759 -0.07044672966003418 0.17203755676746368
v -0.0318780243396759 -0.07213084399700165 0.17601412534713745
v -0.03984752669930458 -0.06840942800045013 0.17937542498111725
v -0.03984752669930458 -0.06840942800045013 0.17937542498111725
v -0.0318780243396759 -0.07213084399700165 0.17601412534713745
v -0.03984752669930458 -0.07058537751436234 0.18290774524211884
v -0.03984752669930458 -0.06840942800045013 0.17937542498111725
v -0.03984752669930458 -0.07058537751436234 0.18290774524211884
v -0.04781702905893326 -0.06572388112545013 0.18729880452156067
v -0.04781702905893326 -0.06572388112545013 0.18729880452156067
v -0.03984752669930458 -0.07058537751436234 0.18290774524211884
v -0.04781702905893326 -0.06833668798208237 0.19043655693531036
v -0.04781702905893326 -0.06572388112545013 0.18729880452156067
v -0.04781702905893326 -0.06833668798208237 0.19043655693531036
v -0.055786535143852234 -0.06504688411951065 0.19890572130680084
v -0.055786535143852234 -0.06504688411951065 0.19890572130680084
v -0.04781702905893326 -0.06833668798208237 0.19043655693531036
v -0.04781702905893326 -0.07128019630908966 0.193275585770607
v -0.055786535143852234 -0.06504688411951065 0.19890572130680084
v -0.04781702905893326 -0.07128019630908966 0.193275585770607
v -0.055786535143852234 -0.07184501737356186 0.20376084744930267
v -0.055786535143852234 -0.07184501737356186 0.20376084744930267
v -0.04781702905893326 -0.07128019630908966 0.193275585770607
v -0.04781702905893326 -0.07456748187541962 0.19580411911010742
v -0.055786535143852234 -0.07184501737356186 0.20376084744930267
v -0.04781702905893326 -0.07456748187541962 0.19580411911010742
v -0.04781702905893326 -0.07821177691221237 0.1980101764202118
v -0.04781702905893326 -0.07821177691221237 0.1980101764202118
v -0.04781702905893326 -0.07456748187541962 0.19580411911010742
v -0.03984752669930458 -0.07930751889944077 0.1915227472782135
v -0.04781702905893326 -0.07821177691221237 0.1980101764202118
v -0.03984752669930458 -0.07930751889944077 0.1915227472782135
v -0.03984752669930458 -0.0829901471734047 0.19369420409202576
v -0.03984752669930458 -0.0829901471734047 0.19369420409202576
v -0.03984752669930458 -0.07930751889944077 0.1915227472782135
v -0.0318780243396759 -0.08276619762182236 0.18839876353740692
v -0.03984752669930458 -0.0829901471734047 0.19369420409202576
v -0.0318780243396759 -0.08276619762182236 0.18839876353740692
v -0.0318780243396759 -0.0864592045545578 0.19056083261966705
v -0.0318780243396759 -0.0864592045545578 0.19056083261966705
v -0.0318780243396759 -0.08276619762182236 0.18839876353740692
v -0.023908520117402077 -0.08518628776073456 0.18621285259723663
v -0.0318780243396759 -0.0864592045545578 0.19056083261966705
v -0.023908520117402077 -0.08518628776073456 0.18621285259723663
v -0.023908520117402077 -0.08887899667024612 0.18837518990039825
v -0.023908520117402077 -0.08887899667024612 0.18837518990039825
v -0.023908520117402077 -0.08518628776073456 0.18621285259723663
v -0.01607314497232437 -0.08999926596879959 0.18674270808696747
v -0.023908520117402077 -0.08887899667024612 0.18837518990039825
v -0.01607314497232437 -0.08999926596879959 0.18674270808696747
v -0.02298828586935997 -0.09000043570995331 0.18860988318920135
v -0.0159390177577734 -0.07334642112255096 0.1584230363368988
v -0.007969515398144722 -0.07456743717193604 0.15732018649578094
v -0.0159390177577734 -0.073961541056633 0.16336515545845032
v -0.0159390177577734 -0.073961541056633 0.16336515545845032
v -0.007969515398144722 -0.07456743717193604 0.15732018649578094
v -0.007969515398144722 -0.07495823502540588 0.162464901804924
v -0.0159390177577734 -0.073961541056633 0.16336515545845032
v -0.007969515398144722 -0.07495823502540588 0.162464901804924
v -0.0159390177577734 -0.07497070729732513 0.16795136034488678
v -0.0159390177577734 -0.07497070729732513 0.16795136034488678
v -0.007969515398144722 -0.07495823502540588 0.162464901804924
v -0.007969515398144722 -0.07584649324417114 0.16716031730175018
v -0.0159390177577734 -0.07497070729732513 0.16795136034488678
v -0.007969515398144722 -0.07584649324417114 0.16716031730175018
v -0.0159390177577734 -0.07642493396997452 0.17213556170463562
v -0.0159390177577734 -0.07642493396997452 0.17213556170463562
v -0.007969515398144722 -0.07584649324417114 0.16716031730175018
v -0.007969515398144722 -0.07728708535432816 0.17135684192180634
v -0.0159390177577734 -0.07642493396997452 0.17213556170463562
v -0.007969515398144722 -0.07728708535432816 0.17135684192180634
v -0.0159390177577734 -0.07834106683731079 0.1759025603532791
v -0.0159390177577734 -0.07834106683731079 0.1759025603532791
v -0.007969515398144722 -0.07728708535432816 0.17135684192180634
v -0.007969515398144722 -0.0792243704199791 0.17510472238063812
v -0.0159390177577734 -0.07834106683731079 0.1759025603532791
v -0.007969515398144722 -0.0792243704199791 0.17510472238063812
v -0.0159390177577734 -0.08070952445268631 0.1792609989643097
v -0.0159390177577734 -0.08070952445268631 0.1792609989643097
v -0.007969515398144722 -0.0792243704199791 0.17510472238063812
v -0.007969515398144722 -0.08161032944917679 0.17844736576080322
v -0.0159390177577734 -0.08070952445268631 0.1792609989643097
v -0.007969515398144722 -0.08161032944917679 0.17844736576080322
v -0.0159390177577734 -0.08352024853229523 0.1822199672460556
v -0.0159390177577734 -0.08352024853229523 0.1822199672460556
v -0.007969515398144722 -0.08161032944917679 0.17844736576080322
v -0.007969515398144722 -0.08442404121160507 0.18140363693237305
v -0.0159390177577734 -0.08352024853229523 0.1822199672460556
v -0.007969515398144722 -0.08442404121160507 0.18140363693237305
v -0.0159390177577734 -0.08676920086145401 0.18478311598300934
v -0.0159390177577734 -0.08676920086145401 0.18478311598300934
v -0.007969515398144722 -0.08442404121160507 0.18140363693237305
v -0.007969515398144722 -0.08766640722751617 0.18397273123264313
v -0.0159390177577734 -0.08676920086145401 0.18478311598300934
v -0.007969515398144722 -0.08766640722751617 0.18397273123264313
v -0.015066701918840408 -0.08999892324209213 0.18652905523777008
v -0.015066701918840408 -0.08999892324209213 0.18652905523777008
v -0.007969515398144722 -0.08766640722751617 0.18397273123264313
v -0.006991091649979353 -0.08999882638454437 0.18532559275627136
v -0.06300002336502075 -0.04389389976859093 0.18489524722099304
v -0.06300002336502075 -0.04250317066907883 0.18104258179664612
v -0.055786535143852234 -0.051466502249240875 0.17818570137023926
v -0.055786535143852234 -0.051466502249240875 0.17818570137023926
v -0.06300002336502075 -0.04250317066907883 0.18104258179664612
v -0.055786535143852234 -0.04910324141383171 0.1693248599767685
v -0.055786535143852234 -0.051466502249240875 0.17818570137023926
v -0.055786535143852234 -0.04910324141383171 0.1693248599767685
v -0.04781702905893326 -0.05835559964179993 0.17196324467658997
v -0.04781702905893326 -0.05835559964179993 0.17196324467658997
v -0.055786535143852234 -0.04910324141383171 0.1693248599767685
v -0.04781702905893326 -0.05637440085411072 0.16275730729103088
v -0.04781702905893326 -0.05835559964179993 0.17196324467658997
v -0.04781702905893326 -0.05637440085411072 0.16275730729103088
v -0.03984752669930458 -0.06385458260774612 0.16699638962745667
v -0.03984752669930458 -0.06385458260774612 0.16699638962745667
v -0.04781702905893326 -0.05637440085411072 0.16275730729103088
v -0.03984752669930458 -0.062240853905677795 0.15745854377746582
v -0.03984752669930458 -0.06385458260774612 0.16699638962745667
v -0.03984752669930458 -0.062240853905677795 0.15745854377746582
v -0.0318780243396759 -0.0680963322520256 0.1631651073694229
v -0.0318780243396759 -0.0680963322520256 0.1631651073694229
v -0.03984752669930458 -0.062240853905677795 0.15745854377746582
v -0.0318780243396759 -0.06684726476669312 0.15329787135124207
v -0.0318780243396759 -0.0680963322520256 0.1631651073694229
v -0.0318780243396759 -0.06684726476669312 0.15329787135124207
v -0.023908520117402077 -0.07121885567903519 0.16034473478794098
v -0.023908520117402077 -0.07121885567903519 0.16034473478794098
v -0.0318780243396759 -0.06684726476669312 0.15329787135124207
v -0.023908520117402077 -0.07034117728471756 0.15014205873012543
v -0.023908520117402077 -0.07121885567903519 0.16034473478794098
v -0.023908520117402077 -0.07034117728471756 0.15014205873012543
v -0.0159390177577734 -0.07334642112255096 0.1584230363368988
v -0.0159390177577734 -0.07334642112255096 0.1584230363368988
v -0.023908520117402077 -0.07034117728471756 0.15014205873012543
v -0.0159390177577734 -0.07284672558307648 0.147878959774971
v -0.0159390177577734 -0.07334642112255096 0.1584230363368988
v -0.0159390177577734 -0.07284672558307648 0.147878959774971
v -0.007969515398144722 -0.07456743717193604 0.15732018649578094
v 2.3165229734445347e-08 -0.08999935537576675 0.18500058352947235
v -0.006991091649979353 -0.08999882638454437 0.18532559275627136
v -1.2206012200977057e-08 -0.0879586786031723 0.18370874226093292
v -1.2206012200977057e-08 -0.0879586786031723 0.18370874226093292
v -0.006991091649979353 -0.08999882638454437 0.18532559275627136
v -0.007969515398144722 -0.08766640722751617 0.18397273123264313
v -1.2206012200977057e-08 -0.0879586786031723 0.18370874226093292
v -0.007969515398144722 -0.08766640722751617 0.18397273123264313
v -1.2264732340838691e-08 -0.0847252905368805 0.1811315417289734
v -1.2264732340838691e-08 -0.0847252905368805 0.1811315417289734
v -0.007969515398144722 -0.08766640722751617 0.18397273123264313
v -0.007969515398144722 -0.08442404121160507 0.18140363693237305
v -1.2264732340838691e-08 -0.0847252905368805 0.1811315417289734
v -0.007969515398144722 -0.08442404121160507 0.18140363693237305
v -1.2301406115966529e-08 -0.08191203325986862 0.17817485332489014
v -1.2301406115966529e-08 -0.08191203325986862 0.17817485332489014
v -0.007969515398144722 -0.08442404121160507 0.18140363693237305
v -0.007969515398144722 -0.08161032944917679 0.17844736576080322
v -1.2301406115966529e-08 -0.08191203325986862 0.17817485332489014
v -0.007969515398144722 -0.08161032944917679 0.17844736576080322
v -1.2316335507023268e-08 -0.07951315492391586 0.174843892455101
v -1.2316335507023268e-08 -0.07951315492391586 0.174843892455101
v -0.007969515398144722 -0.08161032944917679 0.17844736576080322
v -0.007969515398144722 -0.0792243704199791 0.17510472238063812
v -1.2316335507023268e-08 -0.07951315492391586 0.174843892455101
v -0.007969515398144722 -0.0792243704199791 0.17510472238063812
v -1.2308460917154207e-08 -0.07754883915185928 0.17112042009830475
v -1.2308460917154207e-08 -0.07754883915185928 0.17112042009830475
v -0.007969515398144722 -0.0792243704199791 0.17510472238063812
v -0.007969515398144722 -0.07728708535432816 0.17135684192180634
v -1.2308460917154207e-08 -0.07754883915185928 0.17112042009830475
v -0.007969515398144722 -0.07728708535432816 0.17135684192180634
v -1.227513024559812e-08 -0.07606961578130722 0.1669587790966034
v -1.227513024559812e-08 -0.07606961578130722 0.1669587790966034
v -0.007969515398144722 -0.07728708535432816 0.17135684192180634
v -0.007969515398144722 -0.07584649324417114 0.16716031730175018
v -1.227513024559812e-08 -0.07606961578130722 0.1669587790966034
v -0.007969515398144722 -0.07584649324417114 0.16716031730175018
v -1.2211042843546238e-08 -0.07517654448747635 0.16226772964000702
v -1.2211042843546238e-08 -0.07517654448747635 0.16226772964000702
v -0.007969515398144722 -0.07584649324417114 0.16716031730175018
v -0.007969515398144722 -0.07495823502540588 0.162464901804924
v -1.2211042843546238e-08 -0.07517654448747635 0.16226772964000702
v -0.007969515398144722 -0.07495823502540588 0.162464901804924
v -1.210935618445319e-08 -0.07499997317790985 0.15692950785160065
v -1.210935618445319e-08 -0.07499997317790985 0.15692950785160065
v -0.007969515398144722 -0.07495823502540588 0.162464901804924
v -0.007969515398144722 -0.07456743717193604 0.15732018649578094
v -1.210935618445319e-08 -0.07499997317790985 0.15692950785160065
v -0.007969515398144722 -0.07456743717193604 0.15732018649578094
v -0.007969514466822147 -0.07443203777074814 0.1464470624923706
v -0.007969514466822147 -0.07443203777074814 0.1464470624923706
v -0.007969515398144722 -0.07456743717193604 0.15732018649578094
v -0.0159390177577734 -0.07284672558307648 0.147878959774971
v -0.007969514466822147 -0.07443203777074814 0.1464470624923706
v -0.0159390177577734 -0.07284672558307648 0.147878959774971
v -0.0159390177577734 -0.0728210061788559 0.12591135501861572
v -0.0159390177577734 -0.0728210061788559 0.12591135501861572
v -0.0159390177577734 -0.07284672558307648 0.147878959774971
v -0.023908520117402077 -0.07007989287376404 0.13938264548778534
v -0.0159390177577734 -0.0728210061788559 0.12591135501861572
v -0.023908520117402077 -0.07007989287376404 0.13938264548778534
v -0.023908520117402077 -0.07012146711349487 0.1283496618270874
v -0.023908520117402077 -0.07012146711349487 0.1283496618270874
v -0.023908520117402077 -0.07007989287376404 0.13938264548778534
v -0.0318780243396759 -0.0663566142320633 0.14274562895298004
v -0.023908520117402077 -0.07012146711349487 0.1283496618270874
v -0.0318780243396759 -0.0663566142320633 0.14274562895298004
v -0.0318780243396759 -0.06634446978569031 0.13176117837429047
v -0.0318780243396759 -0.06634446978569031 0.13176117837429047
v -0.0318780243396759 -0.0663566142320633 0.14274562895298004
v -0.03984752669930458 -0.061512526124715805 0.14712096750736237
v -0.0318780243396759 -0.06634446978569031 0.13176117837429047
v -0.03984752669930458 -0.061512526124715805 0.14712096750736237
v -0.03984752669930458 -0.061411336064338684 0.136216938495636
v -0.03984752669930458 -0.061411336064338684 0.136216938495636
v -0.03984752669930458 -0.061512526124715805 0.14712096750736237
v -0.04781702905893326 -0.05539930984377861 0.152642622590065
v -0.03984752669930458 -0.061411336064338684 0.136216938495636
v -0.04781702905893326 -0.05539930984377861 0.152642622590065
v -0.04781702905893326 -0.055206798017024994 0.14182108640670776
v -0.04781702905893326 -0.055206798017024994 0.14182108640670776
v -0.04781702905893326 -0.05539930984377861 0.152642622590065
v -0.055786531418561935 -0.047853145748376846 0.15945856273174286
v -0.04781702905893326 -0.055206798017024994 0.14182108640670776
v -0.055786531418561935 -0.047853145748376846 0.15945856273174286
v -0.055786531418561935 -0.047602578997612 0.14868946373462677
v -0.055786531418561935 -0.047602578997612 0.14868946373462677
v -0.055786531418561935 -0.047853145748376846 0.15945856273174286
v -0.06300001591444016 -0.03940786048769951 0.15869460999965668
v -0.055786531418561935 -0.047602578997612 0.14868946373462677
v -0.06300001591444016 -0.03940786048769951 0.15869460999965668
v -0.06300001591444016 -0.03949129581451416 0.1445786952972412
v 0.06624142080545425 0.035172101110219955 0.08999998867511749
v 0.06768208742141724 0.03231310471892357 0.08999998867511749
v 0.06742555648088455 0.03247043490409851 0.09000000357627869
v -0.07483671605587006 9.164855130260902e-18 0.09000000357627869
v -0.07499493658542633 0.0008725546067580581 0.08999998867511749
v -0.0747855007648468 0.005668220575898886 0.09000003337860107
v 0.06624142080545425 0.035172101110219955 0.08999998867511749
v 0.06742555648088455 0.03247043490409851 0.09000000357627869
v 0.06468004733324051 0.037967000156641006 0.08999998867511749
v 0.0585097037255764 0.0466599315404892 0.09000000357627869
v 0.0466599315404892 0.0585097037255764 0.09000000357627869
v 0.051517389714717865 0.054507091641426086 0.09000000357627869
v 0.031277481466531754 0.06816843897104263 0.09000000357627869
v 0.03247043490409851 0.06742555648088455 0.09000000357627869
v 0.023675434291362762 0.07116678357124329 0.09000000357627869
v 0.023675434291362762 0.07116678357124329 0.09000000357627869
v 0.03247043490409851 0.06742555648088455 0.09000000357627869
v 0.01665273681282997 0.07296040654182434 0.09000000357627869
v 0.023675434291362762 0.07116678357124329 0.09000000357627869
v 0.01665273681282997 0.07296040654182434 0.09000000357627869
v 0.015768012031912804 0.07332427054643631 0.09000000357627869
v 0.015768012031912804 0.07332427054643631 0.09000000357627869
v 0.01665273681282997 0.07296040654182434 0.09000000357627869
v 0.007701460737735033 0.07460565865039825 0.09000000357627869
v 0.007701460737735033 0.07460565865039825 0.09000000357627869
v 0.01665273681282997 0.07296040654182434 0.09000000357627869
v 4.582427565130451e-18 0.07483671605587006 0.09000000357627869
v 0.007701460737735033 0.07460565865039825 0.09000000357627869
v 4.582427565130451e-18 0.07483671605587006 0.09000000357627869
v -0.0004853628925047815 0.07499845325946808 0.09000000357627869
v -0.0004853628925047815 0.07499845325946808 0.09000000357627869
v 4.582427565130451e-18 0.07483671605587006 0.09000000357627869
v -0.008641847409307957 0.07450273633003235 0.09000000357627869
v -0.008641847409307957 0.07450273633003235 0.09000000357627869
v 4.582427565130451e-18 0.07483671605587006 0.09000000357627869
v -0.01665273681282997 0.07296040654182434 0.09000000357627869
v -0.008641847409307957 0.07450273633003235 0.09000000357627869
v -0.01665273681282997 0.07296040654182434 0.09000000357627869
v -0.016681762412190437 0.073121577501297 0.09000000357627869
v -0.0585097037255764 -0.0466599315404892 0.09000000357627869
v -0.05820028483867645 -0.04730446636676788 0.08999975025653839
v -0.06300000101327896 -0.040694158524274826 0.08999991416931152
v -0.06300000101327896 -0.040694158524274826 0.08999991416931152
v -0.0646800547838211 -0.03796716034412384 0.09000018239021301
v -0.0585097037255764 -0.0466599315404892 0.09000000357627869
v -0.0585097037255764 -0.0466599315404892 0.09000000357627869
v -0.0646800547838211 -0.03796716034412384 0.09000018239021301
v -0.06624139100313187 -0.03517230972647667 0.09000033140182495
v -0.0585097037255764 -0.0466599315404892 0.09000000357627869
v -0.06624139100313187 -0.03517230972647667 0.09000033140182495
v -0.06742555648088455 -0.03247043490409851 0.09000000357627869
v -0.05820028483867645 -0.04730446636676788 0.08999975025653839
v -0.0585097037255764 -0.0466599315404892 0.09000000357627869
v -0.052704308182001114 -0.05335988476872444 0.08999985456466675
v -0.052704308182001114 -0.05335988476872444 0.08999985456466675
v -0.0585097037255764 -0.0466599315404892 0.09000000357627869
v -0.0466599315404892 -0.0585097037255764 0.09000000357627869
v -0.052704308182001114 -0.05335988476872444 0.08999985456466675
v -0.0466599315404892 -0.0585097037255764 0.09000000357627869
v -0.0465833880007267 -0.0587790422141552 0.09000007808208466
v 0.051517389714717865 0.054507091641426086 0.09000000357627869
v 0.05714067071676254 0.048579275608062744 0.09000000357627869
v 0.0585097037255764 0.0466599315404892 0.09000000357627869
v 0.0585097037255764 0.0466599315404892 0.09000000357627869
v 0.05714067071676254 0.048579275608062744 0.09000000357627869
v 0.061866335570812225 0.04239218309521675 0.09000000357627869
v 0.0585097037255764 0.0466599315404892 0.09000000357627869
v 0.061866335570812225 0.04239218309521675 0.09000000357627869
v 0.06742555648088455 0.03247043490409851 0.09000000357627869
v 0.06742555648088455 0.03247043490409851 0.09000000357627869
v 0.061866335570812225 0.04239218309521675 0.09000000357627869
v 0.06299996376037598 0.04069405421614647 0.08999998867511749
v 0.06742555648088455 0.03247043490409851 0.09000000357627869
v 0.06299996376037598 0.04069405421614647 0.08999998867511749
v 0.06468004733324051 0.037967000156641006 0.08999998867511749
v 0.031277481466531754 0.06816843897104263 0.09000000357627869
v 0.03851998224854469 0.0643533244729042 0.09000000357627869
v 0.03247043490409851 0.06742555648088455 0.09000000357627869
v 0.03247043490409851 0.06742555648088455 0.09000000357627869
v 0.03851998224854469 0.0643533244729042 0.09000000357627869
v 0.0405903197824955 0.06306947022676468 0.09000000357627869
v 0.03247043490409851 0.06742555648088455 0.09000000357627869
v 0.0405903197824955 0.06306947022676468 0.09000000357627869
v 0.0466599315404892 0.0585097037255764 0.09000000357627869
v 0.0466599315404892 0.0585097037255764 0.09000000357627869
v 0.0405903197824955 0.06306947022676468 0.09000000357627869
v 0.04529038444161415 0.05978573113679886 0.09000000357627869
v 0.0466599315404892 0.0585097037255764 0.09000000357627869
v 0.04529038444161415 0.05978573113679886 0.09000000357627869
v 0.051517389714717865 0.054507091641426086 0.09000000357627869
v -0.016681762412190437 0.073121577501297 0.09000000357627869
v -0.01665273681282997 0.07296040654182434 0.09000000357627869
v -0.024543993175029755 0.07087210565805435 0.09000000357627869
v -0.024543993175029755 0.07087210565805435 0.09000000357627869
v -0.01665273681282997 0.07296040654182434 0.09000000357627869
v -0.03247043490409851 0.06742555648088455 0.09000000357627869
v -0.024543993175029755 0.07087210565805435 0.09000000357627869
v -0.03247043490409851 0.06742555648088455 0.09000000357627869
v -0.0321042500436306 0.06778259575366974 0.09000000357627869
v -0.0321042500436306 0.06778259575366974 0.09000000357627869
v -0.03247043490409851 0.06742555648088455 0.09000000357627869
v -0.039299339056015015 0.06388013064861298 0.09000000357627869
v -0.039299339056015015 0.06388013064861298 0.09000000357627869
v -0.03247043490409851 0.06742555648088455 0.09000000357627869
v -0.0466599315404892 0.0585097037255764 0.09000000357627869
v -0.039299339056015015 0.06388013064861298 0.09000000357627869
v -0.0466599315404892 0.0585097037255764 0.09000000357627869
v -0.04602339491248131 0.059219736605882645 0.09000000357627869
v -0.04602339491248131 0.059219736605882645 0.09000000357627869
v -0.0466599315404892 0.0585097037255764 0.09000000357627869
v -0.052210066467523575 0.05384373292326927 0.09000000357627869
v -0.052210066467523575 0.05384373292326927 0.09000000357627869
v -0.0466599315404892 0.0585097037255764 0.09000000357627869
v -0.0585097037255764 0.0466599315404892 0.09000000357627869
v -0.052210066467523575 0.05384373292326927 0.09000000357627869
v -0.0585097037255764 0.0466599315404892 0.09000000357627869
v -0.057924892753362656 0.04764135181903839 0.09000000357627869
v -0.06899998337030411 0.029393674805760384 0.09000000357627869
v -0.06742555648088455 0.03247043490409851 0.09000000357627869
v -0.07178600877523422 0.02172025293111801 0.09000003337860107
v -0.07178600877523422 0.02172025293111801 0.09000003337860107
v -0.06742555648088455 0.03247043490409851 0.09000000357627869
v -0.07296040654182434 0.01665273681282997 0.09000000357627869
v -0.07178600877523422 0.02172025293111801 0.09000003337860107
v -0.07296040654182434 0.01665273681282997 0.09000000357627869
v -0.07372494041919708 0.01377075258642435 0.08999998867511749
v -0.07372494041919708 0.01377075258642435 0.08999998867511749
v -0.07296040654182434 0.01665273681282997 0.09000000357627869
v -0.07483671605587006 9.164855130260902e-18 0.09000000357627869
v -0.07372494041919708 0.01377075258642435 0.08999998867511749
v -0.07483671605587006 9.164855130260902e-18 0.09000000357627869
v -0.07411724328994751 0.01147317886352539 0.09000001847743988
v -0.07411724328994751 0.01147317886352539 0.09000001847743988
v -0.07483671605587006 9.164855130260902e-18 0.09000000357627869
v -0.0747855007648468 0.005668220575898886 0.09000003337860107
v -0.07296040654182434 -0.01665273681282997 0.09000000357627869
v -0.07424018532037735 -0.010648306459188461 0.09000001847743988
v -0.07483671605587006 9.164855130260902e-18 0.09000000357627869
v -0.07483671605587006 9.164855130260902e-18 0.09000000357627869
v -0.07424018532037735 -0.010648306459188461 0.09000001847743988
v -0.07495762407779694 -0.002520265756174922 0.09000000357627869
v -0.07483671605587006 9.164855130260902e-18 0.09000000357627869
v -0.07495762407779694 -0.002520265756174922 0.09000000357627869
v -0.07499493658542633 0.0008725546067580581 0.08999998867511749
v -0.06624139100313187 -0.03517230972647667 0.09000033140182495
v -0.06899996101856232 -0.02939409762620926 0.08999998867511749
v -0.06742555648088455 -0.03247043490409851 0.09000000357627869
v -0.06742555648088455 -0.03247043490409851 0.09000000357627869
v -0.06899996101856232 -0.02939409762620926 0.08999998867511749
v -0.07017959654331207 -0.026454225182533264 0.09000001847743988
v -0.06742555648088455 -0.03247043490409851 0.09000000357627869
v -0.07017959654331207 -0.026454225182533264 0.09000001847743988
v -0.07296040654182434 -0.01665273681282997 0.09000000357627869
v -0.07296040654182434 -0.01665273681282997 0.09000000357627869
v -0.07017959654331207 -0.026454225182533264 0.09000001847743988
v -0.07263630628585815 -0.018680712208151817 0.09000001847743988
v -0.07296040654182434 -0.01665273681282997 0.09000000357627869
v -0.07263630628585815 -0.018680712208151817 0.09000001847743988
v -0.07424018532037735 -0.010648306459188461 0.09000001847743988
v -0.0465833880007267 -0.0587790422141552 0.09000007808208466
v -0.0466599315404892 -0.0585097037255764 0.09000000357627869
v -0.03990797698497772 -0.06350063532590866 0.0900001972913742
v -0.03990797698497772 -0.06350063532590866 0.0900001972913742
v -0.0466599315404892 -0.0585097037255764 0.09000000357627869
v -0.03247043490409851 -0.06742555648088455 0.09000000357627869
v -0.03990797698497772 -0.06350063532590866 0.0900001972913742
v -0.03247043490409851 -0.06742555648088455 0.09000000357627869
v -0.03275701776146889 -0.06746865063905716 0.08999983966350555
v -0.03275701776146889 -0.06746865063905716 0.08999983966350555
v -0.03247043490409851 -0.06742555648088455 0.09000000357627869
v -0.025219103321433067 -0.07063272595405579 0.09000003337860107
v -0.025219103321433067 -0.07063272595405579 0.09000003337860107
v -0.03247043490409851 -0.06742555648088455 0.09000000357627869
v -0.01665273681282997 -0.07296040654182434 0.09000000357627869
v -0.025219103321433067 -0.07063272595405579 0.09000003337860107
v -0.01665273681282997 -0.07296040654182434 0.09000000357627869
v -0.01738475263118744 -0.07295746356248856 0.08999986946582794
v -0.01738475263118744 -0.07295746356248856 0.08999986946582794
v -0.01665273681282997 -0.07296040654182434 0.09000000357627869
v -0.009336098097264767 -0.07441633194684982 0.0899997353553772
v -0.009336098097264767 -0.07441633194684982 0.0899997353553772
v -0.01665273681282997 -0.07296040654182434 0.09000000357627869
v -1.3747282695391353e-17 -0.07483671605587006 0.09000000357627869
v -0.009336098097264767 -0.07441633194684982 0.0899997353553772
v -1.3747282695391353e-17 -0.07483671605587006 0.09000000357627869
v -0.0011821313528344035 -0.07499083131551743 0.08999985456466675
v 0.07408809661865234 -0.011663958430290222 0.09000000357627869
v 0.07296040654182434 -0.01665273681282997 0.09000000357627869
v 0.07491789758205414 -0.0035195767413824797 0.09000000357627869
v 0.07491789758205414 -0.0035195767413824797 0.09000000357627869
v 0.07296040654182434 -0.01665273681282997 0.09000000357627869
v 0.07483671605587006 0.0 0.09000000357627869
v 0.07296040654182434 0.01665273681282997 0.09000000357627869
v 0.07485498487949371 0.004672808572649956 0.09000000357627869
v 0.07483671605587006 0.0 0.09000000357627869
v 0.07483671605587006 0.0 0.09000000357627869
v 0.07485498487949371 0.004672808572649956 0.09000000357627869
v 0.074996218085289 0.000756305642426014 0.09000000357627869
v 0.07483671605587006 0.0 0.09000000357627869
v 0.074996218085289 0.000756305642426014 0.09000000357627869
v 0.07491789758205414 -0.0035195767413824797 0.09000000357627869
v -0.06899998337030411 0.029393674805760384 0.09000000357627869
v -0.06708133965730667 0.033542729914188385 0.09000000357627869
v -0.06742555648088455 0.03247043490409851 0.09000000357627869
v -0.06742555648088455 0.03247043490409851 0.09000000357627869
v -0.06708133965730667 0.033542729914188385 0.09000000357627869
v -0.06520239263772964 0.03705606982111931 0.09000000357627869
v -0.06742555648088455 0.03247043490409851 0.09000000357627869
v -0.06520239263772964 0.03705606982111931 0.09000000357627869
v -0.0585097037255764 0.0466599315404892 0.09000000357627869
v -0.0585097037255764 0.0466599315404892 0.09000000357627869
v -0.06520239263772964 0.03705606982111931 0.09000000357627869
v -0.06299997121095657 0.040693897753953934 0.08999998867511749
v -0.0585097037255764 0.0466599315404892 0.09000000357627869
v -0.06299997121095657 0.040693897753953934 0.08999998867511749
v -0.057924892753362656 0.04764135181903839 0.09000000357627869
v 0.06768208742141724 0.03231310471892357 0.08999998867511749
v 0.06900004297494888 0.02939377725124359 0.08999998867511749
v 0.06742555648088455 0.03247043490409851 0.09000000357627869
v 0.06742555648088455 0.03247043490409851 0.09000000357627869
v 0.06900004297494888 0.02939377725124359 0.08999998867511749
v 0.07197047770023346 0.021101029589772224 0.09000000357627869
v 0.06742555648088455 0.03247043490409851 0.09000000357627869
v 0.07197047770023346 0.021101029589772224 0.09000000357627869
v 0.07296040654182434 0.01665273681282997 0.09000000357627869
v 0.07296040654182434 0.01665273681282997 0.09000000357627869
v 0.07197047770023346 0.021101029589772224 0.09000000357627869
v 0.07391032576560974 0.012739862315356731 0.09000000357627869
v 0.07296040654182434 0.01665273681282997 0.09000000357627869
v 0.07391032576560974 0.012739862315356731 0.09000000357627869
v 0.07485498487949371 0.004672808572649956 0.09000000357627869
v -0.0011821313528344035 -0.07499083131551743 0.08999985456466675
v -1.3747282695391353e-17 -0.07483671605587006 0.09000000357627869
v 0.006989159621298313 -0.07467346638441086 0.0899999737739563
v 0.006989159621298313 -0.07467346638441086 0.0899999737739563
v -1.3747282695391353e-17 -0.07483671605587006 0.09000000357627869
v 0.01665273681282997 -0.07296040654182434 0.09000000357627869
v 0.006989159621298313 -0.07467346638441086 0.0899999737739563
v 0.01665273681282997 -0.07296040654182434 0.09000000357627869
v 0.015078779309988022 -0.0734686404466629 0.09000003337860107
v 0.015078779309988022 -0.0734686404466629 0.09000003337860107
v 0.01665273681282997 -0.07296040654182434 0.09000000357627869
v 0.022984327748417854 -0.07139122486114502 0.09000027179718018
v 0.022984327748417854 -0.07139122486114502 0.09000027179718018
v 0.01665273681282997 -0.07296040654182434 0.09000000357627869
v 0.03247043490409851 -0.06742555648088455 0.09000000357627869
v 0.022984327748417854 -0.07139122486114502 0.09000027179718018
v 0.03247043490409851 -0.06742555648088455 0.09000000357627869
v 0.03061932697892189 -0.06846512854099274 0.09000010788440704
v 0.03984391689300537 -0.06354085355997086 0.09000027179718018
v 0.0466599315404892 -0.0585097037255764 0.09000000357627869
v 0.043830085545778275 -0.060859814286231995 0.08999998867511749
v 0.043830085545778275 -0.060859814286231995 0.08999998867511749
v 0.0466599315404892 -0.0585097037255764 0.09000000357627869
v 0.044709157198667526 -0.06021702662110329 0.08999998867511749
v 0.03984391689300537 -0.06354085355997086 0.09000027179718018
v 0.039156749844551086 -0.06396661698818207 0.09000025689601898
v 0.0466599315404892 -0.0585097037255764 0.09000000357627869
v 0.0466599315404892 -0.0585097037255764 0.09000000357627869
v 0.039156749844551086 -0.06396661698818207 0.09000025689601898
v 0.037890151143074036 -0.06472495198249817 0.09000018239021301
v 0.0466599315404892 -0.0585097037255764 0.09000000357627869
v 0.037890151143074036 -0.06472495198249817 0.09000018239021301
v 0.03247043490409851 -0.06742555648088455 0.09000000357627869
v 0.03247043490409851 -0.06742555648088455 0.09000000357627869
v 0.037890151143074036 -0.06472495198249817 0.09000018239021301
v 0.03187646344304085 -0.06788892298936844 0.09000010788440704
v 0.03247043490409851 -0.06742555648088455 0.09000000357627869
v 0.03187646344304085 -0.06788892298936844 0.09000010788440704
v 0.03061932697892189 -0.06846512854099274 0.09000010788440704
v 0.044709157198667526 -0.06021702662110329 0.08999998867511749
v 0.0466599315404892 -0.0585097037255764 0.09000000357627869
v 0.05099937319755554 -0.054991647601127625 0.08999985456466675
v 0.05099937319755554 -0.054991647601127625 0.08999985456466675
v 0.0466599315404892 -0.0585097037255764 0.09000000357627869
v 0.0585097037255764 -0.0466599315404892 0.09000000357627869
v 0.05099937319755554 -0.054991647601127625 0.08999985456466675
v 0.0585097037255764 -0.0466599315404892 0.09000000357627869
v 0.05668032541871071 -0.049115393310785294 0.08999983966350555
v 0.06539208441972733 -0.036727238446474075 0.09000000357627869
v 0.0585097037255764 -0.0466599315404892 0.09000000357627869
v 0.06624139100313187 -0.03517227619886398 0.09000000357627869
v 0.06624139100313187 -0.03517227619886398 0.09000000357627869
v 0.0585097037255764 -0.0466599315404892 0.09000000357627869
v 0.06742555648088455 -0.03247043490409851 0.09000000357627869
v 0.06539208441972733 -0.036727238446474075 0.09000000357627869
v 0.06300000101327896 -0.04069412499666214 0.08999992907047272
v 0.0585097037255764 -0.0466599315404892 0.09000000357627869
v 0.0585097037255764 -0.0466599315404892 0.09000000357627869
v 0.06300000101327896 -0.04069412499666214 0.08999992907047272
v 0.06169237568974495 -0.042650558054447174 0.08999988436698914
v 0.0585097037255764 -0.0466599315404892 0.09000000357627869
v 0.06169237568974495 -0.042650558054447174 0.08999988436698914
v 0.05668032541871071 -0.049115393310785294 0.08999983966350555
v 0.07408809661865234 -0.011663958430290222 0.09000000357627869
v 0.07238422334194183 -0.01963404193520546 0.09000000357627869
v 0.07296040654182434 -0.01665273681282997 0.09000000357627869
v 0.07296040654182434 -0.01665273681282997 0.09000000357627869
v 0.07238422334194183 -0.01963404193520546 0.09000000357627869
v 0.06989682465791702 -0.027156231924891472 0.09000000357627869
v 0.07296040654182434 -0.01665273681282997 0.09000000357627869
v 0.06989682465791702 -0.027156231924891472 0.09000000357627869
v 0.06742555648088455 -0.03247043490409851 0.09000000357627869
v 0.06742555648088455 -0.03247043490409851 0.09000000357627869
v 0.06989682465791702 -0.027156231924891472 0.09000000357627869
v 0.06899995356798172 -0.029394065961241722 0.08999998867511749
v 0.06742555648088455 -0.03247043490409851 0.09000000357627869
v 0.06899995356798172 -0.029394065961241722 0.08999998867511749
v 0.06624139100313187 -0.03517227619886398 0.09000000357627869
v 0.016073189675807953 -0.08999999612569809 0.33325743675231934
v 0.015513835474848747 -0.0670493021607399 0.33688822388648987
v 0.007738661952316761 -0.06750072538852692 0.33814430236816406
v 0.016073189675807953 -0.08999999612569809 0.33325743675231934
v 0.007738661952316761 -0.06750072538852692 0.33814430236816406
v 0.00718417065218091 -0.08999998867511749 0.33465513586997986
v 0.00718417065218091 -0.08999998867511749 0.33465513586997986
v 0.007738661952316761 -0.06750072538852692 0.33814430236816406
v -2.4351389583898708e-05 -0.06765580922365189 0.33856862783432007
v 0.00718417065218091 -0.08999998867511749 0.33465513586997986
v -2.4351389583898708e-05 -0.06765580922365189 0.33856862783432007
v -7.976897788142256e-12 -0.08999998867511749 0.33500000834465027
v 0.04829062521457672 -0.009927993640303612 0.3264356851577759
v 0.04843573644757271 0.01660127379000187 0.32659828662872314
v 0.04481712728738785 0.014122197404503822 0.32924148440361023
v 0.04829062521457672 -0.009927993640303612 0.3264356851577759
v 0.04481712728738785 0.014122197404503822 0.32924148440361023
v 0.04131884127855301 -0.013254133984446526 0.33100587129592896
v 0.04843573644757271 0.01660127379000187 0.32659828662872314
v 0.04829062521457672 -0.009927993640303612 0.3264356851577759
v 0.05273176729679108 0.01986260525882244 0.3230205178260803
v 0.05273176729679108 0.01986260525882244 0.3230205178260803
v 0.04829062521457672 -0.009927993640303612 0.3264356851577759
v 0.054683610796928406 -0.006403215229511261 0.3213196098804474
v 0.05273176729679108 0.01986260525882244 0.3230205178260803
v 0.054683610796928406 -0.006403215229511261 0.3213196098804474
v 0.05473849177360535 0.021516041830182076 0.321161687374115
v 0.06530801206827164 0.016011495143175125 0.3097636103630066
v 0.0695987194776535 0.020334577187895775 0.303336501121521
v 0.0678800642490387 0.035059649497270584 0.30466049909591675
v 0.0678800642490387 0.035059649497270584 0.30466049909591675
v 0.0695987194776535 0.020334577187895775 0.303336501121521
v 0.06864555925130844 0.03605254739522934 0.303351491689682
v 0.06864555925130844 0.03605254739522934 0.303351491689682
v 0.0695987194776535 0.020334577187895775 0.303336501121521
v 0.07319044321775436 0.024608414620161057 0.2965765595436096
v 0.06864555925130844 0.03605254739522934 0.303351491689682
v 0.07319044321775436 0.024608414620161057 0.2965765595436096
v 0.07072657346725464 0.03893374279141426 0.2994663417339325
v 0.07072657346725464 0.03893374279141426 0.2994663417339325
v 0.07319044321775436 0.024608414620161057 0.2965765595436096
v 0.07457275688648224 0.04528593271970749 0.2904096841812134
v 0.07457275688648224 0.04528593271970749 0.2904096841812134
v 0.07319044321775436 0.024608414620161057 0.2965765595436096
v 0.07608561962842941 0.028794119134545326 0.28955915570259094
v 0.07457275688648224 0.04528593271970749 0.2904096841812134
v 0.07608561962842941 0.028794119134545326 0.28955915570259094
v 0.07487262040376663 0.04586710035800934 0.2895444333553314
v 0.07487262040376663 0.04586710035800934 0.2895444333553314
v 0.07608561962842941 0.028794119134545326 0.28955915570259094
v 0.07834429293870926 0.032875411212444305 0.28237858414649963
v 0.07487262040376663 0.04586710035800934 0.2895444333553314
v 0.07834429293870926 0.032875411212444305 0.28237858414649963
v 0.07600374519824982 0.04824257642030716 0.2859383821487427
v 0.07600374519824982 0.04824257642030716 0.2859383821487427
v 0.07834429293870926 0.032875411212444305 0.28237858414649963
v 0.07995011657476425 0.036819107830524445 0.27504730224609375
v 0.07600374519824982 0.04824257642030716 0.2859383821487427
v 0.07995011657476425 0.036819107830524445 0.27504730224609375
v 0.0783347561955452 0.05504133924841881 0.27494344115257263
v 0.0783347561955452 0.05504133924841881 0.27494344115257263
v 0.07995011657476425 0.036819107830524445 0.27504730224609375
v 0.07872862368822098 0.05699895694851875 0.2715688943862915
v 0.07872862368822098 0.05699895694851875 0.2715688943862915
v 0.07995011657476425 0.036819107830524445 0.27504730224609375
v 0.0808708444237709 0.04058995097875595 0.2675805389881134
v 0.07872862368822098 0.05699895694851875 0.2715688943862915
v 0.0808708444237709 0.04058995097875595 0.2675805389881134
v 0.07900669425725937 0.05924631655216217 0.2675655782222748
v 0.07897786796092987 0.06327848881483078 0.25999996066093445
v 0.0790337547659874 0.059620872139930725 0.2668842375278473
v 0.08039125055074692 0.05106251686811447 0.25999999046325684
v 0.08039125055074692 0.05106251686811447 0.25999999046325684
v 0.0790337547659874 0.059620872139930725 0.2668842375278473
v 0.07900669425725937 0.05924631655216217 0.2675655782222748
v 0.08039125055074692 0.05106251686811447 0.25999999046325684
v 0.07900669425725937 0.05924631655216217 0.2675655782222748
v 0.08106396347284317 0.04415130615234375 0.25999999046325684
v 0.08106396347284317 0.04415130615234375 0.25999999046325684
v 0.07900669425725937 0.05924631655216217 0.2675655782222748
v 0.0808708444237709 0.04058995097875595 0.2675805389881134
v 0.08106396347284317 0.04415130615234375 0.25999999046325684
v 0.0808708444237709 0.04058995097875595 0.2675805389881134
v 0.08214233815670013 0.029859155416488647 0.25999999046325684
v 0.07486993819475174 -0.08999998867511749 0.26441529393196106
v 0.07500001043081284 -0.08999998867511749 0.25999999046325684
v 0.07805554568767548 -0.07158252596855164 0.2676985561847687
v 0.07805554568767548 -0.07158252596855164 0.2676985561847687
v 0.07500001043081284 -0.08999998867511749 0.25999999046325684
v 0.07718058675527573 -0.07704782485961914 0.25999999046325684
v 0.07805554568767548 -0.07158252596855164 0.2676985561847687
v 0.07718058675527573 -0.07704782485961914 0.25999999046325684
v 0.07808157801628113 -0.07100747525691986 0.25999999046325684
v 0.08298403024673462 0.008674676530063152 0.25999999046325684
v 0.0823194608092308 0.026800334453582764 0.25999999046325684
v 0.08204306662082672 0.021884992718696594 0.2676001191139221
v 0.08204306662082672 0.021884992718696594 0.2676001191139221
v 0.0823194608092308 0.026800334453582764 0.25999999046325684
v 0.08228568732738495 0.027409538626670837 0.25999999046325684
v 0.06034695729613304 0.01169504038989544 0.31581321358680725
v 0.06046373024582863 -0.0027648797258734703 0.3157215118408203
v 0.06530801206827164 0.016011495143175125 0.3097636103630066
v 0.06530801206827164 0.016011495143175125 0.3097636103630066
v 0.06046373024582863 -0.0027648797258734703 0.3157215118408203
v 0.06559333205223083 0.0009177758474834263 0.30969586968421936
v 0.06530801206827164 0.016011495143175125 0.3097636103630066
v 0.06559333205223083 0.0009177758474834263 0.30969586968421936
v 0.0695987194776535 0.020334577187895775 0.303336501121521
v 0.0695987194776535 0.020334577187895775 0.303336501121521
v 0.06559333205223083 0.0009177758474834263 0.30969586968421936
v 0.07003206014633179 0.004585642833262682 0.30329424142837524
v 0.0695987194776535 0.020334577187895775 0.303336501121521
v 0.07003206014633179 0.004585642833262682 0.30329424142837524
v 0.07319044321775436 0.024608414620161057 0.2965765595436096
v 0.07319044321775436 0.024608414620161057 0.2965765595436096
v 0.07003206014633179 0.004585642833262682 0.30329424142837524
v 0.07373611629009247 0.008186941966414452 0.2965673804283142
v 0.07319044321775436 0.024608414620161057 0.2965765595436096
v 0.07373611629009247 0.008186941966414452 0.2965673804283142
v 0.07608561962842941 0.028794119134545326 0.28955915570259094
v 0.07608561962842941 0.028794119134545326 0.28955915570259094
v 0.07373611629009247 0.008186941966414452 0.2965673804283142
v 0.07673165947198868 0.011714542284607887 0.28958460688591003
v 0.07608561962842941 0.028794119134545326 0.28955915570259094
v 0.07673165947198868 0.011714542284607887 0.28958460688591003
v 0.07834429293870926 0.032875411212444305 0.28237858414649963
v 0.07834429293870926 0.032875411212444305 0.28237858414649963
v 0.07673165947198868 0.011714542284607887 0.28958460688591003
v 0.0791432335972786 0.015207739546895027 0.28241753578186035
v 0.07834429293870926 0.032875411212444305 0.28237858414649963
v 0.0791432335972786 0.015207739546895027 0.28241753578186035
v 0.07995011657476425 0.036819107830524445 0.27504730224609375
v 0.07995011657476425 0.036819107830524445 0.27504730224609375
v 0.0791432335972786 0.015207739546895027 0.28241753578186035
v 0.08093178272247314 0.018616192042827606 0.27508223056793213
v 0.07995011657476425 0.036819107830524445 0.27504730224609375
v 0.08093178272247314 0.018616192042827606 0.27508223056793213
v 0.0808708444237709 0.04058995097875595 0.2675805389881134
v 0.0808708444237709 0.04058995097875595 0.2675805389881134
v 0.08093178272247314 0.018616192042827606 0.27508223056793213
v 0.08204306662082672 0.021884992718696594 0.2676001191139221
v 0.0808708444237709 0.04058995097875595 0.2675805389881134
v 0.08204306662082672 0.021884992718696594 0.2676001191139221
v 0.08214233815670013 0.029859155416488647 0.25999999046325684
v 0.08214233815670013 0.029859155416488647 0.25999999046325684
v 0.08204306662082672 0.021884992718696594 0.2676001191139221
v 0.08228568732738495 0.027409538626670837 0.25999999046325684
v 0.06046373024582863 -0.0027648797258734703 0.3157215118408203
v 0.060158390551805496 -0.017254812642931938 0.3155541718006134
v 0.06559333205223083 0.0009177758474834263 0.30969586968421936
v 0.06559333205223083 0.0009177758474834263 0.30969586968421936
v 0.060158390551805496 -0.017254812642931938 0.3155541718006134
v 0.06540045142173767 -0.014203340746462345 0.30958059430122375
v 0.06559333205223083 0.0009177758474834263 0.30969586968421936
v 0.06540045142173767 -0.014203340746462345 0.30958059430122375
v 0.07003206014633179 0.004585642833262682 0.30329424142837524
v 0.07003206014633179 0.004585642833262682 0.30329424142837524
v 0.06540045142173767 -0.014203340746462345 0.30958059430122375
v 0.06994421035051346 -0.011182684451341629 0.3032289445400238
v 0.07003206014633179 0.004585642833262682 0.30329424142837524
v 0.06994421035051346 -0.011182684451341629 0.3032289445400238
v 0.07373611629009247 0.008186941966414452 0.2965673804283142
v 0.07373611629009247 0.008186941966414452 0.2965673804283142
v 0.06994421035051346 -0.011182684451341629 0.3032289445400238
v 0.07373484969139099 -0.00823945738375187 0.2965546250343323
v 0.07373611629009247 0.008186941966414452 0.2965673804283142
v 0.07373484969139099 -0.00823945738375187 0.2965546250343323
v 0.07673165947198868 0.011714542284607887 0.28958460688591003
v 0.07673165947198868 0.011714542284607887 0.28958460688591003
v 0.07373484969139099 -0.00823945738375187 0.2965546250343323
v 0.07682324945926666 -0.005356036126613617 0.28961852192878723
v 0.07673165947198868 0.011714542284607887 0.28958460688591003
v 0.07682324945926666 -0.005356036126613617 0.28961852192878723
v 0.0791432335972786 0.015207739546895027 0.28241753578186035
v 0.0791432335972786 0.015207739546895027 0.28241753578186035
v 0.07682324945926666 -0.005356036126613617 0.28961852192878723
v 0.07938342541456223 -0.002452386077493429 0.282468318939209
v 0.0791432335972786 0.015207739546895027 0.28241753578186035
v 0.07938342541456223 -0.002452386077493429 0.282468318939209
v 0.08093178272247314 0.018616192042827606 0.27508223056793213
v 0.08093178272247314 0.018616192042827606 0.27508223056793213
v 0.07938342541456223 -0.002452386077493429 0.282468318939209
v 0.08133480697870255 0.0004087662964593619 0.2751266658306122
v 0.08093178272247314 0.018616192042827606 0.27508223056793213
v 0.08133480697870255 0.0004087662964593619 0.2751266658306122
v 0.08204306662082672 0.021884992718696594 0.2676001191139221
v 0.08204306662082672 0.021884992718696594 0.2676001191139221
v 0.08133480697870255 0.0004087662964593619 0.2751266658306122
v 0.08258242905139923 0.0031583881936967373 0.26762422919273376
v 0.08204306662082672 0.021884992718696594 0.2676001191139221
v 0.08258242905139923 0.0031583881936967373 0.26762422919273376
v 0.08298403024673462 0.008674676530063152 0.25999999046325684
v 0.08298403024673462 0.008674676530063152 0.25999999046325684
v 0.08258242905139923 0.0031583881936967373 0.26762422919273376
v 0.08305620402097702 -0.004279512912034988 0.25999999046325684
v 0.0678800642490387 0.035059649497270584 0.30466049909591675
v 0.06330002099275589 0.029691699892282486 0.3114894926548004
v 0.06530801206827164 0.016011495143175125 0.3097636103630066
v 0.06530801206827164 0.016011495143175125 0.3097636103630066
v 0.06330002099275589 0.029691699892282486 0.3114894926548004
v 0.05844670161604881 0.024815483018755913 0.31735774874687195
v 0.06530801206827164 0.016011495143175125 0.3097636103630066
v 0.05844670161604881 0.024815483018755913 0.31735774874687195
v 0.06034695729613304 0.01169504038989544 0.31581321358680725
v 0.06034695729613304 0.01169504038989544 0.31581321358680725
v 0.05844670161604881 0.024815483018755913 0.31735774874687195
v 0.05473849177360535 0.021516041830182076 0.321161687374115
v 0.06034695729613304 0.01169504038989544 0.31581321358680725
v 0.05473849177360535 0.021516041830182076 0.321161687374115
v 0.06046373024582863 -0.0027648797258734703 0.3157215118408203
v 0.06046373024582863 -0.0027648797258734703 0.3157215118408203
v 0.05473849177360535 0.021516041830182076 0.321161687374115
v 0.054683610796928406 -0.006403215229511261 0.3213196098804474
v 0.06046373024582863 -0.0027648797258734703 0.3157215118408203
v 0.054683610796928406 -0.006403215229511261 0.3213196098804474
v 0.060158390551805496 -0.017254812642931938 0.3155541718006134
v 0.060158390551805496 -0.017254812642931938 0.3155541718006134
v 0.054683610796928406 -0.006403215229511261 0.3213196098804474
v 0.05943421274423599 -0.031782761216163635 0.31531161069869995
v 0.060158390551805496 -0.017254812642931938 0.3155541718006134
v 0.05943421274423599 -0.031782761216163635 0.31531161069869995
v 0.06540045142173767 -0.014203340746462345 0.30958059430122375
v 0.06540045142173767 -0.014203340746462345 0.30958059430122375
v 0.05943421274423599 -0.031782761216163635 0.31531161069869995
v 0.06473235785961151 -0.029356421902775764 0.3094181418418884
v 0.06540045142173767 -0.014203340746462345 0.30958059430122375
v 0.06473235785961151 -0.029356421902775764 0.3094181418418884
v 0.06994421035051346 -0.011182684451341629 0.3032289445400238
v 0.06994421035051346 -0.011182684451341629 0.3032289445400238
v 0.06473235785961151 -0.029356421902775764 0.3094181418418884
v 0.06933744251728058 -0.026968779042363167 0.30314087867736816
v 0.06994421035051346 -0.011182684451341629 0.3032289445400238
v 0.06933744251728058 -0.026968779042363167 0.30314087867736816
v 0.07373484969139099 -0.00823945738375187 0.2965546250343323
v 0.07373484969139099 -0.00823945738375187 0.2965546250343323
v 0.06933744251728058 -0.026968779042363167 0.30314087867736816
v 0.0731876790523529 -0.024659713730216026 0.2965383529663086
v 0.07373484969139099 -0.00823945738375187 0.2965546250343323
v 0.0731876790523529 -0.024659713730216026 0.2965383529663086
v 0.07682324945926666 -0.005356036126613617 0.28961852192878723
v 0.07682324945926666 -0.005356036126613617 0.28961852192878723
v 0.0731876790523529 -0.024659713730216026 0.2965383529663086
v 0.07637384533882141 -0.022398700937628746 0.2896595597267151
v 0.07682324945926666 -0.005356036126613617 0.28961852192878723
v 0.07637384533882141 -0.022398700937628746 0.2896595597267151
v 0.07938342541456223 -0.002452386077493429 0.282468318939209
v 0.07938342541456223 -0.002452386077493429 0.282468318939209
v 0.07637384533882141 -0.022398700937628746 0.2896595597267151
v 0.07911843061447144 -0.020087679848074913 0.28252607583999634
v 0.07938342541456223 -0.002452386077493429 0.282468318939209
v 0.07911843061447144 -0.020087679848074913 0.28252607583999634
v 0.08133480697870255 0.0004087662964593619 0.2751266658306122
v 0.08133480697870255 0.0004087662964593619 0.2751266658306122
v 0.07911843061447144 -0.020087679848074913 0.28252607583999634
v 0.08124712854623795 -0.017789851874113083 0.27517279982566833
v 0.08133480697870255 0.0004087662964593619 0.2751266658306122
v 0.08124712854623795 -0.017789851874113083 0.27517279982566833
v 0.08258242905139923 0.0031583881936967373 0.26762422919273376
v 0.08258242905139923 0.0031583881936967373 0.26762422919273376
v 0.08124712854623795 -0.017789851874113083 0.27517279982566833
v 0.08257060497999191 -0.015575204975903034 0.2676457464694977
v 0.08258242905139923 0.0031583881936967373 0.26762422919273376
v 0.08257060497999191 -0.015575204975903034 0.2676457464694977
v 0.08305620402097702 -0.004279512912034988 0.25999999046325684
v 0.025805283337831497 -0.018872104585170746 0.33819779753685
v 0.03380656987428665 -0.016277452930808067 0.33495578169822693
v 0.03160043805837631 0.0069145928137004375 0.3365786373615265
v 0.01739373616874218 -0.02089012786746025 0.3406284749507904
v 0.014385511167347431 0.0014206541236490011 0.34184715151786804
v 0.011911969631910324 0.0009733832557685673 0.34226441383361816
v 0.01739373616874218 -0.02089012786746025 0.3406284749507904
v 0.011911969631910324 0.0009733832557685673 0.34226441383361816
v 0.008704280480742455 -0.022181004285812378 0.342143177986145
v 0.03160043805837631 0.0069145928137004375 0.3365786373615265
v 0.026575611904263496 0.004872777033597231 0.3385678231716156
v 0.025805283337831497 -0.018872104585170746 0.33819779753685
v 0.025805283337831497 -0.018872104585170746 0.33819779753685
v 0.026575611904263496 0.004872777033597231 0.3385678231716156
v 0.02334355004131794 0.003752895863726735 0.33964309096336365
v 0.025805283337831497 -0.018872104585170746 0.33819779753685
v 0.02334355004131794 0.003752895863726735 0.33964309096336365
v 0.01739373616874218 -0.02089012786746025 0.3406284749507904
v 0.01739373616874218 -0.02089012786746025 0.3406284749507904
v 0.02334355004131794 0.003752895863726735 0.33964309096336365
v 0.018075665459036827 0.002245281357318163 0.34107324481010437
v 0.01739373616874218 -0.02089012786746025 0.3406284749507904
v 0.018075665459036827 0.002245281357318163 0.34107324481010437
v 0.014385511167347431 0.0014206541236490011 0.34184715151786804
v 0.04481712728738785 0.014122197404503822 0.32924148440361023
v 0.04178882762789726 0.01222259271889925 0.3312242031097412
v 0.04131884127855301 -0.013254133984446526 0.33100587129592896
v 0.04131884127855301 -0.013254133984446526 0.33100587129592896
v 0.04178882762789726 0.01222259271889925 0.3312242031097412
v 0.03930581361055374 0.010778761468827724 0.33270740509033203
v 0.04131884127855301 -0.013254133984446526 0.33100587129592896
v 0.03930581361055374 0.010778761468827724 0.33270740509033203
v 0.03380656987428665 -0.016277452930808067 0.33495578169822693
v 0.03380656987428665 -0.016277452930808067 0.33495578169822693
v 0.03930581361055374 0.010778761468827724 0.33270740509033203
v 0.03430163487792015 0.008166171610355377 0.33534032106399536
v 0.03380656987428665 -0.016277452930808067 0.33495578169822693
v 0.03430163487792015 0.008166171610355377 0.33534032106399536
v 0.03160043805837631 0.0069145928137004375 0.3365786373615265
v 0.05670306459069252 -0.06089437007904053 0.3146519362926483
v 0.0582842081785202 -0.04633495584130287 0.31500762701034546
v 0.05350380018353462 -0.034203026443719864 0.3207642734050751
v 0.015513835474848747 -0.0670493021607399 0.33688822388648987
v 0.016073189675807953 -0.08999999612569809 0.33325743675231934
v 0.023177724331617355 -0.0663476437330246 0.3348427712917328
v 0.023177724331617355 -0.0663476437330246 0.3348427712917328
v 0.016073189675807953 -0.08999999612569809 0.33325743675231934
v 0.021298447623848915 -0.08999998867511749 0.3319122791290283
v 0.023177724331617355 -0.0663476437330246 0.3348427712917328
v 0.021298447623848915 -0.08999998867511749 0.3319122791290283
v 0.030626671388745308 -0.06545101851224899 0.33205941319465637
v 0.030626671388745308 -0.06545101851224899 0.33205941319465637
v 0.021298447623848915 -0.08999998867511749 0.3319122791290283
v 0.03139948472380638 -0.08999999612569809 0.3281107544898987
v 0.030626671388745308 -0.06545101851224899 0.33205941319465637
v 0.03139948472380638 -0.08999999612569809 0.3281107544898987
v 0.0377761535346508 -0.06441385298967361 0.3285956084728241
v 0.0377761535346508 -0.06441385298967361 0.3285956084728241
v 0.03139948472380638 -0.08999999612569809 0.3281107544898987
v 0.03466881066560745 -0.08999999612569809 0.32650619745254517
v 0.0377761535346508 -0.06441385298967361 0.3285956084728241
v 0.03466881066560745 -0.08999999612569809 0.32650619745254517
v 0.044550951570272446 -0.06328319758176804 0.3245044946670532
v 0.044550951570272446 -0.06328319758176804 0.3245044946670532
v 0.03466881066560745 -0.08999999612569809 0.32650619745254517
v 0.04090200737118721 -0.08999999612569809 0.32286515831947327
v 0.044550951570272446 -0.06328319758176804 0.3245044946670532
v 0.04090200737118721 -0.08999999612569809 0.32286515831947327
v 0.050881821662187576 -0.06209888681769371 0.31983858346939087
v 0.04090200737118721 -0.08999999612569809 0.32286515831947327
v 0.04526670277118683 -0.08999999612569809 0.3197990655899048
v 0.050881821662187576 -0.06209888681769371 0.31983858346939087
v 0.050881821662187576 -0.06209888681769371 0.31983858346939087
v 0.04526670277118683 -0.08999999612569809 0.3197990655899048
v 0.052231449633836746 -0.08999999612569809 0.3138226270675659
v 0.050881821662187576 -0.06209888681769371 0.31983858346939087
v 0.052231449633836746 -0.08999999612569809 0.3138226270675659
v 0.054687272757291794 -0.07545492798089981 0.31425386667251587
v 0.054687272757291794 -0.07545492798089981 0.31425386667251587
v 0.052231449633836746 -0.08999999612569809 0.3138226270675659
v 0.059824563562870026 -0.07486114650964737 0.30875322222709656
v 0.052231449633836746 -0.08999999612569809 0.3138226270675659
v 0.05703045800328255 -0.08999999612569809 0.3087086081504822
v 0.059824563562870026 -0.07486114650964737 0.30875322222709656
v 0.059824563562870026 -0.07486114650964737 0.30875322222709656
v 0.05703045800328255 -0.08999999612569809 0.3087086081504822
v 0.057346295565366745 -0.08999999612569809 0.3083363473415375
v 0.059824563562870026 -0.07486114650964737 0.30875322222709656
v 0.057346295565366745 -0.08999999612569809 0.3083363473415375
v 0.06437043845653534 -0.0742868110537529 0.30281156301498413
v 0.06437043845653534 -0.0742868110537529 0.30281156301498413
v 0.057346295565366745 -0.08999999612569809 0.3083363473415375
v 0.0616585947573185 -0.08999999612569809 0.30269917845726013
v 0.06437043845653534 -0.0742868110537529 0.30281156301498413
v 0.0616585947573185 -0.08999999612569809 0.30269917845726013
v 0.0682685375213623 -0.07374364882707596 0.29648444056510925
v 0.0682685375213623 -0.07374364882707596 0.29648444056510925
v 0.0616585947573185 -0.08999999612569809 0.30269917845726013
v 0.06614410877227783 -0.08999999612569809 0.2953547537326813
v 0.0682685375213623 -0.07374364882707596 0.29648444056510925
v 0.06614410877227783 -0.08999999612569809 0.2953547537326813
v 0.07160975784063339 -0.07322400063276291 0.28978830575942993
v 0.07160975784063339 -0.07322400063276291 0.28978830575942993
v 0.06614410877227783 -0.08999999612569809 0.2953547537326813
v 0.06881315261125565 -0.08999999612569809 0.28982868790626526
v 0.07160975784063339 -0.07322400063276291 0.28978830575942993
v 0.06881315261125565 -0.08999999612569809 0.28982868790626526
v 0.07454302906990051 -0.07269121706485748 0.2827003002166748
v 0.07454302906990051 -0.07269121706485748 0.2827003002166748
v 0.06881315261125565 -0.08999999612569809 0.28982868790626526
v 0.07218415290117264 -0.08999999612569809 0.2803580164909363
v 0.07454302906990051 -0.07269121706485748 0.2827003002166748
v 0.07218415290117264 -0.08999999612569809 0.2803580164909363
v 0.07678656280040741 -0.07214394956827164 0.2753031253814697
v 0.07678656280040741 -0.07214394956827164 0.2753031253814697
v 0.07218415290117264 -0.08999999612569809 0.2803580164909363
v 0.07340756058692932 -0.08999999612569809 0.27537310123443604
v 0.07678656280040741 -0.07214394956827164 0.2753031253814697
v 0.07340756058692932 -0.08999999612569809 0.27537310123443604
v 0.07805554568767548 -0.07158252596855164 0.2676985561847687
v 0.07805554568767548 -0.07158252596855164 0.2676985561847687
v 0.07340756058692932 -0.08999999612569809 0.27537310123443604
v 0.07463281601667404 -0.08999999612569809 0.2674124240875244
v 0.07805554568767548 -0.07158252596855164 0.2676985561847687
v 0.07463281601667404 -0.08999999612569809 0.2674124240875244
v 0.07486993819475174 -0.08999998867511749 0.26441529393196106
v 0.08042290806770325 -0.05190924555063248 0.25999999046325684
v 0.08144690841436386 -0.04080622270703316 0.25999999046325684
v 0.0818701758980751 -0.03430226445198059 0.2676582336425781
v 0.0818701758980751 -0.03430226445198059 0.2676582336425781
v 0.08144690841436386 -0.04080622270703316 0.25999999046325684
v 0.08197405934333801 -0.03364918753504753 0.25999999046325684
v 0.0818701758980751 -0.03430226445198059 0.2676582336425781
v 0.08197405934333801 -0.03364918753504753 0.25999999046325684
v 0.08198761194944382 -0.03344445303082466 0.25999999046325684
v 0.08203385025262833 -0.03273604065179825 0.25999999046325684
v 0.08256348967552185 -0.02307315357029438 0.25999999046325684
v 0.08257060497999191 -0.015575204975903034 0.2676457464694977
v 0.08257060497999191 -0.015575204975903034 0.2676457464694977
v 0.08256348967552185 -0.02307315357029438 0.25999999046325684
v 0.08292793482542038 -0.012495268136262894 0.25999999046325684
v 0.08257060497999191 -0.015575204975903034 0.2676457464694977
v 0.08292793482542038 -0.012495268136262894 0.25999999046325684
v 0.08305620402097702 -0.004279512912034988 0.25999999046325684
v 0.0582842081785202 -0.04633495584130287 0.31500762701034546
v 0.05670306459069252 -0.06089437007904053 0.3146519362926483
v 0.06358309090137482 -0.04452701658010483 0.30922049283981323
v 0.06358309090137482 -0.04452701658010483 0.30922049283981323
v 0.05670306459069252 -0.06089437007904053 0.3146519362926483
v 0.06194813549518585 -0.05969783663749695 0.30899617075920105
v 0.06358309090137482 -0.04452701658010483 0.30922049283981323
v 0.06194813549518585 -0.05969783663749695 0.30899617075920105
v 0.06820792704820633 -0.04275807738304138 0.3030381500720978
v 0.06820792704820633 -0.04275807738304138 0.3030381500720978
v 0.06194813549518585 -0.05969783663749695 0.30899617075920105
v 0.06655284762382507 -0.058534085750579834 0.30292654037475586
v 0.06820792704820633 -0.04275807738304138 0.3030381500720978
v 0.06655284762382507 -0.058534085750579834 0.30292654037475586
v 0.07209426909685135 -0.04105985537171364 0.2965203821659088
v 0.07209426909685135 -0.04105985537171364 0.2965203821659088
v 0.06655284762382507 -0.058534085750579834 0.30292654037475586
v 0.07045451551675797 -0.05742548033595085 0.2965019941329956
v 0.07209426909685135 -0.04105985537171364 0.2965203821659088
v 0.07045451551675797 -0.05742548033595085 0.2965019941329956
v 0.07536344975233078 -0.03940156474709511 0.28970232605934143
v 0.07536344975233078 -0.03940156474709511 0.28970232605934143
v 0.07045451551675797 -0.05742548033595085 0.2965019941329956
v 0.0737856924533844 -0.056350599974393845 0.28974485397338867
v 0.07536344975233078 -0.03940156474709511 0.28970232605934143
v 0.0737856924533844 -0.056350599974393845 0.28974485397338867
v 0.0782606452703476 -0.03768942877650261 0.2825815975666046
v 0.0782606452703476 -0.03768942877650261 0.2825815975666046
v 0.0737856924533844 -0.056350599974393845 0.28974485397338867
v 0.07677773386240005 -0.05523760989308357 0.282635360956192
v 0.0782606452703476 -0.03768942877650261 0.2825815975666046
v 0.07677773386240005 -0.05523760989308357 0.282635360956192
v 0.08052225410938263 -0.03597162663936615 0.2752111554145813
v 0.08052225410938263 -0.03597162663936615 0.2752111554145813
v 0.07677773386240005 -0.05523760989308357 0.282635360956192
v 0.07910452038049698 -0.05410877987742424 0.2752463221549988
v 0.08052225410938263 -0.03597162663936615 0.2752111554145813
v 0.07910452038049698 -0.05410877987742424 0.2752463221549988
v 0.0818701758980751 -0.03430226445198059 0.2676582336425781
v 0.0818701758980751 -0.03430226445198059 0.2676582336425781
v 0.07910452038049698 -0.05410877987742424 0.2752463221549988
v 0.08042819797992706 -0.05299042910337448 0.26766765117645264
v 0.0818701758980751 -0.03430226445198059 0.2676582336425781
v 0.08042819797992706 -0.05299042910337448 0.26766765117645264
v 0.08042290806770325 -0.05190924555063248 0.25999999046325684
v 0.011911969631910324 0.0009733832557685673 0.34226441383361816
v 0.009118418209254742 0.0005698113818652928 0.3426394462585449
v 0.008704280480742455 -0.022181004285812378 0.342143177986145
v 0.008704280480742455 -0.022181004285812378 0.342143177986145
v 0.009118418209254742 0.0005698113818652928 0.3426394462585449
v 0.005125392694026232 0.00018017928232438862 0.3430004119873047
v 0.008704280480742455 -0.022181004285812378 0.342143177986145
v 0.005125392694026232 0.00018017928232438862 0.3430004119873047
v -7.305412873392925e-05 -0.022621555253863335 0.3426549732685089
v -7.305412873392925e-05 -0.022621555253863335 0.3426549732685089
v 0.005125392694026232 0.00018017928232438862 0.3430004119873047
v -2.3363806889165062e-08 -1.6409185121801784e-08 0.3431667387485504
v -7.305412873392925e-05 -0.022621555253863335 0.3426549732685089
v -2.3363806889165062e-08 -1.6409185121801784e-08 0.3431667387485504
v -7.871557318139821e-05 -0.017366209998726845 0.3428651690483093
v -7.871557318139821e-05 -0.017366209998726845 0.3428651690483093
v -2.3363806889165062e-08 -1.6409185121801784e-08 0.3431667387485504
v -4.871418059337884e-05 7.214396441357351e-11 0.3431667387485504
v -7.871557318139821e-05 -0.017366209998726845 0.3428651690483093
v -4.871418059337884e-05 7.214396441357351e-11 0.3431667387485504
v -9.74054928519763e-05 4.882394222249786e-08 0.34316667914390564
v -3.9356164052151144e-05 -0.053822483867406845 0.34026139974594116
v -2.4351389583898708e-05 -0.06765580922365189 0.33856862783432007
v 0.008244719356298447 -0.04488234966993332 0.3406428396701813
v 0.008244719356298447 -0.04488234966993332 0.3406428396701813
v -2.4351389583898708e-05 -0.06765580922365189 0.33856862783432007
v 0.007738661952316761 -0.06750072538852692 0.33814430236816406
v 0.008244719356298447 -0.04488234966993332 0.3406428396701813
v 0.007738661952316761 -0.06750072538852692 0.33814430236816406
v 0.016541091725230217 -0.04399886354804039 0.3392290771007538
v 0.016541091725230217 -0.04399886354804039 0.3392290771007538
v 0.007738661952316761 -0.06750072538852692 0.33814430236816406
v 0.015513835474848747 -0.0670493021607399 0.33688822388648987
v 0.016541091725230217 -0.04399886354804039 0.3392290771007538
v 0.015513835474848747 -0.0670493021607399 0.33688822388648987
v 0.024675142019987106 -0.042621903121471405 0.3369481861591339
v 0.024675142019987106 -0.042621903121471405 0.3369481861591339
v 0.015513835474848747 -0.0670493021607399 0.33688822388648987
v 0.023177724331617355 -0.0663476437330246 0.3348427712917328
v 0.024675142019987106 -0.042621903121471405 0.3369481861591339
v 0.023177724331617355 -0.0663476437330246 0.3348427712917328
v 0.03252033516764641 -0.04085717722773552 0.3338818848133087
v 0.03252033516764641 -0.04085717722773552 0.3338818848133087
v 0.023177724331617355 -0.0663476437330246 0.3348427712917328
v 0.030626671388745308 -0.06545101851224899 0.33205941319465637
v 0.03252033516764641 -0.04085717722773552 0.3338818848133087
v 0.030626671388745308 -0.06545101851224899 0.33205941319465637
v 0.0399864986538887 -0.03880868852138519 0.3301142156124115
v 0.0399864986538887 -0.03880868852138519 0.3301142156124115
v 0.030626671388745308 -0.06545101851224899 0.33205941319465637
v 0.0377761535346508 -0.06441385298967361 0.3285956084728241
v 0.0399864986538887 -0.03880868852138519 0.3301142156124115
v 0.0377761535346508 -0.06441385298967361 0.3285956084728241
v 0.047001760452985764 -0.03656569868326187 0.32571932673454285
v 0.047001760452985764 -0.03656569868326187 0.32571932673454285
v 0.0377761535346508 -0.06441385298967361 0.3285956084728241
v 0.044550951570272446 -0.06328319758176804 0.3245044946670532
v 0.047001760452985764 -0.03656569868326187 0.32571932673454285
v 0.044550951570272446 -0.06328319758176804 0.3245044946670532
v 0.05350380018353462 -0.034203026443719864 0.3207642734050751
v 0.05350380018353462 -0.034203026443719864 0.3207642734050751
v 0.044550951570272446 -0.06328319758176804 0.3245044946670532
v 0.050881821662187576 -0.06209888681769371 0.31983858346939087
v 0.05350380018353462 -0.034203026443719864 0.3207642734050751
v 0.050881821662187576 -0.06209888681769371 0.31983858346939087
v 0.05670306459069252 -0.06089437007904053 0.3146519362926483
v 0.05670306459069252 -0.06089437007904053 0.3146519362926483
v 0.050881821662187576 -0.06209888681769371 0.31983858346939087
v 0.054687272757291794 -0.07545492798089981 0.31425386667251587
v 0.05670306459069252 -0.06089437007904053 0.3146519362926483
v 0.054687272757291794 -0.07545492798089981 0.31425386667251587
v 0.06194813549518585 -0.05969783663749695 0.30899617075920105
v 0.06194813549518585 -0.05969783663749695 0.30899617075920105
v 0.054687272757291794 -0.07545492798089981 0.31425386667251587
v 0.059824563562870026 -0.07486114650964737 0.30875322222709656
v 0.06194813549518585 -0.05969783663749695 0.30899617075920105
v 0.059824563562870026 -0.07486114650964737 0.30875322222709656
v 0.06655284762382507 -0.058534085750579834 0.30292654037475586
v 0.06655284762382507 -0.058534085750579834 0.30292654037475586
v 0.059824563562870026 -0.07486114650964737 0.30875322222709656
v 0.06437043845653534 -0.0742868110537529 0.30281156301498413
v 0.06655284762382507 -0.058534085750579834 0.30292654037475586
v 0.06437043845653534 -0.0742868110537529 0.30281156301498413
v 0.07045451551675797 -0.05742548033595085 0.2965019941329956
v 0.07045451551675797 -0.05742548033595085 0.2965019941329956
v 0.06437043845653534 -0.0742868110537529 0.30281156301498413
v 0.0682685375213623 -0.07374364882707596 0.29648444056510925
v 0.07045451551675797 -0.05742548033595085 0.2965019941329956
v 0.0682685375213623 -0.07374364882707596 0.29648444056510925
v 0.0737856924533844 -0.056350599974393845 0.28974485397338867
v 0.0737856924533844 -0.056350599974393845 0.28974485397338867
v 0.0682685375213623 -0.07374364882707596 0.29648444056510925
v 0.07160975784063339 -0.07322400063276291 0.28978830575942993
v 0.0737856924533844 -0.056350599974393845 0.28974485397338867
v 0.07160975784063339 -0.07322400063276291 0.28978830575942993
v 0.07677773386240005 -0.05523760989308357 0.282635360956192
v 0.07677773386240005 -0.05523760989308357 0.282635360956192
v 0.07160975784063339 -0.07322400063276291 0.28978830575942993
v 0.07454302906990051 -0.07269121706485748 0.2827003002166748
v 0.07677773386240005 -0.05523760989308357 0.282635360956192
v 0.07454302906990051 -0.07269121706485748 0.2827003002166748
v 0.07910452038049698 -0.05410877987742424 0.2752463221549988
v 0.07910452038049698 -0.05410877987742424 0.2752463221549988
v 0.07454302906990051 -0.07269121706485748 0.2827003002166748
v 0.07678656280040741 -0.07214394956827164 0.2753031253814697
v 0.07910452038049698 -0.05410877987742424 0.2752463221549988
v 0.07678656280040741 -0.07214394956827164 0.2753031253814697
v 0.08042819797992706 -0.05299042910337448 0.26766765117645264
v 0.08042819797992706 -0.05299042910337448 0.26766765117645264
v 0.07678656280040741 -0.07214394956827164 0.2753031253814697
v 0.07805554568767548 -0.07158252596855164 0.2676985561847687
v 0.08042819797992706 -0.05299042910337448 0.26766765117645264
v 0.07805554568767548 -0.07158252596855164 0.2676985561847687
v 0.08042290806770325 -0.05190924555063248 0.25999999046325684
v 0.08042290806770325 -0.05190924555063248 0.25999999046325684
v 0.07805554568767548 -0.07158252596855164 0.2676985561847687
v 0.07808157801628113 -0.07100747525691986 0.25999999046325684
v -7.305412873392925e-05 -0.022621555253863335 0.3426549732685089
v -3.9356164052151144e-05 -0.053822483867406845 0.34026139974594116
v 0.008704280480742455 -0.022181004285812378 0.342143177986145
v 0.008704280480742455 -0.022181004285812378 0.342143177986145
v -3.9356164052151144e-05 -0.053822483867406845 0.34026139974594116
v 0.008244719356298447 -0.04488234966993332 0.3406428396701813
v 0.008704280480742455 -0.022181004285812378 0.342143177986145
v 0.008244719356298447 -0.04488234966993332 0.3406428396701813
v 0.01739373616874218 -0.02089012786746025 0.3406284749507904
v 0.01739373616874218 -0.02089012786746025 0.3406284749507904
v 0.008244719356298447 -0.04488234966993332 0.3406428396701813
v 0.016541091725230217 -0.04399886354804039 0.3392290771007538
v 0.01739373616874218 -0.02089012786746025 0.3406284749507904
v 0.016541091725230217 -0.04399886354804039 0.3392290771007538
v 0.025805283337831497 -0.018872104585170746 0.33819779753685
v 0.025805283337831497 -0.018872104585170746 0.33819779753685
v 0.016541091725230217 -0.04399886354804039 0.3392290771007538
v 0.024675142019987106 -0.042621903121471405 0.3369481861591339
v 0.025805283337831497 -0.018872104585170746 0.33819779753685
v 0.024675142019987106 -0.042621903121471405 0.3369481861591339
v 0.03380656987428665 -0.016277452930808067 0.33495578169822693
v 0.03380656987428665 -0.016277452930808067 0.33495578169822693
v 0.024675142019987106 -0.042621903121471405 0.3369481861591339
v 0.03252033516764641 -0.04085717722773552 0.3338818848133087
v 0.03380656987428665 -0.016277452930808067 0.33495578169822693
v 0.03252033516764641 -0.04085717722773552 0.3338818848133087
v 0.04131884127855301 -0.013254133984446526 0.33100587129592896
v 0.04131884127855301 -0.013254133984446526 0.33100587129592896
v 0.03252033516764641 -0.04085717722773552 0.3338818848133087
v 0.0399864986538887 -0.03880868852138519 0.3301142156124115
v 0.04131884127855301 -0.013254133984446526 0.33100587129592896
v 0.0399864986538887 -0.03880868852138519 0.3301142156124115
v 0.04829062521457672 -0.009927993640303612 0.3264356851577759
v 0.04829062521457672 -0.009927993640303612 0.3264356851577759
v 0.0399864986538887 -0.03880868852138519 0.3301142156124115
v 0.047001760452985764 -0.03656569868326187 0.32571932673454285
v 0.04829062521457672 -0.009927993640303612 0.3264356851577759
v 0.047001760452985764 -0.03656569868326187 0.32571932673454285
v 0.054683610796928406 -0.006403215229511261 0.3213196098804474
v 0.054683610796928406 -0.006403215229511261 0.3213196098804474
v 0.047001760452985764 -0.03656569868326187 0.32571932673454285
v 0.05350380018353462 -0.034203026443719864 0.3207642734050751
v 0.054683610796928406 -0.006403215229511261 0.3213196098804474
v 0.05350380018353462 -0.034203026443719864 0.3207642734050751
v 0.05943421274423599 -0.031782761216163635 0.31531161069869995
v 0.05943421274423599 -0.031782761216163635 0.31531161069869995
v 0.05350380018353462 -0.034203026443719864 0.3207642734050751
v 0.0582842081785202 -0.04633495584130287 0.31500762701034546
v 0.05943421274423599 -0.031782761216163635 0.31531161069869995
v 0.0582842081785202 -0.04633495584130287 0.31500762701034546
v 0.06473235785961151 -0.029356421902775764 0.3094181418418884
v 0.06473235785961151 -0.029356421902775764 0.3094181418418884
v 0.0582842081785202 -0.04633495584130287 0.31500762701034546
v 0.06358309090137482 -0.04452701658010483 0.30922049283981323
v 0.06473235785961151 -0.029356421902775764 0.3094181418418884
v 0.06358309090137482 -0.04452701658010483 0.30922049283981323
v 0.06933744251728058 -0.026968779042363167 0.30314087867736816
v 0.06933744251728058 -0.026968779042363167 0.30314087867736816
v 0.06358309090137482 -0.04452701658010483 0.30922049283981323
v 0.06820792704820633 -0.04275807738304138 0.3030381500720978
v 0.06933744251728058 -0.026968779042363167 0.30314087867736816
v 0.06820792704820633 -0.04275807738304138 0.3030381500720978
v 0.0731876790523529 -0.024659713730216026 0.2965383529663086
v 0.0731876790523529 -0.024659713730216026 0.2965383529663086
v 0.06820792704820633 -0.04275807738304138 0.3030381500720978
v 0.07209426909685135 -0.04105985537171364 0.2965203821659088
v 0.0731876790523529 -0.024659713730216026 0.2965383529663086
v 0.07209426909685135 -0.04105985537171364 0.2965203821659088
v 0.07637384533882141 -0.022398700937628746 0.2896595597267151
v 0.07637384533882141 -0.022398700937628746 0.2896595597267151
v 0.07209426909685135 -0.04105985537171364 0.2965203821659088
v 0.07536344975233078 -0.03940156474709511 0.28970232605934143
v 0.07637384533882141 -0.022398700937628746 0.2896595597267151
v 0.07536344975233078 -0.03940156474709511 0.28970232605934143
v 0.07911843061447144 -0.020087679848074913 0.28252607583999634
v 0.07911843061447144 -0.020087679848074913 0.28252607583999634
v 0.07536344975233078 -0.03940156474709511 0.28970232605934143
v 0.0782606452703476 -0.03768942877650261 0.2825815975666046
v 0.07911843061447144 -0.020087679848074913 0.28252607583999634
v 0.0782606452703476 -0.03768942877650261 0.2825815975666046
v 0.08124712854623795 -0.017789851874113083 0.27517279982566833
v 0.08124712854623795 -0.017789851874113083 0.27517279982566833
v 0.0782606452703476 -0.03768942877650261 0.2825815975666046
v 0.08052225410938263 -0.03597162663936615 0.2752111554145813
v 0.08124712854623795 -0.017789851874113083 0.27517279982566833
v 0.08052225410938263 -0.03597162663936615 0.2752111554145813
v 0.08257060497999191 -0.015575204975903034 0.2676457464694977
v 0.08257060497999191 -0.015575204975903034 0.2676457464694977
v 0.08052225410938263 -0.03597162663936615 0.2752111554145813
v 0.0818701758980751 -0.03430226445198059 0.2676582336425781
v 0.08257060497999191 -0.015575204975903034 0.2676457464694977
v 0.0818701758980751 -0.03430226445198059 0.2676582336425781
v 0.08203385025262833 -0.03273604065179825 0.25999999046325684
v 0.08203385025262833 -0.03273604065179825 0.25999999046325684
v 0.0818701758980751 -0.03430226445198059 0.2676582336425781
v 0.08198761194944382 -0.03344445303082466 0.25999999046325684
v 0.06299996376037598 0.04069405421614647 0.08999998867511749
v 0.06299992650747299 0.03998904675245285 0.10905569791793823
v 0.06468004733324051 0.037967000156641006 0.08999998867511749
v 0.06468004733324051 0.037967000156641006 0.08999998867511749
v 0.06299992650747299 0.03998904675245285 0.10905569791793823
v 0.06475000083446503 0.03723832592368126 0.1265266090631485
v 0.06468004733324051 0.037967000156641006 0.08999998867511749
v 0.06475000083446503 0.03723832592368126 0.1265266090631485
v 0.06624142080545425 0.035172101110219955 0.08999998867511749
v 0.06299992650747299 0.03998904675245285 0.10905569791793823
v 0.06300000101327896 0.039653848856687546 0.1260097473859787
v 0.06475000083446503 0.03723832592368126 0.1265266090631485
v 0.06475000083446503 0.03723832592368126 0.1265266090631485
v 0.06300000101327896 0.039653848856687546 0.1260097473859787
v 0.06300000101327896 0.03943655639886856 0.144021674990654
v 0.06475000083446503 0.03723832592368126 0.1265266090631485
v 0.06300000101327896 0.03943655639886856 0.144021674990654
v 0.06477759033441544 0.03708907589316368 0.14478862285614014
v 0.06477759033441544 0.03708907589316368 0.14478862285614014
v 0.06300000101327896 0.03943655639886856 0.144021674990654
v 0.06300000101327896 0.039400484412908554 0.153028205037117
v 0.06477759033441544 0.03708907589316368 0.14478862285614014
v 0.06300000101327896 0.039400484412908554 0.153028205037117
v 0.06477829068899155 0.03706870228052139 0.15391622483730316
v 0.06477829068899155 0.03706870228052139 0.15391622483730316
v 0.06300000101327896 0.039400484412908554 0.153028205037117
v 0.06299997121095657 0.03957384079694748 0.15810814499855042
v 0.06477829068899155 0.03706870228052139 0.15391622483730316
v 0.06299997121095657 0.03957384079694748 0.15810814499855042
v 0.06474784761667252 0.03765721619129181 0.16309531033039093
v 0.06299997121095657 0.03957384079694748 0.15810814499855042
v 0.06300000101327896 0.03992921859025955 0.16201578080654144
v 0.06474784761667252 0.03765721619129181 0.16309531033039093
v 0.06474784761667252 0.03765721619129181 0.16309531033039093
v 0.06300000101327896 0.03992921859025955 0.16201578080654144
v 0.06300002336502075 0.04070442542433739 0.16710753738880157
v 0.06474784761667252 0.03765721619129181 0.16309531033039093
v 0.06300002336502075 0.04070442542433739 0.16710753738880157
v 0.06473358720541 0.03937089070677757 0.17215776443481445
v 0.06300002336502075 0.04070442542433739 0.16710753738880157
v 0.06300002336502075 0.041518434882164 0.17088191211223602
v 0.06473358720541 0.03937089070677757 0.17215776443481445
v 0.06473358720541 0.03937089070677757 0.17215776443481445
v 0.06300002336502075 0.041518434882164 0.17088191211223602
v 0.06300000846385956 0.04280133917927742 0.17545948922634125
v 0.06473358720541 0.03937089070677757 0.17215776443481445
v 0.06300000846385956 0.04280133917927742 0.17545948922634125
v 0.0647287368774414 0.04223494976758957 0.1809341013431549
v 0.06300000846385956 0.04280133917927742 0.17545948922634125
v 0.06300000101327896 0.044215310364961624 0.17947623133659363
v 0.0647287368774414 0.04223494976758957 0.1809341013431549
v 0.0647287368774414 0.04223494976758957 0.1809341013431549
v 0.06300000101327896 0.044215310364961624 0.17947623133659363
v 0.06300000101327896 0.045795101672410965 0.18321171402931213
v 0.0647287368774414 0.04223494976758957 0.1809341013431549
v 0.06300000101327896 0.045795101672410965 0.18321171402931213
v 0.06472445279359818 0.04624799266457558 0.18925318121910095
v 0.06300000101327896 0.045795101672410965 0.18321171402931213
v 0.06300001591444016 0.048033326864242554 0.18763446807861328
v 0.06472445279359818 0.04624799266457558 0.18925318121910095
v 0.06472445279359818 0.04624799266457558 0.18925318121910095
v 0.06300001591444016 0.048033326864242554 0.18763446807861328
v 0.06300001591444016 0.049652013927698135 0.19038569927215576
v 0.06472445279359818 0.04624799266457558 0.18925318121910095
v 0.06300001591444016 0.049652013927698135 0.19038569927215576
v 0.064712293446064 0.05137930065393448 0.1969403624534607
v 0.06300001591444016 0.049652013927698135 0.19038569927215576
v 0.06300000101327896 0.052954189479351044 0.19518081843852997
v 0.064712293446064 0.05137930065393448 0.1969403624534607
v 0.064712293446064 0.05137930065393448 0.1969403624534607
v 0.06300000101327896 0.052954189479351044 0.19518081843852997
v 0.06300000101327896 0.0543738529086113 0.19698064029216766
v 0.064712293446064 0.05137930065393448 0.1969403624534607
v 0.06300000101327896 0.0543738529086113 0.19698064029216766
v 0.06469086557626724 0.057541608810424805 0.2038242071866989
v 0.06300000101327896 0.0543738529086113 0.19698064029216766
v 0.06300006806850433 0.05890189856290817 0.20193614065647125
v 0.06469086557626724 0.057541608810424805 0.2038242071866989
v 0.06469086557626724 0.057541608810424805 0.2038242071866989
v 0.06300006806850433 0.05890189856290817 0.20193614065647125
v 0.06300020962953568 0.06576147675514221 0.20776163041591644
v 0.06469086557626724 0.057541608810424805 0.2038242071866989
v 0.06300020962953568 0.06576147675514221 0.20776163041591644
v 0.06466441601514816 0.06461343914270401 0.20977094769477844
v 0.06466441601514816 0.06461343914270401 0.20977094769477844
v 0.06300020962953568 0.06576147675514221 0.20776163041591644
v 0.0630001574754715 0.0733766257762909 0.2125585824251175
v 0.06466441601514816 0.06461343914270401 0.20977094769477844
v 0.0630001574754715 0.0733766257762909 0.2125585824251175
v 0.06464056670665741 0.07243732362985611 0.2146834433078766
v 0.06768208742141724 0.03231310471892357 0.08999998867511749
v 0.06624142080545425 0.035172101110219955 0.08999998867511749
v 0.06631151586771011 0.03474682942032814 0.1275593787431717
v 0.06631151586771011 0.03474682942032814 0.1275593787431717
v 0.06624142080545425 0.035172101110219955 0.08999998867511749
v 0.06475000083446503 0.03723832592368126 0.1265266090631485
v 0.06631151586771011 0.03474682942032814 0.1275593787431717
v 0.06475000083446503 0.03723832592368126 0.1265266090631485
v 0.06632440537214279 0.03470027446746826 0.14634378254413605
v 0.06632440537214279 0.03470027446746826 0.14634378254413605
v 0.06475000083446503 0.03723832592368126 0.1265266090631485
v 0.06477759033441544 0.03708907589316368 0.14478862285614014
v 0.06632440537214279 0.03470027446746826 0.14634378254413605
v 0.06477759033441544 0.03708907589316368 0.14478862285614014
v 0.06631125509738922 0.03473629057407379 0.15569202601909637
v 0.06631125509738922 0.03473629057407379 0.15569202601909637
v 0.06477759033441544 0.03708907589316368 0.14478862285614014
v 0.06477829068899155 0.03706870228052139 0.15391622483730316
v 0.06631125509738922 0.03473629057407379 0.15569202601909637
v 0.06477829068899155 0.03706870228052139 0.15391622483730316
v 0.06628000736236572 0.03548036143183708 0.16499154269695282
v 0.06628000736236572 0.03548036143183708 0.16499154269695282
v 0.06477829068899155 0.03706870228052139 0.15391622483730316
v 0.06474784761667252 0.03765721619129181 0.16309531033039093
v 0.06628000736236572 0.03548036143183708 0.16499154269695282
v 0.06474784761667252 0.03765721619129181 0.16309531033039093
v 0.0662701353430748 0.037384577095508575 0.1741466373205185
v 0.0662701353430748 0.037384577095508575 0.1741466373205185
v 0.06474784761667252 0.03765721619129181 0.16309531033039093
v 0.06473358720541 0.03937089070677757 0.17215776443481445
v 0.0662701353430748 0.037384577095508575 0.1741466373205185
v 0.06473358720541 0.03937089070677757 0.17215776443481445
v 0.06627164036035538 0.040450334548950195 0.18298868834972382
v 0.06627164036035538 0.040450334548950195 0.18298868834972382
v 0.06473358720541 0.03937089070677757 0.17215776443481445
v 0.0647287368774414 0.04223494976758957 0.1809341013431549
v 0.06627164036035538 0.040450334548950195 0.18298868834972382
v 0.0647287368774414 0.04223494976758957 0.1809341013431549
v 0.06627281755208969 0.04466409981250763 0.19134750962257385
v 0.06627281755208969 0.04466409981250763 0.19134750962257385
v 0.0647287368774414 0.04223494976758957 0.1809341013431549
v 0.06472445279359818 0.04624799266457558 0.18925318121910095
v 0.06627281755208969 0.04466409981250763 0.19134750962257385
v 0.06472445279359818 0.04624799266457558 0.18925318121910095
v 0.06626280397176743 0.049986645579338074 0.1990552842617035
v 0.06626280397176743 0.049986645579338074 0.1990552842617035
v 0.06472445279359818 0.04624799266457558 0.18925318121910095
v 0.064712293446064 0.05137930065393448 0.1969403624534607
v 0.06626280397176743 0.049986645579338074 0.1990552842617035
v 0.064712293446064 0.05137930065393448 0.1969403624534607
v 0.06623977422714233 0.05632568523287773 0.20595821738243103
v 0.06623977422714233 0.05632568523287773 0.20595821738243103
v 0.064712293446064 0.05137930065393448 0.1969403624534607
v 0.06469086557626724 0.057541608810424805 0.2038242071866989
v 0.06623977422714233 0.05632568523287773 0.20595821738243103
v 0.06469086557626724 0.057541608810424805 0.2038242071866989
v 0.0662098154425621 0.06355564296245575 0.21193327009677887
v 0.0662098154425621 0.06355564296245575 0.21193327009677887
v 0.06469086557626724 0.057541608810424805 0.2038242071866989
v 0.06466441601514816 0.06461343914270401 0.20977094769477844
v 0.0662098154425621 0.06355564296245575 0.21193327009677887
v 0.06466441601514816 0.06461343914270401 0.20977094769477844
v 0.06618314981460571 0.0715210810303688 0.2168913185596466
v 0.06618314981460571 0.0715210810303688 0.2168913185596466
v 0.06466441601514816 0.06461343914270401 0.20977094769477844
v 0.06464056670665741 0.07243732362985611 0.2146834433078766
v 0.06618314981460571 0.0715210810303688 0.2168913185596466
v 0.06464056670665741 0.07243732362985611 0.2146834433078766
v 0.06616780906915665 0.08005832880735397 0.22077026963233948
v 0.06616780906915665 0.08005832880735397 0.22077026963233948
v 0.06464056670665741 0.07243732362985611 0.2146834433078766
v 0.0630001574754715 0.0733766257762909 0.2125585824251175
v 0.06616780906915665 0.08005832880735397 0.22077026963233948
v 0.0630001574754715 0.0733766257762909 0.2125585824251175
v 0.06299995630979538 0.08157185465097427 0.2162797749042511
v 0.06616780906915665 0.08005832880735397 0.22077026963233948
v 0.0689997673034668 0.07839904725551605 0.225441575050354
v 0.06618314981460571 0.0715210810303688 0.2168913185596466
v 0.06618314981460571 0.0715210810303688 0.2168913185596466
v 0.0689997673034668 0.07839904725551605 0.225441575050354
v 0.06763419508934021 0.07056662440299988 0.2191445231437683
v 0.06618314981460571 0.0715210810303688 0.2168913185596466
v 0.06763419508934021 0.07056662440299988 0.2191445231437683
v 0.0662098154425621 0.06355564296245575 0.21193327009677887
v 0.0662098154425621 0.06355564296245575 0.21193327009677887
v 0.06763419508934021 0.07056662440299988 0.2191445231437683
v 0.06765036284923553 0.06245650351047516 0.21414814889431
v 0.0662098154425621 0.06355564296245575 0.21193327009677887
v 0.06765036284923553 0.06245650351047516 0.21414814889431
v 0.06623977422714233 0.05632568523287773 0.20595821738243103
v 0.06623977422714233 0.05632568523287773 0.20595821738243103
v 0.06765036284923553 0.06245650351047516 0.21414814889431
v 0.06766881048679352 0.05506132170557976 0.20815174281597137
v 0.06623977422714233 0.05632568523287773 0.20595821738243103
v 0.06766881048679352 0.05506132170557976 0.20815174281597137
v 0.06626280397176743 0.049986645579338074 0.1990552842617035
v 0.06626280397176743 0.049986645579338074 0.1990552842617035
v 0.06766881048679352 0.05506132170557976 0.20815174281597137
v 0.06768190860748291 0.048536356538534164 0.2012321501970291
v 0.06626280397176743 0.049986645579338074 0.1990552842617035
v 0.06768190860748291 0.048536356538534164 0.2012321501970291
v 0.06627281755208969 0.04466409981250763 0.19134750962257385
v 0.06627281755208969 0.04466409981250763 0.19134750962257385
v 0.06768190860748291 0.048536356538534164 0.2012321501970291
v 0.06768478453159332 0.04301391541957855 0.19349955022335052
v 0.06627281755208969 0.04466409981250763 0.19134750962257385
v 0.06768478453159332 0.04301391541957855 0.19349955022335052
v 0.06627164036035538 0.040450334548950195 0.18298868834972382
v 0.06627164036035538 0.040450334548950195 0.18298868834972382
v 0.06768478453159332 0.04301391541957855 0.19349955022335052
v 0.06767872720956802 0.03859306499361992 0.1850917935371399
v 0.06627164036035538 0.040450334548950195 0.18298868834972382
v 0.06767872720956802 0.03859306499361992 0.1850917935371399
v 0.0662701353430748 0.037384577095508575 0.1741466373205185
v 0.0662701353430748 0.037384577095508575 0.1741466373205185
v 0.06767872720956802 0.03859306499361992 0.1850917935371399
v 0.06767161935567856 0.035320062190294266 0.17617328464984894
v 0.0662701353430748 0.037384577095508575 0.1741466373205185
v 0.06767161935567856 0.035320062190294266 0.17617328464984894
v 0.06628000736236572 0.03548036143183708 0.16499154269695282
v 0.06628000736236572 0.03548036143183708 0.16499154269695282
v 0.06767161935567856 0.035320062190294266 0.17617328464984894
v 0.06767215579748154 0.033217061311006546 0.16691091656684875
v 0.06628000736236572 0.03548036143183708 0.16499154269695282
v 0.06767215579748154 0.033217061311006546 0.16691091656684875
v 0.06631125509738922 0.03473629057407379 0.15569202601909637
v 0.06631125509738922 0.03473629057407379 0.15569202601909637
v 0.06767215579748154 0.033217061311006546 0.16691091656684875
v 0.06768858432769775 0.0323048010468483 0.15746696293354034
v 0.06631125509738922 0.03473629057407379 0.15569202601909637
v 0.06768858432769775 0.0323048010468483 0.15746696293354034
v 0.06632440537214279 0.03470027446746826 0.14634378254413605
v 0.06632440537214279 0.03470027446746826 0.14634378254413605
v 0.06768858432769775 0.0323048010468483 0.15746696293354034
v 0.06770901381969452 0.03221182897686958 0.14787964522838593
v 0.06632440537214279 0.03470027446746826 0.14634378254413605
v 0.06770901381969452 0.03221182897686958 0.14787964522838593
v 0.06631151586771011 0.03474682942032814 0.1275593787431717
v 0.06631151586771011 0.03474682942032814 0.1275593787431717
v 0.06770901381969452 0.03221182897686958 0.14787964522838593
v 0.06771726906299591 0.03216215968132019 0.12857970595359802
v 0.06631151586771011 0.03474682942032814 0.1275593787431717
v 0.06771726906299591 0.03216215968132019 0.12857970595359802
v 0.06768208742141724 0.03231310471892357 0.08999998867511749
v 0.0689997673034668 0.07839904725551605 0.225441575050354
v 0.0689999908208847 0.06951270997524261 0.22140541672706604
v 0.06763419508934021 0.07056662440299988 0.2191445231437683
v 0.06763419508934021 0.07056662440299988 0.2191445231437683
v 0.0689999908208847 0.06951270997524261 0.22140541672706604
v 0.0689999982714653 0.061184439808130264 0.2163151353597641
v 0.06763419508934021 0.07056662440299988 0.2191445231437683
v 0.0689999982714653 0.061184439808130264 0.2163151353597641
v 0.06765036284923553 0.06245650351047516 0.21414814889431
v 0.06765036284923553 0.06245650351047516 0.21414814889431
v 0.0689999982714653 0.061184439808130264 0.2163151353597641
v 0.0689999982714653 0.053555719554424286 0.21021835505962372
v 0.06765036284923553 0.06245650351047516 0.21414814889431
v 0.0689999982714653 0.053555719554424286 0.21021835505962372
v 0.06766881048679352 0.05506132170557976 0.20815174281597137
v 0.06766881048679352 0.05506132170557976 0.20815174281597137
v 0.0689999982714653 0.053555719554424286 0.21021835505962372
v 0.0689999982714653 0.046788573265075684 0.20317745208740234
v 0.06766881048679352 0.05506132170557976 0.20815174281597137
v 0.0689999982714653 0.046788573265075684 0.20317745208740234
v 0.06768190860748291 0.048536356538534164 0.2012321501970291
v 0.06768190860748291 0.048536356538534164 0.2012321501970291
v 0.0689999982714653 0.046788573265075684 0.20317745208740234
v 0.0689999982714653 0.041029710322618484 0.1952913999557495
v 0.06768190860748291 0.048536356538534164 0.2012321501970291
v 0.0689999982714653 0.041029710322618484 0.1952913999557495
v 0.06768478453159332 0.04301391541957855 0.19349955022335052
v 0.06768478453159332 0.04301391541957855 0.19349955022335052
v 0.0689999982714653 0.041029710322618484 0.1952913999557495
v 0.0689999982714653 0.036394745111465454 0.18669523298740387
v 0.06768478453159332 0.04301391541957855 0.19349955022335052
v 0.0689999982714653 0.036394745111465454 0.18669523298740387
v 0.06767872720956802 0.03859306499361992 0.1850917935371399
v 0.06767872720956802 0.03859306499361992 0.1850917935371399
v 0.0689999982714653 0.036394745111465454 0.18669523298740387
v 0.0689999982714653 0.0329379178583622 0.17756247520446777
v 0.06767872720956802 0.03859306499361992 0.1850917935371399
v 0.0689999982714653 0.0329379178583622 0.17756247520446777
v 0.06767161935567856 0.035320062190294266 0.17617328464984894
v 0.06767161935567856 0.035320062190294266 0.17617328464984894
v 0.0689999982714653 0.0329379178583622 0.17756247520446777
v 0.0689999982714653 0.030685730278491974 0.16805990040302277
v 0.06767161935567856 0.035320062190294266 0.17617328464984894
v 0.0689999982714653 0.030685730278491974 0.16805990040302277
v 0.06767215579748154 0.033217061311006546 0.16691091656684875
v 0.06767215579748154 0.033217061311006546 0.16691091656684875
v 0.0689999982714653 0.030685730278491974 0.16805990040302277
v 0.0689999982714653 0.0296758022159338 0.15835236012935638
v 0.06767215579748154 0.033217061311006546 0.16691091656684875
v 0.0689999982714653 0.0296758022159338 0.15835236012935638
v 0.06768858432769775 0.0323048010468483 0.15746696293354034
v 0.06768858432769775 0.0323048010468483 0.15746696293354034
v 0.0689999982714653 0.0296758022159338 0.15835236012935638
v 0.0689999982714653 0.029565423727035522 0.14858873188495636
v 0.06768858432769775 0.0323048010468483 0.15746696293354034
v 0.0689999982714653 0.029565423727035522 0.14858873188495636
v 0.06770901381969452 0.03221182897686958 0.14787964522838593
v 0.06770901381969452 0.03221182897686958 0.14787964522838593
v 0.0689999982714653 0.029565423727035522 0.14858873188495636
v 0.0689999982714653 0.029467105865478516 0.12905924022197723
v 0.06770901381969452 0.03221182897686958 0.14787964522838593
v 0.0689999982714653 0.029467105865478516 0.12905924022197723
v 0.06771726906299591 0.03216215968132019 0.12857970595359802
v 0.06771726906299591 0.03216215968132019 0.12857970595359802
v 0.0689999982714653 0.029467105865478516 0.12905924022197723
v 0.06900004297494888 0.02939377725124359 0.08999998867511749
v 0.06771726906299591 0.03216215968132019 0.12857970595359802
v 0.06900004297494888 0.02939377725124359 0.08999998867511749
v 0.06768208742141724 0.03231310471892357 0.08999998867511749
v 0.06300000846385956 -0.07205259054899216 0.21456876397132874
v 0.06300000846385956 -0.07147752493619919 0.21430596709251404
v 0.06623923778533936 -0.07020583003759384 0.21974816918373108
v 0.0689999982714653 -0.0287978183478117 0.12624812126159668
v 0.0689999982714653 -0.028736254200339317 0.13173030316829681
v 0.06777539104223251 -0.03158469870686531 0.13360802829265594
v 0.06624139100313187 -0.03517227619886398 0.09000000357627869
v 0.06899995356798172 -0.029394065961241722 0.08999998867511749
v 0.06900003552436829 -0.029119029641151428 0.10186928510665894
v 0.06624139100313187 -0.03517227619886398 0.09000000357627869
v 0.06900003552436829 -0.029119029641151428 0.10186928510665894
v 0.06638476997613907 -0.03438512235879898 0.1339741200208664
v 0.06479789316654205 -0.03705855831503868 0.16701418161392212
v 0.0647730827331543 -0.0385032556951046 0.17683878540992737
v 0.06300000101327896 -0.04069444537162781 0.17410770058631897
v 0.06475830078125 -0.041253864765167236 0.1857253462076187
v 0.06300000101327896 -0.04248708859086037 0.1810116022825241
v 0.0647730827331543 -0.0385032556951046 0.17683878540992737
v 0.0647730827331543 -0.0385032556951046 0.17683878540992737
v 0.06300000101327896 -0.04248708859086037 0.1810116022825241
v 0.06300000101327896 -0.04120958596467972 0.17645497620105743
v 0.0647730827331543 -0.0385032556951046 0.17683878540992737
v 0.06300000101327896 -0.04120958596467972 0.17645497620105743
v 0.06300000101327896 -0.04069444537162781 0.17410770058631897
v 0.06300000101327896 -0.048352569341659546 0.19376319646835327
v 0.06300000101327896 -0.0450427271425724 0.18758444488048553
v 0.06475830078125 -0.041253864765167236 0.1857253462076187
v 0.06475830078125 -0.041253864765167236 0.1857253462076187
v 0.06300000101327896 -0.0450427271425724 0.18758444488048553
v 0.06300000101327896 -0.043890152126550674 0.18490049242973328
v 0.06475830078125 -0.041253864765167236 0.1857253462076187
v 0.06300000101327896 -0.043890152126550674 0.18490049242973328
v 0.06300000101327896 -0.04248708859086037 0.1810116022825241
v 0.06475830078125 -0.041253864765167236 0.1857253462076187
v 0.06475330144166946 -0.04513220861554146 0.19375047087669373
v 0.06300000101327896 -0.048352569341659546 0.19376319646835327
v 0.06300000101327896 -0.048352569341659546 0.19376319646835327
v 0.06475330144166946 -0.04513220861554146 0.19375047087669373
v 0.06474820524454117 -0.050041817128658295 0.20092558860778809
v 0.06300000101327896 -0.048352569341659546 0.19376319646835327
v 0.06474820524454117 -0.050041817128658295 0.20092558860778809
v 0.06300000846385956 -0.05237999185919762 0.19944199919700623
v 0.06300000846385956 -0.05237999185919762 0.19944199919700623
v 0.06474820524454117 -0.050041817128658295 0.20092558860778809
v 0.06473509967327118 -0.055954452604055405 0.20721814036369324
v 0.06300000846385956 -0.05237999185919762 0.19944199919700623
v 0.06473509967327118 -0.055954452604055405 0.20721814036369324
v 0.06300000846385956 -0.057092927396297455 0.20454666018486023
v 0.06300000846385956 -0.057092927396297455 0.20454666018486023
v 0.06473509967327118 -0.055954452604055405 0.20721814036369324
v 0.06300000846385956 -0.057934489101171494 0.20532986521720886
v 0.06623923778533936 -0.07020583003759384 0.21974816918373108
v 0.06300000846385956 -0.07147752493619919 0.21430596709251404
v 0.06626690924167633 -0.061695657670497894 0.21518388390541077
v 0.06300000846385956 -0.07147752493619919 0.21430596709251404
v 0.06300000846385956 -0.06843516230583191 0.2127782106399536
v 0.06626690924167633 -0.061695657670497894 0.21518388390541077
v 0.06626690924167633 -0.061695657670497894 0.21518388390541077
v 0.06300000846385956 -0.06843516230583191 0.2127782106399536
v 0.06300000846385956 -0.06406362354755402 0.21013659238815308
v 0.06626690924167633 -0.061695657670497894 0.21518388390541077
v 0.06300000846385956 -0.06406362354755402 0.21013659238815308
v 0.06473509967327118 -0.055954452604055405 0.20721814036369324
v 0.06473509967327118 -0.055954452604055405 0.20721814036369324
v 0.06300000846385956 -0.06406362354755402 0.21013659238815308
v 0.06300000846385956 -0.06245626136660576 0.209013894200325
v 0.06473509967327118 -0.055954452604055405 0.20721814036369324
v 0.06300000846385956 -0.06245626136660576 0.209013894200325
v 0.06300000846385956 -0.057934489101171494 0.20532986521720886
v 0.06614410877227783 -0.09000002592802048 0.2246452271938324
v 0.06299994885921478 -0.09000006318092346 0.21930578351020813
v 0.06300000846385956 -0.08813948929309845 0.21908943355083466
v 0.06614410877227783 -0.09000002592802048 0.2246452271938324
v 0.06300000846385956 -0.08813948929309845 0.21908943355083466
v 0.06622573733329773 -0.07963131368160248 0.22302033007144928
v 0.06300000846385956 -0.08813948929309845 0.21908943355083466
v 0.06300000846385956 -0.081397145986557 0.2178099900484085
v 0.06622573733329773 -0.07963131368160248 0.22302033007144928
v 0.06622573733329773 -0.07963131368160248 0.22302033007144928
v 0.06300000846385956 -0.081397145986557 0.2178099900484085
v 0.06300000846385956 -0.08002398163080215 0.21744707226753235
v 0.06622573733329773 -0.07963131368160248 0.22302033007144928
v 0.06300000846385956 -0.08002398163080215 0.21744707226753235
v 0.06623923778533936 -0.07020583003759384 0.21974816918373108
v 0.06623923778533936 -0.07020583003759384 0.21974816918373108
v 0.06300000846385956 -0.08002398163080215 0.21744707226753235
v 0.06300000846385956 -0.07501545548439026 0.21580012142658234
v 0.06623923778533936 -0.07020583003759384 0.21974816918373108
v 0.06300000846385956 -0.07501545548439026 0.21580012142658234
v 0.06300000846385956 -0.07205259054899216 0.21456876397132874
v 0.06539208441972733 -0.036727238446474075 0.09000000357627869
v 0.06624139100313187 -0.03517227619886398 0.09000000357627869
v 0.06480176001787186 -0.037072326987981796 0.13433735072612762
v 0.06480176001787186 -0.037072326987981796 0.13433735072612762
v 0.06624139100313187 -0.03517227619886398 0.09000000357627869
v 0.06638476997613907 -0.03438512235879898 0.1339741200208664
v 0.06480176001787186 -0.037072326987981796 0.13433735072612762
v 0.06638476997613907 -0.03438512235879898 0.1339741200208664
v 0.06483297049999237 -0.03687857836484909 0.156245619058609
v 0.06483297049999237 -0.03687857836484909 0.156245619058609
v 0.06638476997613907 -0.03438512235879898 0.1339741200208664
v 0.06641422212123871 -0.03416202589869499 0.15581798553466797
v 0.06483297049999237 -0.03687857836484909 0.156245619058609
v 0.06641422212123871 -0.03416202589869499 0.15581798553466797
v 0.06479789316654205 -0.03705855831503868 0.16701418161392212
v 0.06479789316654205 -0.03705855831503868 0.16701418161392212
v 0.06641422212123871 -0.03416202589869499 0.15581798553466797
v 0.06637027114629745 -0.03424447402358055 0.16662396490573883
v 0.06479789316654205 -0.03705855831503868 0.16701418161392212
v 0.06637027114629745 -0.03424447402358055 0.16662396490573883
v 0.0647730827331543 -0.0385032556951046 0.17683878540992737
v 0.0647730827331543 -0.0385032556951046 0.17683878540992737
v 0.06637027114629745 -0.03424447402358055 0.16662396490573883
v 0.06633339077234268 -0.035540834069252014 0.1767108291387558
v 0.0647730827331543 -0.0385032556951046 0.17683878540992737
v 0.06633339077234268 -0.035540834069252014 0.1767108291387558
v 0.06475830078125 -0.041253864765167236 0.1857253462076187
v 0.06475830078125 -0.041253864765167236 0.1857253462076187
v 0.06633339077234268 -0.035540834069252014 0.1767108291387558
v 0.06631770730018616 -0.038311783224344254 0.18611429631710052
v 0.06475830078125 -0.041253864765167236 0.1857253462076187
v 0.06631770730018616 -0.038311783224344254 0.18611429631710052
v 0.06475330144166946 -0.04513220861554146 0.19375047087669373
v 0.06475330144166946 -0.04513220861554146 0.19375047087669373
v 0.06631770730018616 -0.038311783224344254 0.18611429631710052
v 0.06631571799516678 -0.042394112795591354 0.19478513300418854
v 0.06475330144166946 -0.04513220861554146 0.19375047087669373
v 0.06631571799516678 -0.042394112795591354 0.19478513300418854
v 0.06474820524454117 -0.050041817128658295 0.20092558860778809
v 0.06474820524454117 -0.050041817128658295 0.20092558860778809
v 0.06631571799516678 -0.042394112795591354 0.19478513300418854
v 0.06631183624267578 -0.047694798558950424 0.2025996595621109
v 0.06474820524454117 -0.050041817128658295 0.20092558860778809
v 0.06631183624267578 -0.047694798558950424 0.2025996595621109
v 0.06473509967327118 -0.055954452604055405 0.20721814036369324
v 0.06473509967327118 -0.055954452604055405 0.20721814036369324
v 0.06631183624267578 -0.047694798558950424 0.2025996595621109
v 0.06629426777362823 -0.05416131019592285 0.20943140983581543
v 0.06473509967327118 -0.055954452604055405 0.20721814036369324
v 0.06629426777362823 -0.05416131019592285 0.20943140983581543
v 0.06626690924167633 -0.061695657670497894 0.21518388390541077
v 0.06300000101327896 -0.04069444537162781 0.17410770058631897
v 0.06300000101327896 -0.03967752307653427 0.16692374646663666
v 0.06479789316654205 -0.03705855831503868 0.16701418161392212
v 0.06479789316654205 -0.03705855831503868 0.16701418161392212
v 0.06300000101327896 -0.03967752307653427 0.16692374646663666
v 0.06300000101327896 -0.039402492344379425 0.15856754779815674
v 0.06479789316654205 -0.03705855831503868 0.16701418161392212
v 0.06300000101327896 -0.039402492344379425 0.15856754779815674
v 0.06483297049999237 -0.03687857836484909 0.156245619058609
v 0.06483297049999237 -0.03687857836484909 0.156245619058609
v 0.06300000101327896 -0.039402492344379425 0.15856754779815674
v 0.06300000101327896 -0.03948918730020523 0.14420098066329956
v 0.06483297049999237 -0.03687857836484909 0.156245619058609
v 0.06300000101327896 -0.03948918730020523 0.14420098066329956
v 0.06480176001787186 -0.037072326987981796 0.13433735072612762
v 0.06480176001787186 -0.037072326987981796 0.13433735072612762
v 0.06300000101327896 -0.03948918730020523 0.14420098066329956
v 0.06300000101327896 -0.039805542677640915 0.12145741283893585
v 0.06480176001787186 -0.037072326987981796 0.13433735072612762
v 0.06300000101327896 -0.039805542677640915 0.12145741283893585
v 0.06539208441972733 -0.036727238446474075 0.09000000357627869
v 0.06539208441972733 -0.036727238446474075 0.09000000357627869
v 0.06300000101327896 -0.039805542677640915 0.12145741283893585
v 0.06300000101327896 -0.04069412499666214 0.08999992907047272
v 0.06777539104223251 -0.03158469870686531 0.13360802829265594
v 0.0689999982714653 -0.028736254200339317 0.13173030316829681
v 0.06778836250305176 -0.031319472938776016 0.15537896752357483
v 0.0689999982714653 -0.028736254200339317 0.13173030316829681
v 0.0689999982714653 -0.028484977781772614 0.15091322362422943
v 0.06778836250305176 -0.031319472938776016 0.15537896752357483
v 0.06778836250305176 -0.031319472938776016 0.15537896752357483
v 0.0689999982714653 -0.028484977781772614 0.15091322362422943
v 0.0689999982714653 -0.02835705503821373 0.15941818058490753
v 0.06778836250305176 -0.031319472938776016 0.15537896752357483
v 0.0689999982714653 -0.02835705503821373 0.15941818058490753
v 0.06775752454996109 -0.03131425008177757 0.16619126498699188
v 0.06775752454996109 -0.03131425008177757 0.16619126498699188
v 0.0689999982714653 -0.02835705503821373 0.15941818058490753
v 0.0689999982714653 -0.02834276854991913 0.16610825061798096
v 0.06775752454996109 -0.03131425008177757 0.16619126498699188
v 0.0689999982714653 -0.02834276854991913 0.16610825061798096
v 0.0677269995212555 -0.03247391805052757 0.17656975984573364
v 0.06900002807378769 -0.08999999612569809 0.23060613870620728
v 0.06705392897129059 -0.09000001847743988 0.22640277445316315
v 0.0690000057220459 -0.07927770167589188 0.22884610295295715
v 0.0690000057220459 -0.07927770167589188 0.22884610295295715
v 0.06705392897129059 -0.09000001847743988 0.22640277445316315
v 0.06765729188919067 -0.07954487204551697 0.22592148184776306
v 0.0690000057220459 -0.07927770167589188 0.22884610295295715
v 0.06765729188919067 -0.07954487204551697 0.22592148184776306
v 0.0690000057220459 -0.07712864875793457 0.228288471698761
v 0.0690000057220459 -0.07712864875793457 0.228288471698761
v 0.06765729188919067 -0.07954487204551697 0.22592148184776306
v 0.0676625445485115 -0.06966759264469147 0.2226172387599945
v 0.0690000057220459 -0.07712864875793457 0.228288471698761
v 0.0676625445485115 -0.06966759264469147 0.2226172387599945
v 0.0689999982714653 -0.06894650310277939 0.2254779040813446
v 0.06771954149007797 -0.04528503865003586 0.20433147251605988
v 0.0689999982714653 -0.043941281735897064 0.20741845667362213
v 0.0689999982714653 -0.0442676842212677 0.20779912173748016
v 0.06771954149007797 -0.04528503865003586 0.20433147251605988
v 0.0689999982714653 -0.0442676842212677 0.20779912173748016
v 0.06770630925893784 -0.0523306280374527 0.21171757578849792
v 0.0689999982714653 -0.0442676842212677 0.20779912173748016
v 0.0689999982714653 -0.0505242645740509 0.2140873670578003
v 0.06770630925893784 -0.0523306280374527 0.21171757578849792
v 0.06770630925893784 -0.0523306280374527 0.21171757578849792
v 0.0689999982714653 -0.0505242645740509 0.2140873670578003
v 0.0689999982714653 -0.05279599502682686 0.21598422527313232
v 0.06770630925893784 -0.0523306280374527 0.21171757578849792
v 0.0689999982714653 -0.05279599502682686 0.21598422527313232
v 0.06768408417701721 -0.060528479516506195 0.2178550511598587
v 0.06768408417701721 -0.060528479516506195 0.2178550511598587
v 0.0689999982714653 -0.05279599502682686 0.21598422527313232
v 0.0689999982714653 -0.05927058681845665 0.22053422033786774
v 0.06768408417701721 -0.060528479516506195 0.2178550511598587
v 0.0689999982714653 -0.05927058681845665 0.22053422033786774
v 0.0676625445485115 -0.06966759264469147 0.2226172387599945
v 0.0676625445485115 -0.06966759264469147 0.2226172387599945
v 0.0689999982714653 -0.05927058681845665 0.22053422033786774
v 0.0689999982714653 -0.06422759592533112 0.22331036627292633
v 0.0676625445485115 -0.06966759264469147 0.2226172387599945
v 0.0689999982714653 -0.06422759592533112 0.22331036627292633
v 0.0689999982714653 -0.06894650310277939 0.2254779040813446
v 0.0689999982714653 -0.02834276854991913 0.16610825061798096
v 0.0689999982714653 -0.02877853810787201 0.17248907685279846
v 0.0677269995212555 -0.03247391805052757 0.17656975984573364
v 0.0677269995212555 -0.03247391805052757 0.17656975984573364
v 0.0689999982714653 -0.02877853810787201 0.17248907685279846
v 0.0689999982714653 -0.029454033821821213 0.17691421508789062
v 0.0677269995212555 -0.03247391805052757 0.17656975984573364
v 0.0689999982714653 -0.029454033821821213 0.17691421508789062
v 0.0677182599902153 -0.03527703508734703 0.1865171194076538
v 0.0689999982714653 -0.029454033821821213 0.17691421508789062
v 0.0689999982714653 -0.031616244465112686 0.18523555994033813
v 0.0677182599902153 -0.03527703508734703 0.1865171194076538
v 0.0677182599902153 -0.03527703508734703 0.1865171194076538
v 0.0689999982714653 -0.031616244465112686 0.18523555994033813
v 0.0689999982714653 -0.032366327941417694 0.18738217651844025
v 0.0677182599902153 -0.03527703508734703 0.1865171194076538
v 0.0689999982714653 -0.032366327941417694 0.18738217651844025
v 0.06772027909755707 -0.0395733006298542 0.19585372507572174
v 0.06772027909755707 -0.0395733006298542 0.19585372507572174
v 0.0689999982714653 -0.032366327941417694 0.18738217651844025
v 0.0689999982714653 -0.036812182515859604 0.19711224734783173
v 0.06772027909755707 -0.0395733006298542 0.19585372507572174
v 0.0689999982714653 -0.036812182515859604 0.19711224734783173
v 0.06771954149007797 -0.04528503865003586 0.20433147251605988
v 0.06771954149007797 -0.04528503865003586 0.20433147251605988
v 0.0689999982714653 -0.036812182515859604 0.19711224734783173
v 0.0689999982714653 -0.04298456013202667 0.20626580715179443
v 0.06771954149007797 -0.04528503865003586 0.20433147251605988
v 0.0689999982714653 -0.04298456013202667 0.20626580715179443
v 0.0689999982714653 -0.043941281735897064 0.20741845667362213
v 0.06900003552436829 -0.029119029641151428 0.10186928510665894
v 0.0689999982714653 -0.0287978183478117 0.12624812126159668
v 0.06638476997613907 -0.03438512235879898 0.1339741200208664
v 0.06638476997613907 -0.03438512235879898 0.1339741200208664
v 0.0689999982714653 -0.0287978183478117 0.12624812126159668
v 0.06777539104223251 -0.03158469870686531 0.13360802829265594
v 0.06638476997613907 -0.03438512235879898 0.1339741200208664
v 0.06777539104223251 -0.03158469870686531 0.13360802829265594
v 0.06641422212123871 -0.03416202589869499 0.15581798553466797
v 0.06641422212123871 -0.03416202589869499 0.15581798553466797
v 0.06777539104223251 -0.03158469870686531 0.13360802829265594
v 0.06778836250305176 -0.031319472938776016 0.15537896752357483
v 0.06641422212123871 -0.03416202589869499 0.15581798553466797
v 0.06778836250305176 -0.031319472938776016 0.15537896752357483
v 0.06637027114629745 -0.03424447402358055 0.16662396490573883
v 0.06637027114629745 -0.03424447402358055 0.16662396490573883
v 0.06778836250305176 -0.031319472938776016 0.15537896752357483
v 0.06775752454996109 -0.03131425008177757 0.16619126498699188
v 0.06637027114629745 -0.03424447402358055 0.16662396490573883
v 0.06775752454996109 -0.03131425008177757 0.16619126498699188
v 0.06633339077234268 -0.035540834069252014 0.1767108291387558
v 0.06633339077234268 -0.035540834069252014 0.1767108291387558
v 0.06775752454996109 -0.03131425008177757 0.16619126498699188
v 0.0677269995212555 -0.03247391805052757 0.17656975984573364
v 0.06633339077234268 -0.035540834069252014 0.1767108291387558
v 0.0677269995212555 -0.03247391805052757 0.17656975984573364
v 0.06631770730018616 -0.038311783224344254 0.18611429631710052
v 0.06631770730018616 -0.038311783224344254 0.18611429631710052
v 0.0677269995212555 -0.03247391805052757 0.17656975984573364
v 0.0677182599902153 -0.03527703508734703 0.1865171194076538
v 0.06631770730018616 -0.038311783224344254 0.18611429631710052
v 0.0677182599902153 -0.03527703508734703 0.1865171194076538
v 0.06631571799516678 -0.042394112795591354 0.19478513300418854
v 0.06631571799516678 -0.042394112795591354 0.19478513300418854
v 0.0677182599902153 -0.03527703508734703 0.1865171194076538
v 0.06772027909755707 -0.0395733006298542 0.19585372507572174
v 0.06631571799516678 -0.042394112795591354 0.19478513300418854
v 0.06772027909755707 -0.0395733006298542 0.19585372507572174
v 0.06631183624267578 -0.047694798558950424 0.2025996595621109
v 0.06631183624267578 -0.047694798558950424 0.2025996595621109
v 0.06772027909755707 -0.0395733006298542 0.19585372507572174
v 0.06771954149007797 -0.04528503865003586 0.20433147251605988
v 0.06631183624267578 -0.047694798558950424 0.2025996595621109
v 0.06771954149007797 -0.04528503865003586 0.20433147251605988
v 0.06629426777362823 -0.05416131019592285 0.20943140983581543
v 0.06629426777362823 -0.05416131019592285 0.20943140983581543
v 0.06771954149007797 -0.04528503865003586 0.20433147251605988
v 0.06770630925893784 -0.0523306280374527 0.21171757578849792
v 0.06629426777362823 -0.05416131019592285 0.20943140983581543
v 0.06770630925893784 -0.0523306280374527 0.21171757578849792
v 0.06626690924167633 -0.061695657670497894 0.21518388390541077
v 0.06626690924167633 -0.061695657670497894 0.21518388390541077
v 0.06770630925893784 -0.0523306280374527 0.21171757578849792
v 0.06768408417701721 -0.060528479516506195 0.2178550511598587
v 0.06626690924167633 -0.061695657670497894 0.21518388390541077
v 0.06768408417701721 -0.060528479516506195 0.2178550511598587
v 0.06623923778533936 -0.07020583003759384 0.21974816918373108
v 0.06623923778533936 -0.07020583003759384 0.21974816918373108
v 0.06768408417701721 -0.060528479516506195 0.2178550511598587
v 0.0676625445485115 -0.06966759264469147 0.2226172387599945
v 0.06623923778533936 -0.07020583003759384 0.21974816918373108
v 0.0676625445485115 -0.06966759264469147 0.2226172387599945
v 0.06622573733329773 -0.07963131368160248 0.22302033007144928
v 0.06622573733329773 -0.07963131368160248 0.22302033007144928
v 0.0676625445485115 -0.06966759264469147 0.2226172387599945
v 0.06765729188919067 -0.07954487204551697 0.22592148184776306
v 0.06622573733329773 -0.07963131368160248 0.22302033007144928
v 0.06765729188919067 -0.07954487204551697 0.22592148184776306
v 0.06614410877227783 -0.09000002592802048 0.2246452271938324
v 0.06614410877227783 -0.09000002592802048 0.2246452271938324
v 0.06765729188919067 -0.07954487204551697 0.22592148184776306
v 0.06705392897129059 -0.09000001847743988 0.22640277445316315
v 0.07495030015707016 -0.04915892332792282 0.23254062235355377
v 0.07202832400798798 -0.046752505004405975 0.2208658754825592
v 0.07485035806894302 -0.036605071276426315 0.22278790175914764
v 0.07485035806894302 -0.036605071276426315 0.22278790175914764
v 0.07727869600057602 -0.02645448036491871 0.22472909092903137
v 0.08075301349163055 -0.0312483087182045 0.24819396436214447
v 0.08075301349163055 -0.0312483087182045 0.24819396436214447
v 0.07727869600057602 -0.02645448036491871 0.22472909092903137
v 0.08179967105388641 -0.02108663134276867 0.2502024173736572
v 0.0689999982714653 0.030685730278491974 0.16805990040302277
v 0.06963711231946945 0.028584986925125122 0.16243670880794525
v 0.0689999982714653 0.0296758022159338 0.15835236012935638
v 0.0689999982714653 0.041029710322618484 0.1952913999557495
v 0.0702872946858406 0.03398389741778374 0.18809844553470612
v 0.0689999982714653 0.036394745111465454 0.18669523298740387
v 0.07249768078327179 0.0757303386926651 0.2324875295162201
v 0.07283464819192886 0.07542046159505844 0.23327229917049408
v 0.07358956336975098 0.06748877465724945 0.23162627220153809
v 0.08106396347284317 0.04415130615234375 0.25999999046325684
v 0.08214233815670013 0.029859155416488647 0.25999999046325684
v 0.08165169507265091 0.032147910445928574 0.24868962168693542
v 0.07718058675527573 -0.07704782485961914 0.25999999046325684
v 0.07500001043081284 -0.08999998867511749 0.25999999046325684
v 0.0772167444229126 -0.07547470182180405 0.25785398483276367
v 0.0772167444229126 -0.07547470182180405 0.25785398483276367
v 0.07500001043081284 -0.08999998867511749 0.25999999046325684
v 0.07486993819475174 -0.08999999612569809 0.2555846869945526
v 0.07718058675527573 -0.07704782485961914 0.25999999046325684
v 0.0772167444229126 -0.07547470182180405 0.25785398483276367
v 0.07808157801628113 -0.07100747525691986 0.25999999046325684
v 0.07808157801628113 -0.07100747525691986 0.25999999046325684
v 0.0772167444229126 -0.07547470182180405 0.25785398483276367
v 0.07653841376304626 -0.07427776604890823 0.2519785165786743
v 0.07808157801628113 -0.07100747525691986 0.25999999046325684
v 0.07653841376304626 -0.07427776604890823 0.2519785165786743
v 0.08042290806770325 -0.05190924555063248 0.25999999046325684
v 0.08075301349163055 -0.0312483087182045 0.24819396436214447
v 0.08203385025262833 -0.03273604065179825 0.25999999046325684
v 0.08198761194944382 -0.03344445303082466 0.25999999046325684
v 0.08256348967552185 -0.02307315357029438 0.25999999046325684
v 0.082473523914814 -0.0109219616279006 0.2522290050983429
v 0.08292793482542038 -0.012495268136262894 0.25999999046325684
v 0.08292793482542038 -0.012495268136262894 0.25999999046325684
v 0.082473523914814 -0.0109219616279006 0.2522290050983429
v 0.08286178112030029 -0.0007550015579909086 0.2542695105075836
v 0.08292793482542038 -0.012495268136262894 0.25999999046325684
v 0.08286178112030029 -0.0007550015579909086 0.2542695105075836
v 0.08305620402097702 -0.004279512912034988 0.25999999046325684
v 0.08298403024673462 0.008674676530063152 0.25999999046325684
v 0.08293186128139496 0.009414511732757092 0.25632551312446594
v 0.0823194608092308 0.026800334453582764 0.25999999046325684
v 0.0823194608092308 0.026800334453582764 0.25999999046325684
v 0.08293186128139496 0.009414511732757092 0.25632551312446594
v 0.08228568732738495 0.027409538626670837 0.25999999046325684
v 0.07897786796092987 0.06327848881483078 0.25999996066093445
v 0.08039125055074692 0.05106251686811447 0.25999999046325684
v 0.0788998007774353 0.06394437700510025 0.25869855284690857
v 0.0788998007774353 0.06394437700510025 0.25869855284690857
v 0.08039125055074692 0.05106251686811447 0.25999999046325684
v 0.08006148040294647 0.05250082165002823 0.2528858184814453
v 0.0788998007774353 0.06394437700510025 0.25869855284690857
v 0.08006148040294647 0.05250082165002823 0.2528858184814453
v 0.07862792164087296 0.06549325585365295 0.25560882687568665
v 0.07862792164087296 0.06549325585365295 0.25560882687568665
v 0.08006148040294647 0.05250082165002823 0.2528858184814453
v 0.0779033973813057 0.06797076016664505 0.2504730224609375
v 0.07602393627166748 0.07166989892721176 0.24229976534843445
v 0.0766071006655693 0.07072607427835464 0.24444830417633057
v 0.07821395248174667 0.054898619651794434 0.24115876853466034
v 0.07821395248174667 0.054898619651794434 0.24115876853466034
v 0.0766071006655693 0.07072607427835464 0.24444830417633057
v 0.07699921727180481 0.070010706782341 0.24604690074920654
v 0.0689997673034668 0.07839904725551605 0.225441575050354
v 0.07249768078327179 0.0757303386926651 0.2324875295162201
v 0.07114027440547943 0.0686999186873436 0.22583700716495514
v 0.07114027440547943 0.0686999186873436 0.22583700716495514
v 0.07249768078327179 0.0757303386926651 0.2324875295162201
v 0.07358956336975098 0.06748877465724945 0.23162627220153809
v 0.07114027440547943 0.0686999186873436 0.22583700716495514
v 0.07358956336975098 0.06748877465724945 0.23162627220153809
v 0.07483220845460892 0.057308729737997055 0.22950638830661774
v 0.0689999982714653 0.046788573265075684 0.20317745208740234
v 0.0689999982714653 0.053555719554424286 0.21021835505962372
v 0.07217779755592346 0.049542929977178574 0.21575920283794403
v 0.07217779755592346 0.049542929977178574 0.21575920283794403
v 0.0689999982714653 0.053555719554424286 0.21021835505962372
v 0.0689999982714653 0.061184439808130264 0.2163151353597641
v 0.07217779755592346 0.049542929977178574 0.21575920283794403
v 0.0689999982714653 0.061184439808130264 0.2163151353597641
v 0.07008388638496399 0.05972980707883835 0.21792052686214447
v 0.07008388638496399 0.05972980707883835 0.21792052686214447
v 0.0689999982714653 0.061184439808130264 0.2163151353597641
v 0.0689999908208847 0.06951270997524261 0.22140541672706604
v 0.0689999982714653 0.036394745111465454 0.18669523298740387
v 0.0702872946858406 0.03398389741778374 0.18809844553470612
v 0.0689999982714653 0.0329379178583622 0.17756247520446777
v 0.0689999982714653 0.0329379178583622 0.17756247520446777
v 0.0702872946858406 0.03398389741778374 0.18809844553470612
v 0.07154281437397003 0.02618672139942646 0.1741609424352646
v 0.0689999982714653 0.0329379178583622 0.17756247520446777
v 0.07154281437397003 0.02618672139942646 0.1741609424352646
v 0.0689999982714653 0.030685730278491974 0.16805990040302277
v 0.0689999982714653 0.029565423727035522 0.14858873188495636
v 0.07160434126853943 0.023165075108408928 0.136647567152977
v 0.0689999982714653 0.029467105865478516 0.12905924022197723
v 0.0689999982714653 0.029467105865478516 0.12905924022197723
v 0.07160434126853943 0.023165075108408928 0.136647567152977
v 0.06960947066545486 0.02794703096151352 0.11311067640781403
v 0.0689999982714653 0.029467105865478516 0.12905924022197723
v 0.06960947066545486 0.02794703096151352 0.11311067640781403
v 0.06900004297494888 0.02939377725124359 0.08999998867511749
v 0.06989682465791702 -0.027156231924891472 0.09000000357627869
v 0.07238422334194183 -0.01963404193520546 0.09000000357627869
v 0.07125432044267654 -0.02291654609143734 0.10273361206054688
v 0.07125432044267654 -0.02291654609143734 0.10273361206054688
v 0.07238422334194183 -0.01963404193520546 0.09000000357627869
v 0.07408809661865234 -0.011663958430290222 0.09000000357627869
v 0.07125432044267654 -0.02291654609143734 0.10273361206054688
v 0.07408809661865234 -0.011663958430290222 0.09000000357627869
v 0.07381486892700195 -0.01276701595634222 0.10466836392879486
v 0.07381486892700195 -0.01276701595634222 0.10466836392879486
v 0.07408809661865234 -0.011663958430290222 0.09000000357627869
v 0.07491789758205414 -0.0035195767413824797 0.09000000357627869
v 0.07381486892700195 -0.01276701595634222 0.10466836392879486
v 0.07491789758205414 -0.0035195767413824797 0.09000000357627869
v 0.07500584423542023 -0.002606496447697282 0.10666979849338531
v 0.07500584423542023 -0.002606496447697282 0.10666979849338531
v 0.07491789758205414 -0.0035195767413824797 0.09000000357627869
v 0.074996218085289 0.000756305642426014 0.09000000357627869
v 0.07500584423542023 -0.002606496447697282 0.10666979849338531
v 0.074996218085289 0.000756305642426014 0.09000000357627869
v 0.07477676123380661 0.00756541732698679 0.10874034464359283
v 0.07477676123380661 0.00756541732698679 0.10874034464359283
v 0.074996218085289 0.000756305642426014 0.09000000357627869
v 0.07485498487949371 0.004672808572649956 0.09000000357627869
v 0.07477676123380661 0.00756541732698679 0.10874034464359283
v 0.07485498487949371 0.004672808572649956 0.09000000357627869
v 0.07391032576560974 0.012739862315356731 0.09000000357627869
v 0.07277421653270721 -0.017524614930152893 0.12835301458835602
v 0.0689999982714653 -0.028736254200339317 0.13173030316829681
v 0.0694434866309166 -0.02766796573996544 0.12645573914051056
v 0.0694434866309166 -0.02766796573996544 0.12645573914051056
v 0.0689999982714653 -0.028736254200339317 0.13173030316829681
v 0.0689999982714653 -0.0287978183478117 0.12624812126159668
v 0.0694434866309166 -0.02766796573996544 0.12645573914051056
v 0.0689999982714653 -0.0287978183478117 0.12624812126159668
v 0.06900003552436829 -0.029119029641151428 0.10186928510665894
v 0.0689999982714653 -0.02834276854991913 0.16610825061798096
v 0.0689999982714653 -0.02835705503821373 0.15941818058490753
v 0.07042546570301056 -0.0246546920388937 0.16391833126544952
v 0.07042546570301056 -0.0246546920388937 0.16391833126544952
v 0.0689999982714653 -0.02835705503821373 0.15941818058490753
v 0.0689999982714653 -0.028484977781772614 0.15091322362422943
v 0.07014279067516327 -0.029418373480439186 0.18756607174873352
v 0.07115068286657333 -0.03180943429470062 0.1993340104818344
v 0.0689999982714653 -0.036812182515859604 0.19711224734783173
v 0.0689999982714653 -0.036812182515859604 0.19711224734783173
v 0.0689999982714653 -0.032366327941417694 0.18738217651844025
v 0.07014279067516327 -0.029418373480439186 0.18756607174873352
v 0.07014279067516327 -0.029418373480439186 0.18756607174873352
v 0.0689999982714653 -0.032366327941417694 0.18738217651844025
v 0.0689999982714653 -0.031616244465112686 0.18523555994033813
v 0.07014279067516327 -0.029418373480439186 0.18756607174873352
v 0.0689999982714653 -0.031616244465112686 0.18523555994033813
v 0.06987892091274261 -0.027033282443881035 0.17576192319393158
v 0.06987892091274261 -0.027033282443881035 0.17576192319393158
v 0.0689999982714653 -0.031616244465112686 0.18523555994033813
v 0.0689999982714653 -0.029454033821821213 0.17691421508789062
v 0.06987892091274261 -0.027033282443881035 0.17576192319393158
v 0.0689999982714653 -0.029454033821821213 0.17691421508789062
v 0.0689999982714653 -0.02877853810787201 0.17248907685279846
v 0.0689999982714653 -0.05279599502682686 0.21598422527313232
v 0.0689999982714653 -0.0505242645740509 0.2140873670578003
v 0.07202832400798798 -0.046752505004405975 0.2208658754825592
v 0.0689999982714653 -0.04298456013202667 0.20626580715179443
v 0.07276813685894012 -0.03420538827776909 0.21107226610183716
v 0.0689999982714653 -0.043941281735897064 0.20741845667362213
v 0.0689999982714653 -0.043941281735897064 0.20741845667362213
v 0.07276813685894012 -0.03420538827776909 0.21107226610183716
v 0.06934670358896255 -0.044348012655973434 0.20917941629886627
v 0.0689999982714653 -0.043941281735897064 0.20741845667362213
v 0.06934670358896255 -0.044348012655973434 0.20917941629886627
v 0.0689999982714653 -0.0442676842212677 0.20779912173748016
v 0.0689999982714653 -0.0442676842212677 0.20779912173748016
v 0.06934670358896255 -0.044348012655973434 0.20917941629886627
v 0.0689999982714653 -0.0505242645740509 0.2140873670578003
v 0.0690000057220459 -0.07927770167589188 0.22884610295295715
v 0.0690000057220459 -0.07712864875793457 0.228288471698761
v 0.07019378244876862 -0.0694609060883522 0.22865337133407593
v 0.07019378244876862 -0.0694609060883522 0.22865337133407593
v 0.0690000057220459 -0.07712864875793457 0.228288471698761
v 0.0689999982714653 -0.06894650310277939 0.2254779040813446
v 0.07019378244876862 -0.0694609060883522 0.22865337133407593
v 0.0689999982714653 -0.06894650310277939 0.2254779040813446
v 0.0689999982714653 -0.06422759592533112 0.22331036627292633
v 0.06900002807378769 -0.08999999612569809 0.23060613870620728
v 0.0690000057220459 -0.07927770167589188 0.22884610295295715
v 0.07220791280269623 -0.07066855579614639 0.23446381092071533
v 0.07220791280269623 -0.07066855579614639 0.23446381092071533
v 0.0690000057220459 -0.07927770167589188 0.22884610295295715
v 0.07019378244876862 -0.0694609060883522 0.22865337133407593
v 0.07220791280269623 -0.07066855579614639 0.23446381092071533
v 0.07019378244876862 -0.0694609060883522 0.22865337133407593
v 0.07495030015707016 -0.04915892332792282 0.23254062235355377
v 0.07495030015707016 -0.04915892332792282 0.23254062235355377
v 0.07019378244876862 -0.0694609060883522 0.22865337133407593
v 0.0689999982714653 -0.06422759592533112 0.22331036627292633
v 0.07495030015707016 -0.04915892332792282 0.23254062235355377
v 0.0689999982714653 -0.06422759592533112 0.22331036627292633
v 0.07202832400798798 -0.046752505004405975 0.2208658754825592
v 0.07202832400798798 -0.046752505004405975 0.2208658754825592
v 0.0689999982714653 -0.06422759592533112 0.22331036627292633
v 0.0689999982714653 -0.05927058681845665 0.22053422033786774
v 0.07202832400798798 -0.046752505004405975 0.2208658754825592
v 0.0689999982714653 -0.05927058681845665 0.22053422033786774
v 0.0689999982714653 -0.05279599502682686 0.21598422527313232
v 0.07486993819475174 -0.08999999612569809 0.2555846869945526
v 0.07483480870723724 -0.08999998867511749 0.25502467155456543
v 0.0772167444229126 -0.07547470182180405 0.25785398483276367
v 0.0772167444229126 -0.07547470182180405 0.25785398483276367
v 0.07483480870723724 -0.08999998867511749 0.25502467155456543
v 0.07417485862970352 -0.08999998867511749 0.24890531599521637
v 0.0772167444229126 -0.07547470182180405 0.25785398483276367
v 0.07417485862970352 -0.08999998867511749 0.24890531599521637
v 0.07653841376304626 -0.07427776604890823 0.2519785165786743
v 0.07653841376304626 -0.07427776604890823 0.2519785165786743
v 0.07417485862970352 -0.08999998867511749 0.24890531599521637
v 0.07300367951393127 -0.08999998867511749 0.242810919880867
v 0.07653841376304626 -0.07427776604890823 0.2519785165786743
v 0.07300367951393127 -0.08999998867511749 0.242810919880867
v 0.07544637471437454 -0.07307751476764679 0.24612316489219666
v 0.07544637471437454 -0.07307751476764679 0.24612316489219666
v 0.07300367951393127 -0.08999998867511749 0.242810919880867
v 0.07218415290117264 -0.08999999612569809 0.2396419495344162
v 0.06899995356798172 -0.029394065961241722 0.08999998867511749
v 0.06989682465791702 -0.027156231924891472 0.09000000357627869
v 0.06900003552436829 -0.029119029641151428 0.10186928510665894
v 0.06900003552436829 -0.029119029641151428 0.10186928510665894
v 0.06989682465791702 -0.027156231924891472 0.09000000357627869
v 0.07125432044267654 -0.02291654609143734 0.10273361206054688
v 0.06900003552436829 -0.029119029641151428 0.10186928510665894
v 0.07125432044267654 -0.02291654609143734 0.10273361206054688
v 0.0694434866309166 -0.02766796573996544 0.12645573914051056
v 0.0694434866309166 -0.02766796573996544 0.12645573914051056
v 0.07125432044267654 -0.02291654609143734 0.10273361206054688
v 0.07381486892700195 -0.01276701595634222 0.10466836392879486
v 0.0694434866309166 -0.02766796573996544 0.12645573914051056
v 0.07381486892700195 -0.01276701595634222 0.10466836392879486
v 0.07277421653270721 -0.017524614930152893 0.12835301458835602
v 0.07277421653270721 -0.017524614930152893 0.12835301458835602
v 0.07381486892700195 -0.01276701595634222 0.10466836392879486
v 0.07500584423542023 -0.002606496447697282 0.10666979849338531
v 0.07277421653270721 -0.017524614930152893 0.12835301458835602
v 0.07500584423542023 -0.002606496447697282 0.10666979849338531
v 0.07487902045249939 -0.007371427956968546 0.13030995428562164
v 0.07487902045249939 -0.007371427956968546 0.13030995428562164
v 0.07500584423542023 -0.002606496447697282 0.10666979849338531
v 0.07477676123380661 0.00756541732698679 0.10874034464359283
v 0.07439454644918442 -0.012133490294218063 0.15396752953529358
v 0.07470167428255081 -0.009752979502081871 0.1421355903148651
v 0.07586702704429626 0.00040774515946395695 0.14413826167583466
v 0.07586702704429626 0.00040774515946395695 0.14413826167583466
v 0.07470167428255081 -0.009752979502081871 0.1421355903148651
v 0.0755254402756691 0.002793460851535201 0.13233788311481476
v 0.07586702704429626 0.00040774515946395695 0.14413826167583466
v 0.0755254402756691 0.002793460851535201 0.13233788311481476
v 0.07521615922451019 0.007880980148911476 0.133382648229599
v 0.07749643176794052 0.0034158225171267986 0.18156932294368744
v 0.07728658616542816 -0.0016675315564498305 0.18054984509944916
v 0.07632540911436081 0.003106130287051201 0.15696263313293457
v 0.07632540911436081 0.003106130287051201 0.15696263313293457
v 0.07728658616542816 -0.0016675315564498305 0.18054984509944916
v 0.07615741342306137 -0.001977559644728899 0.15594111382961273
v 0.08032054454088211 -0.0061387368477880955 0.22869981825351715
v 0.07913666218519211 -0.016299312934279442 0.22669805586338043
v 0.07823482900857925 -0.006441089790314436 0.2041376680135727
v 0.07823482900857925 -0.006441089790314436 0.2041376680135727
v 0.07913666218519211 -0.016299312934279442 0.22669805586338043
v 0.07733066380023956 -0.01151887234300375 0.20315198600292206
v 0.07823482900857925 -0.006441089790314436 0.2041376680135727
v 0.07733066380023956 -0.01151887234300375 0.20315198600292206
v 0.07655370980501175 -0.006746688857674599 0.17955581843852997
v 0.0689999982714653 -0.028484977781772614 0.15091322362422943
v 0.07130374014377594 -0.022278765216469765 0.15205858647823334
v 0.07042546570301056 -0.0246546920388937 0.16391833126544952
v 0.07042546570301056 -0.0246546920388937 0.16391833126544952
v 0.07130374014377594 -0.022278765216469765 0.15205858647823334
v 0.07399674504995346 -0.014513272792100906 0.16580387949943542
v 0.07042546570301056 -0.0246546920388937 0.16391833126544952
v 0.07399674504995346 -0.014513272792100906 0.16580387949943542
v 0.07375986129045486 -0.016894346103072166 0.1776324063539505
v 0.07375986129045486 -0.016894346103072166 0.1776324063539505
v 0.07399674504995346 -0.014513272792100906 0.16580387949943542
v 0.07655370980501175 -0.006746688857674599 0.17955581843852997
v 0.07375986129045486 -0.016894346103072166 0.1776324063539505
v 0.07655370980501175 -0.006746688857674599 0.17955581843852997
v 0.073959119617939 -0.01927892118692398 0.18943969905376434
v 0.073959119617939 -0.01927892118692398 0.18943969905376434
v 0.07655370980501175 -0.006746688857674599 0.17955581843852997
v 0.07733066380023956 -0.01151887234300375 0.20315198600292206
v 0.073959119617939 -0.01927892118692398 0.18943969905376434
v 0.07733066380023956 -0.01151887234300375 0.20315198600292206
v 0.07464392483234406 -0.021667389199137688 0.20122335851192474
v 0.07464392483234406 -0.021667389199137688 0.20122335851192474
v 0.07115068286657333 -0.03180943429470062 0.1993340104818344
v 0.073959119617939 -0.01927892118692398 0.18943969905376434
v 0.073959119617939 -0.01927892118692398 0.18943969905376434
v 0.07115068286657333 -0.03180943429470062 0.1993340104818344
v 0.07014279067516327 -0.029418373480439186 0.18756607174873352
v 0.073959119617939 -0.01927892118692398 0.18943969905376434
v 0.07014279067516327 -0.029418373480439186 0.18756607174873352
v 0.07375986129045486 -0.016894346103072166 0.1776324063539505
v 0.07375986129045486 -0.016894346103072166 0.1776324063539505
v 0.07014279067516327 -0.029418373480439186 0.18756607174873352
v 0.06987892091274261 -0.027033282443881035 0.17576192319393158
v 0.07375986129045486 -0.016894346103072166 0.1776324063539505
v 0.06987892091274261 -0.027033282443881035 0.17576192319393158
v 0.07042546570301056 -0.0246546920388937 0.16391833126544952
v 0.07042546570301056 -0.0246546920388937 0.16391833126544952
v 0.06987892091274261 -0.027033282443881035 0.17576192319393158
v 0.0689999982714653 -0.02877853810787201 0.17248907685279846
v 0.07042546570301056 -0.0246546920388937 0.16391833126544952
v 0.0689999982714653 -0.02877853810787201 0.17248907685279846
v 0.0689999982714653 -0.02834276854991913 0.16610825061798096
v 0.07765825092792511 -0.051563628017902374 0.24422580003738403
v 0.07934697717428207 -0.04140710085630417 0.2462030053138733
v 0.0796625018119812 -0.05396268516778946 0.25594523549079895
v 0.0796625018119812 -0.05396268516778946 0.25594523549079895
v 0.07934697717428207 -0.04140710085630417 0.2462030053138733
v 0.08196704089641571 -0.0336410254240036 0.2599518597126007
v 0.0796625018119812 -0.05396268516778946 0.25594523549079895
v 0.08196704089641571 -0.0336410254240036 0.2599518597126007
v 0.08144690841436386 -0.04080622270703316 0.25999999046325684
v 0.08144690841436386 -0.04080622270703316 0.25999999046325684
v 0.08196704089641571 -0.0336410254240036 0.2599518597126007
v 0.08197405934333801 -0.03364918753504753 0.25999999046325684
v 0.0689999982714653 -0.0505242645740509 0.2140873670578003
v 0.06934670358896255 -0.044348012655973434 0.20917941629886627
v 0.07202832400798798 -0.046752505004405975 0.2208658754825592
v 0.07202832400798798 -0.046752505004405975 0.2208658754825592
v 0.06934670358896255 -0.044348012655973434 0.20917941629886627
v 0.07276813685894012 -0.03420538827776909 0.21107226610183716
v 0.07202832400798798 -0.046752505004405975 0.2208658754825592
v 0.07276813685894012 -0.03420538827776909 0.21107226610183716
v 0.07485035806894302 -0.036605071276426315 0.22278790175914764
v 0.07485035806894302 -0.036605071276426315 0.22278790175914764
v 0.07276813685894012 -0.03420538827776909 0.21107226610183716
v 0.0757707729935646 -0.02405940741300583 0.21298550069332123
v 0.07485035806894302 -0.036605071276426315 0.22278790175914764
v 0.0757707729935646 -0.02405940741300583 0.21298550069332123
v 0.07727869600057602 -0.02645448036491871 0.22472909092903137
v 0.08144690841436386 -0.04080622270703316 0.25999999046325684
v 0.08042290806770325 -0.05190924555063248 0.25999999046325684
v 0.0796625018119812 -0.05396268516778946 0.25594523549079895
v 0.0796625018119812 -0.05396268516778946 0.25594523549079895
v 0.08042290806770325 -0.05190924555063248 0.25999999046325684
v 0.07653841376304626 -0.07427776604890823 0.2519785165786743
v 0.0796625018119812 -0.05396268516778946 0.25594523549079895
v 0.07653841376304626 -0.07427776604890823 0.2519785165786743
v 0.07765825092792511 -0.051563628017902374 0.24422580003738403
v 0.07765825092792511 -0.051563628017902374 0.24422580003738403
v 0.07653841376304626 -0.07427776604890823 0.2519785165786743
v 0.07544637471437454 -0.07307751476764679 0.24612316489219666
v 0.07765825092792511 -0.051563628017902374 0.24422580003738403
v 0.07544637471437454 -0.07307751476764679 0.24612316489219666
v 0.07398368418216705 -0.07187429070472717 0.24028587341308594
v 0.07398368418216705 -0.07187429070472717 0.24028587341308594
v 0.07544637471437454 -0.07307751476764679 0.24612316489219666
v 0.07218415290117264 -0.08999999612569809 0.2396419495344162
v 0.07398368418216705 -0.07187429070472717 0.24028587341308594
v 0.07218415290117264 -0.08999999612569809 0.2396419495344162
v 0.06900002807378769 -0.08999999612569809 0.23060613870620728
v 0.06900002807378769 -0.08999999612569809 0.23060613870620728
v 0.07220791280269623 -0.07066855579614639 0.23446381092071533
v 0.07398368418216705 -0.07187429070472717 0.24028587341308594
v 0.07398368418216705 -0.07187429070472717 0.24028587341308594
v 0.07220791280269623 -0.07066855579614639 0.23446381092071533
v 0.07495030015707016 -0.04915892332792282 0.23254062235355377
v 0.07398368418216705 -0.07187429070472717 0.24028587341308594
v 0.07495030015707016 -0.04915892332792282 0.23254062235355377
v 0.07765825092792511 -0.051563628017902374 0.24422580003738403
v 0.07765825092792511 -0.051563628017902374 0.24422580003738403
v 0.07495030015707016 -0.04915892332792282 0.23254062235355377
v 0.07485035806894302 -0.036605071276426315 0.22278790175914764
v 0.07765825092792511 -0.051563628017902374 0.24422580003738403
v 0.07485035806894302 -0.036605071276426315 0.22278790175914764
v 0.07934697717428207 -0.04140710085630417 0.2462030053138733
v 0.07934697717428207 -0.04140710085630417 0.2462030053138733
v 0.07485035806894302 -0.036605071276426315 0.22278790175914764
v 0.08075301349163055 -0.0312483087182045 0.24819396436214447
v 0.07934697717428207 -0.04140710085630417 0.2462030053138733
v 0.08075301349163055 -0.0312483087182045 0.24819396436214447
v 0.08196704089641571 -0.0336410254240036 0.2599518597126007
v 0.08196704089641571 -0.0336410254240036 0.2599518597126007
v 0.08075301349163055 -0.0312483087182045 0.24819396436214447
v 0.08198761194944382 -0.03344445303082466 0.25999999046325684
v 0.08196704089641571 -0.0336410254240036 0.2599518597126007
v 0.08198761194944382 -0.03344445303082466 0.25999999046325684
v 0.08197405934333801 -0.03364918753504753 0.25999999046325684
v 0.07483220845460892 0.057308729737997055 0.22950638830661774
v 0.07758656144142151 0.036946479231119156 0.22525352239608765
v 0.07432762533426285 0.039355602115392685 0.21359515190124512
v 0.07439454644918442 -0.012133490294218063 0.15396752953529358
v 0.07586702704429626 0.00040774515946395695 0.14413826167583466
v 0.07615741342306137 -0.001977559644728899 0.15594111382961273
v 0.07615741342306137 -0.001977559644728899 0.15594111382961273
v 0.07586702704429626 0.00040774515946395695 0.14413826167583466
v 0.07521615922451019 0.007880980148911476 0.133382648229599
v 0.07615741342306137 -0.001977559644728899 0.15594111382961273
v 0.07521615922451019 0.007880980148911476 0.133382648229599
v 0.07632540911436081 0.003106130287051201 0.15696263313293457
v 0.07632540911436081 0.003106130287051201 0.15696263313293457
v 0.07521615922451019 0.007880980148911476 0.133382648229599
v 0.07595112919807434 0.008194171823561192 0.1580105572938919
v 0.07632540911436081 0.003106130287051201 0.15696263313293457
v 0.07595112919807434 0.008194171823561192 0.1580105572938919
v 0.07749643176794052 0.0034158225171267986 0.18156932294368744
v 0.07749643176794052 0.0034158225171267986 0.18156932294368744
v 0.07595112919807434 0.008194171823561192 0.1580105572938919
v 0.07718836516141891 0.008503332734107971 0.1826140135526657
v 0.07749643176794052 0.0034158225171267986 0.18156932294368744
v 0.07718836516141891 0.008503332734107971 0.1826140135526657
v 0.07776840031147003 0.011200740933418274 0.19543248414993286
v 0.07893744856119156 0.008808386512100697 0.2071925699710846
v 0.07776840031147003 0.011200740933418274 0.19543248414993286
v 0.076015405356884 0.021384883671998978 0.19757720828056335
v 0.07893744856119156 0.008808386512100697 0.2071925699710846
v 0.076015405356884 0.021384883671998978 0.19757720828056335
v 0.07798615843057632 0.018986094743013382 0.2092982679605484
v 0.07798615843057632 0.018986094743013382 0.2092982679605484
v 0.076015405356884 0.021384883671998978 0.19757720828056335
v 0.07344521582126617 0.031575582921504974 0.19976171851158142
v 0.07798615843057632 0.018986094743013382 0.2092982679605484
v 0.07344521582126617 0.031575582921504974 0.19976171851158142
v 0.07633936405181885 0.029169384390115738 0.21143783628940582
v 0.07633936405181885 0.029169384390115738 0.21143783628940582
v 0.07344521582126617 0.031575582921504974 0.19976171851158142
v 0.07048338651657104 0.041769422590732574 0.20196528732776642
v 0.07633936405181885 0.029169384390115738 0.21143783628940582
v 0.07048338651657104 0.041769422590732574 0.20196528732776642
v 0.07432762533426285 0.039355602115392685 0.21359515190124512
v 0.07432762533426285 0.039355602115392685 0.21359515190124512
v 0.07758656144142151 0.036946479231119156 0.22525352239608765
v 0.07633936405181885 0.029169384390115738 0.21143783628940582
v 0.07633936405181885 0.029169384390115738 0.21143783628940582
v 0.07758656144142151 0.036946479231119156 0.22525352239608765
v 0.07878036797046661 0.02676682360470295 0.22313600778579712
v 0.07633936405181885 0.029169384390115738 0.21143783628940582
v 0.07878036797046661 0.02676682360470295 0.22313600778579712
v 0.07798615843057632 0.018986094743013382 0.2092982679605484
v 0.07798615843057632 0.018986094743013382 0.2092982679605484
v 0.07878036797046661 0.02676682360470295 0.22313600778579712
v 0.07963378727436066 0.016589900478720665 0.22103506326675415
v 0.07798615843057632 0.018986094743013382 0.2092982679605484
v 0.07963378727436066 0.016589900478720665 0.22103506326675415
v 0.07893744856119156 0.008808386512100697 0.2071925699710846
v 0.07283464819192886 0.07542046159505844 0.23327229917049408
v 0.07325100898742676 0.0750204473733902 0.23427583277225494
v 0.07358956336975098 0.06748877465724945 0.23162627220153809
v 0.07358956336975098 0.06748877465724945 0.23162627220153809
v 0.07325100898742676 0.0750204473733902 0.23427583277225494
v 0.07495804876089096 0.07313316315412521 0.23887526988983154
v 0.07358956336975098 0.06748877465724945 0.23162627220153809
v 0.07495804876089096 0.07313316315412521 0.23887526988983154
v 0.07483220845460892 0.057308729737997055 0.22950638830661774
v 0.07483220845460892 0.057308729737997055 0.22950638830661774
v 0.07495804876089096 0.07313316315412521 0.23887526988983154
v 0.07670532166957855 0.0561022125184536 0.2353237122297287
v 0.07483220845460892 0.057308729737997055 0.22950638830661774
v 0.07670532166957855 0.0561022125184536 0.2353237122297287
v 0.07758656144142151 0.036946479231119156 0.22525352239608765
v 0.07758656144142151 0.036946479231119156 0.22525352239608765
v 0.07670532166957855 0.0561022125184536 0.2353237122297287
v 0.08007348328828812 0.03454354777932167 0.23694944381713867
v 0.07758656144142151 0.036946479231119156 0.22525352239608765
v 0.08007348328828812 0.03454354777932167 0.23694944381713867
v 0.07878036797046661 0.02676682360470295 0.22313600778579712
v 0.07878036797046661 0.02676682360470295 0.22313600778579712
v 0.08007348328828812 0.03454354777932167 0.23694944381713867
v 0.08070532232522964 0.0243684034794569 0.23485928773880005
v 0.07878036797046661 0.02676682360470295 0.22313600778579712
v 0.08070532232522964 0.0243684034794569 0.23485928773880005
v 0.07963378727436066 0.016589900478720665 0.22103506326675415
v 0.07699921727180481 0.070010706782341 0.24604690074920654
v 0.0779033973813057 0.06797076016664505 0.2504730224609375
v 0.07821395248174667 0.054898619651794434 0.24115876853466034
v 0.07821395248174667 0.054898619651794434 0.24115876853466034
v 0.0779033973813057 0.06797076016664505 0.2504730224609375
v 0.08006148040294647 0.05250082165002823 0.2528858184814453
v 0.07821395248174667 0.054898619651794434 0.24115876853466034
v 0.08006148040294647 0.05250082165002823 0.2528858184814453
v 0.08165169507265091 0.032147910445928574 0.24868962168693542
v 0.08165169507265091 0.032147910445928574 0.24868962168693542
v 0.08006148040294647 0.05250082165002823 0.2528858184814453
v 0.08039125055074692 0.05106251686811447 0.25999999046325684
v 0.08165169507265091 0.032147910445928574 0.24868962168693542
v 0.08039125055074692 0.05106251686811447 0.25999999046325684
v 0.08106396347284317 0.04415130615234375 0.25999999046325684
v 0.08088904619216919 0.004026777110993862 0.2307315468788147
v 0.08099315315485 0.014196017757058144 0.2327858805656433
v 0.08213536441326141 0.011803877539932728 0.2445472776889801
v 0.08213536441326141 0.011803877539932728 0.2445472776889801
v 0.08099315315485 0.014196017757058144 0.2327858805656433
v 0.08165169507265091 0.032147910445928574 0.24868962168693542
v 0.08213536441326141 0.011803877539932728 0.2445472776889801
v 0.08165169507265091 0.032147910445928574 0.24868962168693542
v 0.08228568732738495 0.027409538626670837 0.25999999046325684
v 0.08228568732738495 0.027409538626670837 0.25999999046325684
v 0.08165169507265091 0.032147910445928574 0.24868962168693542
v 0.08214233815670013 0.029859155416488647 0.25999999046325684
v 0.08228568732738495 0.027409538626670837 0.25999999046325684
v 0.08293186128139496 0.009414511732757092 0.25632551312446594
v 0.08213536441326141 0.011803877539932728 0.2445472776889801
v 0.08213536441326141 0.011803877539932728 0.2445472776889801
v 0.08293186128139496 0.009414511732757092 0.25632551312446594
v 0.08184212446212769 0.0016361549496650696 0.2425021529197693
v 0.08213536441326141 0.011803877539932728 0.2445472776889801
v 0.08184212446212769 0.0016361549496650696 0.2425021529197693
v 0.08088904619216919 0.004026777110993862 0.2307315468788147
v 0.08088904619216919 0.004026777110993862 0.2307315468788147
v 0.08184212446212769 0.0016361549496650696 0.2425021529197693
v 0.08032054454088211 -0.0061387368477880955 0.22869981825351715
v 0.08088904619216919 0.004026777110993862 0.2307315468788147
v 0.08032054454088211 -0.0061387368477880955 0.22869981825351715
v 0.07880131155252457 -0.0013605973217636347 0.20513978600502014
v 0.07880131155252457 -0.0013605973217636347 0.20513978600502014
v 0.08032054454088211 -0.0061387368477880955 0.22869981825351715
v 0.07823482900857925 -0.006441089790314436 0.2041376680135727
v 0.07880131155252457 -0.0013605973217636347 0.20513978600502014
v 0.07823482900857925 -0.006441089790314436 0.2041376680135727
v 0.0781639814376831 0.0010274914093315601 0.1933538168668747
v 0.08203385025262833 -0.03273604065179825 0.25999999046325684
v 0.08075301349163055 -0.0312483087182045 0.24819396436214447
v 0.08256348967552185 -0.02307315357029438 0.25999999046325684
v 0.08256348967552185 -0.02307315357029438 0.25999999046325684
v 0.08075301349163055 -0.0312483087182045 0.24819396436214447
v 0.08179967105388641 -0.02108663134276867 0.2502024173736572
v 0.08256348967552185 -0.02307315357029438 0.25999999046325684
v 0.08179967105388641 -0.02108663134276867 0.2502024173736572
v 0.082473523914814 -0.0109219616279006 0.2522290050983429
v 0.082473523914814 -0.0109219616279006 0.2522290050983429
v 0.08179967105388641 -0.02108663134276867 0.2502024173736572
v 0.08134128898382187 -0.008529902435839176 0.2404671311378479
v 0.082473523914814 -0.0109219616279006 0.2522290050983429
v 0.08134128898382187 -0.008529902435839176 0.2404671311378479
v 0.08286178112030029 -0.0007550015579909086 0.2542695105075836
v 0.08298403024673462 0.008674676530063152 0.25999999046325684
v 0.08305620402097702 -0.004279512912034988 0.25999999046325684
v 0.08293186128139496 0.009414511732757092 0.25632551312446594
v 0.08293186128139496 0.009414511732757092 0.25632551312446594
v 0.08305620402097702 -0.004279512912034988 0.25999999046325684
v 0.08286178112030029 -0.0007550015579909086 0.2542695105075836
v 0.08293186128139496 0.009414511732757092 0.25632551312446594
v 0.08286178112030029 -0.0007550015579909086 0.2542695105075836
v 0.08184212446212769 0.0016361549496650696 0.2425021529197693
v 0.08184212446212769 0.0016361549496650696 0.2425021529197693
v 0.08286178112030029 -0.0007550015579909086 0.2542695105075836
v 0.08134128898382187 -0.008529902435839176 0.2404671311378479
v 0.08184212446212769 0.0016361549496650696 0.2425021529197693
v 0.08134128898382187 -0.008529902435839176 0.2404671311378479
v 0.08032054454088211 -0.0061387368477880955 0.22869981825351715
v 0.08032054454088211 -0.0061387368477880955 0.22869981825351715
v 0.08134128898382187 -0.008529902435839176 0.2404671311378479
v 0.08179967105388641 -0.02108663134276867 0.2502024173736572
v 0.08032054454088211 -0.0061387368477880955 0.22869981825351715
v 0.08179967105388641 -0.02108663134276867 0.2502024173736572
v 0.07913666218519211 -0.016299312934279442 0.22669805586338043
v 0.07913666218519211 -0.016299312934279442 0.22669805586338043
v 0.08179967105388641 -0.02108663134276867 0.2502024173736572
v 0.07727869600057602 -0.02645448036491871 0.22472909092903137
v 0.07913666218519211 -0.016299312934279442 0.22669805586338043
v 0.07727869600057602 -0.02645448036491871 0.22472909092903137
v 0.07733066380023956 -0.01151887234300375 0.20315198600292206
v 0.07733066380023956 -0.01151887234300375 0.20315198600292206
v 0.07727869600057602 -0.02645448036491871 0.22472909092903137
v 0.0757707729935646 -0.02405940741300583 0.21298550069332123
v 0.07733066380023956 -0.01151887234300375 0.20315198600292206
v 0.0757707729935646 -0.02405940741300583 0.21298550069332123
v 0.07464392483234406 -0.021667389199137688 0.20122335851192474
v 0.07464392483234406 -0.021667389199137688 0.20122335851192474
v 0.0757707729935646 -0.02405940741300583 0.21298550069332123
v 0.07276813685894012 -0.03420538827776909 0.21107226610183716
v 0.07464392483234406 -0.021667389199137688 0.20122335851192474
v 0.07276813685894012 -0.03420538827776909 0.21107226610183716
v 0.07115068286657333 -0.03180943429470062 0.1993340104818344
v 0.07115068286657333 -0.03180943429470062 0.1993340104818344
v 0.07276813685894012 -0.03420538827776909 0.21107226610183716
v 0.0689999982714653 -0.04298456013202667 0.20626580715179443
v 0.07115068286657333 -0.03180943429470062 0.1993340104818344
v 0.0689999982714653 -0.04298456013202667 0.20626580715179443
v 0.0689999982714653 -0.036812182515859604 0.19711224734783173
v 0.07495804876089096 0.07313316315412521 0.23887526988983154
v 0.07602393627166748 0.07166989892721176 0.24229976534843445
v 0.07670532166957855 0.0561022125184536 0.2353237122297287
v 0.07670532166957855 0.0561022125184536 0.2353237122297287
v 0.07602393627166748 0.07166989892721176 0.24229976534843445
v 0.07821395248174667 0.054898619651794434 0.24115876853466034
v 0.07670532166957855 0.0561022125184536 0.2353237122297287
v 0.07821395248174667 0.054898619651794434 0.24115876853466034
v 0.08007348328828812 0.03454354777932167 0.23694944381713867
v 0.08007348328828812 0.03454354777932167 0.23694944381713867
v 0.07821395248174667 0.054898619651794434 0.24115876853466034
v 0.08165169507265091 0.032147910445928574 0.24868962168693542
v 0.08007348328828812 0.03454354777932167 0.23694944381713867
v 0.08165169507265091 0.032147910445928574 0.24868962168693542
v 0.08070532232522964 0.0243684034794569 0.23485928773880005
v 0.08070532232522964 0.0243684034794569 0.23485928773880005
v 0.08165169507265091 0.032147910445928574 0.24868962168693542
v 0.08099315315485 0.014196017757058144 0.2327858805656433
v 0.08070532232522964 0.0243684034794569 0.23485928773880005
v 0.08099315315485 0.014196017757058144 0.2327858805656433
v 0.07963378727436066 0.016589900478720665 0.22103506326675415
v 0.07963378727436066 0.016589900478720665 0.22103506326675415
v 0.08099315315485 0.014196017757058144 0.2327858805656433
v 0.08088904619216919 0.004026777110993862 0.2307315468788147
v 0.07963378727436066 0.016589900478720665 0.22103506326675415
v 0.08088904619216919 0.004026777110993862 0.2307315468788147
v 0.07893744856119156 0.008808386512100697 0.2071925699710846
v 0.07893744856119156 0.008808386512100697 0.2071925699710846
v 0.08088904619216919 0.004026777110993862 0.2307315468788147
v 0.07880131155252457 -0.0013605973217636347 0.20513978600502014
v 0.07893744856119156 0.008808386512100697 0.2071925699710846
v 0.07880131155252457 -0.0013605973217636347 0.20513978600502014
v 0.07776840031147003 0.011200740933418274 0.19543248414993286
v 0.07776840031147003 0.011200740933418274 0.19543248414993286
v 0.07880131155252457 -0.0013605973217636347 0.20513978600502014
v 0.0781639814376831 0.0010274914093315601 0.1933538168668747
v 0.07776840031147003 0.011200740933418274 0.19543248414993286
v 0.0781639814376831 0.0010274914093315601 0.1933538168668747
v 0.07749643176794052 0.0034158225171267986 0.18156932294368744
v 0.07749643176794052 0.0034158225171267986 0.18156932294368744
v 0.0781639814376831 0.0010274914093315601 0.1933538168668747
v 0.07823482900857925 -0.006441089790314436 0.2041376680135727
v 0.07749643176794052 0.0034158225171267986 0.18156932294368744
v 0.07823482900857925 -0.006441089790314436 0.2041376680135727
v 0.07728658616542816 -0.0016675315564498305 0.18054984509944916
v 0.07728658616542816 -0.0016675315564498305 0.18054984509944916
v 0.07823482900857925 -0.006441089790314436 0.2041376680135727
v 0.07655370980501175 -0.006746688857674599 0.17955581843852997
v 0.07728658616542816 -0.0016675315564498305 0.18054984509944916
v 0.07655370980501175 -0.006746688857674599 0.17955581843852997
v 0.07615741342306137 -0.001977559644728899 0.15594111382961273
v 0.07615741342306137 -0.001977559644728899 0.15594111382961273
v 0.07655370980501175 -0.006746688857674599 0.17955581843852997
v 0.07399674504995346 -0.014513272792100906 0.16580387949943542
v 0.07615741342306137 -0.001977559644728899 0.15594111382961273
v 0.07399674504995346 -0.014513272792100906 0.16580387949943542
v 0.07439454644918442 -0.012133490294218063 0.15396752953529358
v 0.07439454644918442 -0.012133490294218063 0.15396752953529358
v 0.07399674504995346 -0.014513272792100906 0.16580387949943542
v 0.07130374014377594 -0.022278765216469765 0.15205858647823334
v 0.07439454644918442 -0.012133490294218063 0.15396752953529358
v 0.07130374014377594 -0.022278765216469765 0.15205858647823334
v 0.07470167428255081 -0.009752979502081871 0.1421355903148651
v 0.0689999982714653 0.030685730278491974 0.16805990040302277
v 0.07154281437397003 0.02618672139942646 0.1741609424352646
v 0.06963711231946945 0.028584986925125122 0.16243670880794525
v 0.06963711231946945 0.028584986925125122 0.16243670880794525
v 0.07154281437397003 0.02618672139942646 0.1741609424352646
v 0.0736355185508728 0.018382828682661057 0.1601826697587967
v 0.06963711231946945 0.028584986925125122 0.16243670880794525
v 0.0736355185508728 0.018382828682661057 0.1601826697587967
v 0.0689999982714653 0.0296758022159338 0.15835236012935638
v 0.0702872946858406 0.03398389741778374 0.18809844553470612
v 0.07379142194986343 0.023785702884197235 0.18586847186088562
v 0.07154281437397003 0.02618672139942646 0.1741609424352646
v 0.07154281437397003 0.02618672139942646 0.1741609424352646
v 0.07379142194986343 0.023785702884197235 0.18586847186088562
v 0.07641447335481644 0.013594579882919788 0.1836813986301422
v 0.07154281437397003 0.02618672139942646 0.1741609424352646
v 0.07641447335481644 0.013594579882919788 0.1836813986301422
v 0.0736355185508728 0.018382828682661057 0.1601826697587967
v 0.0736355185508728 0.018382828682661057 0.1601826697587967
v 0.07641447335481644 0.013594579882919788 0.1836813986301422
v 0.07504028081893921 0.013286517933011055 0.15908460319042206
v 0.0736355185508728 0.018382828682661057 0.1601826697587967
v 0.07504028081893921 0.013286517933011055 0.15908460319042206
v 0.07324691861867905 0.018066857010126114 0.13553790748119354
v 0.07324691861867905 0.018066857010126114 0.13553790748119354
v 0.07504028081893921 0.013286517933011055 0.15908460319042206
v 0.07445678859949112 0.012972111813724041 0.134449303150177
v 0.07324691861867905 0.018066857010126114 0.13553790748119354
v 0.07445678859949112 0.012972111813724041 0.134449303150177
v 0.07301132380962372 0.017749659717082977 0.11088567972183228
v 0.07301132380962372 0.017749659717082977 0.11088567972183228
v 0.07445678859949112 0.012972111813724041 0.134449303150177
v 0.07477676123380661 0.00756541732698679 0.10874034464359283
v 0.07301132380962372 0.017749659717082977 0.11088567972183228
v 0.07477676123380661 0.00756541732698679 0.10874034464359283
v 0.07197047770023346 0.021101029589772224 0.09000000357627869
v 0.07197047770023346 0.021101029589772224 0.09000000357627869
v 0.07477676123380661 0.00756541732698679 0.10874034464359283
v 0.07391032576560974 0.012739862315356731 0.09000000357627869
v 0.07197047770023346 0.021101029589772224 0.09000000357627869
v 0.06900004297494888 0.02939377725124359 0.08999998867511749
v 0.07301132380962372 0.017749659717082977 0.11088567972183228
v 0.07301132380962372 0.017749659717082977 0.11088567972183228
v 0.06900004297494888 0.02939377725124359 0.08999998867511749
v 0.06960947066545486 0.02794703096151352 0.11311067640781403
v 0.07301132380962372 0.017749659717082977 0.11088567972183228
v 0.06960947066545486 0.02794703096151352 0.11311067640781403
v 0.07324691861867905 0.018066857010126114 0.13553790748119354
v 0.07324691861867905 0.018066857010126114 0.13553790748119354
v 0.06960947066545486 0.02794703096151352 0.11311067640781403
v 0.07160434126853943 0.023165075108408928 0.136647567152977
v 0.07324691861867905 0.018066857010126114 0.13553790748119354
v 0.07160434126853943 0.023165075108408928 0.136647567152977
v 0.0736355185508728 0.018382828682661057 0.1601826697587967
v 0.0736355185508728 0.018382828682661057 0.1601826697587967
v 0.07160434126853943 0.023165075108408928 0.136647567152977
v 0.0689999982714653 0.029565423727035522 0.14858873188495636
v 0.0736355185508728 0.018382828682661057 0.1601826697587967
v 0.0689999982714653 0.029565423727035522 0.14858873188495636
v 0.0689999982714653 0.0296758022159338 0.15835236012935638
v 0.0689999982714653 -0.028484977781772614 0.15091322362422943
v 0.0689999982714653 -0.028736254200339317 0.13173030316829681
v 0.07130374014377594 -0.022278765216469765 0.15205858647823334
v 0.07130374014377594 -0.022278765216469765 0.15205858647823334
v 0.0689999982714653 -0.028736254200339317 0.13173030316829681
v 0.07277421653270721 -0.017524614930152893 0.12835301458835602
v 0.07130374014377594 -0.022278765216469765 0.15205858647823334
v 0.07277421653270721 -0.017524614930152893 0.12835301458835602
v 0.07470167428255081 -0.009752979502081871 0.1421355903148651
v 0.07470167428255081 -0.009752979502081871 0.1421355903148651
v 0.07277421653270721 -0.017524614930152893 0.12835301458835602
v 0.07487902045249939 -0.007371427956968546 0.13030995428562164
v 0.07470167428255081 -0.009752979502081871 0.1421355903148651
v 0.07487902045249939 -0.007371427956968546 0.13030995428562164
v 0.0755254402756691 0.002793460851535201 0.13233788311481476
v 0.0755254402756691 0.002793460851535201 0.13233788311481476
v 0.07487902045249939 -0.007371427956968546 0.13030995428562164
v 0.07477676123380661 0.00756541732698679 0.10874034464359283
v 0.0755254402756691 0.002793460851535201 0.13233788311481476
v 0.07477676123380661 0.00756541732698679 0.10874034464359283
v 0.07521615922451019 0.007880980148911476 0.133382648229599
v 0.07521615922451019 0.007880980148911476 0.133382648229599
v 0.07477676123380661 0.00756541732698679 0.10874034464359283
v 0.07445678859949112 0.012972111813724041 0.134449303150177
v 0.07521615922451019 0.007880980148911476 0.133382648229599
v 0.07445678859949112 0.012972111813724041 0.134449303150177
v 0.07595112919807434 0.008194171823561192 0.1580105572938919
v 0.07595112919807434 0.008194171823561192 0.1580105572938919
v 0.07445678859949112 0.012972111813724041 0.134449303150177
v 0.07504028081893921 0.013286517933011055 0.15908460319042206
v 0.07595112919807434 0.008194171823561192 0.1580105572938919
v 0.07504028081893921 0.013286517933011055 0.15908460319042206
v 0.07718836516141891 0.008503332734107971 0.1826140135526657
v 0.07718836516141891 0.008503332734107971 0.1826140135526657
v 0.07504028081893921 0.013286517933011055 0.15908460319042206
v 0.07641447335481644 0.013594579882919788 0.1836813986301422
v 0.07718836516141891 0.008503332734107971 0.1826140135526657
v 0.07641447335481644 0.013594579882919788 0.1836813986301422
v 0.07776840031147003 0.011200740933418274 0.19543248414993286
v 0.07776840031147003 0.011200740933418274 0.19543248414993286
v 0.07641447335481644 0.013594579882919788 0.1836813986301422
v 0.07379142194986343 0.023785702884197235 0.18586847186088562
v 0.07776840031147003 0.011200740933418274 0.19543248414993286
v 0.07379142194986343 0.023785702884197235 0.18586847186088562
v 0.076015405356884 0.021384883671998978 0.19757720828056335
v 0.076015405356884 0.021384883671998978 0.19757720828056335
v 0.07379142194986343 0.023785702884197235 0.18586847186088562
v 0.0702872946858406 0.03398389741778374 0.18809844553470612
v 0.076015405356884 0.021384883671998978 0.19757720828056335
v 0.0702872946858406 0.03398389741778374 0.18809844553470612
v 0.07344521582126617 0.031575582921504974 0.19976171851158142
v 0.07344521582126617 0.031575582921504974 0.19976171851158142
v 0.0702872946858406 0.03398389741778374 0.18809844553470612
v 0.0689999982714653 0.041029710322618484 0.1952913999557495
v 0.07344521582126617 0.031575582921504974 0.19976171851158142
v 0.0689999982714653 0.041029710322618484 0.1952913999557495
v 0.07048338651657104 0.041769422590732574 0.20196528732776642
v 0.07048338651657104 0.041769422590732574 0.20196528732776642
v 0.0689999982714653 0.041029710322618484 0.1952913999557495
v 0.0689999982714653 0.046788573265075684 0.20317745208740234
v 0.07048338651657104 0.041769422590732574 0.20196528732776642
v 0.0689999982714653 0.046788573265075684 0.20317745208740234
v 0.07432762533426285 0.039355602115392685 0.21359515190124512
v 0.07432762533426285 0.039355602115392685 0.21359515190124512
v 0.0689999982714653 0.046788573265075684 0.20317745208740234
v 0.07217779755592346 0.049542929977178574 0.21575920283794403
v 0.07432762533426285 0.039355602115392685 0.21359515190124512
v 0.07217779755592346 0.049542929977178574 0.21575920283794403
v 0.07483220845460892 0.057308729737997055 0.22950638830661774
v 0.07483220845460892 0.057308729737997055 0.22950638830661774
v 0.07217779755592346 0.049542929977178574 0.21575920283794403
v 0.07008388638496399 0.05972980707883835 0.21792052686214447
v 0.07483220845460892 0.057308729737997055 0.22950638830661774
v 0.07008388638496399 0.05972980707883835 0.21792052686214447
v 0.07114027440547943 0.0686999186873436 0.22583700716495514
v 0.07114027440547943 0.0686999186873436 0.22583700716495514
v 0.07008388638496399 0.05972980707883835 0.21792052686214447
v 0.0689999908208847 0.06951270997524261 0.22140541672706604
v 0.07114027440547943 0.0686999186873436 0.22583700716495514
v 0.0689999908208847 0.06951270997524261 0.22140541672706604
v 0.0689997673034668 0.07839904725551605 0.225441575050354
v -0.07483671605587006 9.164855130260902e-18 0.07850000262260437
v -0.07483671605587006 9.164855130260902e-18 0.09000000357627869
v -0.07296040654182434 0.01665273681282997 0.09000000357627869
v -0.07483671605587006 9.164855130260902e-18 0.07850000262260437
v -0.07296040654182434 0.01665273681282997 0.09000000357627869
v -0.07296040654182434 0.01665273681282997 0.07850000262260437
v -0.07296040654182434 0.01665273681282997 0.07850000262260437
v -0.07296040654182434 0.01665273681282997 0.09000000357627869
v -0.06742555648088455 0.03247043490409851 0.09000000357627869
v -0.07296040654182434 0.01665273681282997 0.07850000262260437
v -0.06742555648088455 0.03247043490409851 0.09000000357627869
v -0.06742555648088455 0.03247043490409851 0.07850000262260437
v -0.06742555648088455 0.03247043490409851 0.07850000262260437
v -0.06742555648088455 0.03247043490409851 0.09000000357627869
v -0.0585097037255764 0.0466599315404892 0.09000000357627869
v -0.06742555648088455 0.03247043490409851 0.07850000262260437
v -0.0585097037255764 0.0466599315404892 0.09000000357627869
v -0.0585097037255764 0.0466599315404892 0.07850000262260437
v -0.0585097037255764 0.0466599315404892 0.07850000262260437
v -0.0585097037255764 0.0466599315404892 0.09000000357627869
v -0.0466599315404892 0.0585097037255764 0.09000000357627869
v -0.0585097037255764 0.0466599315404892 0.07850000262260437
v -0.0466599315404892 0.0585097037255764 0.09000000357627869
v -0.0466599315404892 0.0585097037255764 0.07850000262260437
v -0.0466599315404892 0.0585097037255764 0.07850000262260437
v -0.0466599315404892 0.0585097037255764 0.09000000357627869
v -0.03247043490409851 0.06742555648088455 0.09000000357627869
v -0.0466599315404892 0.0585097037255764 0.07850000262260437
v -0.03247043490409851 0.06742555648088455 0.09000000357627869
v -0.03247043490409851 0.06742555648088455 0.07850000262260437
v -0.03247043490409851 0.06742555648088455 0.07850000262260437
v -0.03247043490409851 0.06742555648088455 0.09000000357627869
v -0.01665273681282997 0.07296040654182434 0.09000000357627869
v -0.03247043490409851 0.06742555648088455 0.07850000262260437
v -0.01665273681282997 0.07296040654182434 0.09000000357627869
v -0.01665273681282997 0.07296040654182434 0.07850000262260437
v -0.01665273681282997 0.07296040654182434 0.07850000262260437
v -0.01665273681282997 0.07296040654182434 0.09000000357627869
v 4.582427565130451e-18 0.07483671605587006 0.09000000357627869
v -0.01665273681282997 0.07296040654182434 0.07850000262260437
v 4.582427565130451e-18 0.07483671605587006 0.09000000357627869
v 4.582427565130451e-18 0.07483671605587006 0.07850000262260437
v 4.582427565130451e-18 0.07483671605587006 0.07850000262260437
v 4.582427565130451e-18 0.07483671605587006 0.09000000357627869
v 0.01665273681282997 0.07296040654182434 0.09000000357627869
v 4.582427565130451e-18 0.07483671605587006 0.07850000262260437
v 0.01665273681282997 0.07296040654182434 0.09000000357627869
v 0.01665273681282997 0.07296040654182434 0.07850000262260437
v 0.01665273681282997 0.07296040654182434 0.07850000262260437
v 0.01665273681282997 0.07296040654182434 0.09000000357627869
v 0.03247043490409851 0.06742555648088455 0.09000000357627869
v 0.01665273681282997 0.07296040654182434 0.07850000262260437
v 0.03247043490409851 0.06742555648088455 0.09000000357627869
v 0.03247043490409851 0.06742555648088455 0.07850000262260437
v 0.03247043490409851 0.06742555648088455 0.07850000262260437
v 0.03247043490409851 0.06742555648088455 0.09000000357627869
v 0.0466599315404892 0.0585097037255764 0.09000000357627869
v 0.03247043490409851 0.06742555648088455 0.07850000262260437
v 0.0466599315404892 0.0585097037255764 0.09000000357627869
v 0.0466599315404892 0.0585097037255764 0.07850000262260437
v 0.0466599315404892 0.0585097037255764 0.07850000262260437
v 0.0466599315404892 0.0585097037255764 0.09000000357627869
v 0.0585097037255764 0.0466599315404892 0.09000000357627869
v 0.0466599315404892 0.0585097037255764 0.07850000262260437
v 0.0585097037255764 0.0466599315404892 0.09000000357627869
v 0.0585097037255764 0.0466599315404892 0.07850000262260437
v 0.0585097037255764 0.0466599315404892 0.07850000262260437
v 0.0585097037255764 0.0466599315404892 0.09000000357627869
v 0.06742555648088455 0.03247043490409851 0.09000000357627869
v 0.0585097037255764 0.0466599315404892 0.07850000262260437
v 0.06742555648088455 0.03247043490409851 0.09000000357627869
v 0.06742555648088455 0.03247043490409851 0.07850000262260437
v 0.06742555648088455 0.03247043490409851 0.07850000262260437
v 0.06742555648088455 0.03247043490409851 0.09000000357627869
v 0.07296040654182434 0.01665273681282997 0.09000000357627869
v 0.06742555648088455 0.03247043490409851 0.07850000262260437
v 0.07296040654182434 0.01665273681282997 0.09000000357627869
v 0.07296040654182434 0.01665273681282997 0.07850000262260437
v 0.07296040654182434 0.01665273681282997 0.07850000262260437
v 0.07296040654182434 0.01665273681282997 0.09000000357627869
v 0.07483671605587006 0.0 0.09000000357627869
v 0.07296040654182434 0.01665273681282997 0.07850000262260437
v 0.07483671605587006 0.0 0.09000000357627869
v 0.07483671605587006 0.0 0.07850000262260437
v -0.07486993819475174 -0.10149998217821121 0.26441529393196106
v -0.07486993819475174 -0.08999999612569809 0.26441529393196106
v -0.07500001043081284 -0.10149998217821121 0.25999999046325684
v -0.07500001043081284 -0.10149998217821121 0.25999999046325684
v -0.07486993819475174 -0.08999999612569809 0.26441529393196106
v -0.07500001043081284 -0.08999998867511749 0.25999999046325684
v 0.07486993819475174 -0.08999998867511749 0.26441529393196106
v 0.07486993819475174 -0.10149998217821121 0.26441529393196106
v 0.07500001043081284 -0.08999998867511749 0.25999999046325684
v 0.07500001043081284 -0.08999998867511749 0.25999999046325684
v 0.07486993819475174 -0.10149998217821121 0.26441529393196106
v 0.07500001043081284 -0.10149998217821121 0.25999999046325684
v 0.07486993819475174 -0.08999998867511749 0.26441529393196106
v 0.07463281601667404 -0.08999999612569809 0.2674124240875244
v 0.07486993819475174 -0.10149998217821121 0.26441529393196106
v 0.07486993819475174 -0.10149998217821121 0.26441529393196106
v 0.07463281601667404 -0.08999999612569809 0.2674124240875244
v 0.07340756058692932 -0.08999999612569809 0.27537310123443604
v 0.07486993819475174 -0.10149998217821121 0.26441529393196106
v 0.07340756058692932 -0.08999999612569809 0.27537310123443604
v 0.07218415290117264 -0.10149998217821121 0.2803580164909363
v 0.07340756058692932 -0.08999999612569809 0.27537310123443604
v 0.07218415290117264 -0.08999999612569809 0.2803580164909363
v 0.07218415290117264 -0.10149998217821121 0.2803580164909363
v 0.07218415290117264 -0.10149998217821121 0.2803580164909363
v 0.07218415290117264 -0.08999999612569809 0.2803580164909363
v 0.06881315261125565 -0.08999999612569809 0.28982868790626526
v 0.07218415290117264 -0.10149998217821121 0.2803580164909363
v 0.06881315261125565 -0.08999999612569809 0.28982868790626526
v 0.06614410877227783 -0.10149998217821121 0.2953547537326813
v 0.06614410877227783 -0.10149998217821121 0.2953547537326813
v 0.06881315261125565 -0.08999999612569809 0.28982868790626526
v 0.06614410877227783 -0.08999999612569809 0.2953547537326813
v 0.06614410877227783 -0.10149998217821121 0.2953547537326813
v 0.06614410877227783 -0.08999999612569809 0.2953547537326813
v 0.05703045800328255 -0.10149998217821121 0.3087086081504822
v 0.05703045800328255 -0.10149998217821121 0.3087086081504822
v 0.06614410877227783 -0.08999999612569809 0.2953547537326813
v 0.0616585947573185 -0.08999999612569809 0.30269917845726013
v 0.05703045800328255 -0.10149998217821121 0.3087086081504822
v 0.0616585947573185 -0.08999999612569809 0.30269917845726013
v 0.057346295565366745 -0.08999999612569809 0.3083363473415375
v 0.057346295565366745 -0.08999999612569809 0.3083363473415375
v 0.05703045800328255 -0.08999999612569809 0.3087086081504822
v 0.05703045800328255 -0.10149998217821121 0.3087086081504822
v 0.05703045800328255 -0.10149998217821121 0.3087086081504822
v 0.05703045800328255 -0.08999999612569809 0.3087086081504822
v 0.052231449633836746 -0.08999999612569809 0.3138226270675659
v 0.05703045800328255 -0.10149998217821121 0.3087086081504822
v 0.052231449633836746 -0.08999999612569809 0.3138226270675659
v 0.04526670277118683 -0.10149998217821121 0.3197990655899048
v 0.03466881066560745 -0.08999999612569809 0.32650619745254517
v 0.03139948472380638 -0.10149998217821121 0.3281107544898987
v 0.04090200737118721 -0.08999999612569809 0.32286515831947327
v 0.04090200737118721 -0.08999999612569809 0.32286515831947327
v 0.03139948472380638 -0.10149998217821121 0.3281107544898987
v 0.04526670277118683 -0.10149998217821121 0.3197990655899048
v 0.04090200737118721 -0.08999999612569809 0.32286515831947327
v 0.04526670277118683 -0.10149998217821121 0.3197990655899048
v 0.04526670277118683 -0.08999999612569809 0.3197990655899048
v 0.04526670277118683 -0.08999999612569809 0.3197990655899048
v 0.04526670277118683 -0.10149998217821121 0.3197990655899048
v 0.052231449633836746 -0.08999999612569809 0.3138226270675659
v 0.03466881066560745 -0.08999999612569809 0.32650619745254517
v 0.03139948472380638 -0.08999999612569809 0.3281107544898987
v 0.03139948472380638 -0.10149998217821121 0.3281107544898987
v 0.03139948472380638 -0.10149998217821121 0.3281107544898987
v 0.03139948472380638 -0.08999999612569809 0.3281107544898987
v 0.021298447623848915 -0.08999998867511749 0.3319122791290283
v 0.03139948472380638 -0.10149998217821121 0.3281107544898987
v 0.021298447623848915 -0.08999998867511749 0.3319122791290283
v 0.016073189675807953 -0.10149998217821121 0.33325743675231934
v 0.016073189675807953 -0.10149998217821121 0.33325743675231934
v 0.021298447623848915 -0.08999998867511749 0.3319122791290283
v 0.016073189675807953 -0.08999999612569809 0.33325743675231934
v 0.016073189675807953 -0.10149998217821121 0.33325743675231934
v 0.016073189675807953 -0.08999999612569809 0.33325743675231934
v -5.455247206236602e-17 -0.10149998217821121 0.33500000834465027
v -5.455247206236602e-17 -0.10149998217821121 0.33500000834465027
v 0.016073189675807953 -0.08999999612569809 0.33325743675231934
v 0.00718417065218091 -0.08999998867511749 0.33465513586997986
v 0.00718417065218091 -0.08999998867511749 0.33465513586997986
v -7.976897788142256e-12 -0.08999998867511749 0.33500000834465027
v -5.455247206236602e-17 -0.10149998217821121 0.33500000834465027
v -5.455247206236602e-17 -0.10149998217821121 0.33500000834465027
v -7.976897788142256e-12 -0.08999998867511749 0.33500000834465027
v -0.007230084389448166 -0.08999998867511749 0.3346506953239441
v -5.455247206236602e-17 -0.10149998217821121 0.33500000834465027
v -0.007230084389448166 -0.08999998867511749 0.3346506953239441
v -0.016073189675807953 -0.10149998217821121 0.33325743675231934
v -0.03139948472380638 -0.08999998867511749 0.3281107544898987
v -0.03139948472380638 -0.10149998217821121 0.3281107544898987
v -0.021431108936667442 -0.08999998867511749 0.3318728804588318
v -0.021431108936667442 -0.08999998867511749 0.3318728804588318
v -0.03139948472380638 -0.10149998217821121 0.3281107544898987
v -0.016073189675807953 -0.10149998217821121 0.33325743675231934
v -0.021431108936667442 -0.08999998867511749 0.3318728804588318
v -0.016073189675807953 -0.10149998217821121 0.33325743675231934
v -0.016073189675807953 -0.08999998867511749 0.33325743675231934
v -0.016073189675807953 -0.08999998867511749 0.33325743675231934
v -0.016073189675807953 -0.10149998217821121 0.33325743675231934
v -0.007230084389448166 -0.08999998867511749 0.3346506953239441
v -0.03139948472380638 -0.08999998867511749 0.3281107544898987
v -0.03467050939798355 -0.08999999612569809 0.32650530338287354
v -0.03139948472380638 -0.10149998217821121 0.3281107544898987
v -0.03139948472380638 -0.10149998217821121 0.3281107544898987
v -0.03467050939798355 -0.08999999612569809 0.32650530338287354
v -0.04219720885157585 -0.08999999612569809 0.32200321555137634
v -0.03139948472380638 -0.10149998217821121 0.3281107544898987
v -0.04219720885157585 -0.08999999612569809 0.32200321555137634
v -0.04526670277118683 -0.10149998217821121 0.3197990655899048
v -0.04219720885157585 -0.08999999612569809 0.32200321555137634
v -0.04526670277118683 -0.08999999612569809 0.3197990655899048
v -0.04526670277118683 -0.10149998217821121 0.3197990655899048
v -0.04526670277118683 -0.10149998217821121 0.3197990655899048
v -0.04526670277118683 -0.08999999612569809 0.3197990655899048
v -0.05017790570855141 -0.08999999612569809 0.3157421052455902
v -0.04526670277118683 -0.10149998217821121 0.3197990655899048
v -0.05017790570855141 -0.08999999612569809 0.3157421052455902
v -0.05703045800328255 -0.10149998217821121 0.3087086081504822
v -0.05703045800328255 -0.10149998217821121 0.3087086081504822
v -0.05017790570855141 -0.08999999612569809 0.3157421052455902
v -0.05703045800328255 -0.08999999612569809 0.3087086081504822
v -0.05703045800328255 -0.10149998217821121 0.3087086081504822
v -0.05703045800328255 -0.08999999612569809 0.3087086081504822
v -0.05734609439969063 -0.08999999612569809 0.3083365857601166
v -0.06578195840120316 -0.08999999612569809 0.2960240840911865
v -0.06614410877227783 -0.10149998217821121 0.2953547537326813
v -0.061920393258333206 -0.08999999612569809 0.30231863260269165
v -0.061920393258333206 -0.08999999612569809 0.30231863260269165
v -0.06614410877227783 -0.10149998217821121 0.2953547537326813
v -0.05703045800328255 -0.10149998217821121 0.3087086081504822
v -0.061920393258333206 -0.08999999612569809 0.30231863260269165
v -0.05703045800328255 -0.10149998217821121 0.3087086081504822
v -0.057475894689559937 -0.08999999612569809 0.3081821799278259
v -0.057475894689559937 -0.08999999612569809 0.3081821799278259
v -0.05703045800328255 -0.10149998217821121 0.3087086081504822
v -0.05734609439969063 -0.08999999612569809 0.3083365857601166
v -0.06578195840120316 -0.08999999612569809 0.2960240840911865
v -0.06614410877227783 -0.08999999612569809 0.2953547537326813
v -0.06614410877227783 -0.10149998217821121 0.2953547537326813
v -0.06614410877227783 -0.10149998217821121 0.2953547537326813
v -0.06614410877227783 -0.08999999612569809 0.2953547537326813
v -0.06903428584337234 -0.08999999612569809 0.28931328654289246
v -0.06614410877227783 -0.10149998217821121 0.2953547537326813
v -0.06903428584337234 -0.08999999612569809 0.28931328654289246
v -0.07218415290117264 -0.10149998217821121 0.2803580164909363
v -0.06903428584337234 -0.08999999612569809 0.28931328654289246
v -0.07218415290117264 -0.08999999612569809 0.2803580164909363
v -0.07218415290117264 -0.10149998217821121 0.2803580164909363
v -0.07218415290117264 -0.10149998217821121 0.2803580164909363
v -0.07218415290117264 -0.08999999612569809 0.2803580164909363
v -0.07354001700878143 -0.08999999612569809 0.2747264504432678
v -0.07218415290117264 -0.10149998217821121 0.2803580164909363
v -0.07354001700878143 -0.08999999612569809 0.2747264504432678
v -0.07486993819475174 -0.10149998217821121 0.26441529393196106
v -0.07486993819475174 -0.10149998217821121 0.26441529393196106
v -0.07354001700878143 -0.08999999612569809 0.2747264504432678
v -0.07463283836841583 -0.08999999612569809 0.2674122750759125
v -0.07486993819475174 -0.10149998217821121 0.26441529393196106
v -0.07463283836841583 -0.08999999612569809 0.2674122750759125
v -0.07486993819475174 -0.08999999612569809 0.26441529393196106
v 0.0647457167506218 0.09593920409679413 0.2454155832529068
v 0.06979309767484665 0.08583595603704453 0.2435988485813141
v 0.06712975353002548 0.08743570744991302 0.23623423278331757
v 0.003594052279368043 0.0883592963218689 0.33205118775367737
v 0.004106851760298014 0.07541714608669281 0.33490651845932007
v 0.011573171243071556 0.07573873549699783 0.33399102091789246
v 0.0783347561955452 0.05504133924841881 0.27494344115257263
v 0.07540306448936462 0.0666641965508461 0.2745708227157593
v 0.0739273875951767 0.06313097476959229 0.28231215476989746
v 0.05937198922038078 0.0901658833026886 0.22243791818618774
v 0.06364601850509644 0.08888120949268341 0.22914846241474152
v 0.06616780906915665 0.08005832880735397 0.22077026963233948
v 0.06616780906915665 0.08005832880735397 0.22077026963233948
v 0.06364601850509644 0.08888120949268341 0.22914846241474152
v 0.0689997673034668 0.07839904725551605 0.225441575050354
v 0.06872496753931046 0.05566065013408661 0.29710131883621216
v 0.07457275688648224 0.04528593271970749 0.2904096841812134
v 0.07168992608785629 0.0594499334692955 0.2898431420326233
v 0.07168992608785629 0.0594499334692955 0.2898431420326233
v 0.07457275688648224 0.04528593271970749 0.2904096841812134
v 0.07487262040376663 0.04586710035800934 0.2895444333553314
v 0.07168992608785629 0.0594499334692955 0.2898431420326233
v 0.07487262040376663 0.04586710035800934 0.2895444333553314
v 0.0739273875951767 0.06313097476959229 0.28231215476989746
v 0.0739273875951767 0.06313097476959229 0.28231215476989746
v 0.07487262040376663 0.04586710035800934 0.2895444333553314
v 0.07600374519824982 0.04824257642030716 0.2859383821487427
v 0.0739273875951767 0.06313097476959229 0.28231215476989746
v 0.07600374519824982 0.04824257642030716 0.2859383821487427
v 0.0783347561955452 0.05504133924841881 0.27494344115257263
v 0.05575467646121979 0.04409593343734741 0.3166973292827606
v 0.06330002099275589 0.029691699892282486 0.3114894926548004
v 0.060731906443834305 0.04793345928192139 0.3105805814266205
v 0.060731906443834305 0.04793345928192139 0.3105805814266205
v 0.06330002099275589 0.029691699892282486 0.3114894926548004
v 0.0678800642490387 0.035059649497270584 0.30466049909591675
v 0.060731906443834305 0.04793345928192139 0.3105805814266205
v 0.0678800642490387 0.035059649497270584 0.30466049909591675
v 0.0650629773736 0.05180634185671806 0.30403146147727966
v 0.0650629773736 0.05180634185671806 0.30403146147727966
v 0.0678800642490387 0.035059649497270584 0.30466049909591675
v 0.06864555925130844 0.03605254739522934 0.303351491689682
v 0.0650629773736 0.05180634185671806 0.30403146147727966
v 0.06864555925130844 0.03605254739522934 0.303351491689682
v 0.06872496753931046 0.05566065013408661 0.29710131883621216
v 0.06872496753931046 0.05566065013408661 0.29710131883621216
v 0.06864555925130844 0.03605254739522934 0.303351491689682
v 0.07072657346725464 0.03893374279141426 0.2994663417339325
v 0.06872496753931046 0.05566065013408661 0.29710131883621216
v 0.07072657346725464 0.03893374279141426 0.2994663417339325
v 0.07457275688648224 0.04528593271970749 0.2904096841812134
v 0.05015111342072487 0.04035471752285957 0.3223285973072052
v 0.05473849177360535 0.021516041830182076 0.321161687374115
v 0.05575467646121979 0.04409593343734741 0.3166973292827606
v 0.05575467646121979 0.04409593343734741 0.3166973292827606
v 0.05473849177360535 0.021516041830182076 0.321161687374115
v 0.05844670161604881 0.024815483018755913 0.31735774874687195
v 0.05575467646121979 0.04409593343734741 0.3166973292827606
v 0.05844670161604881 0.024815483018755913 0.31735774874687195
v 0.06330002099275589 0.029691699892282486 0.3114894926548004
v 0.04393569007515907 0.03678513690829277 0.3274160325527191
v 0.04843573644757271 0.01660127379000187 0.32659828662872314
v 0.05015111342072487 0.04035471752285957 0.3223285973072052
v 0.05015111342072487 0.04035471752285957 0.3223285973072052
v 0.04843573644757271 0.01660127379000187 0.32659828662872314
v 0.05273176729679108 0.01986260525882244 0.3230205178260803
v 0.05015111342072487 0.04035471752285957 0.3223285973072052
v 0.05273176729679108 0.01986260525882244 0.3230205178260803
v 0.05473849177360535 0.021516041830182076 0.321161687374115
v 0.03712478280067444 0.03347712755203247 0.3318929672241211
v 0.04178882762789726 0.01222259271889925 0.3312242031097412
v 0.04393569007515907 0.03678513690829277 0.3274160325527191
v 0.04393569007515907 0.03678513690829277 0.3274160325527191
v 0.04178882762789726 0.01222259271889925 0.3312242031097412
v 0.04481712728738785 0.014122197404503822 0.32924148440361023
v 0.04393569007515907 0.03678513690829277 0.3274160325527191
v 0.04481712728738785 0.014122197404503822 0.32924148440361023
v 0.04843573644757271 0.01660127379000187 0.32659828662872314
v 0.029740745201706886 0.030546536669135094 0.3356771767139435
v 0.03430163487792015 0.008166171610355377 0.33534032106399536
v 0.03712478280067444 0.03347712755203247 0.3318929672241211
v 0.03712478280067444 0.03347712755203247 0.3318929672241211
v 0.03430163487792015 0.008166171610355377 0.33534032106399536
v 0.03930581361055374 0.010778761468827724 0.33270740509033203
v 0.03712478280067444 0.03347712755203247 0.3318929672241211
v 0.03930581361055374 0.010778761468827724 0.33270740509033203
v 0.04178882762789726 0.01222259271889925 0.3312242031097412
v 0.021823907271027565 0.028127431869506836 0.338674932718277
v 0.026575611904263496 0.004872777033597231 0.3385678231716156
v 0.029740745201706886 0.030546536669135094 0.3356771767139435
v 0.029740745201706886 0.030546536669135094 0.3356771767139435
v 0.026575611904263496 0.004872777033597231 0.3385678231716156
v 0.03160043805837631 0.0069145928137004375 0.3365786373615265
v 0.029740745201706886 0.030546536669135094 0.3356771767139435
v 0.03160043805837631 0.0069145928137004375 0.3365786373615265
v 0.03430163487792015 0.008166171610355377 0.33534032106399536
v 0.013458844274282455 0.026375163346529007 0.34077855944633484
v 0.018075665459036827 0.002245281357318163 0.34107324481010437
v 0.021823907271027565 0.028127431869506836 0.338674932718277
v 0.021823907271027565 0.028127431869506836 0.338674932718277
v 0.018075665459036827 0.002245281357318163 0.34107324481010437
v 0.02334355004131794 0.003752895863726735 0.33964309096336365
v 0.021823907271027565 0.028127431869506836 0.338674932718277
v 0.02334355004131794 0.003752895863726735 0.33964309096336365
v 0.026575611904263496 0.004872777033597231 0.3385678231716156
v 0.005125392694026232 0.00018017928232438862 0.3430004119873047
v 0.009118418209254742 0.0005698113818652928 0.3426394462585449
v 0.004787292331457138 0.02543204091489315 0.3418882191181183
v 0.004787292331457138 0.02543204091489315 0.3418882191181183
v 0.009118418209254742 0.0005698113818652928 0.3426394462585449
v 0.011911969631910324 0.0009733832557685673 0.34226441383361816
v 0.004787292331457138 0.02543204091489315 0.3418882191181183
v 0.011911969631910324 0.0009733832557685673 0.34226441383361816
v 0.013458844274282455 0.026375163346529007 0.34077855944633484
v 0.013458844274282455 0.026375163346529007 0.34077855944633484
v 0.011911969631910324 0.0009733832557685673 0.34226441383361816
v 0.014385511167347431 0.0014206541236490011 0.34184715151786804
v 0.013458844274282455 0.026375163346529007 0.34077855944633484
v 0.014385511167347431 0.0014206541236490011 0.34184715151786804
v 0.018075665459036827 0.002245281357318163 0.34107324481010437
v -2.3363806889165062e-08 -1.6409185121801784e-08 0.3431667387485504
v 0.005125392694026232 0.00018017928232438862 0.3430004119873047
v -8.440077081672825e-09 0.025294942781329155 0.3420482873916626
v -8.440077081672825e-09 0.025294942781329155 0.3420482873916626
v 0.005125392694026232 0.00018017928232438862 0.3430004119873047
v 0.004787292331457138 0.02543204091489315 0.3418882191181183
v -8.440077081672825e-09 0.025294942781329155 0.3420482873916626
v 0.004787292331457138 0.02543204091489315 0.3418882191181183
v -5.9544364994224e-09 0.0326286144554615 0.3414230942726135
v -5.9544364994224e-09 0.0326286144554615 0.3414230942726135
v 0.004787292331457138 0.02543204091489315 0.3418882191181183
v -2.1064829880401703e-09 0.050443511456251144 0.339335173368454
v 0.003594052279368043 0.0883592963218689 0.33205118775367737
v 0.011573171243071556 0.07573873549699783 0.33399102091789246
v 0.011523240245878696 0.08843973278999329 0.3311331570148468
v 0.011523240245878696 0.08843973278999329 0.3311331570148468
v 0.011573171243071556 0.07573873549699783 0.33399102091789246
v 0.018858779221773148 0.07633522897958755 0.3322356641292572
v 0.011523240245878696 0.08843973278999329 0.3311331570148468
v 0.018858779221773148 0.07633522897958755 0.3322356641292572
v 0.018606942147016525 0.08858488500118256 0.329472154378891
v 0.018606942147016525 0.08858488500118256 0.329472154378891
v 0.018858779221773148 0.07633522897958755 0.3322356641292572
v 0.02586745098233223 0.07715743035078049 0.3296912610530853
v 0.018606942147016525 0.08858488500118256 0.329472154378891
v 0.02586745098233223 0.07715743035078049 0.3296912610530853
v 0.025528529658913612 0.08879923075437546 0.3270246982574463
v 0.025528529658913612 0.08879923075437546 0.3270246982574463
v 0.02586745098233223 0.07715743035078049 0.3296912610530853
v 0.032523076981306076 0.07815182954072952 0.3264143168926239
v 0.025528529658913612 0.08879923075437546 0.3270246982574463
v 0.032523076981306076 0.07815182954072952 0.3264143168926239
v 0.03218819946050644 0.08908037841320038 0.3238087594509125
v 0.03218819946050644 0.08908037841320038 0.3238087594509125
v 0.032523076981306076 0.07815182954072952 0.3264143168926239
v 0.03876691684126854 0.07927197217941284 0.3224622905254364
v 0.03218819946050644 0.08908037841320038 0.3238087594509125
v 0.03876691684126854 0.07927197217941284 0.3224622905254364
v 0.038935039192438126 0.08945374190807343 0.31954365968704224
v 0.038935039192438126 0.08945374190807343 0.31954365968704224
v 0.03876691684126854 0.07927197217941284 0.3224622905254364
v 0.04454810172319412 0.08047749847173691 0.31789276003837585
v 0.038935039192438126 0.08945374190807343 0.31954365968704224
v 0.04454810172319412 0.08047749847173691 0.31789276003837585
v 0.04492296651005745 0.08987657725811005 0.3147125542163849
v 0.04492296651005745 0.08987657725811005 0.3147125542163849
v 0.04454810172319412 0.08047749847173691 0.31789276003837585
v 0.04982034116983414 0.08173669129610062 0.3127617835998535
v 0.04492296651005745 0.08987657725811005 0.3147125542163849
v 0.04982034116983414 0.08173669129610062 0.3127617835998535
v 0.05027555301785469 0.09034940600395203 0.3093052804470062
v 0.05027555301785469 0.09034940600395203 0.3093052804470062
v 0.04982034116983414 0.08173669129610062 0.3127617835998535
v 0.05453990772366524 0.08302268385887146 0.3071252703666687
v 0.05027555301785469 0.09034940600395203 0.3093052804470062
v 0.05453990772366524 0.08302268385887146 0.3071252703666687
v 0.055066369473934174 0.09087969362735748 0.3032453954219818
v 0.05453990772366524 0.08302268385887146 0.3071252703666687
v 0.058665595948696136 0.08431342244148254 0.3010421395301819
v 0.055066369473934174 0.09087969362735748 0.3032453954219818
v 0.055066369473934174 0.09087969362735748 0.3032453954219818
v 0.058665595948696136 0.08431342244148254 0.3010421395301819
v 0.062157727777957916 0.08558917790651321 0.29457324743270874
v 0.055066369473934174 0.09087969362735748 0.3032453954219818
v 0.062157727777957916 0.08558917790651321 0.29457324743270874
v 0.059396494179964066 0.09149283170700073 0.29623863101005554
v 0.059396494179964066 0.09149283170700073 0.29623863101005554
v 0.062157727777957916 0.08558917790651321 0.29457324743270874
v 0.06497950851917267 0.08683272451162338 0.2877834737300873
v 0.059396494179964066 0.09149283170700073 0.29623863101005554
v 0.06497950851917267 0.08683272451162338 0.2877834737300873
v 0.0624052993953228 0.09204714745283127 0.28990086913108826
v 0.0624052993953228 0.09204714745283127 0.28990086913108826
v 0.06497950851917267 0.08683272451162338 0.2877834737300873
v 0.06709595024585724 0.08802789449691772 0.28074023127555847
v 0.0624052993953228 0.09204714745283127 0.28990086913108826
v 0.06709595024585724 0.08802789449691772 0.28074023127555847
v 0.06485956162214279 0.09265725314617157 0.2829288840293884
v 0.06485956162214279 0.09265725314617157 0.2829288840293884
v 0.06709595024585724 0.08802789449691772 0.28074023127555847
v 0.06847571581602097 0.0891597718000412 0.27351638674736023
v 0.06485956162214279 0.09265725314617157 0.2829288840293884
v 0.06847571581602097 0.0891597718000412 0.27351638674736023
v 0.06655585020780563 0.09329282492399216 0.27566343545913696
v 0.06655585020780563 0.09329282492399216 0.27566343545913696
v 0.06847571581602097 0.0891597718000412 0.27351638674736023
v 0.06909085065126419 0.0902140662074089 0.26618820428848267
v 0.06655585020780563 0.09329282492399216 0.27566343545913696
v 0.06909085065126419 0.0902140662074089 0.26618820428848267
v 0.06746164709329605 0.09398546814918518 0.2677466869354248
v 0.07162078469991684 0.08409320563077927 0.2511468529701233
v 0.06657633930444717 0.09526976943016052 0.25306612253189087
v 0.06744913756847382 0.09461349993944168 0.26056820154190063
v 0.0647457167506218 0.09593920409679413 0.2454155832529068
v 0.06712975353002548 0.08743570744991302 0.23623423278331757
v 0.06223139539361 0.09653737396001816 0.23857741057872772
v 0.06223139539361 0.09653737396001816 0.23857741057872772
v 0.06712975353002548 0.08743570744991302 0.23623423278331757
v 0.06364601850509644 0.08888120949268341 0.22914846241474152
v 0.06223139539361 0.09653737396001816 0.23857741057872772
v 0.06364601850509644 0.08888120949268341 0.22914846241474152
v 0.05873468518257141 0.09714106470346451 0.23167800903320312
v 0.05873468518257141 0.09714106470346451 0.23167800903320312
v 0.06364601850509644 0.08888120949268341 0.22914846241474152
v 0.05937198922038078 0.0901658833026886 0.22243791818618774
v 0.05873468518257141 0.09714106470346451 0.23167800903320312
v 0.05937198922038078 0.0901658833026886 0.22243791818618774
v 0.054624561220407486 0.09768176823854446 0.22549784183502197
v 0.054624561220407486 0.09768176823854446 0.22549784183502197
v 0.05937198922038078 0.0901658833026886 0.22243791818618774
v 0.054349713027477264 0.09128695726394653 0.21619796752929688
v 0.054624561220407486 0.09768176823854446 0.22549784183502197
v 0.054349713027477264 0.09128695726394653 0.21619796752929688
v 0.049676112830638885 0.09819163382053375 0.21966975927352905
v 0.049676112830638885 0.09819163382053375 0.21966975927352905
v 0.054349713027477264 0.09128695726394653 0.21619796752929688
v 0.04863733798265457 0.09224654734134674 0.2105190008878708
v 0.049676112830638885 0.09819163382053375 0.21966975927352905
v 0.04863733798265457 0.09224654734134674 0.2105190008878708
v 0.04421539604663849 0.0986367017030716 0.21458198130130768
v 0.04421539604663849 0.0986367017030716 0.21458198130130768
v 0.04863733798265457 0.09224654734134674 0.2105190008878708
v 0.04230392351746559 0.09304957836866379 0.20548442006111145
v 0.04421539604663849 0.0986367017030716 0.21458198130130768
v 0.04230392351746559 0.09304957836866379 0.20548442006111145
v 0.03793837130069733 0.09903959184885025 0.20997533202171326
v 0.03793837130069733 0.09903959184885025 0.20997533202171326
v 0.04230392351746559 0.09304957836866379 0.20548442006111145
v 0.03543093428015709 0.09370369464159012 0.2011672407388687
v 0.03793837130069733 0.09903959184885025 0.20997533202171326
v 0.03543093428015709 0.09370369464159012 0.2011672407388687
v 0.031093258410692215 0.09937847405672073 0.20610332489013672
v 0.031093258410692215 0.09937847405672073 0.20610332489013672
v 0.02810804918408394 0.09421707689762115 0.19762930274009705
v 0.023831719532608986 0.09964556246995926 0.20305024087429047
v 0.023831719532608986 0.09964556246995926 0.20305024087429047
v 0.02810804918408394 0.09421707689762115 0.19762930274009705
v 0.020431488752365112 0.0945977121591568 0.19492201507091522
v 0.023831719532608986 0.09964556246995926 0.20305024087429047
v 0.020431488752365112 0.0945977121591568 0.19492201507091522
v 0.016251305118203163 0.09983871877193451 0.2008424550294876
v 0.01250331662595272 0.09485138207674026 0.1930820196866989
v 0.004428537096828222 0.09498141705989838 0.19213517010211945
v 0.008141283877193928 0.0999598354101181 0.19945552945137024
v 0.008141283877193928 0.0999598354101181 0.19945552945137024
v 0.004428537096828222 0.09498141705989838 0.19213517010211945
v 6.515911081805825e-07 0.0949999988079071 0.1919996589422226
v 0.008141283877193928 0.0999598354101181 0.19945552945137024
v 6.515911081805825e-07 0.0949999988079071 0.1919996589422226
v 5.751581397817063e-07 0.10000000894069672 0.1989993005990982
v 0.0783347561955452 0.05504133924841881 0.27494344115257263
v 0.07872862368822098 0.05699895694851875 0.2715688943862915
v 0.07540306448936462 0.0666641965508461 0.2745708227157593
v 0.07540306448936462 0.0666641965508461 0.2745708227157593
v 0.07872862368822098 0.05699895694851875 0.2715688943862915
v 0.07900669425725937 0.05924631655216217 0.2675655782222748
v 0.07540306448936462 0.0666641965508461 0.2745708227157593
v 0.07900669425725937 0.05924631655216217 0.2675655782222748
v 0.07608296722173691 0.07001203298568726 0.26668715476989746
v 0.07608296722173691 0.07001203298568726 0.26668715476989746
v 0.07900669425725937 0.05924631655216217 0.2675655782222748
v 0.0790337547659874 0.059620872139930725 0.2668842375278473
v 0.07608296722173691 0.07001203298568726 0.26668715476989746
v 0.0790337547659874 0.059620872139930725 0.2668842375278473
v 0.07897786796092987 0.06327848881483078 0.25999996066093445
v 0.07162078469991684 0.08409320563077927 0.2511468529701233
v 0.0779033973813057 0.06797076016664505 0.2504730224609375
v 0.07699921727180481 0.070010706782341 0.24604690074920654
v 0.07699921727180481 0.070010706782341 0.24604690074920654
v 0.0766071006655693 0.07072607427835464 0.24444830417633057
v 0.07162078469991684 0.08409320563077927 0.2511468529701233
v 0.07162078469991684 0.08409320563077927 0.2511468529701233
v 0.0766071006655693 0.07072607427835464 0.24444830417633057
v 0.06979309767484665 0.08583595603704453 0.2435988485813141
v 0.07162078469991684 0.08409320563077927 0.2511468529701233
v 0.06979309767484665 0.08583595603704453 0.2435988485813141
v 0.06657633930444717 0.09526976943016052 0.25306612253189087
v 0.06657633930444717 0.09526976943016052 0.25306612253189087
v 0.06979309767484665 0.08583595603704453 0.2435988485813141
v 0.0647457167506218 0.09593920409679413 0.2454155832529068
v 0.004106851760298014 0.07541714608669281 0.33490651845932007
v 0.004447769373655319 0.05053609982132912 0.3391866683959961
v 0.011573171243071556 0.07573873549699783 0.33399102091789246
v 0.011573171243071556 0.07573873549699783 0.33399102091789246
v 0.004447769373655319 0.05053609982132912 0.3391866683959961
v 0.012521333992481232 0.051172494888305664 0.33815595507621765
v 0.011573171243071556 0.07573873549699783 0.33399102091789246
v 0.012521333992481232 0.051172494888305664 0.33815595507621765
v 0.018858779221773148 0.07633522897958755 0.3322356641292572
v 0.018858779221773148 0.07633522897958755 0.3322356641292572
v 0.012521333992481232 0.051172494888305664 0.33815595507621765
v 0.02035510167479515 0.0523538701236248 0.3361932635307312
v 0.018858779221773148 0.07633522897958755 0.3322356641292572
v 0.02035510167479515 0.0523538701236248 0.3361932635307312
v 0.02586745098233223 0.07715743035078049 0.3296912610530853
v 0.02586745098233223 0.07715743035078049 0.3296912610530853
v 0.02035510167479515 0.0523538701236248 0.3361932635307312
v 0.027829457074403763 0.05398355424404144 0.3333762288093567
v 0.02586745098233223 0.07715743035078049 0.3296912610530853
v 0.027829457074403763 0.05398355424404144 0.3333762288093567
v 0.032523076981306076 0.07815182954072952 0.3264143168926239
v 0.032523076981306076 0.07815182954072952 0.3264143168926239
v 0.027829457074403763 0.05398355424404144 0.3333762288093567
v 0.0348634235560894 0.05595618113875389 0.32978931069374084
v 0.032523076981306076 0.07815182954072952 0.3264143168926239
v 0.0348634235560894 0.05595618113875389 0.32978931069374084
v 0.03876691684126854 0.07927197217941284 0.3224622905254364
v 0.03876691684126854 0.07927197217941284 0.3224622905254364
v 0.0348634235560894 0.05595618113875389 0.32978931069374084
v 0.04140682891011238 0.05818057805299759 0.3255104422569275
v 0.03876691684126854 0.07927197217941284 0.3224622905254364
v 0.04140682891011238 0.05818057805299759 0.3255104422569275
v 0.04454810172319412 0.08047749847173691 0.31789276003837585
v 0.04454810172319412 0.08047749847173691 0.31789276003837585
v 0.04140682891011238 0.05818057805299759 0.3255104422569275
v 0.04742242395877838 0.060577716678380966 0.320611834526062
v 0.04454810172319412 0.08047749847173691 0.31789276003837585
v 0.04742242395877838 0.060577716678380966 0.320611834526062
v 0.04982034116983414 0.08173669129610062 0.3127617835998535
v 0.04982034116983414 0.08173669129610062 0.3127617835998535
v 0.04742242395877838 0.060577716678380966 0.320611834526062
v 0.0528782457113266 0.06308583915233612 0.3151572346687317
v 0.04982034116983414 0.08173669129610062 0.3127617835998535
v 0.0528782457113266 0.06308583915233612 0.3151572346687317
v 0.05453990772366524 0.08302268385887146 0.3071252703666687
v 0.05453990772366524 0.08302268385887146 0.3071252703666687
v 0.0528782457113266 0.06308583915233612 0.3151572346687317
v 0.05774455517530441 0.06565293669700623 0.3092060685157776
v 0.05453990772366524 0.08302268385887146 0.3071252703666687
v 0.05774455517530441 0.06565293669700623 0.3092060685157776
v 0.058665595948696136 0.08431342244148254 0.3010421395301819
v 0.058665595948696136 0.08431342244148254 0.3010421395301819
v 0.05774455517530441 0.06565293669700623 0.3092060685157776
v 0.061990201473236084 0.0682365745306015 0.3028166890144348
v 0.058665595948696136 0.08431342244148254 0.3010421395301819
v 0.061990201473236084 0.0682365745306015 0.3028166890144348
v 0.062157727777957916 0.08558917790651321 0.29457324743270874
v 0.062157727777957916 0.08558917790651321 0.29457324743270874
v 0.061990201473236084 0.0682365745306015 0.3028166890144348
v 0.0655832514166832 0.07079900056123734 0.296047568321228
v 0.062157727777957916 0.08558917790651321 0.29457324743270874
v 0.0655832514166832 0.07079900056123734 0.296047568321228
v 0.06497950851917267 0.08683272451162338 0.2877834737300873
v 0.06497950851917267 0.08683272451162338 0.2877834737300873
v 0.0655832514166832 0.07079900056123734 0.296047568321228
v 0.06849069893360138 0.07330745458602905 0.28895995020866394
v 0.06497950851917267 0.08683272451162338 0.2877834737300873
v 0.06849069893360138 0.07330745458602905 0.28895995020866394
v 0.06709595024585724 0.08802789449691772 0.28074023127555847
v 0.06709595024585724 0.08802789449691772 0.28074023127555847
v 0.06849069893360138 0.07330745458602905 0.28895995020866394
v 0.07067916542291641 0.0757313221693039 0.28161749243736267
v 0.06709595024585724 0.08802789449691772 0.28074023127555847
v 0.07067916542291641 0.0757313221693039 0.28161749243736267
v 0.06847571581602097 0.0891597718000412 0.27351638674736023
v 0.06847571581602097 0.0891597718000412 0.27351638674736023
v 0.07067916542291641 0.0757313221693039 0.28161749243736267
v 0.0721152275800705 0.0780424252152443 0.2740902304649353
v 0.06847571581602097 0.0891597718000412 0.27351638674736023
v 0.0721152275800705 0.0780424252152443 0.2740902304649353
v 0.06909085065126419 0.0902140662074089 0.26618820428848267
v 0.06909085065126419 0.0902140662074089 0.26618820428848267
v 0.0721152275800705 0.0780424252152443 0.2740902304649353
v 0.07276726514101028 0.08021392673254013 0.2664525806903839
v 0.06909085065126419 0.0902140662074089 0.26618820428848267
v 0.07276726514101028 0.08021392673254013 0.2664525806903839
v 0.07260946184396744 0.08222220838069916 0.2587873935699463
v 0.07260946184396744 0.08222220838069916 0.2587873935699463
v 0.07276726514101028 0.08021392673254013 0.2664525806903839
v 0.0788998007774353 0.06394437700510025 0.25869855284690857
v 0.07260946184396744 0.08222220838069916 0.2587873935699463
v 0.0788998007774353 0.06394437700510025 0.25869855284690857
v 0.07862792164087296 0.06549325585365295 0.25560882687568665
v 0.06746164709329605 0.09398546814918518 0.2677466869354248
v 0.06909085065126419 0.0902140662074089 0.26618820428848267
v 0.06744913756847382 0.09461349993944168 0.26056820154190063
v 0.06744913756847382 0.09461349993944168 0.26056820154190063
v 0.06909085065126419 0.0902140662074089 0.26618820428848267
v 0.07260946184396744 0.08222220838069916 0.2587873935699463
v 0.06744913756847382 0.09461349993944168 0.26056820154190063
v 0.07260946184396744 0.08222220838069916 0.2587873935699463
v 0.07162078469991684 0.08409320563077927 0.2511468529701233
v 0.07162078469991684 0.08409320563077927 0.2511468529701233
v 0.07260946184396744 0.08222220838069916 0.2587873935699463
v 0.07862792164087296 0.06549325585365295 0.25560882687568665
v 0.07162078469991684 0.08409320563077927 0.2511468529701233
v 0.07862792164087296 0.06549325585365295 0.25560882687568665
v 0.0779033973813057 0.06797076016664505 0.2504730224609375
v 0.0689997673034668 0.07839904725551605 0.225441575050354
v 0.06364601850509644 0.08888120949268341 0.22914846241474152
v 0.07249768078327179 0.0757303386926651 0.2324875295162201
v 0.07249768078327179 0.0757303386926651 0.2324875295162201
v 0.06364601850509644 0.08888120949268341 0.22914846241474152
v 0.06712975353002548 0.08743570744991302 0.23623423278331757
v 0.07249768078327179 0.0757303386926651 0.2324875295162201
v 0.06712975353002548 0.08743570744991302 0.23623423278331757
v 0.07283464819192886 0.07542046159505844 0.23327229917049408
v 0.0766071006655693 0.07072607427835464 0.24444830417633057
v 0.07602393627166748 0.07166989892721176 0.24229976534843445
v 0.06979309767484665 0.08583595603704453 0.2435988485813141
v 0.06979309767484665 0.08583595603704453 0.2435988485813141
v 0.07602393627166748 0.07166989892721176 0.24229976534843445
v 0.07495804876089096 0.07313316315412521 0.23887526988983154
v 0.06979309767484665 0.08583595603704453 0.2435988485813141
v 0.07495804876089096 0.07313316315412521 0.23887526988983154
v 0.06712975353002548 0.08743570744991302 0.23623423278331757
v 0.06712975353002548 0.08743570744991302 0.23623423278331757
v 0.07495804876089096 0.07313316315412521 0.23887526988983154
v 0.07325100898742676 0.0750204473733902 0.23427583277225494
v 0.06712975353002548 0.08743570744991302 0.23623423278331757
v 0.07325100898742676 0.0750204473733902 0.23427583277225494
v 0.07283464819192886 0.07542046159505844 0.23327229917049408
v 0.03543093428015709 0.09370369464159012 0.2011672407388687
v 0.03990638628602028 0.08749627321958542 0.1958070546388626
v 0.035786326974630356 0.08805154263973236 0.19356036186218262
v 0.031093258410692215 0.09937847405672073 0.20610332489013672
v 0.03543093428015709 0.09370369464159012 0.2011672407388687
v 0.02810804918408394 0.09421707689762115 0.19762930274009705
v 0.02810804918408394 0.09421707689762115 0.19762930274009705
v 0.03543093428015709 0.09370369464159012 0.2011672407388687
v 0.035786326974630356 0.08805154263973236 0.19356036186218262
v 0.02810804918408394 0.09421707689762115 0.19762930274009705
v 0.035786326974630356 0.08805154263973236 0.19356036186218262
v 0.03193500638008118 0.08848916739225388 0.19173455238342285
v 0.04863733798265457 0.09224654734134674 0.2105190008878708
v 0.0478922463953495 0.08610113710165024 0.20115086436271667
v 0.04230392351746559 0.09304957836866379 0.20548442006111145
v 0.04230392351746559 0.09304957836866379 0.20548442006111145
v 0.0478922463953495 0.08610113710165024 0.20115086436271667
v 0.04665910080075264 0.08634873479604721 0.20023109018802643
v 0.04230392351746559 0.09304957836866379 0.20548442006111145
v 0.04665910080075264 0.08634873479604721 0.20023109018802643
v 0.03543093428015709 0.09370369464159012 0.2011672407388687
v 0.03543093428015709 0.09370369464159012 0.2011672407388687
v 0.04665910080075264 0.08634873479604721 0.20023109018802643
v 0.04086805880069733 0.08735215663909912 0.1963781863451004
v 0.03543093428015709 0.09370369464159012 0.2011672407388687
v 0.04086805880069733 0.08735215663909912 0.1963781863451004
v 0.03990638628602028 0.08749627321958542 0.1958070546388626
v 0.022692520171403885 0.0892743468284607 0.18832574784755707
v 0.02046138234436512 0.08941544592380524 0.18769285082817078
v 0.020431488752365112 0.0945977121591568 0.19492201507091522
v 0.020431488752365112 0.0945977121591568 0.19492201507091522
v 0.02046138234436512 0.08941544592380524 0.18769285082817078
v 0.01250331662595272 0.09485138207674026 0.1930820196866989
v 0.020431488752365112 0.0945977121591568 0.19492201507091522
v 0.01250331662595272 0.09485138207674026 0.1930820196866989
v 0.016251305118203163 0.09983871877193451 0.2008424550294876
v 0.016251305118203163 0.09983871877193451 0.2008424550294876
v 0.01250331662595272 0.09485138207674026 0.1930820196866989
v 0.008141283877193928 0.0999598354101181 0.19945552945137024
v 7.294182751138578e-07 0.0899999812245369 0.18500001728534698
v 6.515911081805825e-07 0.0949999988079071 0.1919996589422226
v 0.004943045321851969 0.0899672657251358 0.18515481054782867
v 0.004943045321851969 0.0899672657251358 0.18515481054782867
v 6.515911081805825e-07 0.0949999988079071 0.1919996589422226
v 0.004428537096828222 0.09498141705989838 0.19213517010211945
v 0.004943045321851969 0.0899672657251358 0.18515481054782867
v 0.004428537096828222 0.09498141705989838 0.19213517010211945
v 0.014283725991845131 0.08972083777189255 0.18630041182041168
v 0.014283725991845131 0.08972083777189255 0.18630041182041168
v 0.004428537096828222 0.09498141705989838 0.19213517010211945
v 0.01250331662595272 0.09485138207674026 0.1930820196866989
v 0.014283725991845131 0.08972083777189255 0.18630041182041168
v 0.01250331662595272 0.09485138207674026 0.1930820196866989
v 0.015925981104373932 0.08965130150318146 0.18661995232105255
v 0.015925981104373932 0.08965130150318146 0.18661995232105255
v 0.01250331662595272 0.09485138207674026 0.1930820196866989
v 0.02046138234436512 0.08941544592380524 0.18769285082817078
v 0.03193500638008118 0.08848916739225388 0.19173455238342285
v 0.031144559383392334 0.088570237159729 0.191390722990036
v 0.02810804918408394 0.09421707689762115 0.19762930274009705
v 0.02810804918408394 0.09421707689762115 0.19762930274009705
v 0.031144559383392334 0.088570237159729 0.191390722990036
v 0.02805003896355629 0.08886127918958664 0.19014154374599457
v 0.02810804918408394 0.09421707689762115 0.19762930274009705
v 0.02805003896355629 0.08886127918958664 0.19014154374599457
v 0.020431488752365112 0.0945977121591568 0.19492201507091522
v 0.020431488752365112 0.0945977121591568 0.19492201507091522
v 0.02805003896355629 0.08886127918958664 0.19014154374599457
v 0.023935506120324135 0.0891881212592125 0.18870924413204193
v 0.020431488752365112 0.0945977121591568 0.19492201507091522
v 0.023935506120324135 0.0891881212592125 0.18870924413204193
v 0.022692520171403885 0.0892743468284607 0.18832574784755707
v 0.06616780906915665 0.08005832880735397 0.22077026963233948
v 0.06299995630979538 0.08157185465097427 0.2162797749042511
v 0.05937198922038078 0.0901658833026886 0.22243791818618774
v 0.05937198922038078 0.0901658833026886 0.22243791818618774
v 0.06299995630979538 0.08157185465097427 0.2162797749042511
v 0.06153719872236252 0.0821785256266594 0.2144111841917038
v 0.05937198922038078 0.0901658833026886 0.22243791818618774
v 0.06153719872236252 0.0821785256266594 0.2144111841917038
v 0.054349713027477264 0.09128695726394653 0.21619796752929688
v 0.054349713027477264 0.09128695726394653 0.21619796752929688
v 0.06153719872236252 0.0821785256266594 0.2144111841917038
v 0.059677328914403915 0.08288166671991348 0.21219144761562347
v 0.054349713027477264 0.09128695726394653 0.21619796752929688
v 0.059677328914403915 0.08288166671991348 0.21219144761562347
v 0.04863733798265457 0.09224654734134674 0.2105190008878708
v 0.04863733798265457 0.09224654734134674 0.2105190008878708
v 0.059677328914403915 0.08288166671991348 0.21219144761562347
v 0.05229935050010681 0.08509846776723862 0.20476259291172028
v 0.04863733798265457 0.09224654734134674 0.2105190008878708
v 0.05229935050010681 0.08509846776723862 0.20476259291172028
v 0.0478922463953495 0.08610113710165024 0.20115086436271667
v 0.07897786796092987 0.06327848881483078 0.25999996066093445
v 0.0788998007774353 0.06394437700510025 0.25869855284690857
v 0.07608296722173691 0.07001203298568726 0.26668715476989746
v 0.07608296722173691 0.07001203298568726 0.26668715476989746
v 0.0788998007774353 0.06394437700510025 0.25869855284690857
v 0.07276726514101028 0.08021392673254013 0.2664525806903839
v 0.07608296722173691 0.07001203298568726 0.26668715476989746
v 0.07276726514101028 0.08021392673254013 0.2664525806903839
v 0.07540306448936462 0.0666641965508461 0.2745708227157593
v 0.07540306448936462 0.0666641965508461 0.2745708227157593
v 0.07276726514101028 0.08021392673254013 0.2664525806903839
v 0.0721152275800705 0.0780424252152443 0.2740902304649353
v 0.07540306448936462 0.0666641965508461 0.2745708227157593
v 0.0721152275800705 0.0780424252152443 0.2740902304649353
v 0.0739273875951767 0.06313097476959229 0.28231215476989746
v 0.0739273875951767 0.06313097476959229 0.28231215476989746
v 0.0721152275800705 0.0780424252152443 0.2740902304649353
v 0.07067916542291641 0.0757313221693039 0.28161749243736267
v 0.0739273875951767 0.06313097476959229 0.28231215476989746
v 0.07067916542291641 0.0757313221693039 0.28161749243736267
v 0.07168992608785629 0.0594499334692955 0.2898431420326233
v 0.07168992608785629 0.0594499334692955 0.2898431420326233
v 0.07067916542291641 0.0757313221693039 0.28161749243736267
v 0.06849069893360138 0.07330745458602905 0.28895995020866394
v 0.07168992608785629 0.0594499334692955 0.2898431420326233
v 0.06849069893360138 0.07330745458602905 0.28895995020866394
v 0.06872496753931046 0.05566065013408661 0.29710131883621216
v 0.06872496753931046 0.05566065013408661 0.29710131883621216
v 0.06849069893360138 0.07330745458602905 0.28895995020866394
v 0.0655832514166832 0.07079900056123734 0.296047568321228
v 0.06872496753931046 0.05566065013408661 0.29710131883621216
v 0.0655832514166832 0.07079900056123734 0.296047568321228
v 0.0650629773736 0.05180634185671806 0.30403146147727966
v 0.0650629773736 0.05180634185671806 0.30403146147727966
v 0.0655832514166832 0.07079900056123734 0.296047568321228
v 0.061990201473236084 0.0682365745306015 0.3028166890144348
v 0.0650629773736 0.05180634185671806 0.30403146147727966
v 0.061990201473236084 0.0682365745306015 0.3028166890144348
v 0.060731906443834305 0.04793345928192139 0.3105805814266205
v 0.060731906443834305 0.04793345928192139 0.3105805814266205
v 0.061990201473236084 0.0682365745306015 0.3028166890144348
v 0.05774455517530441 0.06565293669700623 0.3092060685157776
v 0.060731906443834305 0.04793345928192139 0.3105805814266205
v 0.05774455517530441 0.06565293669700623 0.3092060685157776
v 0.05575467646121979 0.04409593343734741 0.3166973292827606
v 0.05575467646121979 0.04409593343734741 0.3166973292827606
v 0.05774455517530441 0.06565293669700623 0.3092060685157776
v 0.0528782457113266 0.06308583915233612 0.3151572346687317
v 0.05575467646121979 0.04409593343734741 0.3166973292827606
v 0.0528782457113266 0.06308583915233612 0.3151572346687317
v 0.05015111342072487 0.04035471752285957 0.3223285973072052
v 0.05015111342072487 0.04035471752285957 0.3223285973072052
v 0.0528782457113266 0.06308583915233612 0.3151572346687317
v 0.04742242395877838 0.060577716678380966 0.320611834526062
v 0.05015111342072487 0.04035471752285957 0.3223285973072052
v 0.04742242395877838 0.060577716678380966 0.320611834526062
v 0.04393569007515907 0.03678513690829277 0.3274160325527191
v 0.04393569007515907 0.03678513690829277 0.3274160325527191
v 0.04742242395877838 0.060577716678380966 0.320611834526062
v 0.04140682891011238 0.05818057805299759 0.3255104422569275
v 0.04393569007515907 0.03678513690829277 0.3274160325527191
v 0.04140682891011238 0.05818057805299759 0.3255104422569275
v 0.03712478280067444 0.03347712755203247 0.3318929672241211
v 0.03712478280067444 0.03347712755203247 0.3318929672241211
v 0.04140682891011238 0.05818057805299759 0.3255104422569275
v 0.0348634235560894 0.05595618113875389 0.32978931069374084
v 0.03712478280067444 0.03347712755203247 0.3318929672241211
v 0.0348634235560894 0.05595618113875389 0.32978931069374084
v 0.029740745201706886 0.030546536669135094 0.3356771767139435
v 0.029740745201706886 0.030546536669135094 0.3356771767139435
v 0.0348634235560894 0.05595618113875389 0.32978931069374084
v 0.027829457074403763 0.05398355424404144 0.3333762288093567
v 0.029740745201706886 0.030546536669135094 0.3356771767139435
v 0.027829457074403763 0.05398355424404144 0.3333762288093567
v 0.021823907271027565 0.028127431869506836 0.338674932718277
v 0.021823907271027565 0.028127431869506836 0.338674932718277
v 0.027829457074403763 0.05398355424404144 0.3333762288093567
v 0.02035510167479515 0.0523538701236248 0.3361932635307312
v 0.021823907271027565 0.028127431869506836 0.338674932718277
v 0.02035510167479515 0.0523538701236248 0.3361932635307312
v 0.013458844274282455 0.026375163346529007 0.34077855944633484
v 0.013458844274282455 0.026375163346529007 0.34077855944633484
v 0.02035510167479515 0.0523538701236248 0.3361932635307312
v 0.012521333992481232 0.051172494888305664 0.33815595507621765
v 0.013458844274282455 0.026375163346529007 0.34077855944633484
v 0.012521333992481232 0.051172494888305664 0.33815595507621765
v 0.004787292331457138 0.02543204091489315 0.3418882191181183
v 0.004787292331457138 0.02543204091489315 0.3418882191181183
v 0.012521333992481232 0.051172494888305664 0.33815595507621765
v 0.004447769373655319 0.05053609982132912 0.3391866683959961
v 0.004787292331457138 0.02543204091489315 0.3418882191181183
v 0.004447769373655319 0.05053609982132912 0.3391866683959961
v -2.1064829880401703e-09 0.050443511456251144 0.339335173368454
v -2.1064829880401703e-09 0.050443511456251144 0.339335173368454
v 0.004447769373655319 0.05053609982132912 0.3391866683959961
v 0.004106851760298014 0.07541714608669281 0.33490651845932007
v -2.1064829880401703e-09 0.050443511456251144 0.339335173368454
v 0.004106851760298014 0.07541714608669281 0.33490651845932007
v -9.422701507943998e-10 0.06498491764068604 0.33702585101127625
v -9.422701507943998e-10 0.06498491764068604 0.33702585101127625
v 0.004106851760298014 0.07541714608669281 0.33490651845932007
v 0.003594052279368043 0.0883592963218689 0.33205118775367737
v -9.422701507943998e-10 0.06498491764068604 0.33702585101127625
v 0.003594052279368043 0.0883592963218689 0.33205118775367737
v -9.59099999420232e-09 0.08835083246231079 0.3321495056152344
usemtl material_100100100
f 1 2 3
f 4 5 6
f 7 8 9
f 10 11 12
f 13 14 15
f 16 17 18
f 19 20 21
f 22 23 24
f 25 26 27
f 28 29 30
f 31 32 33
f 34 35 36
f 37 38 39
f 40 41 42
f 43 44 45
f 46 47 48
f 49 50 51
f 52 53 54
f 55 56 57
f 58 59 60
f 61 62 63
f 64 65 66
f 67 68 69
f 70 71 72
f 73 74 75
f 76 77 78
f 79 80 81
f 82 83 84
f 85 86 87
f 88 89 90
f 91 92 93
f 94 95 96
f 97 98 99
f 100 101 102
f 103 104 105
f 106 107 108
f 109 110 111
f 112 113 114
f 115 116 117
f 118 119 120
f 121 122 123
f 124 125 126
f 127 128 129
f 130 131 132
f 133 134 135
f 136 137 138
f 139 140 141
f 142 143 144
f 145 146 147
f 148 149 150
f 151 152 153
f 154 155 156
f 157 158 159
f 160 161 162
f 163 164 165
f 166 167 168
f 169 170 171
f 172 173 174
f 175 176 177
f 178 179 180
f 181 182 183
f 184 185 186
f 187 188 189
f 190 191 192
f 193 194 195
f 196 197 198
f 199 200 201
f 202 203 204
f 205 206 207
f 208 209 210
f 211 212 213
f 214 215 216
f 217 218 219
f 220 221 222
f 223 224 225
f 226 227 228
f 229 230 231
f 232 233 234
f 235 236 237
f 238 239 240
f 241 242 243
f 244 245 246
f 247 248 249
f 250 251 252
f 253 254 255
f 256 257 258
f 259 260 261
f 262 263 264
f 265 266 267
f 268 269 270
f 271 272 273
f 274 275 276
f 277 278 279
f 280 281 282
f 283 284 285
f 286 287 288
f 289 290 291
f 292 293 294
f 295 296 297
f 298 299 300
f 301 302 303
f 304 305 306
f 307 308 309
f 310 311 312
f 313 314 315
f 316 317 318
f 319 320 321
f 322 323 324
f 325 326 327
f 328 329 330
f 331 332 333
f 334 335 336
f 337 338 339
f 340 341 342
f 343 344 345
f 346 347 348
f 349 350 351
f 352 353 354
f 355 356 357
f 358 359 360
f 361 362 363
f 364 365 366
f 367 368 369
f 370 371 372
f 373 374 375
f 376 377 378
f 379 380 381
f 382 383 384
f 385 386 387
f 388 389 390
f 391 392 393
f 394 395 396
f 397 398 399
f 400 401 402
f 403 404 405
f 406 407 408
f 409 410 411
f 412 413 414
f 415 416 417
f 418 419 420
f 421 422 423
f 424 425 426
f 427 428 429
f 430 431 432
f 433 434 435
f 436 437 438
f 439 440 441
f 442 443 444
f 445 446 447
f 448 449 450
f 451 452 453
f 454 455 456
f 457 458 459
f 460 461 462
f 463 464 465
f 466 467 468
f 469 470 471
f 472 473 474
f 475 476 477
f 478 479 480
f 481 482 483
f 484 485 486
f 487 488 489
f 490 491 492
f 493 494 495
f 496 497 498
f 499 500 501
f 502 503 504
f 505 506 507
f 508 509 510
f 511 512 513
f 514 515 516
f 517 518 519
f 520 521 522
f 523 524 525
f 526 527 528
f 529 530 531
f 532 533 534
f 535 536 537
f 538 539 540
f 541 542 543
f 544 545 546
f 547 548 549
f 550 551 552
f 553 554 555
f 556 557 558
f 559 560 561
f 562 563 564
f 565 566 567
f 568 569 570
f 571 572 573
f 574 575 576
f 577 578 579
f 580 581 582
f 583 584 585
f 586 587 588
f 589 590 591
f 592 593 594
f 595 596 597
f 598 599 600
f 601 602 603
f 604 605 606
f 607 608 609
f 610 611 612
f 613 614 615
f 616 617 618
f 619 620 621
f 622 623 624
f 625 626 627
f 628 629 630
f 631 632 633
f 634 635 636
f 637 638 639
f 640 641 642
f 643 644 645
f 646 647 648
f 649 650 651
f 652 653 654
f 655 656 657
f 658 659 660
f 661 662 663
f 664 665 666
f 667 668 669
f 670 671 672
f 673 674 675
f 676 677 678
f 679 680 681
f 682 683 684
f 685 686 687
f 688 689 690
f 691 692 693
f 694 695 696
f 697 698 699
f 700 701 702
f 703 704 705
f 706 707 708
f 709 710 711
f 712 713 714
f 715 716 717
f 718 719 720
f 721 722 723
f 724 725 726
f 727 728 729
f 730 731 732
f 733 734 735
f 736 737 738
f 739 740 741
f 742 743 744
f 745 746 747
f 748 749 750
f 751 752 753
f 754 755 756
f 757 758 759
f 760 761 762
f 763 764 765
f 766 767 768
f 769 770 771
f 772 773 774
f 775 776 777
f 778 779 780
f 781 782 783
f 784 785 786
f 787 788 789
f 790 791 792
f 793 794 795
f 796 797 798
f 799 800 801
f 802 803 804
f 805 806 807
f 808 809 810
f 811 812 813
f 814 815 816
f 817 818 819
f 820 821 822
f 823 824 825
f 826 827 828
f 829 830 831
f 832 833 834
f 835 836 837
f 838 839 840
f 841 842 843
f 844 845 846
f 847 848 849
f 850 851 852
f 853 854 855
f 856 857 858
f 859 860 861
f 862 863 864
f 865 866 867
f 868 869 870
f 871 872 873
f 874 875 876
f 877 878 879
f 880 881 882
f 883 884 885
f 886 887 888
f 889 890 891
f 892 893 894
f 895 896 897
f 898 899 900
f 901 902 903
f 904 905 906
f 907 908 909
f 910 911 912
f 913 914 915
f 916 917 918
f 919 920 921
f 922 923 924
f 925 926 927
f 928 929 930
f 931 932 933
f 934 935 936
f 937 938 939
f 940 941 942
f 943 944 945
f 946 947 948
f 949 950 951
f 952 953 954
f 955 956 957
f 958 959 960
f 961 962 963
f 964 965 966
f 967 968 969
f 970 971 972
f 973 974 975
f 976 977 978
f 979 980 981
f 982 983 984
f 985 986 987
f 988 989 990
f 991 992 993
f 994 995 996
f 997 998 999
f 1000 1001 1002
f 1003 1004 1005
f 1006 1007 1008
f 1009 1010 1011
f 1012 1013 1014
f 1015 1016 1017
f 1018 1019 1020
f 1021 1022 1023
f 1024 1025 1026
f 1027 1028 1029
f 1030 1031 1032
f 1033 1034 1035
f 1036 1037 1038
f 1039 1040 1041
f 1042 1043 1044
f 1045 1046 1047
f 1048 1049 1050
f 1051 1052 1053
f 1054 1055 1056
f 1057 1058 1059
f 1060 1061 1062
f 1063 1064 1065
f 1066 1067 1068
f 1069 1070 1071
f 1072 1073 1074
f 1075 1076 1077
f 1078 1079 1080
f 1081 1082 1083
f 1084 1085 1086
f 1087 1088 1089
f 1090 1091 1092
f 1093 1094 1095
f 1096 1097 1098
f 1099 1100 1101
f 1102 1103 1104
f 1105 1106 1107
f 1108 1109 1110
f 1111 1112 1113
f 1114 1115 1116
f 1117 1118 1119
f 1120 1121 1122
f 1123 1124 1125
f 1126 1127 1128
f 1129 1130 1131
f 1132 1133 1134
f 1135 1136 1137
f 1138 1139 1140
f 1141 1142 1143
f 1144 1145 1146
f 1147 1148 1149
f 1150 1151 1152
f 1153 1154 1155
f 1156 1157 1158
f 1159 1160 1161
f 1162 1163 1164
f 1165 1166 1167
f 1168 1169 1170
f 1171 1172 1173
f 1174 1175 1176
f 1177 1178 1179
f 1180 1181 1182
f 1183 1184 1185
f 1186 1187 1188
f 1189 1190 1191
f 1192 1193 1194
f 1195 1196 1197
f 1198 1199 1200
f 1201 1202 1203
f 1204 1205 1206
f 1207 1208 1209
f 1210 1211 1212
f 1213 1214 1215
f 1216 1217 1218
f 1219 1220 1221
f 1222 1223 1224
f 1225 1226 1227
f 1228 1229 1230
f 1231 1232 1233
f 1234 1235 1236
f 1237 1238 1239
f 1240 1241 1242
f 1243 1244 1245
f 1246 1247 1248
f 1249 1250 1251
f 1252 1253 1254
f 1255 1256 1257
f 1258 1259 1260
f 1261 1262 1263
f 1264 1265 1266
f 1267 1268 1269
f 1270 1271 1272
f 1273 1274 1275
f 1276 1277 1278
f 1279 1280 1281
f 1282 1283 1284
f 1285 1286 1287
f 1288 1289 1290
f 1291 1292 1293
f 1294 1295 1296
f 1297 1298 1299
f 1300 1301 1302
f 1303 1304 1305
f 1306 1307 1308
f 1309 1310 1311
f 1312 1313 1314
f 1315 1316 1317
f 1318 1319 1320
f 1321 1322 1323
f 1324 1325 1326
f 1327 1328 1329
f 1330 1331 1332
f 1333 1334 1335
f 1336 1337 1338
f 1339 1340 1341
f 1342 1343 1344
f 1345 1346 1347
f 1348 1349 1350
f 1351 1352 1353
f 1354 1355 1356
f 1357 1358 1359
f 1360 1361 1362
f 1363 1364 1365
f 1366 1367 1368
f 1369 1370 1371
f 1372 1373 1374
f 1375 1376 1377
f 1378 1379 1380
f 1381 1382 1383
f 1384 1385 1386
f 1387 1388 1389
f 1390 1391 1392
f 1393 1394 1395
f 1396 1397 1398
f 1399 1400 1401
f 1402 1403 1404
f 1405 1406 1407
f 1408 1409 1410
f 1411 1412 1413
f 1414 1415 1416
f 1417 1418 1419
f 1420 1421 1422
f 1423 1424 1425
f 1426 1427 1428
f 1429 1430 1431
f 1432 1433 1434
f 1435 1436 1437
f 1438 1439 1440
f 1441 1442 1443
f 1444 1445 1446
f 1447 1448 1449
f 1450 1451 1452
f 1453 1454 1455
f 1456 1457 1458
f 1459 1460 1461
f 1462 1463 1464
f 1465 1466 1467
f 1468 1469 1470
f 1471 1472 1473
f 1474 1475 1476
f 1477 1478 1479
f 1480 1481 1482
f 1483 1484 1485
f 1486 1487 1488
f 1489 1490 1491
f 1492 1493 1494
f 1495 1496 1497
f 1498 1499 1500
f 1501 1502 1503
f 1504 1505 1506
f 1507 1508 1509
f 1510 1511 1512
f 1513 1514 1515
f 1516 1517 1518
f 1519 1520 1521
f 1522 1523 1524
f 1525 1526 1527
f 1528 1529 1530
f 1531 1532 1533
f 1534 1535 1536
f 1537 1538 1539
f 1540 1541 1542
f 1543 1544 1545
f 1546 1547 1548
f 1549 1550 1551
f 1552 1553 1554
f 1555 1556 1557
f 1558 1559 1560
f 1561 1562 1563
f 1564 1565 1566
f 1567 1568 1569
f 1570 1571 1572
f 1573 1574 1575
f 1576 1577 1578
f 1579 1580 1581
f 1582 1583 1584
f 1585 1586 1587
f 1588 1589 1590
f 1591 1592 1593
f 1594 1595 1596
f 1597 1598 1599
f 1600 1601 1602
f 1603 1604 1605
f 1606 1607 1608
f 1609 1610 1611
f 1612 1613 1614
f 1615 1616 1617
f 1618 1619 1620
f 1621 1622 1623
f 1624 1625 1626
f 1627 1628 1629
f 1630 1631 1632
f 1633 1634 1635
f 1636 1637 1638
f 1639 1640 1641
f 1642 1643 1644
f 1645 1646 1647
f 1648 1649 1650
f 1651 1652 1653
f 1654 1655 1656
f 1657 1658 1659
f 1660 1661 1662
f 1663 1664 1665
f 1666 1667 1668
f 1669 1670 1671
f 1672 1673 1674
f 1675 1676 1677
f 1678 1679 1680
f 1681 1682 1683
f 1684 1685 1686
f 1687 1688 1689
f 1690 1691 1692
f 1693 1694 1695
f 1696 1697 1698
f 1699 1700 1701
f 1702 1703 1704
f 1705 1706 1707
f 1708 1709 1710
f 1711 1712 1713
f 1714 1715 1716
f 1717 1718 1719
f 1720 1721 1722
f 1723 1724 1725
f 1726 1727 1728
f 1729 1730 1731
f 1732 1733 1734
f 1735 1736 1737
f 1738 1739 1740
f 1741 1742 1743
f 1744 1745 1746
f 1747 1748 1749
f 1750 1751 1752
f 1753 1754 1755
f 1756 1757 1758
f 1759 1760 1761
f 1762 1763 1764
f 1765 1766 1767
f 1768 1769 1770
f 1771 1772 1773
f 1774 1775 1776
f 1777 1778 1779
f 1780 1781 1782
f 1783 1784 1785
f 1786 1787 1788
f 1789 1790 1791
f 1792 1793 1794
f 1795 1796 1797
f 1798 1799 1800
f 1801 1802 1803
f 1804 1805 1806
f 1807 1808 1809
f 1810 1811 1812
f 1813 1814 1815
f 1816 1817 1818
f 1819 1820 1821
f 1822 1823 1824
f 1825 1826 1827
f 1828 1829 1830
f 1831 1832 1833
f 1834 1835 1836
f 1837 1838 1839
f 1840 1841 1842
f 1843 1844 1845
f 1846 1847 1848
f 1849 1850 1851
f 1852 1853 1854
f 1855 1856 1857
f 1858 1859 1860
f 1861 1862 1863
f 1864 1865 1866
f 1867 1868 1869
f 1870 1871 1872
f 1873 1874 1875
f 1876 1877 1878
f 1879 1880 1881
f 1882 1883 1884
f 1885 1886 1887
f 1888 1889 1890
f 1891 1892 1893
f 1894 1895 1896
f 1897 1898 1899
f 1900 1901 1902
f 1903 1904 1905
f 1906 1907 1908
f 1909 1910 1911
f 1912 1913 1914
f 1915 1916 1917
f 1918 1919 1920
f 1921 1922 1923
f 1924 1925 1926
f 1927 1928 1929
f 1930 1931 1932
f 1933 1934 1935
f 1936 1937 1938
f 1939 1940 1941
f 1942 1943 1944
f 1945 1946 1947
f 1948 1949 1950
f 1951 1952 1953
f 1954 1955 1956
f 1957 1958 1959
f 1960 1961 1962
f 1963 1964 1965
f 1966 1967 1968
f 1969 1970 1971
f 1972 1973 1974
f 1975 1976 1977
f 1978 1979 1980
f 1981 1982 1983
f 1984 1985 1986
f 1987 1988 1989
f 1990 1991 1992
f 1993 1994 1995
f 1996 1997 1998
f 1999 2000 2001
f 2002 2003 2004
f 2005 2006 2007
f 2008 2009 2010
f 2011 2012 2013
f 2014 2015 2016
f 2017 2018 2019
f 2020 2021 2022
f 2023 2024 2025
f 2026 2027 2028
f 2029 2030 2031
f 2032 2033 2034
f 2035 2036 2037
f 2038 2039 2040
f 2041 2042 2043
f 2044 2045 2046
f 2047 2048 2049
f 2050 2051 2052
f 2053 2054 2055
f 2056 2057 2058
f 2059 2060 2061
f 2062 2063 2064
f 2065 2066 2067
f 2068 2069 2070
f 2071 2072 2073
f 2074 2075 2076
f 2077 2078 2079
f 2080 2081 2082
f 2083 2084 2085
f 2086 2087 2088
f 2089 2090 2091
f 2092 2093 2094
f 2095 2096 2097
f 2098 2099 2100
f 2101 2102 2103
f 2104 2105 2106
f 2107 2108 2109
f 2110 2111 2112
f 2113 2114 2115
f 2116 2117 2118
f 2119 2120 2121
f 2122 2123 2124
f 2125 2126 2127
f 2128 2129 2130
f 2131 2132 2133
f 2134 2135 2136
f 2137 2138 2139
f 2140 2141 2142
f 2143 2144 2145
f 2146 2147 2148
f 2149 2150 2151
f 2152 2153 2154
f 2155 2156 2157
f 2158 2159 2160
f 2161 2162 2163
f 2164 2165 2166
f 2167 2168 2169
f 2170 2171 2172
f 2173 2174 2175
f 2176 2177 2178
f 2179 2180 2181
f 2182 2183 2184
f 2185 2186 2187
f 2188 2189 2190
f 2191 2192 2193
f 2194 2195 2196
f 2197 2198 2199
f 2200 2201 2202
f 2203 2204 2205
f 2206 2207 2208
f 2209 2210 2211
f 2212 2213 2214
f 2215 2216 2217
f 2218 2219 2220
f 2221 2222 2223
f 2224 2225 2226
f 2227 2228 2229
f 2230 2231 2232
f 2233 2234 2235
f 2236 2237 2238
f 2239 2240 2241
f 2242 2243 2244
f 2245 2246 2247
f 2248 2249 2250
f 2251 2252 2253
f 2254 2255 2256
f 2257 2258 2259
f 2260 2261 2262
f 2263 2264 2265
f 2266 2267 2268
f 2269 2270 2271
f 2272 2273 2274
f 2275 2276 2277
f 2278 2279 2280
f 2281 2282 2283
f 2284 2285 2286
f 2287 2288 2289
f 2290 2291 2292
f 2293 2294 2295
f 2296 2297 2298
f 2299 2300 2301
f 2302 2303 2304
f 2305 2306 2307
f 2308 2309 2310
f 2311 2312 2313
f 2314 2315 2316
f 2317 2318 2319
f 2320 2321 2322
f 2323 2324 2325
f 2326 2327 2328
f 2329 2330 2331
f 2332 2333 2334
f 2335 2336 2337
f 2338 2339 2340
f 2341 2342 2343
f 2344 2345 2346
f 2347 2348 2349
f 2350 2351 2352
f 2353 2354 2355
f 2356 2357 2358
f 2359 2360 2361
f 2362 2363 2364
f 2365 2366 2367
f 2368 2369 2370
f 2371 2372 2373
f 2374 2375 2376
f 2377 2378 2379
f 2380 2381 2382
f 2383 2384 2385
f 2386 2387 2388
f 2389 2390 2391
f 2392 2393 2394
f 2395 2396 2397
f 2398 2399 2400
f 2401 2402 2403
f 2404 2405 2406
f 2407 2408 2409
f 2410 2411 2412
f 2413 2414 2415
f 2416 2417 2418
f 2419 2420 2421
f 2422 2423 2424
f 2425 2426 2427
f 2428 2429 2430
f 2431 2432 2433
f 2434 2435 2436
f 2437 2438 2439
f 2440 2441 2442
f 2443 2444 2445
f 2446 2447 2448
f 2449 2450 2451
f 2452 2453 2454
f 2455 2456 2457
f 2458 2459 2460
f 2461 2462 2463
f 2464 2465 2466
f 2467 2468 2469
f 2470 2471 2472
f 2473 2474 2475
f 2476 2477 2478
f 2479 2480 2481
f 2482 2483 2484
f 2485 2486 2487
f 2488 2489 2490
f 2491 2492 2493
f 2494 2495 2496
f 2497 2498 2499
f 2500 2501 2502
f 2503 2504 2505
f 2506 2507 2508
f 2509 2510 2511
f 2512 2513 2514
f 2515 2516 2517
f 2518 2519 2520
f 2521 2522 2523
f 2524 2525 2526
f 2527 2528 2529
f 2530 2531 2532
f 2533 2534 2535
f 2536 2537 2538
f 2539 2540 2541
f 2542 2543 2544
f 2545 2546 2547
f 2548 2549 2550
f 2551 2552 2553
f 2554 2555 2556
f 2557 2558 2559
f 2560 2561 2562
f 2563 2564 2565
f 2566 2567 2568
f 2569 2570 2571
f 2572 2573 2574
f 2575 2576 2577
f 2578 2579 2580
f 2581 2582 2583
f 2584 2585 2586
f 2587 2588 2589
f 2590 2591 2592
f 2593 2594 2595
f 2596 2597 2598
f 2599 2600 2601
f 2602 2603 2604
f 2605 2606 2607
f 2608 2609 2610
f 2611 2612 2613
f 2614 2615 2616
f 2617 2618 2619
f 2620 2621 2622
f 2623 2624 2625
f 2626 2627 2628
f 2629 2630 2631
f 2632 2633 2634
f 2635 2636 2637
f 2638 2639 2640
f 2641 2642 2643
f 2644 2645 2646
f 2647 2648 2649
f 2650 2651 2652
f 2653 2654 2655
f 2656 2657 2658
f 2659 2660 2661
f 2662 2663 2664
f 2665 2666 2667
f 2668 2669 2670
f 2671 2672 2673
f 2674 2675 2676
f 2677 2678 2679
f 2680 2681 2682
f 2683 2684 2685
f 2686 2687 2688
f 2689 2690 2691
f 2692 2693 2694
f 2695 2696 2697
f 2698 2699 2700
f 2701 2702 2703
f 2704 2705 2706
f 2707 2708 2709
f 2710 2711 2712
f 2713 2714 2715
f 2716 2717 2718
f 2719 2720 2721
f 2722 2723 2724
f 2725 2726 2727
f 2728 2729 2730
f 2731 2732 2733
f 2734 2735 2736
f 2737 2738 2739
f 2740 2741 2742
f 2743 2744 2745
f 2746 2747 2748
f 2749 2750 2751
f 2752 2753 2754
f 2755 2756 2757
f 2758 2759 2760
f 2761 2762 2763
f 2764 2765 2766
f 2767 2768 2769
f 2770 2771 2772
f 2773 2774 2775
f 2776 2777 2778
f 2779 2780 2781
f 2782 2783 2784
f 2785 2786 2787
f 2788 2789 2790
f 2791 2792 2793
f 2794 2795 2796
f 2797 2798 2799
f 2800 2801 2802
f 2803 2804 2805
f 2806 2807 2808
f 2809 2810 2811
f 2812 2813 2814
f 2815 2816 2817
f 2818 2819 2820
f 2821 2822 2823
f 2824 2825 2826
f 2827 2828 2829
f 2830 2831 2832
f 2833 2834 2835
f 2836 2837 2838
f 2839 2840 2841
f 2842 2843 2844
f 2845 2846 2847
f 2848 2849 2850
f 2851 2852 2853
f 2854 2855 2856
f 2857 2858 2859
f 2860 2861 2862
f 2863 2864 2865
f 2866 2867 2868
f 2869 2870 2871
f 2872 2873 2874
f 2875 2876 2877
f 2878 2879 2880
f 2881 2882 2883
f 2884 2885 2886
f 2887 2888 2889
f 2890 2891 2892
f 2893 2894 2895
f 2896 2897 2898
f 2899 2900 2901
f 2902 2903 2904
f 2905 2906 2907
f 2908 2909 2910
f 2911 2912 2913
f 2914 2915 2916
f 2917 2918 2919
f 2920 2921 2922
f 2923 2924 2925
f 2926 2927 2928
f 2929 2930 2931
f 2932 2933 2934
f 2935 2936 2937
f 2938 2939 2940
f 2941 2942 2943
f 2944 2945 2946
f 2947 2948 2949
f 2950 2951 2952
f 2953 2954 2955
f 2956 2957 2958
f 2959 2960 2961
f 2962 2963 2964
f 2965 2966 2967
f 2968 2969 2970
f 2971 2972 2973
f 2974 2975 2976
f 2977 2978 2979
f 2980 2981 2982
f 2983 2984 2985
f 2986 2987 2988
f 2989 2990 2991
f 2992 2993 2994
f 2995 2996 2997
f 2998 2999 3000
f 3001 3002 3003
f 3004 3005 3006
f 3007 3008 3009
f 3010 3011 3012
f 3013 3014 3015
f 3016 3017 3018
f 3019 3020 3021
f 3022 3023 3024
f 3025 3026 3027
f 3028 3029 3030
f 3031 3032 3033
f 3034 3035 3036
f 3037 3038 3039
f 3040 3041 3042
f 3043 3044 3045
f 3046 3047 3048
f 3049 3050 3051
f 3052 3053 3054
f 3055 3056 3057
f 3058 3059 3060
f 3061 3062 3063
f 3064 3065 3066
f 3067 3068 3069
f 3070 3071 3072
f 3073 3074 3075
f 3076 3077 3078
f 3079 3080 3081
f 3082 3083 3084
f 3085 3086 3087
f 3088 3089 3090
f 3091 3092 3093
f 3094 3095 3096
f 3097 3098 3099
f 3100 3101 3102
f 3103 3104 3105
f 3106 3107 3108
f 3109 3110 3111
f 3112 3113 3114
f 3115 3116 3117
f 3118 3119 3120
f 3121 3122 3123
f 3124 3125 3126
f 3127 3128 3129
f 3130 3131 3132
f 3133 3134 3135
f 3136 3137 3138
f 3139 3140 3141
f 3142 3143 3144
f 3145 3146 3147
f 3148 3149 3150
f 3151 3152 3153
f 3154 3155 3156
f 3157 3158 3159
f 3160 3161 3162
f 3163 3164 3165
f 3166 3167 3168
f 3169 3170 3171
f 3172 3173 3174
f 3175 3176 3177
f 3178 3179 3180
f 3181 3182 3183
f 3184 3185 3186
f 3187 3188 3189
f 3190 3191 3192
f 3193 3194 3195
f 3196 3197 3198
f 3199 3200 3201
f 3202 3203 3204
f 3205 3206 3207
f 3208 3209 3210
f 3211 3212 3213
f 3214 3215 3216
f 3217 3218 3219
f 3220 3221 3222
f 3223 3224 3225
f 3226 3227 3228
f 3229 3230 3231
f 3232 3233 3234
f 3235 3236 3237
f 3238 3239 3240
f 3241 3242 3243
f 3244 3245 3246
f 3247 3248 3249
f 3250 3251 3252
f 3253 3254 3255
f 3256 3257 3258
f 3259 3260 3261
f 3262 3263 3264
f 3265 3266 3267
f 3268 3269 3270
f 3271 3272 3273
f 3274 3275 3276
f 3277 3278 3279
f 3280 3281 3282
f 3283 3284 3285
f 3286 3287 3288
f 3289 3290 3291
f 3292 3293 3294
f 3295 3296 3297
f 3298 3299 3300
f 3301 3302 3303
f 3304 3305 3306
f 3307 3308 3309
f 3310 3311 3312
f 3313 3314 3315
f 3316 3317 3318
f 3319 3320 3321
f 3322 3323 3324
f 3325 3326 3327
f 3328 3329 3330
f 3331 3332 3333
f 3334 3335 3336
f 3337 3338 3339
f 3340 3341 3342
f 3343 3344 3345
f 3346 3347 3348
f 3349 3350 3351
f 3352 3353 3354
f 3355 3356 3357
f 3358 3359 3360
f 3361 3362 3363
f 3364 3365 3366
f 3367 3368 3369
f 3370 3371 3372
f 3373 3374 3375
f 3376 3377 3378
f 3379 3380 3381
f 3382 3383 3384
f 3385 3386 3387
f 3388 3389 3390
f 3391 3392 3393
f 3394 3395 3396
f 3397 3398 3399
f 3400 3401 3402
f 3403 3404 3405
f 3406 3407 3408
f 3409 3410 3411
f 3412 3413 3414
f 3415 3416 3417
f 3418 3419 3420
f 3421 3422 3423
f 3424 3425 3426
f 3427 3428 3429
f 3430 3431 3432
f 3433 3434 3435
f 3436 3437 3438
f 3439 3440 3441
f 3442 3443 3444
f 3445 3446 3447
f 3448 3449 3450
f 3451 3452 3453
f 3454 3455 3456
f 3457 3458 3459
f 3460 3461 3462
f 3463 3464 3465
f 3466 3467 3468
f 3469 3470 3471
f 3472 3473 3474
f 3475 3476 3477
f 3478 3479 3480
f 3481 3482 3483
f 3484 3485 3486
f 3487 3488 3489
f 3490 3491 3492
f 3493 3494 3495
f 3496 3497 3498
f 3499 3500 3501
f 3502 3503 3504
f 3505 3506 3507
f 3508 3509 3510
f 3511 3512 3513
f 3514 3515 3516
f 3517 3518 3519
f 3520 3521 3522
f 3523 3524 3525
f 3526 3527 3528
f 3529 3530 3531
f 3532 3533 3534
f 3535 3536 3537
f 3538 3539 3540
f 3541 3542 3543
f 3544 3545 3546
f 3547 3548 3549
f 3550 3551 3552
f 3553 3554 3555
f 3556 3557 3558
f 3559 3560 3561
f 3562 3563 3564
f 3565 3566 3567
f 3568 3569 3570
f 3571 3572 3573
f 3574 3575 3576
f 3577 3578 3579
f 3580 3581 3582
f 3583 3584 3585
f 3586 3587 3588
f 3589 3590 3591
f 3592 3593 3594
f 3595 3596 3597
f 3598 3599 3600
f 3601 3602 3603
f 3604 3605 3606
f 3607 3608 3609
f 3610 3611 3612
f 3613 3614 3615
f 3616 3617 3618
f 3619 3620 3621
f 3622 3623 3624
f 3625 3626 3627
f 3628 3629 3630
f 3631 3632 3633
f 3634 3635 3636
f 3637 3638 3639
f 3640 3641 3642
f 3643 3644 3645
f 3646 3647 3648
f 3649 3650 3651
f 3652 3653 3654
f 3655 3656 3657
f 3658 3659 3660
f 3661 3662 3663
f 3664 3665 3666
f 3667 3668 3669
f 3670 3671 3672
f 3673 3674 3675
f 3676 3677 3678
f 3679 3680 3681
f 3682 3683 3684
f 3685 3686 3687
f 3688 3689 3690
f 3691 3692 3693
f 3694 3695 3696
f 3697 3698 3699
f 3700 3701 3702
f 3703 3704 3705
f 3706 3707 3708
f 3709 3710 3711
f 3712 3713 3714
f 3715 3716 3717
f 3718 3719 3720
f 3721 3722 3723
f 3724 3725 3726
f 3727 3728 3729
f 3730 3731 3732
f 3733 3734 3735
f 3736 3737 3738
f 3739 3740 3741
f 3742 3743 3744
f 3745 3746 3747
f 3748 3749 3750
f 3751 3752 3753
f 3754 3755 3756
f 3757 3758 3759
f 3760 3761 3762
f 3763 3764 3765
f 3766 3767 3768
f 3769 3770 3771
f 3772 3773 3774
f 3775 3776 3777
f 3778 3779 3780
f 3781 3782 3783
f 3784 3785 3786
f 3787 3788 3789
f 3790 3791 3792
f 3793 3794 3795
f 3796 3797 3798
f 3799 3800 3801
f 3802 3803 3804
f 3805 3806 3807
f 3808 3809 3810
f 3811 3812 3813
f 3814 3815 3816
f 3817 3818 3819
f 3820 3821 3822
f 3823 3824 3825
f 3826 3827 3828
f 3829 3830 3831
f 3832 3833 3834
f 3835 3836 3837
f 3838 3839 3840
f 3841 3842 3843
f 3844 3845 3846
f 3847 3848 3849
f 3850 3851 3852
f 3853 3854 3855
f 3856 3857 3858
f 3859 3860 3861
f 3862 3863 3864
f 3865 3866 3867
f 3868 3869 3870
f 3871 3872 3873
f 3874 3875 3876
f 3877 3878 3879
f 3880 3881 3882
f 3883 3884 3885
f 3886 3887 3888
f 3889 3890 3891
f 3892 3893 3894
f 3895 3896 3897
f 3898 3899 3900
f 3901 3902 3903
f 3904 3905 3906
f 3907 3908 3909
f 3910 3911 3912
f 3913 3914 3915
f 3916 3917 3918
f 3919 3920 3921
f 3922 3923 3924
f 3925 3926 3927
f 3928 3929 3930
f 3931 3932 3933
f 3934 3935 3936
f 3937 3938 3939
f 3940 3941 3942
f 3943 3944 3945
f 3946 3947 3948
f 3949 3950 3951
f 3952 3953 3954
f 3955 3956 3957
f 3958 3959 3960
f 3961 3962 3963
f 3964 3965 3966
f 3967 3968 3969
f 3970 3971 3972
f 3973 3974 3975
f 3976 3977 3978
f 3979 3980 3981
f 3982 3983 3984
f 3985 3986 3987
f 3988 3989 3990
f 3991 3992 3993
f 3994 3995 3996
f 3997 3998 3999
f 4000 4001 4002
f 4003 4004 4005
f 4006 4007 4008
f 4009 4010 4011
f 4012 4013 4014
f 4015 4016 4017
f 4018 4019 4020
f 4021 4022 4023
f 4024 4025 4026
f 4027 4028 4029
f 4030 4031 4032
f 4033 4034 4035
f 4036 4037 4038
f 4039 4040 4041
f 4042 4043 4044
f 4045 4046 4047
f 4048 4049 4050
f 4051 4052 4053
f 4054 4055 4056
f 4057 4058 4059
f 4060 4061 4062
f 4063 4064 4065
f 4066 4067 4068
f 4069 4070 4071
f 4072 4073 4074
f 4075 4076 4077
f 4078 4079 4080
f 4081 4082 4083
f 4084 4085 4086
f 4087 4088 4089
f 4090 4091 4092
f 4093 4094 4095
f 4096 4097 4098
f 4099 4100 4101
f 4102 4103 4104
f 4105 4106 4107
f 4108 4109 4110
f 4111 4112 4113
f 4114 4115 4116
f 4117 4118 4119
f 4120 4121 4122
f 4123 4124 4125
f 4126 4127 4128
f 4129 4130 4131
f 4132 4133 4134
f 4135 4136 4137
f 4138 4139 4140
f 4141 4142 4143
f 4144 4145 4146
f 4147 4148 4149
f 4150 4151 4152
f 4153 4154 4155
f 4156 4157 4158
f 4159 4160 4161
f 4162 4163 4164
f 4165 4166 4167
f 4168 4169 4170
f 4171 4172 4173
f 4174 4175 4176
f 4177 4178 4179
f 4180 4181 4182
f 4183 4184 4185
f 4186 4187 4188
f 4189 4190 4191
f 4192 4193 4194
f 4195 4196 4197
f 4198 4199 4200
f 4201 4202 4203
f 4204 4205 4206
f 4207 4208 4209
f 4210 4211 4212
f 4213 4214 4215
f 4216 4217 4218
f 4219 4220 4221
f 4222 4223 4224
f 4225 4226 4227
f 4228 4229 4230
f 4231 4232 4233
f 4234 4235 4236
f 4237 4238 4239
f 4240 4241 4242
f 4243 4244 4245
f 4246 4247 4248
f 4249 4250 4251
f 4252 4253 4254
f 4255 4256 4257
f 4258 4259 4260
f 4261 4262 4263
f 4264 4265 4266
f 4267 4268 4269
f 4270 4271 4272
f 4273 4274 4275
f 4276 4277 4278
f 4279 4280 4281
f 4282 4283 4284
f 4285 4286 4287
f 4288 4289 4290
f 4291 4292 4293
f 4294 4295 4296
f 4297 4298 4299
f 4300 4301 4302
f 4303 4304 4305
f 4306 4307 4308
f 4309 4310 4311
f 4312 4313 4314
f 4315 4316 4317
f 4318 4319 4320
f 4321 4322 4323
f 4324 4325 4326
f 4327 4328 4329
f 4330 4331 4332
f 4333 4334 4335
f 4336 4337 4338
f 4339 4340 4341
f 4342 4343 4344
f 4345 4346 4347
f 4348 4349 4350
f 4351 4352 4353
f 4354 4355 4356
f 4357 4358 4359
f 4360 4361 4362
f 4363 4364 4365
f 4366 4367 4368
f 4369 4370 4371
f 4372 4373 4374
f 4375 4376 4377
f 4378 4379 4380
f 4381 4382 4383
f 4384 4385 4386
f 4387 4388 4389
f 4390 4391 4392
f 4393 4394 4395
f 4396 4397 4398
f 4399 4400 4401
f 4402 4403 4404
f 4405 4406 4407
f 4408 4409 4410
f 4411 4412 4413
f 4414 4415 4416
f 4417 4418 4419
f 4420 4421 4422
f 4423 4424 4425
f 4426 4427 4428
f 4429 4430 4431
f 4432 4433 4434
f 4435 4436 4437
f 4438 4439 4440
f 4441 4442 4443
f 4444 4445 4446
f 4447 4448 4449
f 4450 4451 4452
f 4453 4454 4455
f 4456 4457 4458
f 4459 4460 4461
f 4462 4463 4464
f 4465 4466 4467
f 4468 4469 4470
f 4471 4472 4473
f 4474 4475 4476
f 4477 4478 4479
f 4480 4481 4482
f 4483 4484 4485
f 4486 4487 4488
f 4489 4490 4491
f 4492 4493 4494
f 4495 4496 4497
f 4498 4499 4500
f 4501 4502 4503
f 4504 4505 4506
f 4507 4508 4509
f 4510 4511 4512
f 4513 4514 4515
f 4516 4517 4518
f 4519 4520 4521
f 4522 4523 4524
f 4525 4526 4527
f 4528 4529 4530
f 4531 4532 4533
f 4534 4535 4536
f 4537 4538 4539
f 4540 4541 4542
f 4543 4544 4545
f 4546 4547 4548
f 4549 4550 4551
f 4552 4553 4554
f 4555 4556 4557
f 4558 4559 4560
f 4561 4562 4563
f 4564 4565 4566
f 4567 4568 4569
f 4570 4571 4572
f 4573 4574 4575
f 4576 4577 4578
f 4579 4580 4581
f 4582 4583 4584
f 4585 4586 4587
f 4588 4589 4590
f 4591 4592 4593
f 4594 4595 4596
f 4597 4598 4599
f 4600 4601 4602
f 4603 4604 4605
f 4606 4607 4608
f 4609 4610 4611
f 4612 4613 4614
f 4615 4616 4617
f 4618 4619 4620
f 4621 4622 4623
f 4624 4625 4626
f 4627 4628 4629
f 4630 4631 4632
f 4633 4634 4635
f 4636 4637 4638
f 4639 4640 4641
f 4642 4643 4644
f 4645 4646 4647
f 4648 4649 4650
f 4651 4652 4653
f 4654 4655 4656
f 4657 4658 4659
f 4660 4661 4662
f 4663 4664 4665
f 4666 4667 4668
f 4669 4670 4671
f 4672 4673 4674
f 4675 4676 4677
f 4678 4679 4680
f 4681 4682 4683
f 4684 4685 4686
f 4687 4688 4689
f 4690 4691 4692
f 4693 4694 4695
f 4696 4697 4698
f 4699 4700 4701
f 4702 4703 4704
f 4705 4706 4707
f 4708 4709 4710
f 4711 4712 4713
f 4714 4715 4716
f 4717 4718 4719
f 4720 4721 4722
f 4723 4724 4725
f 4726 4727 4728
f 4729 4730 4731
f 4732 4733 4734
f 4735 4736 4737
f 4738 4739 4740
f 4741 4742 4743
f 4744 4745 4746
f 4747 4748 4749
f 4750 4751 4752
f 4753 4754 4755
f 4756 4757 4758
f 4759 4760 4761
f 4762 4763 4764
f 4765 4766 4767
f 4768 4769 4770
f 4771 4772 4773
f 4774 4775 4776
f 4777 4778 4779
f 4780 4781 4782
f 4783 4784 4785
f 4786 4787 4788
f 4789 4790 4791
f 4792 4793 4794
f 4795 4796 4797
f 4798 4799 4800
f 4801 4802 4803
f 4804 4805 4806
f 4807 4808 4809
f 4810 4811 4812
f 4813 4814 4815
f 4816 4817 4818
f 4819 4820 4821
f 4822 4823 4824
f 4825 4826 4827
f 4828 4829 4830
f 4831 4832 4833
f 4834 4835 4836
f 4837 4838 4839
f 4840 4841 4842
f 4843 4844 4845
f 4846 4847 4848
f 4849 4850 4851
f 4852 4853 4854
f 4855 4856 4857
f 4858 4859 4860
f 4861 4862 4863
f 4864 4865 4866
f 4867 4868 4869
f 4870 4871 4872
f 4873 4874 4875
f 4876 4877 4878
f 4879 4880 4881
f 4882 4883 4884
f 4885 4886 4887
f 4888 4889 4890
f 4891 4892 4893
f 4894 4895 4896
f 4897 4898 4899
f 4900 4901 4902
f 4903 4904 4905
f 4906 4907 4908
f 4909 4910 4911
f 4912 4913 4914
f 4915 4916 4917
f 4918 4919 4920
f 4921 4922 4923
f 4924 4925 4926
f 4927 4928 4929
f 4930 4931 4932
f 4933 4934 4935
f 4936 4937 4938
f 4939 4940 4941
f 4942 4943 4944
f 4945 4946 4947
f 4948 4949 4950
f 4951 4952 4953
f 4954 4955 4956
f 4957 4958 4959
f 4960 4961 4962
f 4963 4964 4965
f 4966 4967 4968
f 4969 4970 4971
f 4972 4973 4974
f 4975 4976 4977
f 4978 4979 4980
f 4981 4982 4983
f 4984 4985 4986
f 4987 4988 4989
f 4990 4991 4992
f 4993 4994 4995
f 4996 4997 4998
f 4999 5000 5001
f 5002 5003 5004
f 5005 5006 5007
f 5008 5009 5010
f 5011 5012 5013
f 5014 5015 5016
f 5017 5018 5019
f 5020 5021 5022
f 5023 5024 5025
f 5026 5027 5028
f 5029 5030 5031
f 5032 5033 5034
f 5035 5036 5037
f 5038 5039 5040
f 5041 5042 5043
f 5044 5045 5046
f 5047 5048 5049
f 5050 5051 5052
f 5053 5054 5055
f 5056 5057 5058
f 5059 5060 5061
f 5062 5063 5064
f 5065 5066 5067
f 5068 5069 5070
f 5071 5072 5073
f 5074 5075 5076
f 5077 5078 5079
f 5080 5081 5082
f 5083 5084 5085
f 5086 5087 5088
f 5089 5090 5091
f 5092 5093 5094
f 5095 5096 5097
f 5098 5099 5100
f 5101 5102 5103
f 5104 5105 5106
f 5107 5108 5109
f 5110 5111 5112
f 5113 5114 5115
f 5116 5117 5118
f 5119 5120 5121
f 5122 5123 5124
f 5125 5126 5127
f 5128 5129 5130
f 5131 5132 5133
f 5134 5135 5136
f 5137 5138 5139
f 5140 5141 5142
f 5143 5144 5145
f 5146 5147 5148
f 5149 5150 5151
f 5152 5153 5154
f 5155 5156 5157
f 5158 5159 5160
f 5161 5162 5163
f 5164 5165 5166
f 5167 5168 5169
f 5170 5171 5172
f 5173 5174 5175
f 5176 5177 5178
f 5179 5180 5181
f 5182 5183 5184
f 5185 5186 5187
f 5188 5189 5190
f 5191 5192 5193
f 5194 5195 5196
f 5197 5198 5199
f 5200 5201 5202
f 5203 5204 5205
f 5206 5207 5208
f 5209 5210 5211
f 5212 5213 5214
f 5215 5216 5217
f 5218 5219 5220
f 5221 5222 5223
f 5224 5225 5226
f 5227 5228 5229
f 5230 5231 5232
f 5233 5234 5235
f 5236 5237 5238
f 5239 5240 5241
f 5242 5243 5244
f 5245 5246 5247
f 5248 5249 5250
f 5251 5252 5253
f 5254 5255 5256
f 5257 5258 5259
f 5260 5261 5262
f 5263 5264 5265
f 5266 5267 5268
f 5269 5270 5271
f 5272 5273 5274
f 5275 5276 5277
f 5278 5279 5280
f 5281 5282 5283
f 5284 5285 5286
f 5287 5288 5289
f 5290 5291 5292
f 5293 5294 5295
f 5296 5297 5298
f 5299 5300 5301
f 5302 5303 5304
f 5305 5306 5307
f 5308 5309 5310
f 5311 5312 5313
f 5314 5315 5316
f 5317 5318 5319
f 5320 5321 5322
f 5323 5324 5325
f 5326 5327 5328
f 5329 5330 5331
f 5332 5333 5334
f 5335 5336 5337
f 5338 5339 5340
f 5341 5342 5343
f 5344 5345 5346
f 5347 5348 5349
f 5350 5351 5352
f 5353 5354 5355
f 5356 5357 5358
f 5359 5360 5361
f 5362 5363 5364
f 5365 5366 5367
f 5368 5369 5370
f 5371 5372 5373
f 5374 5375 5376
f 5377 5378 5379
f 5380 5381 5382
f 5383 5384 5385
f 5386 5387 5388
f 5389 5390 5391
f 5392 5393 5394
f 5395 5396 5397
f 5398 5399 5400
f 5401 5402 5403
f 5404 5405 5406
f 5407 5408 5409
f 5410 5411 5412
f 5413 5414 5415
f 5416 5417 5418
f 5419 5420 5421
f 5422 5423 5424
f 5425 5426 5427
f 5428 5429 5430
f 5431 5432 5433
f 5434 5435 5436
f 5437 5438 5439
f 5440 5441 5442
f 5443 5444 5445
f 5446 5447 5448
f 5449 5450 5451
f 5452 5453 5454
f 5455 5456 5457
f 5458 5459 5460
f 5461 5462 5463
f 5464 5465 5466
f 5467 5468 5469
f 5470 5471 5472
f 5473 5474 5475
f 5476 5477 5478
f 5479 5480 5481
f 5482 5483 5484
f 5485 5486 5487
f 5488 5489 5490
f 5491 5492 5493
f 5494 5495 5496
f 5497 5498 5499
f 5500 5501 5502
f 5503 5504 5505
f 5506 5507 5508
f 5509 5510 5511
f 5512 5513 5514
f 5515 5516 5517
f 5518 5519 5520
f 5521 5522 5523
f 5524 5525 5526
f 5527 5528 5529
f 5530 5531 5532
f 5533 5534 5535
f 5536 5537 5538
f 5539 5540 5541
f 5542 5543 5544
f 5545 5546 5547
f 5548 5549 5550
f 5551 5552 5553
f 5554 5555 5556
f 5557 5558 5559
f 5560 5561 5562
f 5563 5564 5565
f 5566 5567 5568
f 5569 5570 5571
f 5572 5573 5574
f 5575 5576 5577
f 5578 5579 5580
f 5581 5582 5583
f 5584 5585 5586
f 5587 5588 5589
f 5590 5591 5592
f 5593 5594 5595
f 5596 5597 5598
f 5599 5600 5601
f 5602 5603 5604
f 5605 5606 5607
f 5608 5609 5610
f 5611 5612 5613
f 5614 5615 5616
f 5617 5618 5619
f 5620 5621 5622
f 5623 5624 5625
f 5626 5627 5628
f 5629 5630 5631
f 5632 5633 5634
f 5635 5636 5637
f 5638 5639 5640
f 5641 5642 5643
f 5644 5645 5646
f 5647 5648 5649
f 5650 5651 5652
f 5653 5654 5655
f 5656 5657 5658
f 5659 5660 5661
f 5662 5663 5664
f 5665 5666 5667
f 5668 5669 5670
f 5671 5672 5673
f 5674 5675 5676
f 5677 5678 5679
f 5680 5681 5682
f 5683 5684 5685
f 5686 5687 5688
f 5689 5690 5691
f 5692 5693 5694
f 5695 5696 5697
f 5698 5699 5700
f 5701 5702 5703
f 5704 5705 5706
f 5707 5708 5709
f 5710 5711 5712
f 5713 5714 5715
f 5716 5717 5718
f 5719 5720 5721
f 5722 5723 5724
f 5725 5726 5727
f 5728 5729 5730
f 5731 5732 5733
f 5734 5735 5736
f 5737 5738 5739
f 5740 5741 5742
f 5743 5744 5745
f 5746 5747 5748
f 5749 5750 5751
f 5752 5753 5754
f 5755 5756 5757
f 5758 5759 5760
f 5761 5762 5763
f 5764 5765 5766
f 5767 5768 5769
f 5770 5771 5772
f 5773 5774 5775
f 5776 5777 5778
f 5779 5780 5781
f 5782 5783 5784
f 5785 5786 5787
f 5788 5789 5790
f 5791 5792 5793
f 5794 5795 5796
f 5797 5798 5799
f 5800 5801 5802
f 5803 5804 5805
f 5806 5807 5808
f 5809 5810 5811
f 5812 5813 5814
f 5815 5816 5817
f 5818 5819 5820
f 5821 5822 5823
f 5824 5825 5826
f 5827 5828 5829
f 5830 5831 5832
f 5833 5834 5835
f 5836 5837 5838
f 5839 5840 5841
f 5842 5843 5844
f 5845 5846 5847
f 5848 5849 5850
f 5851 5852 5853
f 5854 5855 5856
f 5857 5858 5859
f 5860 5861 5862
f 5863 5864 5865
f 5866 5867 5868
f 5869 5870 5871
f 5872 5873 5874
f 5875 5876 5877
f 5878 5879 5880
f 5881 5882 5883
f 5884 5885 5886
f 5887 5888 5889
f 5890 5891 5892
f 5893 5894 5895
f 5896 5897 5898
f 5899 5900 5901
f 5902 5903 5904
f 5905 5906 5907
f 5908 5909 5910
f 5911 5912 5913
f 5914 5915 5916
f 5917 5918 5919
f 5920 5921 5922
f 5923 5924 5925
f 5926 5927 5928
f 5929 5930 5931
f 5932 5933 5934
f 5935 5936 5937
f 5938 5939 5940
f 5941 5942 5943
f 5944 5945 5946
f 5947 5948 5949
f 5950 5951 5952
f 5953 5954 5955
f 5956 5957 5958
f 5959 5960 5961
f 5962 5963 5964
f 5965 5966 5967
f 5968 5969 5970
f 5971 5972 5973
f 5974 5975 5976
f 5977 5978 5979
f 5980 5981 5982
f 5983 5984 5985
f 5986 5987 5988
f 5989 5990 5991
f 5992 5993 5994
f 5995 5996 5997
f 5998 5999 6000
f 6001 6002 6003
f 6004 6005 6006
f 6007 6008 6009
f 6010 6011 6012
f 6013 6014 6015
f 6016 6017 6018
f 6019 6020 6021
f 6022 6023 6024
f 6025 6026 6027
f 6028 6029 6030
f 6031 6032 6033
f 6034 6035 6036
f 6037 6038 6039
f 6040 6041 6042
f 6043 6044 6045
f 6046 6047 6048
f 6049 6050 6051
f 6052 6053 6054
f 6055 6056 6057
f 6058 6059 6060
f 6061 6062 6063
f 6064 6065 6066
f 6067 6068 6069
f 6070 6071 6072
f 6073 6074 6075
f 6076 6077 6078
f 6079 6080 6081
f 6082 6083 6084
f 6085 6086 6087
f 6088 6089 6090
f 6091 6092 6093
f 6094 6095 6096
f 6097 6098 6099
f 6100 6101 6102
f 6103 6104 6105
f 6106 6107 6108
f 6109 6110 6111
f 6112 6113 6114
f 6115 6116 6117
f 6118 6119 6120
f 6121 6122 6123
f 6124 6125 6126
f 6127 6128 6129
f 6130 6131 6132
f 6133 6134 6135
f 6136 6137 6138
f 6139 6140 6141
f 6142 6143 6144
f 6145 6146 6147
f 6148 6149 6150
f 6151 6152 6153
f 6154 6155 6156
f 6157 6158 6159
f 6160 6161 6162
f 6163 6164 6165
f 6166 6167 6168
f 6169 6170 6171
f 6172 6173 6174
f 6175 6176 6177
f 6178 6179 6180
f 6181 6182 6183
f 6184 6185 6186
f 6187 6188 6189
f 6190 6191 6192
f 6193 6194 6195
f 6196 6197 6198
f 6199 6200 6201
f 6202 6203 6204
f 6205 6206 6207
f 6208 6209 6210
f 6211 6212 6213
f 6214 6215 6216
f 6217 6218 6219
f 6220 6221 6222
f 6223 6224 6225
f 6226 6227 6228
f 6229 6230 6231
f 6232 6233 6234
f 6235 6236 6237
f 6238 6239 6240
f 6241 6242 6243
f 6244 6245 6246
f 6247 6248 6249
f 6250 6251 6252
f 6253 6254 6255
f 6256 6257 6258
f 6259 6260 6261
f 6262 6263 6264
f 6265 6266 6267
f 6268 6269 6270
f 6271 6272 6273
f 6274 6275 6276
f 6277 6278 6279
f 6280 6281 6282
f 6283 6284 6285
f 6286 6287 6288
f 6289 6290 6291
f 6292 6293 6294
f 6295 6296 6297
f 6298 6299 6300
f 6301 6302 6303
f 6304 6305 6306
f 6307 6308 6309
f 6310 6311 6312
f 6313 6314 6315
f 6316 6317 6318
f 6319 6320 6321
f 6322 6323 6324
f 6325 6326 6327
f 6328 6329 6330
f 6331 6332 6333
f 6334 6335 6336
f 6337 6338 6339
f 6340 6341 6342
f 6343 6344 6345
f 6346 6347 6348
f 6349 6350 6351
f 6352 6353 6354
f 6355 6356 6357
f 6358 6359 6360
f 6361 6362 6363
f 6364 6365 6366
f 6367 6368 6369
f 6370 6371 6372
f 6373 6374 6375
f 6376 6377 6378
f 6379 6380 6381
f 6382 6383 6384
f 6385 6386 6387
f 6388 6389 6390
f 6391 6392 6393
f 6394 6395 6396
f 6397 6398 6399
f 6400 6401 6402
f 6403 6404 6405
f 6406 6407 6408
f 6409 6410 6411
f 6412 6413 6414
f 6415 6416 6417
f 6418 6419 6420
f 6421 6422 6423
f 6424 6425 6426
f 6427 6428 6429
f 6430 6431 6432
f 6433 6434 6435
f 6436 6437 6438
f 6439 6440 6441
f 6442 6443 6444
f 6445 6446 6447
f 6448 6449 6450
f 6451 6452 6453
f 6454 6455 6456
f 6457 6458 6459
f 6460 6461 6462
f 6463 6464 6465
f 6466 6467 6468
f 6469 6470 6471
f 6472 6473 6474
f 6475 6476 6477
f 6478 6479 6480
f 6481 6482 6483
f 6484 6485 6486
f 6487 6488 6489
f 6490 6491 6492
f 6493 6494 6495
f 6496 6497 6498
f 6499 6500 6501
f 6502 6503 6504
f 6505 6506 6507
f 6508 6509 6510
f 6511 6512 6513
f 6514 6515 6516
f 6517 6518 6519
f 6520 6521 6522
f 6523 6524 6525
f 6526 6527 6528
f 6529 6530 6531
f 6532 6533 6534
f 6535 6536 6537
f 6538 6539 6540
f 6541 6542 6543
f 6544 6545 6546
f 6547 6548 6549
f 6550 6551 6552
f 6553 6554 6555
f 6556 6557 6558
f 6559 6560 6561
f 6562 6563 6564
f 6565 6566 6567
f 6568 6569 6570
f 6571 6572 6573
f 6574 6575 6576
f 6577 6578 6579
f 6580 6581 6582
f 6583 6584 6585
f 6586 6587 6588
f 6589 6590 6591
f 6592 6593 6594
f 6595 6596 6597
f 6598 6599 6600
f 6601 6602 6603
f 6604 6605 6606
f 6607 6608 6609
f 6610 6611 6612
f 6613 6614 6615
f 6616 6617 6618
f 6619 6620 6621
f 6622 6623 6624
f 6625 6626 6627
f 6628 6629 6630
f 6631 6632 6633
f 6634 6635 6636
f 6637 6638 6639
f 6640 6641 6642
f 6643 6644 6645
f 6646 6647 6648
f 6649 6650 6651
f 6652 6653 6654
f 6655 6656 6657
f 6658 6659 6660
f 6661 6662 6663
f 6664 6665 6666
f 6667 6668 6669
f 6670 6671 6672
f 6673 6674 6675
f 6676 6677 6678
f 6679 6680 6681
f 6682 6683 6684
f 6685 6686 6687
f 6688 6689 6690
f 6691 6692 6693
f 6694 6695 6696
f 6697 6698 6699
f 6700 6701 6702
f 6703 6704 6705
f 6706 6707 6708
f 6709 6710 6711
f 6712 6713 6714
f 6715 6716 6717
f 6718 6719 6720
f 6721 6722 6723
f 6724 6725 6726
f 6727 6728 6729
f 6730 6731 6732
f 6733 6734 6735
f 6736 6737 6738
f 6739 6740 6741
f 6742 6743 6744
f 6745 6746 6747
f 6748 6749 6750
f 6751 6752 6753
f 6754 6755 6756
f 6757 6758 6759
f 6760 6761 6762
f 6763 6764 6765
f 6766 6767 6768
f 6769 6770 6771
f 6772 6773 6774
f 6775 6776 6777
f 6778 6779 6780
f 6781 6782 6783
f 6784 6785 6786
f 6787 6788 6789
f 6790 6791 6792
f 6793 6794 6795
f 6796 6797 6798
f 6799 6800 6801
f 6802 6803 6804
f 6805 6806 6807
f 6808 6809 6810
f 6811 6812 6813
f 6814 6815 6816
f 6817 6818 6819
f 6820 6821 6822
f 6823 6824 6825
f 6826 6827 6828
f 6829 6830 6831
f 6832 6833 6834
f 6835 6836 6837
f 6838 6839 6840
f 6841 6842 6843
f 6844 6845 6846
f 6847 6848 6849
f 6850 6851 6852
f 6853 6854 6855
f 6856 6857 6858
f 6859 6860 6861
f 6862 6863 6864
f 6865 6866 6867
f 6868 6869 6870
f 6871 6872 6873
f 6874 6875 6876
f 6877 6878 6879
f 6880 6881 6882
f 6883 6884 6885
f 6886 6887 6888
f 6889 6890 6891
f 6892 6893 6894
f 6895 6896 6897
f 6898 6899 6900
f 6901 6902 6903
f 6904 6905 6906
f 6907 6908 6909
f 6910 6911 6912
f 6913 6914 6915
f 6916 6917 6918
f 6919 6920 6921
f 6922 6923 6924
f 6925 6926 6927
f 6928 6929 6930
f 6931 6932 6933
f 6934 6935 6936
f 6937 6938 6939
f 6940 6941 6942
f 6943 6944 6945
f 6946 6947 6948
f 6949 6950 6951
f 6952 6953 6954
f 6955 6956 6957
f 6958 6959 6960
f 6961 6962 6963
f 6964 6965 6966
f 6967 6968 6969
f 6970 6971 6972
f 6973 6974 6975
f 6976 6977 6978
f 6979 6980 6981
f 6982 6983 6984
f 6985 6986 6987
f 6988 6989 6990
f 6991 6992 6993
f 6994 6995 6996
f 6997 6998 6999
f 7000 7001 7002
f 7003 7004 7005
f 7006 7007 7008
f 7009 7010 7011
f 7012 7013 7014
f 7015 7016 7017
f 7018 7019 7020
f 7021 7022 7023
f 7024 7025 7026
f 7027 7028 7029
f 7030 7031 7032
f 7033 7034 7035
f 7036 7037 7038
f 7039 7040 7041
f 7042 7043 7044
f 7045 7046 7047
f 7048 7049 7050
f 7051 7052 7053
f 7054 7055 7056
f 7057 7058 7059
f 7060 7061 7062
f 7063 7064 7065
f 7066 7067 7068
f 7069 7070 7071
f 7072 7073 7074
f 7075 7076 7077
f 7078 7079 7080
f 7081 7082 7083
f 7084 7085 7086
f 7087 7088 7089
f 7090 7091 7092
f 7093 7094 7095
f 7096 7097 7098
f 7099 7100 7101
f 7102 7103 7104
f 7105 7106 7107
f 7108 7109 7110
f 7111 7112 7113
f 7114 7115 7116
f 7117 7118 7119
f 7120 7121 7122
f 7123 7124 7125
f 7126 7127 7128
f 7129 7130 7131
f 7132 7133 7134
f 7135 7136 7137
f 7138 7139 7140
f 7141 7142 7143
f 7144 7145 7146
f 7147 7148 7149
f 7150 7151 7152
f 7153 7154 7155
f 7156 7157 7158
f 7159 7160 7161
f 7162 7163 7164
f 7165 7166 7167
f 7168 7169 7170
f 7171 7172 7173
f 7174 7175 7176
f 7177 7178 7179
f 7180 7181 7182
f 7183 7184 7185
f 7186 7187 7188
f 7189 7190 7191
f 7192 7193 7194
f 7195 7196 7197
f 7198 7199 7200
f 7201 7202 7203
f 7204 7205 7206
f 7207 7208 7209
f 7210 7211 7212
f 7213 7214 7215
f 7216 7217 7218
f 7219 7220 7221
f 7222 7223 7224
f 7225 7226 7227
f 7228 7229 7230
f 7231 7232 7233
f 7234 7235 7236
f 7237 7238 7239
f 7240 7241 7242
f 7243 7244 7245
f 7246 7247 7248
f 7249 7250 7251
f 7252 7253 7254
f 7255 7256 7257
f 7258 7259 7260
f 7261 7262 7263
f 7264 7265 7266
f 7267 7268 7269
f 7270 7271 7272
f 7273 7274 7275
f 7276 7277 7278
f 7279 7280 7281
f 7282 7283 7284
f 7285 7286 7287
f 7288 7289 7290
f 7291 7292 7293
f 7294 7295 7296
f 7297 7298 7299
f 7300 7301 7302
f 7303 7304 7305
f 7306 7307 7308
f 7309 7310 7311
f 7312 7313 7314
f 7315 7316 7317
f 7318 7319 7320
f 7321 7322 7323
f 7324 7325 7326
f 7327 7328 7329
f 7330 7331 7332
f 7333 7334 7335
f 7336 7337 7338
f 7339 7340 7341
f 7342 7343 7344
f 7345 7346 7347
f 7348 7349 7350
f 7351 7352 7353
f 7354 7355 7356
f 7357 7358 7359
f 7360 7361 7362
f 7363 7364 7365
f 7366 7367 7368
f 7369 7370 7371
f 7372 7373 7374
f 7375 7376 7377
f 7378 7379 7380
f 7381 7382 7383
f 7384 7385 7386
f 7387 7388 7389
f 7390 7391 7392
f 7393 7394 7395
f 7396 7397 7398
f 7399 7400 7401
f 7402 7403 7404
f 7405 7406 7407
f 7408 7409 7410
f 7411 7412 7413
f 7414 7415 7416
f 7417 7418 7419
f 7420 7421 7422
f 7423 7424 7425
f 7426 7427 7428
f 7429 7430 7431
f 7432 7433 7434
f 7435 7436 7437
f 7438 7439 7440
f 7441 7442 7443
f 7444 7445 7446
f 7447 7448 7449
f 7450 7451 7452
f 7453 7454 7455
f 7456 7457 7458
f 7459 7460 7461
f 7462 7463 7464
f 7465 7466 7467
f 7468 7469 7470
f 7471 7472 7473
f 7474 7475 7476
f 7477 7478 7479
f 7480 7481 7482
f 7483 7484 7485
f 7486 7487 7488
f 7489 7490 7491
f 7492 7493 7494
f 7495 7496 7497
f 7498 7499 7500
f 7501 7502 7503
f 7504 7505 7506
f 7507 7508 7509
f 7510 7511 7512
f 7513 7514 7515
f 7516 7517 7518
f 7519 7520 7521
f 7522 7523 7524
f 7525 7526 7527
f 7528 7529 7530
f 7531 7532 7533
f 7534 7535 7536
f 7537 7538 7539
f 7540 7541 7542
f 7543 7544 7545
f 7546 7547 7548
f 7549 7550 7551
f 7552 7553 7554
f 7555 7556 7557
f 7558 7559 7560
f 7561 7562 7563
f 7564 7565 7566
f 7567 7568 7569
f 7570 7571 7572
f 7573 7574 7575
f 7576 7577 7578
f 7579 7580 7581
f 7582 7583 7584
f 7585 7586 7587
f 7588 7589 7590
f 7591 7592 7593
f 7594 7595 7596
f 7597 7598 7599
f 7600 7601 7602
f 7603 7604 7605
f 7606 7607 7608
f 7609 7610 7611
f 7612 7613 7614
f 7615 7616 7617
f 7618 7619 7620
f 7621 7622 7623
f 7624 7625 7626
f 7627 7628 7629
f 7630 7631 7632
f 7633 7634 7635
f 7636 7637 7638
f 7639 7640 7641
f 7642 7643 7644
f 7645 7646 7647
f 7648 7649 7650
f 7651 7652 7653
f 7654 7655 7656
f 7657 7658 7659
f 7660 7661 7662
f 7663 7664 7665
f 7666 7667 7668
f 7669 7670 7671
f 7672 7673 7674
f 7675 7676 7677
f 7678 7679 7680
f 7681 7682 7683
f 7684 7685 7686
f 7687 7688 7689
f 7690 7691 7692
f 7693 7694 7695
f 7696 7697 7698
f 7699 7700 7701
f 7702 7703 7704
f 7705 7706 7707
f 7708 7709 7710
f 7711 7712 7713
f 7714 7715 7716
f 7717 7718 7719
f 7720 7721 7722
f 7723 7724 7725
f 7726 7727 7728
f 7729 7730 7731
f 7732 7733 7734
f 7735 7736 7737
f 7738 7739 7740
f 7741 7742 7743
f 7744 7745 7746
f 7747 7748 7749
f 7750 7751 7752
f 7753 7754 7755
f 7756 7757 7758
f 7759 7760 7761
f 7762 7763 7764
f 7765 7766 7767
f 7768 7769 7770
f 7771 7772 7773
f 7774 7775 7776
f 7777 7778 7779
f 7780 7781 7782
f 7783 7784 7785
f 7786 7787 7788
f 7789 7790 7791
f 7792 7793 7794
f 7795 7796 7797
f 7798 7799 7800
f 7801 7802 7803
f 7804 7805 7806
f 7807 7808 7809
f 7810 7811 7812
f 7813 7814 7815
f 7816 7817 7818
f 7819 7820 7821
f 7822 7823 7824
f 7825 7826 7827
f 7828 7829 7830
f 7831 7832 7833
f 7834 7835 7836
f 7837 7838 7839
f 7840 7841 7842
f 7843 7844 7845
f 7846 7847 7848
f 7849 7850 7851
f 7852 7853 7854
f 7855 7856 7857
f 7858 7859 7860
f 7861 7862 7863
f 7864 7865 7866
f 7867 7868 7869
f 7870 7871 7872
f 7873 7874 7875
f 7876 7877 7878
f 7879 7880 7881
f 7882 7883 7884
f 7885 7886 7887
f 7888 7889 7890
f 7891 7892 7893
f 7894 7895 7896
f 7897 7898 7899
f 7900 7901 7902
f 7903 7904 7905
f 7906 7907 7908
f 7909 7910 7911
f 7912 7913 7914
f 7915 7916 7917
f 7918 7919 7920
f 7921 7922 7923
f 7924 7925 7926
f 7927 7928 7929
f 7930 7931 7932
f 7933 7934 7935
f 7936 7937 7938
f 7939 7940 7941
f 7942 7943 7944
f 7945 7946 7947
f 7948 7949 7950
f 7951 7952 7953
f 7954 7955 7956
f 7957 7958 7959
f 7960 7961 7962
f 7963 7964 7965
f 7966 7967 7968
f 7969 7970 7971
f 7972 7973 7974
f 7975 7976 7977
f 7978 7979 7980
f 7981 7982 7983
f 7984 7985 7986
f 7987 7988 7989
f 7990 7991 7992
f 7993 7994 7995
f 7996 7997 7998
f 7999 8000 8001
f 8002 8003 8004
f 8005 8006 8007
f 8008 8009 8010
f 8011 8012 8013
f 8014 8015 8016
f 8017 8018 8019
f 8020 8021 8022
f 8023 8024 8025
f 8026 8027 8028
f 8029 8030 8031
f 8032 8033 8034
f 8035 8036 8037
f 8038 8039 8040
f 8041 8042 8043
f 8044 8045 8046
f 8047 8048 8049
f 8050 8051 8052
f 8053 8054 8055
f 8056 8057 8058
f 8059 8060 8061
f 8062 8063 8064
f 8065 8066 8067
f 8068 8069 8070
f 8071 8072 8073
f 8074 8075 8076
f 8077 8078 8079
f 8080 8081 8082
f 8083 8084 8085
f 8086 8087 8088
f 8089 8090 8091
f 8092 8093 8094
f 8095 8096 8097
f 8098 8099 8100
f 8101 8102 8103
f 8104 8105 8106
f 8107 8108 8109
f 8110 8111 8112
f 8113 8114 8115
f 8116 8117 8118
f 8119 8120 8121
f 8122 8123 8124
f 8125 8126 8127
f 8128 8129 8130
f 8131 8132 8133
f 8134 8135 8136
f 8137 8138 8139
f 8140 8141 8142
f 8143 8144 8145
f 8146 8147 8148
f 8149 8150 8151
f 8152 8153 8154
f 8155 8156 8157
f 8158 8159 8160
f 8161 8162 8163
f 8164 8165 8166
f 8167 8168 8169
f 8170 8171 8172
f 8173 8174 8175
f 8176 8177 8178
f 8179 8180 8181
f 8182 8183 8184
f 8185 8186 8187
f 8188 8189 8190
f 8191 8192 8193
f 8194 8195 8196
f 8197 8198 8199
f 8200 8201 8202
f 8203 8204 8205
f 8206 8207 8208
f 8209 8210 8211
f 8212 8213 8214
f 8215 8216 8217
f 8218 8219 8220
f 8221 8222 8223
f 8224 8225 8226
f 8227 8228 8229
f 8230 8231 8232
f 8233 8234 8235
f 8236 8237 8238
f 8239 8240 8241
f 8242 8243 8244
f 8245 8246 8247
f 8248 8249 8250
f 8251 8252 8253
f 8254 8255 8256
f 8257 8258 8259
f 8260 8261 8262
f 8263 8264 8265
f 8266 8267 8268
f 8269 8270 8271
f 8272 8273 8274
f 8275 8276 8277
f 8278 8279 8280
f 8281 8282 8283
f 8284 8285 8286
f 8287 8288 8289
f 8290 8291 8292
f 8293 8294 8295
f 8296 8297 8298
f 8299 8300 8301
f 8302 8303 8304
f 8305 8306 8307
f 8308 8309 8310
f 8311 8312 8313
f 8314 8315 8316
f 8317 8318 8319
f 8320 8321 8322
f 8323 8324 8325
f 8326 8327 8328
f 8329 8330 8331
f 8332 8333 8334
f 8335 8336 8337
f 8338 8339 8340
f 8341 8342 8343
f 8344 8345 8346
f 8347 8348 8349
f 8350 8351 8352
f 8353 8354 8355
f 8356 8357 8358
f 8359 8360 8361
f 8362 8363 8364
f 8365 8366 8367
f 8368 8369 8370
f 8371 8372 8373
f 8374 8375 8376
f 8377 8378 8379
f 8380 8381 8382
f 8383 8384 8385
f 8386 8387 8388
f 8389 8390 8391
f 8392 8393 8394
f 8395 8396 8397
f 8398 8399 8400
f 8401 8402 8403
f 8404 8405 8406
f 8407 8408 8409
f 8410 8411 8412
f 8413 8414 8415
f 8416 8417 8418
f 8419 8420 8421
f 8422 8423 8424
f 8425 8426 8427
f 8428 8429 8430
f 8431 8432 8433
f 8434 8435 8436
f 8437 8438 8439
f 8440 8441 8442
f 8443 8444 8445
f 8446 8447 8448
f 8449 8450 8451
f 8452 8453 8454
f 8455 8456 8457
f 8458 8459 8460
f 8461 8462 8463
f 8464 8465 8466
f 8467 8468 8469
f 8470 8471 8472
f 8473 8474 8475
f 8476 8477 8478
f 8479 8480 8481
f 8482 8483 8484
f 8485 8486 8487
f 8488 8489 8490
f 8491 8492 8493
f 8494 8495 8496
f 8497 8498 8499
f 8500 8501 8502
f 8503 8504 8505
f 8506 8507 8508
f 8509 8510 8511
f 8512 8513 8514
f 8515 8516 8517
f 8518 8519 8520
f 8521 8522 8523
f 8524 8525 8526
f 8527 8528 8529
f 8530 8531 8532
f 8533 8534 8535
f 8536 8537 8538
f 8539 8540 8541
f 8542 8543 8544
f 8545 8546 8547
f 8548 8549 8550
f 8551 8552 8553
f 8554 8555 8556
f 8557 8558 8559
f 8560 8561 8562
f 8563 8564 8565
f 8566 8567 8568
f 8569 8570 8571
f 8572 8573 8574
f 8575 8576 8577
f 8578 8579 8580
f 8581 8582 8583
f 8584 8585 8586
f 8587 8588 8589
f 8590 8591 8592
f 8593 8594 8595
f 8596 8597 8598
f 8599 8600 8601
f 8602 8603 8604
f 8605 8606 8607
f 8608 8609 8610
f 8611 8612 8613
f 8614 8615 8616
f 8617 8618 8619
f 8620 8621 8622
f 8623 8624 8625
f 8626 8627 8628
f 8629 8630 8631
f 8632 8633 8634
f 8635 8636 8637
f 8638 8639 8640
f 8641 8642 8643
f 8644 8645 8646
f 8647 8648 8649
f 8650 8651 8652
f 8653 8654 8655
f 8656 8657 8658
f 8659 8660 8661
f 8662 8663 8664
f 8665 8666 8667
f 8668 8669 8670
f 8671 8672 8673
f 8674 8675 8676
f 8677 8678 8679
f 8680 8681 8682
f 8683 8684 8685
f 8686 8687 8688
f 8689 8690 8691
f 8692 8693 8694
f 8695 8696 8697
f 8698 8699 8700
f 8701 8702 8703
f 8704 8705 8706
f 8707 8708 8709
f 8710 8711 8712
f 8713 8714 8715
f 8716 8717 8718
f 8719 8720 8721
f 8722 8723 8724
f 8725 8726 8727
f 8728 8729 8730
f 8731 8732 8733
f 8734 8735 8736
f 8737 8738 8739
f 8740 8741 8742
f 8743 8744 8745
f 8746 8747 8748
f 8749 8750 8751
f 8752 8753 8754
f 8755 8756 8757
f 8758 8759 8760
f 8761 8762 8763
f 8764 8765 8766
f 8767 8768 8769
f 8770 8771 8772
f 8773 8774 8775
f 8776 8777 8778
f 8779 8780 8781
f 8782 8783 8784
f 8785 8786 8787
f 8788 8789 8790
f 8791 8792 8793
f 8794 8795 8796
f 8797 8798 8799
f 8800 8801 8802
f 8803 8804 8805
f 8806 8807 8808
f 8809 8810 8811
f 8812 8813 8814
f 8815 8816 8817
f 8818 8819 8820
f 8821 8822 8823
f 8824 8825 8826
f 8827 8828 8829
f 8830 8831 8832
f 8833 8834 8835
f 8836 8837 8838
f 8839 8840 8841
f 8842 8843 8844
f 8845 8846 8847
f 8848 8849 8850
f 8851 8852 8853
f 8854 8855 8856
f 8857 8858 8859
f 8860 8861 8862
f 8863 8864 8865
f 8866 8867 8868
f 8869 8870 8871
f 8872 8873 8874
f 8875 8876 8877
f 8878 8879 8880
f 8881 8882 8883
f 8884 8885 8886
f 8887 8888 8889
f 8890 8891 8892
f 8893 8894 8895
f 8896 8897 8898
f 8899 8900 8901
f 8902 8903 8904
f 8905 8906 8907
f 8908 8909 8910
f 8911 8912 8913
f 8914 8915 8916
f 8917 8918 8919
f 8920 8921 8922
f 8923 8924 8925
f 8926 8927 8928
f 8929 8930 8931
f 8932 8933 8934
f 8935 8936 8937
f 8938 8939 8940
f 8941 8942 8943
f 8944 8945 8946
f 8947 8948 8949
f 8950 8951 8952
f 8953 8954 8955
f 8956 8957 8958
f 8959 8960 8961
f 8962 8963 8964
f 8965 8966 8967
f 8968 8969 8970
f 8971 8972 8973
f 8974 8975 8976
f 8977 8978 8979
f 8980 8981 8982
f 8983 8984 8985
f 8986 8987 8988
f 8989 8990 8991
f 8992 8993 8994
f 8995 8996 8997
f 8998 8999 9000
f 9001 9002 9003
f 9004 9005 9006
f 9007 9008 9009
f 9010 9011 9012
f 9013 9014 9015
f 9016 9017 9018
f 9019 9020 9021
f 9022 9023 9024
f 9025 9026 9027
f 9028 9029 9030
f 9031 9032 9033
f 9034 9035 9036
f 9037 9038 9039
f 9040 9041 9042
f 9043 9044 9045
f 9046 9047 9048
f 9049 9050 9051
f 9052 9053 9054
f 9055 9056 9057
f 9058 9059 9060
f 9061 9062 9063
f 9064 9065 9066
f 9067 9068 9069
f 9070 9071 9072
f 9073 9074 9075
f 9076 9077 9078
f 9079 9080 9081
f 9082 9083 9084
f 9085 9086 9087
f 9088 9089 9090
f 9091 9092 9093
f 9094 9095 9096
f 9097 9098 9099
f 9100 9101 9102
f 9103 9104 9105
f 9106 9107 9108
f 9109 9110 9111
f 9112 9113 9114
f 9115 9116 9117
f 9118 9119 9120
f 9121 9122 9123
f 9124 9125 9126
f 9127 9128 9129
f 9130 9131 9132
f 9133 9134 9135
f 9136 9137 9138
f 9139 9140 9141
f 9142 9143 9144
f 9145 9146 9147
f 9148 9149 9150
f 9151 9152 9153
f 9154 9155 9156
f 9157 9158 9159
f 9160 9161 9162
f 9163 9164 9165
f 9166 9167 9168
f 9169 9170 9171
f 9172 9173 9174
f 9175 9176 9177
f 9178 9179 9180
f 9181 9182 9183
f 9184 9185 9186
f 9187 9188 9189
f 9190 9191 9192
f 9193 9194 9195
f 9196 9197 9198
f 9199 9200 9201
f 9202 9203 9204
f 9205 9206 9207
f 9208 9209 9210
f 9211 9212 9213
f 9214 9215 9216
f 9217 9218 9219
f 9220 9221 9222
f 9223 9224 9225
f 9226 9227 9228
f 9229 9230 9231
f 9232 9233 9234
f 9235 9236 9237
f 9238 9239 9240
f 9241 9242 9243
f 9244 9245 9246
f 9247 9248 9249
f 9250 9251 9252
f 9253 9254 9255
f 9256 9257 9258
f 9259 9260 9261
f 9262 9263 9264
f 9265 9266 9267
f 9268 9269 9270
f 9271 9272 9273
f 9274 9275 9276
f 9277 9278 9279
f 9280 9281 9282
f 9283 9284 9285
f 9286 9287 9288
f 9289 9290 9291
f 9292 9293 9294
f 9295 9296 9297
f 9298 9299 9300
f 9301 9302 9303
f 9304 9305 9306
f 9307 9308 9309
f 9310 9311 9312
f 9313 9314 9315
f 9316 9317 9318
f 9319 9320 9321
f 9322 9323 9324
f 9325 9326 9327
f 9328 9329 9330
f 9331 9332 9333
f 9334 9335 9336
f 9337 9338 9339
f 9340 9341 9342
f 9343 9344 9345
f 9346 9347 9348
f 9349 9350 9351
f 9352 9353 9354
f 9355 9356 9357
f 9358 9359 9360
f 9361 9362 9363
f 9364 9365 9366
f 9367 9368 9369
f 9370 9371 9372
f 9373 9374 9375
f 9376 9377 9378
f 9379 9380 9381
f 9382 9383 9384
f 9385 9386 9387
f 9388 9389 9390
f 9391 9392 9393
f 9394 9395 9396
f 9397 9398 9399
f 9400 9401 9402
f 9403 9404 9405
f 9406 9407 9408
f 9409 9410 9411
f 9412 9413 9414
f 9415 9416 9417
f 9418 9419 9420
f 9421 9422 9423
f 9424 9425 9426
f 9427 9428 9429
f 9430 9431 9432
f 9433 9434 9435
f 9436 9437 9438
f 9439 9440 9441
f 9442 9443 9444
f 9445 9446 9447
f 9448 9449 9450
f 9451 9452 9453
f 9454 9455 9456
f 9457 9458 9459
f 9460 9461 9462
f 9463 9464 9465
f 9466 9467 9468
f 9469 9470 9471
f 9472 9473 9474
f 9475 9476 9477
f 9478 9479 9480
f 9481 9482 9483
f 9484 9485 9486
f 9487 9488 9489
f 9490 9491 9492
f 9493 9494 9495
f 9496 9497 9498
f 9499 9500 9501
f 9502 9503 9504
f 9505 9506 9507
f 9508 9509 9510
f 9511 9512 9513
f 9514 9515 9516
f 9517 9518 9519
f 9520 9521 9522
f 9523 9524 9525
f 9526 9527 9528
f 9529 9530 9531
f 9532 9533 9534
f 9535 9536 9537
f 9538 9539 9540
f 9541 9542 9543
f 9544 9545 9546
f 9547 9548 9549
f 9550 9551 9552
f 9553 9554 9555
f 9556 9557 9558
f 9559 9560 9561
f 9562 9563 9564
f 9565 9566 9567
f 9568 9569 9570
f 9571 9572 9573
f 9574 9575 9576
f 9577 9578 9579
f 9580 9581 9582
f 9583 9584 9585
f 9586 9587 9588
f 9589 9590 9591
f 9592 9593 9594
f 9595 9596 9597
f 9598 9599 9600
f 9601 9602 9603
f 9604 9605 9606
f 9607 9608 9609
f 9610 9611 9612
f 9613 9614 9615
f 9616 9617 9618
f 9619 9620 9621
f 9622 9623 9624
f 9625 9626 9627
f 9628 9629 9630
f 9631 9632 9633
f 9634 9635 9636
f 9637 9638 9639
f 9640 9641 9642
f 9643 9644 9645
f 9646 9647 9648
f 9649 9650 9651
f 9652 9653 9654
f 9655 9656 9657
f 9658 9659 9660
f 9661 9662 9663
f 9664 9665 9666
f 9667 9668 9669
f 9670 9671 9672
f 9673 9674 9675
f 9676 9677 9678
f 9679 9680 9681
f 9682 9683 9684
f 9685 9686 9687
f 9688 9689 9690
f 9691 9692 9693
f 9694 9695 9696
f 9697 9698 9699
f 9700 9701 9702
f 9703 9704 9705
f 9706 9707 9708
f 9709 9710 9711
f 9712 9713 9714
f 9715 9716 9717
f 9718 9719 9720
f 9721 9722 9723
f 9724 9725 9726
f 9727 9728 9729
f 9730 9731 9732
f 9733 9734 9735
f 9736 9737 9738
f 9739 9740 9741
f 9742 9743 9744
f 9745 9746 9747
f 9748 9749 9750
f 9751 9752 9753
f 9754 9755 9756
f 9757 9758 9759
f 9760 9761 9762
f 9763 9764 9765
f 9766 9767 9768
f 9769 9770 9771
f 9772 9773 9774
f 9775 9776 9777
f 9778 9779 9780
f 9781 9782 9783
f 9784 9785 9786
f 9787 9788 9789
f 9790 9791 9792
f 9793 9794 9795
f 9796 9797 9798
f 9799 9800 9801
f 9802 9803 9804
f 9805 9806 9807
f 9808 9809 9810
f 9811 9812 9813
f 9814 9815 9816
f 9817 9818 9819
f 9820 9821 9822
f 9823 9824 9825
f 9826 9827 9828
f 9829 9830 9831
f 9832 9833 9834
f 9835 9836 9837
f 9838 9839 9840
f 9841 9842 9843
f 9844 9845 9846
f 9847 9848 9849
f 9850 9851 9852
f 9853 9854 9855
f 9856 9857 9858
f 9859 9860 9861
f 9862 9863 9864
f 9865 9866 9867
f 9868 9869 9870
f 9871 9872 9873
f 9874 9875 9876
f 9877 9878 9879
f 9880 9881 9882
f 9883 9884 9885
f 9886 9887 9888
f 9889 9890 9891
f 9892 9893 9894
f 9895 9896 9897
f 9898 9899 9900
f 9901 9902 9903
f 9904 9905 9906
f 9907 9908 9909
f 9910 9911 9912
f 9913 9914 9915
f 9916 9917 9918
f 9919 9920 9921
f 9922 9923 9924
f 9925 9926 9927
f 9928 9929 9930
f 9931 9932 9933
f 9934 9935 9936
f 9937 9938 9939
f 9940 9941 9942
f 9943 9944 9945
f 9946 9947 9948
f 9949 9950 9951
f 9952 9953 9954
f 9955 9956 9957
f 9958 9959 9960
f 9961 9962 9963
f 9964 9965 9966
f 9967 9968 9969
f 9970 9971 9972
f 9973 9974 9975
f 9976 9977 9978
f 9979 9980 9981
f 9982 9983 9984
f 9985 9986 9987
f 9988 9989 9990
f 9991 9992 9993
f 9994 9995 9996
f 9997 9998 9999
f 10000 10001 10002
f 10003 10004 10005
f 10006 10007 10008
f 10009 10010 10011
f 10012 10013 10014
f 10015 10016 10017
f 10018 10019 10020
f 10021 10022 10023
f 10024 10025 10026
f 10027 10028 10029
f 10030 10031 10032
f 10033 10034 10035
f 10036 10037 10038
f 10039 10040 10041
f 10042 10043 10044
f 10045 10046 10047
f 10048 10049 10050
f 10051 10052 10053
f 10054 10055 10056
f 10057 10058 10059
f 10060 10061 10062
f 10063 10064 10065
f 10066 10067 10068
f 10069 10070 10071
f 10072 10073 10074
f 10075 10076 10077
f 10078 10079 10080
f 10081 10082 10083
f 10084 10085 10086
f 10087 10088 10089
f 10090 10091 10092
f 10093 10094 10095
f 10096 10097 10098
f 10099 10100 10101
f 10102 10103 10104
f 10105 10106 10107
f 10108 10109 10110
f 10111 10112 10113
f 10114 10115 10116
f 10117 10118 10119
f 10120 10121 10122
f 10123 10124 10125
f 10126 10127 10128
f 10129 10130 10131
f 10132 10133 10134
f 10135 10136 10137
f 10138 10139 10140
f 10141 10142 10143
f 10144 10145 10146
f 10147 10148 10149
f 10150 10151 10152
f 10153 10154 10155
f 10156 10157 10158
f 10159 10160 10161
f 10162 10163 10164
f 10165 10166 10167
f 10168 10169 10170
f 10171 10172 10173
f 10174 10175 10176
f 10177 10178 10179
f 10180 10181 10182
f 10183 10184 10185
f 10186 10187 10188
f 10189 10190 10191
f 10192 10193 10194
f 10195 10196 10197
f 10198 10199 10200
f 10201 10202 10203
f 10204 10205 10206
f 10207 10208 10209
f 10210 10211 10212
f 10213 10214 10215
f 10216 10217 10218
f 10219 10220 10221
f 10222 10223 10224
f 10225 10226 10227
f 10228 10229 10230
f 10231 10232 10233
f 10234 10235 10236
f 10237 10238 10239
f 10240 10241 10242
f 10243 10244 10245
f 10246 10247 10248
f 10249 10250 10251
f 10252 10253 10254
f 10255 10256 10257
f 10258 10259 10260
f 10261 10262 10263
f 10264 10265 10266
f 10267 10268 10269
f 10270 10271 10272
f 10273 10274 10275
f 10276 10277 10278
f 10279 10280 10281
f 10282 10283 10284
f 10285 10286 10287
f 10288 10289 10290
f 10291 10292 10293
f 10294 10295 10296
f 10297 10298 10299
f 10300 10301 10302
