mtllib elfin10_l_elfin_link3_visuals_elfin_link3_node_STL_BINARY__mesh.mtl
v 0.019538788124918938 0.03026346117258072 0.07324035465717316
v 0.01834523119032383 0.031144773587584496 0.07313592731952667
v 0.034014977514743805 -0.0014094545040279627 0.07450685650110245
v -0.030366001650691032 -0.025246592238545418 0.06887426227331161
v -0.028755053877830505 -0.026895573362708092 0.06901519745588303
v -0.027989791706204414 0.027614444494247437 0.06908214837312698
v -0.02792191505432129 -0.027676356956362724 0.06908808648586273
v -0.02426798827946186 0.03061896190047264 0.06940776109695435
v -0.028755053877830505 -0.026895573362708092 0.06901519745588303
v -0.028755053877830505 -0.026895573362708092 0.06901519745588303
v -0.02426798827946186 0.03061896190047264 0.06940776109695435
v -0.02488689310848713 0.030169986188411713 0.0693536177277565
v -0.028755053877830505 -0.026895573362708092 0.06901519745588303
v -0.02488689310848713 0.030169986188411713 0.0693536177277565
v -0.027989791706204414 0.027614444494247437 0.06908214837312698
v 0.03277178108692169 -0.010016702115535736 0.07439809292554855
v 0.03353003412485123 -0.006388167385011911 0.07446442544460297
v 0.01834523119032383 0.031144773587584496 0.07313592731952667
v 0.01834523119032383 0.031144773587584496 0.07313592731952667
v 0.03353003412485123 -0.006388167385011911 0.07446442544460297
v 0.033731523901224136 -0.004977259319275618 0.07448205351829529
v 0.01834523119032383 0.031144773587584496 0.07313592731952667
v 0.033731523901224136 -0.004977259319275618 0.07448205351829529
v 0.034014977514743805 -0.0014094545040279627 0.07450685650110245
v 0.017853770405054092 -0.03148637339472771 0.07309293746948242
v -0.013134404085576534 0.03611040115356445 0.07038182020187378
v -0.015138044022023678 0.0354359894990921 0.07020653039216995
v -0.005313613917678595 0.0376206710934639 0.07106605172157288
v -0.008167874068021774 0.03726998344063759 0.07081633806228638
v 0.017853770405054092 -0.03148637339472771 0.07309293746948242
v 0.017853770405054092 -0.03148637339472771 0.07309293746948242
v -0.008167874068021774 0.03726998344063759 0.07081633806228638
v -0.010284234769642353 0.03686222806572914 0.07063117623329163
v 0.017853770405054092 -0.03148637339472771 0.07309293746948242
v -0.010284234769642353 0.03686222806572914 0.07063117623329163
v -0.013134404085576534 0.03611040115356445 0.07038182020187378
v -0.015138044022023678 0.0354359894990921 0.07020653039216995
v -0.01984190009534359 0.03334261476993561 0.06979499012231827
v 0.017853770405054092 -0.03148637339472771 0.07309293746948242
v 0.017853770405054092 -0.03148637339472771 0.07309293746948242
v -0.01984190009534359 0.03334261476993561 0.06979499012231827
v -0.023056412115693092 0.031446486711502075 0.06951376050710678
v 0.017853770405054092 -0.03148637339472771 0.07309293746948242
v -0.023056412115693092 0.031446486711502075 0.06951376050710678
v -0.02426798827946186 0.03061896190047264 0.06940776109695435
v 0.033696241676807404 0.005251314491033554 0.07447896897792816
v 0.025692230090498924 0.024227142333984375 0.07377871125936508
v 0.034039344638586044 -2.7785303245764226e-05 0.07450897991657257
v 0.034039344638586044 -2.7785303245764226e-05 0.07450897991657257
v 0.025692230090498924 0.024227142333984375 0.07377871125936508
v 0.024854985997080803 0.025232499465346336 0.07370545715093613
v 0.034039344638586044 -2.7785303245764226e-05 0.07450897991657257
v 0.024854985997080803 0.025232499465346336 0.07370545715093613
v 0.034014977514743805 -0.0014094545040279627 0.07450685650110245
v 0.034014977514743805 -0.0014094545040279627 0.07450685650110245
v 0.024854985997080803 0.025232499465346336 0.07370545715093613
v 0.02225121669471264 0.02795085869729519 0.07347765564918518
v 0.034014977514743805 -0.0014094545040279627 0.07450685650110245
v 0.02225121669471264 0.02795085869729519 0.07347765564918518
v 0.019538788124918938 0.03026346117258072 0.07324035465717316
v -0.037054382264614105 -0.015164943411946297 0.06828910112380981
v -0.027989791706204414 0.027614444494247437 0.06908214837312698
v -0.028323283419013023 0.027305953204631805 0.06905297189950943
v -0.037054382264614105 -0.015164943411946297 0.06828910112380981
v -0.03514532744884491 -0.018826551735401154 0.06845612078905106
v -0.027989791706204414 0.027614444494247437 0.06908214837312698
v -0.027989791706204414 0.027614444494247437 0.06908214837312698
v -0.03514532744884491 -0.018826551735401154 0.06845612078905106
v -0.03223031386733055 -0.023064101114869118 0.06871115416288376
v -0.027989791706204414 0.027614444494247437 0.06908214837312698
v -0.03223031386733055 -0.023064101114869118 0.06871115416288376
v -0.030366001650691032 -0.025246592238545418 0.06887426227331161
v -0.02792191505432129 -0.027676356956362724 0.06908808648586273
v -0.0248111505061388 -0.030225981026887894 0.06936024874448776
v -0.02426798827946186 0.03061896190047264 0.06940776109695435
v -0.02426798827946186 0.03061896190047264 0.06940776109695435
v -0.0248111505061388 -0.030225981026887894 0.06936024874448776
v -0.022965412586927414 -0.03150606527924538 0.06952172517776489
v -0.02426798827946186 0.03061896190047264 0.06940776109695435
v -0.022965412586927414 -0.03150606527924538 0.06952172517776489
v -0.020409824326634407 -0.03303718566894531 0.06974530965089798
v 0.01834523119032383 0.031144773587584496 0.07313592731952667
v 0.026714658364653587 -0.022890659049153328 0.07386816293001175
v 0.02820456586778164 -0.020686788484454155 0.07399851083755493
v 0.033696241676807404 0.005251314491033554 0.07447896897792816
v 0.03265656158328056 0.010453230701386929 0.07438800483942032
v 0.025692230090498924 0.024227142333984375 0.07377871125936508
v 0.025692230090498924 0.024227142333984375 0.07377871125936508
v 0.03265656158328056 0.010453230701386929 0.07438800483942032
v 0.030947988852858543 0.015406398102641106 0.07423852384090424
v 0.025692230090498924 0.024227142333984375 0.07377871125936508
v 0.030947988852858543 0.015406398102641106 0.07423852384090424
v 0.02860959619283676 0.020024050027132034 0.0740339457988739
v -0.028323283419013023 0.027305953204631805 0.06905297189950943
v -0.031873639672994614 0.023508163169026375 0.06874235719442368
v -0.037054382264614105 -0.015164943411946297 0.06828910112380981
v -0.037054382264614105 -0.015164943411946297 0.06828910112380981
v -0.031873639672994614 0.023508163169026375 0.06874235719442368
v -0.03298613801598549 0.022077113389968872 0.06864502280950546
v -0.037054382264614105 -0.015164943411946297 0.06828910112380981
v -0.03298613801598549 0.022077113389968872 0.06864502280950546
v -0.03487951308488846 0.019268175587058067 0.06847937405109406
v -0.03487951308488846 0.019268175587058067 0.06847937405109406
v -0.037270013242959976 0.014679653570055962 0.0682702362537384
v -0.037054382264614105 -0.015164943411946297 0.06828910112380981
v -0.037054382264614105 -0.015164943411946297 0.06828910112380981
v -0.037270013242959976 0.014679653570055962 0.0682702362537384
v -0.03793898969888687 0.01304326206445694 0.06821170449256897
v -0.037054382264614105 -0.015164943411946297 0.06828910112380981
v -0.03793898969888687 0.01304326206445694 0.06821170449256897
v -0.03742145746946335 -0.014328517019748688 0.06825698912143707
v -0.03742145746946335 -0.014328517019748688 0.06825698912143707
v -0.03793898969888687 0.01304326206445694 0.06821170449256897
v -0.038982778787612915 0.009890330024063587 0.06812039017677307
v -0.020409824326634407 -0.03303718566894531 0.06974530965089798
v -0.017994029447436333 -0.03425426408648491 0.06995666772127151
v -0.02426798827946186 0.03061896190047264 0.06940776109695435
v -0.02426798827946186 0.03061896190047264 0.06940776109695435
v -0.017994029447436333 -0.03425426408648491 0.06995666772127151
v -0.015670226886868477 -0.03523559123277664 0.07015997171401978
v -0.02426798827946186 0.03061896190047264 0.06940776109695435
v -0.015670226886868477 -0.03523559123277664 0.07015997171401978
v -0.013022287748754025 -0.03614434227347374 0.07039164006710052
v -0.013022287748754025 -0.03614434227347374 0.07039164006710052
v -0.010707966983318329 -0.03676550090312958 0.07059410959482193
v -0.02426798827946186 0.03061896190047264 0.06940776109695435
v -0.02426798827946186 0.03061896190047264 0.06940776109695435
v -0.010707966983318329 -0.03676550090312958 0.07059410959482193
v -0.008050987496972084 -0.03728917986154556 0.07082656770944595
v -0.02426798827946186 0.03061896190047264 0.06940776109695435
v -0.008050987496972084 -0.03728917986154556 0.07082656770944595
v -0.0056232186034321785 -0.03759366273880005 0.07103896886110306
v 0.01961655542254448 -0.03020377829670906 0.07324715703725815
v 0.021771490573883057 -0.028395066037774086 0.0734356939792633
v 0.01834523119032383 0.031144773587584496 0.07313592731952667
v 0.01834523119032383 0.031144773587584496 0.07313592731952667
v 0.021771490573883057 -0.028395066037774086 0.0734356939792633
v 0.025244614109396935 -0.02477327734231949 0.07373955100774765
v 0.01834523119032383 0.031144773587584496 0.07313592731952667
v 0.025244614109396935 -0.02477327734231949 0.07373955100774765
v 0.026714658364653587 -0.022890659049153328 0.07386816293001175
v 0.02820456586778164 -0.020686788484454155 0.07399851083755493
v 0.03059552237391472 -0.016214445233345032 0.07420769333839417
v 0.01834523119032383 0.031144773587584496 0.07313592731952667
v 0.01834523119032383 0.031144773587584496 0.07313592731952667
v 0.03059552237391472 -0.016214445233345032 0.07420769333839417
v 0.03237515315413475 -0.011440342292189598 0.07436338812112808
v 0.01834523119032383 0.031144773587584496 0.07313592731952667
v 0.03237515315413475 -0.011440342292189598 0.07436338812112808
v 0.03277178108692169 -0.010016702115535736 0.07439809292554855
v 0.004616973455995321 0.03705093264579773 0.07193486392498016
v 0.0017709152307361364 0.03750128671526909 0.07168586552143097
v 0.017853770405054092 -0.03148637339472771 0.07309293746948242
v 0.0017709152307361364 0.03750128671526909 0.07168586552143097
v -0.00033983035245910287 0.03768526762723923 0.07150120288133621
v 0.017853770405054092 -0.03148637339472771 0.07309293746948242
v 0.017853770405054092 -0.03148637339472771 0.07309293746948242
v -0.00033983035245910287 0.03768526762723923 0.07150120288133621
v -0.0031992143485695124 0.037733063101768494 0.0712510347366333
v 0.017853770405054092 -0.03148637339472771 0.07309293746948242
v -0.0031992143485695124 0.037733063101768494 0.0712510347366333
v -0.005313613917678595 0.0376206710934639 0.07106605172157288
v -0.038982778787612915 0.009890330024063587 0.06812039017677307
v -0.04002486169338226 0.004891430493444204 0.06802921742200851
v -0.04035775363445282 1.4944750546419527e-05 0.06800009310245514
v 0.0018899082206189632 -0.03748708590865135 0.07169628143310547
v 0.004395083989948034 -0.03709465265274048 0.07191545516252518
v -0.02426798827946186 0.03061896190047264 0.06940776109695435
v -0.02426798827946186 0.03061896190047264 0.06940776109695435
v 0.004395083989948034 -0.03709465265274048 0.07191545516252518
v 0.006857622414827347 -0.03652968257665634 0.07213090360164642
v -0.02426798827946186 0.03061896190047264 0.06940776109695435
v 0.006857622414827347 -0.03652968257665634 0.07213090360164642
v 0.009193806909024715 -0.035820286720991135 0.07233528792858124
v 0.009193806909024715 -0.035820286720991135 0.07233528792858124
v 0.013822540640830994 -0.03387007117271423 0.07274024933576584
v -0.02426798827946186 0.03061896190047264 0.06940776109695435
v -0.02426798827946186 0.03061896190047264 0.06940776109695435
v 0.013822540640830994 -0.03387007117271423 0.07274024933576584
v 0.01677514612674713 -0.03219487890601158 0.07299856841564178
v -0.02426798827946186 0.03061896190047264 0.06940776109695435
v 0.01677514612674713 -0.03219487890601158 0.07299856841564178
v 0.017853770405054092 -0.03148637339472771 0.07309293746948242
v -0.04035775363445282 1.4944750546419527e-05 0.06800009310245514
v -0.040012285113334656 -0.004980146419256926 0.06803032010793686
v -0.038982778787612915 0.009890330024063587 0.06812039017677307
v -0.038982778787612915 0.009890330024063587 0.06812039017677307
v -0.040012285113334656 -0.004980146419256926 0.06803032010793686
v -0.0389789417386055 -0.009905033744871616 0.06812072545289993
v -0.038982778787612915 0.009890330024063587 0.06812039017677307
v -0.0389789417386055 -0.009905033744871616 0.06812072545289993
v -0.03742145746946335 -0.014328517019748688 0.06825698912143707
v -0.0056232186034321785 -0.03759366273880005 0.07103896886110306
v -0.0030798602383583784 -0.03773525357246399 0.07126148790121078
v -0.02426798827946186 0.03061896190047264 0.06940776109695435
v -0.02426798827946186 0.03061896190047264 0.06940776109695435
v -0.0030798602383583784 -0.03773525357246399 0.07126148790121078
v -0.0005675168358720839 -0.03769718110561371 0.07148128747940063
v -0.02426798827946186 0.03061896190047264 0.06940776109695435
v -0.0005675168358720839 -0.03769718110561371 0.07148128747940063
v 0.0018899082206189632 -0.03748708590865135 0.07169628143310547
v 0.01406652107834816 0.03374561294913292 0.07276158779859543
v 0.009458930231630802 0.03572894260287285 0.07235848158597946
v 0.017853770405054092 -0.03148637339472771 0.07309293746948242
v 0.017853770405054092 -0.03148637339472771 0.07309293746948242
v 0.009458930231630802 0.03572894260287285 0.07235848158597946
v 0.006742072757333517 0.03656024485826492 0.0721207857131958
v 0.017853770405054092 -0.03148637339472771 0.07309293746948242
v 0.006742072757333517 0.03656024485826492 0.0721207857131958
v 0.004616973455995321 0.03705093264579773 0.07193486392498016
v 0.01961655542254448 -0.03020377829670906 0.07324715703725815
v 0.01834523119032383 0.031144773587584496 0.07313592731952667
v 0.017853770405054092 -0.03148637339472771 0.07309293746948242
v 0.017853770405054092 -0.03148637339472771 0.07309293746948242
v 0.01834523119032383 0.031144773587584496 0.07313592731952667
v 0.016685079783201218 0.03225170820951462 0.07299068570137024
v 0.017853770405054092 -0.03148637339472771 0.07309293746948242
v 0.016685079783201218 0.03225170820951462 0.07299068570137024
v 0.01406652107834816 0.03374561294913292 0.07276158779859543
v 0.03059552237391472 -0.016214445233345032 0.07420769333839417
v 0.03150966018438339 -0.015031787566840649 0.07516638934612274
v 0.03237515315413475 -0.011440342292189598 0.07436338812112808
v 0.009193806909024715 -0.035820286720991135 0.07233528792858124
v 0.011731773614883423 -0.035178326070308685 0.07320108264684677
v 0.013822540640830994 -0.03387007117271423 0.07274024933576584
v -0.017994029447436333 -0.03425426408648491 0.06995666772127151
v -0.018114859238266945 -0.03522612154483795 0.07167275995016098
v -0.015670226886868477 -0.03523559123277664 0.07015997171401978
v -0.03223031386733055 -0.023064101114869118 0.06871115416288376
v -0.03318483754992485 -0.025192689150571823 0.07231943309307098
v -0.030366001650691032 -0.025246592238545418 0.06887426227331161
v 0.03265656158328056 0.010453230701386929 0.07438800483942032
v 0.03146219998598099 0.015140237286686897 0.07515527307987213
v 0.030947988852858543 0.015406398102641106 0.07423852384090424
v 0.024854985997080803 0.025232499465346336 0.07370545715093613
v 0.025692230090498924 0.024227142333984375 0.07377871125936508
v 0.026334654539823532 0.025189600884914398 0.07638106495141983
v 0.026334654539823532 0.025189600884914398 0.07638106495141983
v 0.025692230090498924 0.024227142333984375 0.07377871125936508
v 0.02860959619283676 0.020024050027132034 0.0740339457988739
v 0.019903259351849556 0.03222888708114624 0.07728739082813263
v 0.021374640986323357 0.030210306867957115 0.07588300853967667
v 0.023837964981794357 0.028859492391347885 0.07763171941041946
v 0.010922994464635849 0.03719106689095497 0.07650192826986313
v 0.011620068922638893 0.035223063081502914 0.07318554073572159
v 0.01557655818760395 0.03501734137535095 0.07690899819135666
v -0.020871885120868683 0.03524118289351463 0.07372081279754639
v -0.018227020278573036 0.03517526760697365 0.07166213542222977
v -0.019182700663805008 0.03606795892119408 0.07386818528175354
v -0.035437554121017456 0.02257419191300869 0.07244586944580078
v -0.0332646518945694 0.02509401924908161 0.07230859994888306
v -0.03207286447286606 0.02671751193702221 0.07274030894041061
v -0.03793898969888687 0.01304326206445694 0.06821170449256897
v -0.037270013242959976 0.014679653570055962 0.0682702362537384
v -0.03799412399530411 0.015028731897473335 0.06958027184009552
v -0.03799412399530411 0.015028731897473335 0.06958027184009552
v -0.037270013242959976 0.014679653570055962 0.0682702362537384
v -0.03487951308488846 0.019268175587058067 0.06847937405109406
v -0.030366001650691032 -0.025246592238545418 0.06887426227331161
v -0.03318483754992485 -0.025192689150571823 0.07231943309307098
v -0.028755053877830505 -0.026895573362708092 0.06901519745588303
v -0.026783009991049767 -0.03150567412376404 0.07320308685302734
v -0.028229979798197746 -0.03021339699625969 0.07287321984767914
v -0.030795300379395485 -0.028034184128046036 0.0728519856929779
v 0.02242867834866047 -0.03017408400774002 0.07750850170850754
v 0.021470075473189354 -0.030133740976452827 0.07589972019195557
v 0.021594436839222908 -0.03089275397360325 0.0774354487657547
v 0.031201373785734177 -0.018827611580491066 0.07827673852443695
v 0.02820456586778164 -0.020686788484454155 0.07399851083755493
v 0.028540652245283127 -0.023274419829249382 0.07804326713085175
v 0.028540652245283127 -0.023274419829249382 0.07804326713085175
v 0.02820456586778164 -0.020686788484454155 0.07399851083755493
v 0.02641419507563114 -0.025097107514739037 0.07639484852552414
v 0.028540652245283127 -0.023274419829249382 0.07804326713085175
v 0.02641419507563114 -0.025097107514739037 0.07639484852552414
v 0.02532189153134823 -0.027320202440023422 0.07776164263486862
v 0.02820456586778164 -0.020686788484454155 0.07399851083755493
v 0.026714658364653587 -0.022890659049153328 0.07386816293001175
v 0.02641419507563114 -0.025097107514739037 0.07639484852552414
v 0.02641419507563114 -0.025097107514739037 0.07639484852552414
v 0.026714658364653587 -0.022890659049153328 0.07386816293001175
v 0.025244614109396935 -0.02477327734231949 0.07373955100774765
v 0.02641419507563114 -0.025097107514739037 0.07639484852552414
v 0.025244614109396935 -0.02477327734231949 0.07373955100774765
v 0.02532189153134823 -0.027320202440023422 0.07776164263486862
v 0.02532189153134823 -0.027320202440023422 0.07776164263486862
v 0.025244614109396935 -0.02477327734231949 0.07373955100774765
v 0.021771490573883057 -0.028395066037774086 0.0734356939792633
v 0.02532189153134823 -0.027320202440023422 0.07776164263486862
v 0.021771490573883057 -0.028395066037774086 0.0734356939792633
v 0.02242867834866047 -0.03017408400774002 0.07750850170850754
v 0.02242867834866047 -0.03017408400774002 0.07750850170850754
v 0.021771490573883057 -0.028395066037774086 0.0734356939792633
v 0.021470075473189354 -0.030133740976452827 0.07589972019195557
v 0.021470075473189354 -0.030133740976452827 0.07589972019195557
v 0.021771490573883057 -0.028395066037774086 0.0734356939792633
v 0.01961655542254448 -0.03020377829670906 0.07324715703725815
v 0.021470075473189354 -0.030133740976452827 0.07589972019195557
v 0.01961655542254448 -0.03020377829670906 0.07324715703725815
v 0.017853770405054092 -0.03148637339472771 0.07309293746948242
v 0.021594436839222908 -0.03089275397360325 0.0774354487657547
v 0.021470075473189354 -0.030133740976452827 0.07589972019195557
v 0.01743912138044834 -0.03391818702220917 0.07707180082798004
v 0.01743912138044834 -0.03391818702220917 0.07707180082798004
v 0.021470075473189354 -0.030133740976452827 0.07589972019195557
v 0.017853770405054092 -0.03148637339472771 0.07309293746948242
v 0.01743912138044834 -0.03391818702220917 0.07707180082798004
v 0.017853770405054092 -0.03148637339472771 0.07309293746948242
v 0.01640925370156765 -0.034543726593256 0.0769815668463707
v 0.017853770405054092 -0.03148637339472771 0.07309293746948242
v 0.01677514612674713 -0.03219487890601158 0.07299856841564178
v 0.01640925370156765 -0.034543726593256 0.0769815668463707
v 0.01640925370156765 -0.034543726593256 0.0769815668463707
v 0.01677514612674713 -0.03219487890601158 0.07299856841564178
v 0.013822540640830994 -0.03387007117271423 0.07274024933576584
v 0.01640925370156765 -0.034543726593256 0.0769815668463707
v 0.013822540640830994 -0.03387007117271423 0.07274024933576584
v 0.012907923199236393 -0.03635731339454651 0.07667545974254608
v 0.012907923199236393 -0.03635731339454651 0.07667545974254608
v 0.013822540640830994 -0.03387007117271423 0.07274024933576584
v 0.011731773614883423 -0.035178326070308685 0.07320108264684677
v 0.012907923199236393 -0.03635731339454651 0.07667545974254608
v 0.011731773614883423 -0.035178326070308685 0.07320108264684677
v 0.011451730504631996 -0.0369817279279232 0.07654812186956406
v 0.011451730504631996 -0.0369817279279232 0.07654812186956406
v 0.011731773614883423 -0.035178326070308685 0.07320108264684677
v 0.009193806909024715 -0.035820286720991135 0.07233528792858124
v 0.011451730504631996 -0.0369817279279232 0.07654812186956406
v 0.009193806909024715 -0.035820286720991135 0.07233528792858124
v 0.008094392716884613 -0.038158975541591644 0.07625437527894974
v 0.008094392716884613 -0.038158975541591644 0.07625437527894974
v 0.009193806909024715 -0.035820286720991135 0.07233528792858124
v 0.006857622414827347 -0.03652968257665634 0.07213090360164642
v 0.008094392716884613 -0.038158975541591644 0.07625437527894974
v 0.006857622414827347 -0.03652968257665634 0.07213090360164642
v 0.006487309467047453 -0.038600750267505646 0.07611384242773056
v 0.006487309467047453 -0.038600750267505646 0.07611384242773056
v 0.006857622414827347 -0.03652968257665634 0.07213090360164642
v 0.003093867329880595 -0.03929035738110542 0.07581717520952225
v 0.003093867329880595 -0.03929035738110542 0.07581717520952225
v 0.006857622414827347 -0.03652968257665634 0.07213090360164642
v 0.004395083989948034 -0.03709465265274048 0.07191545516252518
v 0.003093867329880595 -0.03929035738110542 0.07581717520952225
v 0.004395083989948034 -0.03709465265274048 0.07191545516252518
v 0.0015205707168206573 -0.03950224816799164 0.07567943632602692
v 0.0015205707168206573 -0.03950224816799164 0.07567943632602692
v 0.004395083989948034 -0.03709465265274048 0.07191545516252518
v 0.0018899082206189632 -0.03748708590865135 0.07169628143310547
v 0.0015205707168206573 -0.03950224816799164 0.07567943632602692
v 0.0018899082206189632 -0.03748708590865135 0.07169628143310547
v -0.002037792233750224 -0.03973642736673355 0.0753677636384964
v -0.002037792233750224 -0.03973642736673355 0.0753677636384964
v 0.0018899082206189632 -0.03748708590865135 0.07169628143310547
v -0.0005675168358720839 -0.03769718110561371 0.07148128747940063
v -0.002037792233750224 -0.03973642736673355 0.0753677636384964
v -0.0005675168358720839 -0.03769718110561371 0.07148128747940063
v -0.003446941263973713 -0.039735306054353714 0.07524467259645462
v -0.003446941263973713 -0.039735306054353714 0.07524467259645462
v -0.0005675168358720839 -0.03769718110561371 0.07148128747940063
v -0.0030798602383583784 -0.03773525357246399 0.07126148790121078
v -0.003446941263973713 -0.039735306054353714 0.07524467259645462
v -0.0030798602383583784 -0.03773525357246399 0.07126148790121078
v -0.007228208240121603 -0.039471857249736786 0.0749141126871109
v -0.007228208240121603 -0.039471857249736786 0.0749141126871109
v -0.0030798602383583784 -0.03773525357246399 0.07126148790121078
v -0.0056232186034321785 -0.03759366273880005 0.07103896886110306
v -0.007228208240121603 -0.039471857249736786 0.0749141126871109
v -0.0056232186034321785 -0.03759366273880005 0.07103896886110306
v -0.00841375719755888 -0.03931092098355293 0.07481027394533157
v -0.00841375719755888 -0.03931092098355293 0.07481027394533157
v -0.0056232186034321785 -0.03759366273880005 0.07103896886110306
v -0.008050987496972084 -0.03728917986154556 0.07082656770944595
v -0.00841375719755888 -0.03931092098355293 0.07481027394533157
v -0.008050987496972084 -0.03728917986154556 0.07082656770944595
v -0.012452423572540283 -0.038479339331388474 0.07445686310529709
v -0.012452423572540283 -0.038479339331388474 0.07445686310529709
v -0.008050987496972084 -0.03728917986154556 0.07082656770944595
v -0.010707966983318329 -0.03676550090312958 0.07059410959482193
v -0.012452423572540283 -0.038479339331388474 0.07445686310529709
v -0.010707966983318329 -0.03676550090312958 0.07059410959482193
v -0.013378151692450047 -0.03822591155767441 0.07437583059072495
v -0.010707966983318329 -0.03676550090312958 0.07059410959482193
v -0.013022287748754025 -0.03614434227347374 0.07039164006710052
v -0.013378151692450047 -0.03822591155767441 0.07437583059072495
v -0.013378151692450047 -0.03822591155767441 0.07437583059072495
v -0.013022287748754025 -0.03614434227347374 0.07039164006710052
v -0.015670226886868477 -0.03523559123277664 0.07015997171401978
v -0.013378151692450047 -0.03822591155767441 0.07437583059072495
v -0.015670226886868477 -0.03523559123277664 0.07015997171401978
v -0.01750997267663479 -0.03679448738694191 0.07401437312364578
v -0.01750997267663479 -0.03679448738694191 0.07401437312364578
v -0.015670226886868477 -0.03523559123277664 0.07015997171401978
v -0.018114859238266945 -0.03522612154483795 0.07167275995016098
v -0.01750997267663479 -0.03679448738694191 0.07401437312364578
v -0.018114859238266945 -0.03522612154483795 0.07167275995016098
v -0.022317415103316307 -0.034454960376024246 0.07359401136636734
v -0.022317415103316307 -0.034454960376024246 0.07359401136636734
v -0.018114859238266945 -0.03522612154483795 0.07167275995016098
v -0.017994029447436333 -0.03425426408648491 0.06995666772127151
v -0.017994029447436333 -0.03425426408648491 0.06995666772127151
v -0.020409824326634407 -0.03303718566894531 0.06974530965089798
v -0.022317415103316307 -0.034454960376024246 0.07359401136636734
v -0.022317415103316307 -0.034454960376024246 0.07359401136636734
v -0.020409824326634407 -0.03303718566894531 0.06974530965089798
v -0.022965412586927414 -0.03150606527924538 0.06952172517776489
v -0.022317415103316307 -0.034454960376024246 0.07359401136636734
v -0.022965412586927414 -0.03150606527924538 0.06952172517776489
v -0.026783009991049767 -0.03150567412376404 0.07320308685302734
v -0.026783009991049767 -0.03150567412376404 0.07320308685302734
v -0.022965412586927414 -0.03150606527924538 0.06952172517776489
v -0.0248111505061388 -0.030225981026887894 0.06936024874448776
v -0.026783009991049767 -0.03150567412376404 0.07320308685302734
v -0.0248111505061388 -0.030225981026887894 0.06936024874448776
v -0.028229979798197746 -0.03021339699625969 0.07287321984767914
v -0.028229979798197746 -0.03021339699625969 0.07287321984767914
v -0.0248111505061388 -0.030225981026887894 0.06936024874448776
v -0.02792191505432129 -0.027676356956362724 0.06908808648586273
v -0.028229979798197746 -0.03021339699625969 0.07287321984767914
v -0.02792191505432129 -0.027676356956362724 0.06908808648586273
v -0.030795300379395485 -0.028034184128046036 0.0728519856929779
v -0.02792191505432129 -0.027676356956362724 0.06908808648586273
v -0.028755053877830505 -0.026895573362708092 0.06901519745588303
v -0.030795300379395485 -0.028034184128046036 0.0728519856929779
v -0.030795300379395485 -0.028034184128046036 0.0728519856929779
v -0.028755053877830505 -0.026895573362708092 0.06901519745588303
v -0.03318483754992485 -0.025192689150571823 0.07231943309307098
v -0.030795300379395485 -0.028034184128046036 0.0728519856929779
v -0.03318483754992485 -0.025192689150571823 0.07231943309307098
v -0.03432058170437813 -0.024077238515019417 0.07254374027252197
v -0.03432058170437813 -0.024077238515019417 0.07254374027252197
v -0.03318483754992485 -0.025192689150571823 0.07231943309307098
v -0.03223031386733055 -0.023064101114869118 0.06871115416288376
v -0.03432058170437813 -0.024077238515019417 0.07254374027252197
v -0.03223031386733055 -0.023064101114869118 0.06871115416288376
v -0.03514532744884491 -0.018826551735401154 0.06845612078905106
v -0.03514532744884491 -0.018826551735401154 0.06845612078905106
v -0.037054382264614105 -0.015164943411946297 0.06828910112380981
v -0.03794637694954872 -0.01514329295605421 0.06958827376365662
v -0.04132044315338135 -0.010175530798733234 0.07193119078874588
v -0.039619557559490204 -0.015073353424668312 0.07207994908094406
v -0.03794637694954872 -0.01514329295605421 0.06958827376365662
v -0.03794637694954872 -0.01514329295605421 0.06958827376365662
v -0.039619557559490204 -0.015073353424668312 0.07207994908094406
v -0.03825623542070389 -0.01796281337738037 0.07219919562339783
v -0.03794637694954872 -0.01514329295605421 0.06958827376365662
v -0.03825623542070389 -0.01796281337738037 0.07219919562339783
v -0.03514532744884491 -0.018826551735401154 0.06845612078905106
v -0.03514532744884491 -0.018826551735401154 0.06845612078905106
v -0.03825623542070389 -0.01796281337738037 0.07219919562339783
v -0.037275396287441254 -0.01973109319806099 0.0722850039601326
v -0.03514532744884491 -0.018826551735401154 0.06845612078905106
v -0.037275396287441254 -0.01973109319806099 0.0722850039601326
v -0.03432058170437813 -0.024077238515019417 0.07254374027252197
v -0.037054382264614105 -0.015164943411946297 0.06828910112380981
v -0.03742145746946335 -0.014328517019748688 0.06825698912143707
v -0.03794637694954872 -0.01514329295605421 0.06958827376365662
v -0.03794637694954872 -0.01514329295605421 0.06958827376365662
v -0.03742145746946335 -0.014328517019748688 0.06825698912143707
v -0.0389789417386055 -0.009905033744871616 0.06812072545289993
v -0.03794637694954872 -0.01514329295605421 0.06958827376365662
v -0.0389789417386055 -0.009905033744871616 0.06812072545289993
v -0.04132044315338135 -0.010175530798733234 0.07193119078874588
v -0.04132044315338135 -0.010175530798733234 0.07193119078874588
v -0.0389789417386055 -0.009905033744871616 0.06812072545289993
v -0.040012285113334656 -0.004980146419256926 0.06803032010793686
v -0.04132044315338135 -0.010175530798733234 0.07193119078874588
v -0.040012285113334656 -0.004980146419256926 0.06803032010793686
v -0.04235094413161278 -0.005134320817887783 0.07184070348739624
v -0.04235094413161278 -0.005134320817887783 0.07184070348739624
v -0.040012285113334656 -0.004980146419256926 0.06803032010793686
v -0.04035775363445282 1.4944750546419527e-05 0.06800009310245514
v -0.04235094413161278 -0.005134320817887783 0.07184070348739624
v -0.04035775363445282 1.4944750546419527e-05 0.06800009310245514
v -0.042698778212070465 -1.1185726179974154e-05 0.0718105211853981
v -0.042698778212070465 -1.1185726179974154e-05 0.0718105211853981
v -0.04035775363445282 1.4944750546419527e-05 0.06800009310245514
v -0.042502012103796005 0.003860409604385495 0.0718277171254158
v -0.042502012103796005 0.003860409604385495 0.0718277171254158
v -0.04035775363445282 1.4944750546419527e-05 0.06800009310245514
v -0.04002486169338226 0.004891430493444204 0.06802921742200851
v -0.042502012103796005 0.003860409604385495 0.0718277171254158
v -0.04002486169338226 0.004891430493444204 0.06802921742200851
v -0.04237230494618416 0.004972351714968681 0.0718391090631485
v -0.04237230494618416 0.004972351714968681 0.0718391090631485
v -0.04002486169338226 0.004891430493444204 0.06802921742200851
v -0.04181312769651413 0.00817505456507206 0.0718880146741867
v -0.04181312769651413 0.00817505456507206 0.0718880146741867
v -0.04002486169338226 0.004891430493444204 0.06802921742200851
v -0.038982778787612915 0.009890330024063587 0.06812039017677307
v -0.04181312769651413 0.00817505456507206 0.0718880146741867
v -0.038982778787612915 0.009890330024063587 0.06812039017677307
v -0.04136372357606888 0.010018233209848404 0.07192756980657578
v -0.04136372357606888 0.010018233209848404 0.07192756980657578
v -0.038982778787612915 0.009890330024063587 0.06812039017677307
v -0.03793898969888687 0.01304326206445694 0.06821170449256897
v -0.04136372357606888 0.010018233209848404 0.07192756980657578
v -0.03793898969888687 0.01304326206445694 0.06821170449256897
v -0.04035498946905136 0.013204487040638924 0.07201574742794037
v -0.04035498946905136 0.013204487040638924 0.07201574742794037
v -0.03793898969888687 0.01304326206445694 0.06821170449256897
v -0.03799412399530411 0.015028731897473335 0.06958027184009552
v -0.04035498946905136 0.013204487040638924 0.07201574742794037
v -0.03799412399530411 0.015028731897473335 0.06958027184009552
v -0.038214512169361115 0.01804237626492977 0.07220286130905151
v -0.038214512169361115 0.01804237626492977 0.07220286130905151
v -0.03799412399530411 0.015028731897473335 0.06958027184009552
v -0.03487951308488846 0.019268175587058067 0.06847937405109406
v -0.038214512169361115 0.01804237626492977 0.07220286130905151
v -0.03487951308488846 0.019268175587058067 0.06847937405109406
v -0.0370524637401104 0.020105615258216858 0.07230457663536072
v -0.0370524637401104 0.020105615258216858 0.07230457663536072
v -0.03487951308488846 0.019268175587058067 0.06847937405109406
v -0.035437554121017456 0.02257419191300869 0.07244586944580078
v -0.035437554121017456 0.02257419191300869 0.07244586944580078
v -0.03487951308488846 0.019268175587058067 0.06847937405109406
v -0.03298613801598549 0.022077113389968872 0.06864502280950546
v -0.035437554121017456 0.02257419191300869 0.07244586944580078
v -0.03298613801598549 0.022077113389968872 0.06864502280950546
v -0.0332646518945694 0.02509401924908161 0.07230859994888306
v -0.0332646518945694 0.02509401924908161 0.07230859994888306
v -0.03298613801598549 0.022077113389968872 0.06864502280950546
v -0.031873639672994614 0.023508163169026375 0.06874235719442368
v -0.0332646518945694 0.02509401924908161 0.07230859994888306
v -0.031873639672994614 0.023508163169026375 0.06874235719442368
v -0.03207286447286606 0.02671751193702221 0.07274030894041061
v -0.03207286447286606 0.02671751193702221 0.07274030894041061
v -0.031873639672994614 0.023508163169026375 0.06874235719442368
v -0.028323283419013023 0.027305953204631805 0.06905297189950943
v -0.03207286447286606 0.02671751193702221 0.07274030894041061
v -0.028323283419013023 0.027305953204631805 0.06905297189950943
v -0.028480667620897293 0.03014753945171833 0.0730549618601799
v -0.028480667620897293 0.03014753945171833 0.0730549618601799
v -0.028323283419013023 0.027305953204631805 0.06905297189950943
v -0.028325779363512993 0.030130652710795403 0.07286045700311661
v -0.028480667620897293 0.03014753945171833 0.0730549618601799
v -0.028325779363512993 0.030130652710795403 0.07286045700311661
v -0.02818666584789753 0.03039361909031868 0.07308071851730347
v -0.028323283419013023 0.027305953204631805 0.06905297189950943
v -0.027989791706204414 0.027614444494247437 0.06908214837312698
v -0.028325779363512993 0.030130652710795403 0.07286045700311661
v -0.028325779363512993 0.030130652710795403 0.07286045700311661
v -0.027989791706204414 0.027614444494247437 0.06908214837312698
v -0.02488689310848713 0.030169986188411713 0.0693536177277565
v -0.028325779363512993 0.030130652710795403 0.07286045700311661
v -0.02488689310848713 0.030169986188411713 0.0693536177277565
v -0.02818666584789753 0.03039361909031868 0.07308071851730347
v -0.02818666584789753 0.03039361909031868 0.07308071851730347
v -0.02488689310848713 0.030169986188411713 0.0693536177277565
v -0.02426798827946186 0.03061896190047264 0.06940776109695435
v -0.02818666584789753 0.03039361909031868 0.07308071851730347
v -0.02426798827946186 0.03061896190047264 0.06940776109695435
v -0.023847419768571854 0.033536944538354874 0.073460154235363
v -0.023847419768571854 0.033536944538354874 0.073460154235363
v -0.02426798827946186 0.03061896190047264 0.06940776109695435
v -0.023056412115693092 0.031446486711502075 0.06951376050710678
v -0.023847419768571854 0.033536944538354874 0.073460154235363
v -0.023056412115693092 0.031446486711502075 0.06951376050710678
v -0.01984190009534359 0.03334261476993561 0.06979499012231827
v -0.019182700663805008 0.03606795892119408 0.07386818528175354
v -0.018227020278573036 0.03517526760697365 0.07166213542222977
v -0.01427460927516222 0.037958238273859024 0.07429709285497665
v -0.013134404085576534 0.03611040115356445 0.07038182020187378
v -0.01427460927516222 0.037958238273859024 0.07429709285497665
v -0.015138044022023678 0.0354359894990921 0.07020653039216995
v -0.015138044022023678 0.0354359894990921 0.07020653039216995
v -0.01427460927516222 0.037958238273859024 0.07429709285497665
v -0.018227020278573036 0.03517526760697365 0.07166213542222977
v -0.015138044022023678 0.0354359894990921 0.07020653039216995
v -0.018227020278573036 0.03517526760697365 0.07166213542222977
v -0.01984190009534359 0.03334261476993561 0.06979499012231827
v -0.01984190009534359 0.03334261476993561 0.06979499012231827
v -0.018227020278573036 0.03517526760697365 0.07166213542222977
v -0.020871885120868683 0.03524118289351463 0.07372081279754639
v -0.01984190009534359 0.03334261476993561 0.06979499012231827
v -0.020871885120868683 0.03524118289351463 0.07372081279754639
v -0.023847419768571854 0.033536944538354874 0.073460154235363
v 0.004616973455995321 0.03705093264579773 0.07193486392498016
v 0.00601611752063036 0.038715559989213943 0.07607264816761017
v 0.0017709152307361364 0.03750128671526909 0.07168586552143097
v 0.0017709152307361364 0.03750128671526909 0.07168586552143097
v 0.00601611752063036 0.038715559989213943 0.07607264816761017
v 0.0013923824299126863 0.03951652720570564 0.07566821575164795
v 0.0017709152307361364 0.03750128671526909 0.07168586552143097
v 0.0013923824299126863 0.03951652720570564 0.07566821575164795
v -0.00033983035245910287 0.03768526762723923 0.07150120288133621
v -0.00033983035245910287 0.03768526762723923 0.07150120288133621
v 0.0013923824299126863 0.03951652720570564 0.07566821575164795
v 0.0009475727565586567 0.03956286236643791 0.07562917470932007
v -0.00033983035245910287 0.03768526762723923 0.07150120288133621
v 0.0009475727565586567 0.03956286236643791 0.07562917470932007
v -0.0031992143485695124 0.037733063101768494 0.0712510347366333
v -0.0031992143485695124 0.037733063101768494 0.0712510347366333
v 0.0009475727565586567 0.03956286236643791 0.07562917470932007
v -0.003569224150851369 0.03973305970430374 0.07523401081562042
v -0.0031992143485695124 0.037733063101768494 0.0712510347366333
v -0.003569224150851369 0.03973305970430374 0.07523401081562042
v -0.005313613917678595 0.0376206710934639 0.07106605172157288
v -0.005313613917678595 0.0376206710934639 0.07106605172157288
v -0.003569224150851369 0.03973305970430374 0.07523401081562042
v -0.004149099811911583 0.03971515968441963 0.07518334686756134
v -0.005313613917678595 0.0376206710934639 0.07106605172157288
v -0.004149099811911583 0.03971515968441963 0.07518334686756134
v -0.008167874068021774 0.03726998344063759 0.07081633806228638
v -0.008167874068021774 0.03726998344063759 0.07081633806228638
v -0.004149099811911583 0.03971515968441963 0.07518334686756134
v -0.008531621657311916 0.03929176554083824 0.07479988783597946
v -0.008167874068021774 0.03726998344063759 0.07081633806228638
v -0.008531621657311916 0.03929176554083824 0.07479988783597946
v -0.010284234769642353 0.03686222806572914 0.07063117623329163
v -0.010284234769642353 0.03686222806572914 0.07063117623329163
v -0.008531621657311916 0.03929176554083824 0.07479988783597946
v -0.00923264492303133 0.039176952093839645 0.07473855465650558
v -0.010284234769642353 0.03686222806572914 0.07063117623329163
v -0.00923264492303133 0.039176952093839645 0.07473855465650558
v -0.013134404085576534 0.03611040115356445 0.07038182020187378
v -0.013134404085576534 0.03611040115356445 0.07038182020187378
v -0.00923264492303133 0.039176952093839645 0.07473855465650558
v -0.013493961654603481 0.038193099200725555 0.07436548918485641
v -0.013134404085576534 0.03611040115356445 0.07038182020187378
v -0.013493961654603481 0.038193099200725555 0.07436548918485641
v -0.01427460927516222 0.037958238273859024 0.07429709285497665
v 0.004616973455995321 0.03705093264579773 0.07193486392498016
v 0.006742072757333517 0.03656024485826492 0.0721207857131958
v 0.00601611752063036 0.038715559989213943 0.07607264816761017
v 0.00601611752063036 0.038715559989213943 0.07607264816761017
v 0.006742072757333517 0.03656024485826492 0.0721207857131958
v 0.009458930231630802 0.03572894260287285 0.07235848158597946
v 0.00601611752063036 0.038715559989213943 0.07607264816761017
v 0.009458930231630802 0.03572894260287285 0.07235848158597946
v 0.010922994464635849 0.03719106689095497 0.07650192826986313
v 0.010922994464635849 0.03719106689095497 0.07650192826986313
v 0.009458930231630802 0.03572894260287285 0.07235848158597946
v 0.011620068922638893 0.035223063081502914 0.07318554073572159
v 0.011620068922638893 0.035223063081502914 0.07318554073572159
v 0.009458930231630802 0.03572894260287285 0.07235848158597946
v 0.01406652107834816 0.03374561294913292 0.07276158779859543
v 0.011620068922638893 0.035223063081502914 0.07318554073572159
v 0.01406652107834816 0.03374561294913292 0.07276158779859543
v 0.01557655818760395 0.03501734137535095 0.07690899819135666
v 0.01557655818760395 0.03501734137535095 0.07690899819135666
v 0.01406652107834816 0.03374561294913292 0.07276158779859543
v 0.016685079783201218 0.03225170820951462 0.07299068570137024
v 0.01557655818760395 0.03501734137535095 0.07690899819135666
v 0.016685079783201218 0.03225170820951462 0.07299068570137024
v 0.019903259351849556 0.03222888708114624 0.07728739082813263
v 0.019903259351849556 0.03222888708114624 0.07728739082813263
v 0.016685079783201218 0.03225170820951462 0.07299068570137024
v 0.01834523119032383 0.031144773587584496 0.07313592731952667
v 0.019903259351849556 0.03222888708114624 0.07728739082813263
v 0.01834523119032383 0.031144773587584496 0.07313592731952667
v 0.021374640986323357 0.030210306867957115 0.07588300853967667
v 0.01834523119032383 0.031144773587584496 0.07313592731952667
v 0.019538788124918938 0.03026346117258072 0.07324035465717316
v 0.021374640986323357 0.030210306867957115 0.07588300853967667
v 0.021374640986323357 0.030210306867957115 0.07588300853967667
v 0.019538788124918938 0.03026346117258072 0.07324035465717316
v 0.02225121669471264 0.02795085869729519 0.07347765564918518
v 0.021374640986323357 0.030210306867957115 0.07588300853967667
v 0.02225121669471264 0.02795085869729519 0.07347765564918518
v 0.023837964981794357 0.028859492391347885 0.07763171941041946
v 0.023837964981794357 0.028859492391347885 0.07763171941041946
v 0.02225121669471264 0.02795085869729519 0.07347765564918518
v 0.024854985997080803 0.025232499465346336 0.07370545715093613
v 0.023837964981794357 0.028859492391347885 0.07763171941041946
v 0.024854985997080803 0.025232499465346336 0.07370545715093613
v 0.026255663484334946 0.026256009936332703 0.07784337550401688
v 0.026255663484334946 0.026256009936332703 0.07784337550401688
v 0.024854985997080803 0.025232499465346336 0.07370545715093613
v 0.026334654539823532 0.025189600884914398 0.07638106495141983
v 0.026255663484334946 0.026256009936332703 0.07784337550401688
v 0.026334654539823532 0.025189600884914398 0.07638106495141983
v 0.027303297072649002 0.0249625314027071 0.07793494313955307
v 0.027303297072649002 0.0249625314027071 0.07793494313955307
v 0.026334654539823532 0.025189600884914398 0.07638106495141983
v 0.03022703155875206 0.020615387707948685 0.07819091528654099
v 0.03022703155875206 0.020615387707948685 0.07819091528654099
v 0.026334654539823532 0.025189600884914398 0.07638106495141983
v 0.02860959619283676 0.020024050027132034 0.0740339457988739
v 0.03022703155875206 0.020615387707948685 0.07819091528654099
v 0.02860959619283676 0.020024050027132034 0.0740339457988739
v 0.03124549798667431 0.018742050975561142 0.07828015089035034
v 0.02860959619283676 0.020024050027132034 0.0740339457988739
v 0.030947988852858543 0.015406398102641106 0.07423852384090424
v 0.03124549798667431 0.018742050975561142 0.07828015089035034
v 0.03124549798667431 0.018742050975561142 0.07828015089035034
v 0.030947988852858543 0.015406398102641106 0.07423852384090424
v 0.03146219998598099 0.015140237286686897 0.07515527307987213
v 0.03124549798667431 0.018742050975561142 0.07828015089035034
v 0.03146219998598099 0.015140237286686897 0.07515527307987213
v 0.03258126974105835 0.015833768993616104 0.07839673012495041
v 0.03258126974105835 0.015833768993616104 0.07839673012495041
v 0.03146219998598099 0.015140237286686897 0.07515527307987213
v 0.03265656158328056 0.010453230701386929 0.07438800483942032
v 0.03258126974105835 0.015833768993616104 0.07839673012495041
v 0.03265656158328056 0.010453230701386929 0.07438800483942032
v 0.034292493015527725 0.010745462030172348 0.07854682207107544
v 0.034292493015527725 0.010745462030172348 0.07854682207107544
v 0.03265656158328056 0.010453230701386929 0.07438800483942032
v 0.033696241676807404 0.005251314491033554 0.07447896897792816
v 0.034292493015527725 0.010745462030172348 0.07854682207107544
v 0.033696241676807404 0.005251314491033554 0.07447896897792816
v 0.03533460944890976 0.005424041301012039 0.07863777875900269
v 0.03533460944890976 0.005424041301012039 0.07863777875900269
v 0.033696241676807404 0.005251314491033554 0.07447896897792816
v 0.034039344638586044 -2.7785303245764226e-05 0.07450897991657257
v 0.03533460944890976 0.005424041301012039 0.07863777875900269
v 0.034039344638586044 -2.7785303245764226e-05 0.07450897991657257
v 0.03568307310342789 1.649349906074349e-05 0.07866806536912918
v 0.03568307310342789 1.649349906074349e-05 0.07866806536912918
v 0.034039344638586044 -2.7785303245764226e-05 0.07450897991657257
v 0.034014977514743805 -0.0014094545040279627 0.07450685650110245
v 0.03568307310342789 1.649349906074349e-05 0.07866806536912918
v 0.034014977514743805 -0.0014094545040279627 0.07450685650110245
v 0.03552518039941788 -0.0036590686067938805 0.07865451276302338
v 0.03552518039941788 -0.0036590686067938805 0.07865451276302338
v 0.034014977514743805 -0.0014094545040279627 0.07450685650110245
v 0.033731523901224136 -0.004977259319275618 0.07448205351829529
v 0.03552518039941788 -0.0036590686067938805 0.07865451276302338
v 0.033731523901224136 -0.004977259319275618 0.07448205351829529
v 0.03538990765810013 -0.004977313801646233 0.07864262163639069
v 0.03538990765810013 -0.004977313801646233 0.07864262163639069
v 0.033731523901224136 -0.004977259319275618 0.07448205351829529
v 0.03353003412485123 -0.006388167385011911 0.07446442544460297
v 0.03538990765810013 -0.004977313801646233 0.07864262163639069
v 0.03353003412485123 -0.006388167385011911 0.07446442544460297
v 0.03472503274679184 -0.00894827488809824 0.0785844549536705
v 0.03472503274679184 -0.00894827488809824 0.0785844549536705
v 0.03353003412485123 -0.006388167385011911 0.07446442544460297
v 0.03277178108692169 -0.010016702115535736 0.07439809292554855
v 0.03472503274679184 -0.00894827488809824 0.0785844549536705
v 0.03277178108692169 -0.010016702115535736 0.07439809292554855
v 0.03447911515831947 -0.010013222694396973 0.07856316864490509
v 0.03447911515831947 -0.010013222694396973 0.07856316864490509
v 0.03277178108692169 -0.010016702115535736 0.07439809292554855
v 0.03237515315413475 -0.011440342292189598 0.07436338812112808
v 0.03447911515831947 -0.010013222694396973 0.07856316864490509
v 0.03237515315413475 -0.011440342292189598 0.07436338812112808
v 0.033278368413448334 -0.014019126072525978 0.07845785468816757
v 0.033278368413448334 -0.014019126072525978 0.07845785468816757
v 0.03237515315413475 -0.011440342292189598 0.07436338812112808
v 0.03150966018438339 -0.015031787566840649 0.07516638934612274
v 0.033278368413448334 -0.014019126072525978 0.07845785468816757
v 0.03150966018438339 -0.015031787566840649 0.07516638934612274
v 0.031201373785734177 -0.018827611580491066 0.07827673852443695
v 0.031201373785734177 -0.018827611580491066 0.07827673852443695
v 0.03150966018438339 -0.015031787566840649 0.07516638934612274
v 0.03059552237391472 -0.016214445233345032 0.07420769333839417
v 0.031201373785734177 -0.018827611580491066 0.07827673852443695
v 0.03059552237391472 -0.016214445233345032 0.07420769333839417
v 0.02820456586778164 -0.020686788484454155 0.07399851083755493
v -0.042698778212070465 -1.1185726179974154e-05 0.0718105211853981
v -0.042502012103796005 0.003860409604385495 0.0718277171254158
v -0.05230799689888954 0.005811525974422693 0.07096973061561584
v -0.05230799689888954 0.005811525974422693 0.07096973061561584
v -0.042502012103796005 0.003860409604385495 0.0718277171254158
v -0.04237230494618416 0.004972351714968681 0.0718391090631485
v -0.05230799689888954 0.005811525974422693 0.07096973061561584
v -0.04237230494618416 0.004972351714968681 0.0718391090631485
v -0.051265038549900055 0.011520253494381905 0.07106105983257294
v -0.04237230494618416 0.004972351714968681 0.0718391090631485
v -0.04181312769651413 0.00817505456507206 0.0718880146741867
v -0.051265038549900055 0.011520253494381905 0.07106105983257294
v -0.051265038549900055 0.011520253494381905 0.07106105983257294
v -0.04181312769651413 0.00817505456507206 0.0718880146741867
v -0.04136372357606888 0.010018233209848404 0.07192756980657578
v -0.051265038549900055 0.011520253494381905 0.07106105983257294
v -0.04136372357606888 0.010018233209848404 0.07192756980657578
v -0.04952295869588852 0.017145056277513504 0.07121346890926361
v -0.04952295869588852 0.017145056277513504 0.07121346890926361
v -0.04136372357606888 0.010018233209848404 0.07192756980657578
v -0.04035498946905136 0.013204487040638924 0.07201574742794037
v -0.04952295869588852 0.017145056277513504 0.07121346890926361
v -0.04035498946905136 0.013204487040638924 0.07201574742794037
v -0.04724140837788582 0.02229299396276474 0.07141298055648804
v -0.04724140837788582 0.02229299396276474 0.07141298055648804
v -0.04035498946905136 0.013204487040638924 0.07201574742794037
v -0.038214512169361115 0.01804237626492977 0.07220286130905151
v -0.04724140837788582 0.02229299396276474 0.07141298055648804
v -0.038214512169361115 0.01804237626492977 0.07220286130905151
v -0.04419804364442825 0.027440860867500305 0.07167939841747284
v -0.038214512169361115 0.01804237626492977 0.07220286130905151
v -0.0370524637401104 0.020105615258216858 0.07230457663536072
v -0.04419804364442825 0.027440860867500305 0.07167939841747284
v -0.04419804364442825 0.027440860867500305 0.07167939841747284
v -0.0370524637401104 0.020105615258216858 0.07230457663536072
v -0.035437554121017456 0.02257419191300869 0.07244586944580078
v -0.04419804364442825 0.027440860867500305 0.07167939841747284
v -0.035437554121017456 0.02257419191300869 0.07244586944580078
v -0.04096321761608124 0.031722892075777054 0.07196205109357834
v -0.04096321761608124 0.031722892075777054 0.07196205109357834
v -0.035437554121017456 0.02257419191300869 0.07244586944580078
v -0.03207286447286606 0.02671751193702221 0.07274030894041061
v -0.04096321761608124 0.031722892075777054 0.07196205109357834
v -0.03207286447286606 0.02671751193702221 0.07274030894041061
v -0.03694495931267738 0.03596917912364006 0.07231400907039642
v -0.03694495931267738 0.03596917912364006 0.07231400907039642
v -0.03207286447286606 0.02671751193702221 0.07274030894041061
v -0.028480667620897293 0.03014753945171833 0.0730549618601799
v -0.03694495931267738 0.03596917912364006 0.07231400907039642
v -0.028480667620897293 0.03014753945171833 0.0730549618601799
v -0.03248119726777077 0.03971543535590172 0.07270460575819016
v -0.03248119726777077 0.03971543535590172 0.07270460575819016
v -0.028480667620897293 0.03014753945171833 0.0730549618601799
v -0.02818666584789753 0.03039361909031868 0.07308071851730347
v -0.03248119726777077 0.03971543535590172 0.07270460575819016
v -0.02818666584789753 0.03039361909031868 0.07308071851730347
v -0.027963709086179733 0.04272721707820892 0.073099784553051
v -0.02818666584789753 0.03039361909031868 0.07308071851730347
v -0.023847419768571854 0.033536944538354874 0.073460154235363
v -0.027963709086179733 0.04272721707820892 0.073099784553051
v -0.027963709086179733 0.04272721707820892 0.073099784553051
v -0.023847419768571854 0.033536944538354874 0.073460154235363
v -0.020871885120868683 0.03524118289351463 0.07372081279754639
v -0.027963709086179733 0.04272721707820892 0.073099784553051
v -0.020871885120868683 0.03524118289351463 0.07372081279754639
v -0.0225400160998106 0.04551621153950691 0.07357423007488251
v -0.0225400160998106 0.04551621153950691 0.07357423007488251
v -0.020871885120868683 0.03524118289351463 0.07372081279754639
v -0.019182700663805008 0.03606795892119408 0.07386818528175354
v -0.0225400160998106 0.04551621153950691 0.07357423007488251
v -0.019182700663805008 0.03606795892119408 0.07386818528175354
v -0.01726483181118965 0.04749668762087822 0.07403582334518433
v -0.019182700663805008 0.03606795892119408 0.07386818528175354
v -0.01427460927516222 0.037958238273859024 0.07429709285497665
v -0.01726483181118965 0.04749668762087822 0.07403582334518433
v -0.01726483181118965 0.04749668762087822 0.07403582334518433
v -0.01427460927516222 0.037958238273859024 0.07429709285497665
v -0.013493961654603481 0.038193099200725555 0.07436548918485641
v -0.01726483181118965 0.04749668762087822 0.07403582334518433
v -0.013493961654603481 0.038193099200725555 0.07436548918485641
v -0.01185183972120285 0.04886208474636078 0.07450933754444122
v -0.013493961654603481 0.038193099200725555 0.07436548918485641
v -0.00923264492303133 0.039176952093839645 0.07473855465650558
v -0.01185183972120285 0.04886208474636078 0.07450933754444122
v -0.01185183972120285 0.04886208474636078 0.07450933754444122
v -0.00923264492303133 0.039176952093839645 0.07473855465650558
v -0.008531621657311916 0.03929176554083824 0.07479988783597946
v -0.01185183972120285 0.04886208474636078 0.07450933754444122
v -0.008531621657311916 0.03929176554083824 0.07479988783597946
v -0.006358151324093342 0.049602340906858444 0.07499002665281296
v -0.006358151324093342 0.049602340906858444 0.07499002665281296
v -0.008531621657311916 0.03929176554083824 0.07479988783597946
v -0.004149099811911583 0.03971515968441963 0.07518334686756134
v -0.006358151324093342 0.049602340906858444 0.07499002665281296
v -0.004149099811911583 0.03971515968441963 0.07518334686756134
v -0.0009905173210427165 0.04971154034137726 0.07546006143093109
v -0.004149099811911583 0.03971515968441963 0.07518334686756134
v -0.003569224150851369 0.03973305970430374 0.07523401081562042
v -0.0009905173210427165 0.04971154034137726 0.07546006143093109
v -0.0009905173210427165 0.04971154034137726 0.07546006143093109
v -0.003569224150851369 0.03973305970430374 0.07523401081562042
v 0.0009475727565586567 0.03956286236643791 0.07562917470932007
v -0.0009905173210427165 0.04971154034137726 0.07546006143093109
v 0.0009475727565586567 0.03956286236643791 0.07562917470932007
v 0.0044872211292386055 0.049192532896995544 0.07593880593776703
v 0.0044872211292386055 0.049192532896995544 0.07593880593776703
v 0.0009475727565586567 0.03956286236643791 0.07562917470932007
v 0.0013923824299126863 0.03951652720570564 0.07566821575164795
v 0.0044872211292386055 0.049192532896995544 0.07593880593776703
v 0.0013923824299126863 0.03951652720570564 0.07566821575164795
v 0.009967721998691559 0.048021625727415085 0.07641831785440445
v 0.009967721998691559 0.048021625727415085 0.07641831785440445
v 0.0013923824299126863 0.03951652720570564 0.07566821575164795
v 0.00601611752063036 0.038715559989213943 0.07607264816761017
v 0.009967721998691559 0.048021625727415085 0.07641831785440445
v 0.00601611752063036 0.038715559989213943 0.07607264816761017
v 0.015283344313502312 0.046213336288928986 0.07688334584236145
v 0.015283344313502312 0.046213336288928986 0.07688334584236145
v 0.00601611752063036 0.038715559989213943 0.07607264816761017
v 0.010922994464635849 0.03719106689095497 0.07650192826986313
v 0.015283344313502312 0.046213336288928986 0.07688334584236145
v 0.010922994464635849 0.03719106689095497 0.07650192826986313
v 0.02005622908473015 0.04395544156432152 0.07730095833539963
v 0.02005622908473015 0.04395544156432152 0.07730095833539963
v 0.010922994464635849 0.03719106689095497 0.07650192826986313
v 0.01557655818760395 0.03501734137535095 0.07690899819135666
v 0.02005622908473015 0.04395544156432152 0.07730095833539963
v 0.01557655818760395 0.03501734137535095 0.07690899819135666
v 0.02487405389547348 0.040960028767585754 0.07772243022918701
v 0.02487405389547348 0.040960028767585754 0.07772243022918701
v 0.01557655818760395 0.03501734137535095 0.07690899819135666
v 0.019903259351849556 0.03222888708114624 0.07728739082813263
v 0.02487405389547348 0.040960028767585754 0.07772243022918701
v 0.019903259351849556 0.03222888708114624 0.07728739082813263
v 0.029402995482087135 0.03732876479625702 0.0781187042593956
v 0.029402995482087135 0.03732876479625702 0.0781187042593956
v 0.019903259351849556 0.03222888708114624 0.07728739082813263
v 0.023837964981794357 0.028859492391347885 0.07763171941041946
v 0.029402995482087135 0.03732876479625702 0.0781187042593956
v 0.023837964981794357 0.028859492391347885 0.07763171941041946
v 0.033272884786129 0.033397771418094635 0.07845740765333176
v 0.033272884786129 0.033397771418094635 0.07845740765333176
v 0.023837964981794357 0.028859492391347885 0.07763171941041946
v 0.026255663484334946 0.026256009936332703 0.07784337550401688
v 0.033272884786129 0.033397771418094635 0.07845740765333176
v 0.026255663484334946 0.026256009936332703 0.07784337550401688
v 0.03662897273898125 0.029113588854670525 0.07875093072652817
v 0.03662897273898125 0.029113588854670525 0.07875093072652817
v 0.026255663484334946 0.026256009936332703 0.07784337550401688
v 0.027303297072649002 0.0249625314027071 0.07793494313955307
v 0.03662897273898125 0.029113588854670525 0.07875093072652817
v 0.027303297072649002 0.0249625314027071 0.07793494313955307
v 0.03969826549291611 0.02409430965781212 0.07901925593614578
v 0.027303297072649002 0.0249625314027071 0.07793494313955307
v 0.03022703155875206 0.020615387707948685 0.07819091528654099
v 0.03969826549291611 0.02409430965781212 0.07901925593614578
v 0.03969826549291611 0.02409430965781212 0.07901925593614578
v 0.03022703155875206 0.020615387707948685 0.07819091528654099
v 0.03124549798667431 0.018742050975561142 0.07828015089035034
v 0.03969826549291611 0.02409430965781212 0.07901925593614578
v 0.03124549798667431 0.018742050975561142 0.07828015089035034
v 0.04209469258785248 0.01889057084918022 0.07922903448343277
v 0.04209469258785248 0.01889057084918022 0.07922903448343277
v 0.03124549798667431 0.018742050975561142 0.07828015089035034
v 0.03258126974105835 0.015833768993616104 0.07839673012495041
v 0.04209469258785248 0.01889057084918022 0.07922903448343277
v 0.03258126974105835 0.015833768993616104 0.07839673012495041
v 0.043982893228530884 0.013074004091322422 0.07939402014017105
v 0.043982893228530884 0.013074004091322422 0.07939402014017105
v 0.03258126974105835 0.015833768993616104 0.07839673012495041
v 0.034292493015527725 0.010745462030172348 0.07854682207107544
v 0.043982893228530884 0.013074004091322422 0.07939402014017105
v 0.034292493015527725 0.010745462030172348 0.07854682207107544
v 0.045061543583869934 0.007795346435159445 0.07948853820562363
v 0.045061543583869934 0.007795346435159445 0.07948853820562363
v 0.034292493015527725 0.010745462030172348 0.07854682207107544
v 0.03533460944890976 0.005424041301012039 0.07863777875900269
v 0.045061543583869934 0.007795346435159445 0.07948853820562363
v 0.03533460944890976 0.005424041301012039 0.07863777875900269
v 0.0456046462059021 0.00205576722510159 0.0795360580086708
v 0.0456046462059021 0.00205576722510159 0.0795360580086708
v 0.03533460944890976 0.005424041301012039 0.07863777875900269
v 0.03568307310342789 1.649349906074349e-05 0.07866806536912918
v 0.0456046462059021 0.00205576722510159 0.0795360580086708
v 0.03568307310342789 1.649349906074349e-05 0.07866806536912918
v 0.04564502090215683 -9.985328830453e-08 0.07953963428735733
v 0.04564502090215683 -9.985328830453e-08 0.07953963428735733
v 0.03568307310342789 1.649349906074349e-05 0.07866806536912918
v 0.045289456844329834 -0.006092332303524017 0.07950840890407562
v 0.03568307310342789 1.649349906074349e-05 0.07866806536912918
v 0.03552518039941788 -0.0036590686067938805 0.07865451276302338
v 0.045289456844329834 -0.006092332303524017 0.07950840890407562
v 0.045289456844329834 -0.006092332303524017 0.07950840890407562
v 0.03552518039941788 -0.0036590686067938805 0.07865451276302338
v 0.03538990765810013 -0.004977313801646233 0.07864262163639069
v 0.045289456844329834 -0.006092332303524017 0.07950840890407562
v 0.03538990765810013 -0.004977313801646233 0.07864262163639069
v 0.04426040127873421 -0.011952752247452736 0.0794183686375618
v 0.03538990765810013 -0.004977313801646233 0.07864262163639069
v 0.03472503274679184 -0.00894827488809824 0.0785844549536705
v 0.04426040127873421 -0.011952752247452736 0.0794183686375618
v 0.04426040127873421 -0.011952752247452736 0.0794183686375618
v 0.03472503274679184 -0.00894827488809824 0.0785844549536705
v 0.03447911515831947 -0.010013222694396973 0.07856316864490509
v 0.04426040127873421 -0.011952752247452736 0.0794183686375618
v 0.03447911515831947 -0.010013222694396973 0.07856316864490509
v 0.04268676042556763 -0.017307011410593987 0.07928075641393661
v 0.04268676042556763 -0.017307011410593987 0.07928075641393661
v 0.03447911515831947 -0.010013222694396973 0.07856316864490509
v 0.033278368413448334 -0.014019126072525978 0.07845785468816757
v 0.04268676042556763 -0.017307011410593987 0.07928075641393661
v 0.033278368413448334 -0.014019126072525978 0.07845785468816757
v 0.04075106605887413 -0.02199879288673401 0.079111248254776
v 0.04075106605887413 -0.02199879288673401 0.079111248254776
v 0.033278368413448334 -0.014019126072525978 0.07845785468816757
v 0.031201373785734177 -0.018827611580491066 0.07827673852443695
v 0.04075106605887413 -0.02199879288673401 0.079111248254776
v 0.031201373785734177 -0.018827611580491066 0.07827673852443695
v 0.03811275213956833 -0.026854023337364197 0.07888080179691315
v 0.03811275213956833 -0.026854023337364197 0.07888080179691315
v 0.031201373785734177 -0.018827611580491066 0.07827673852443695
v 0.028540652245283127 -0.023274419829249382 0.07804326713085175
v 0.03811275213956833 -0.026854023337364197 0.07888080179691315
v 0.028540652245283127 -0.023274419829249382 0.07804326713085175
v 0.03492589294910431 -0.03141091763973236 0.0786016434431076
v 0.03492589294910431 -0.03141091763973236 0.0786016434431076
v 0.028540652245283127 -0.023274419829249382 0.07804326713085175
v 0.02532189153134823 -0.027320202440023422 0.07776164263486862
v 0.03492589294910431 -0.03141091763973236 0.0786016434431076
v 0.02532189153134823 -0.027320202440023422 0.07776164263486862
v 0.03155669942498207 -0.035252999514341354 0.07830707728862762
v 0.03155669942498207 -0.035252999514341354 0.07830707728862762
v 0.02532189153134823 -0.027320202440023422 0.07776164263486862
v 0.027497759088873863 -0.03896694630384445 0.07795204222202301
v 0.02532189153134823 -0.027320202440023422 0.07776164263486862
v 0.02242867834866047 -0.03017408400774002 0.07750850170850754
v 0.027497759088873863 -0.03896694630384445 0.07795204222202301
v 0.027497759088873863 -0.03896694630384445 0.07795204222202301
v 0.02242867834866047 -0.03017408400774002 0.07750850170850754
v 0.021594436839222908 -0.03089275397360325 0.0774354487657547
v 0.027497759088873863 -0.03896694630384445 0.07795204222202301
v 0.021594436839222908 -0.03089275397360325 0.0774354487657547
v 0.02293246053159237 -0.04226277768611908 0.07755256444215775
v 0.021594436839222908 -0.03089275397360325 0.0774354487657547
v 0.01743912138044834 -0.03391818702220917 0.07707180082798004
v 0.02293246053159237 -0.04226277768611908 0.07755256444215775
v 0.02293246053159237 -0.04226277768611908 0.07755256444215775
v 0.01743912138044834 -0.03391818702220917 0.07707180082798004
v 0.01640925370156765 -0.034543726593256 0.0769815668463707
v 0.02293246053159237 -0.04226277768611908 0.07755256444215775
v 0.01640925370156765 -0.034543726593256 0.0769815668463707
v 0.017821889370679855 -0.045092541724443436 0.07710546255111694
v 0.017821889370679855 -0.045092541724443436 0.07710546255111694
v 0.01640925370156765 -0.034543726593256 0.0769815668463707
v 0.012907923199236393 -0.03635731339454651 0.07667545974254608
v 0.017821889370679855 -0.045092541724443436 0.07710546255111694
v 0.012907923199236393 -0.03635731339454651 0.07667545974254608
v 0.0124988853931427 -0.04724721238017082 0.07663976401090622
v 0.012907923199236393 -0.03635731339454651 0.07667545974254608
v 0.011451730504631996 -0.0369817279279232 0.07654812186956406
v 0.0124988853931427 -0.04724721238017082 0.07663976401090622
v 0.0124988853931427 -0.04724721238017082 0.07663976401090622
v 0.011451730504631996 -0.0369817279279232 0.07654812186956406
v 0.008094392716884613 -0.038158975541591644 0.07625437527894974
v 0.0124988853931427 -0.04724721238017082 0.07663976401090622
v 0.008094392716884613 -0.038158975541591644 0.07625437527894974
v 0.006766806822270155 -0.0487871989607811 0.07613824307918549
v 0.008094392716884613 -0.038158975541591644 0.07625437527894974
v 0.006487309467047453 -0.038600750267505646 0.07611384242773056
v 0.006766806822270155 -0.0487871989607811 0.07613824307918549
v 0.006766806822270155 -0.0487871989607811 0.07613824307918549
v 0.006487309467047453 -0.038600750267505646 0.07611384242773056
v 0.003093867329880595 -0.03929035738110542 0.07581717520952225
v 0.006766806822270155 -0.0487871989607811 0.07613824307918549
v 0.003093867329880595 -0.03929035738110542 0.07581717520952225
v 0.0016783366445451975 -0.04953816533088684 0.0756930559873581
v 0.0016783366445451975 -0.04953816533088684 0.0756930559873581
v 0.003093867329880595 -0.03929035738110542 0.07581717520952225
v 0.0015205707168206573 -0.03950224816799164 0.07567943632602692
v 0.0016783366445451975 -0.04953816533088684 0.0756930559873581
v 0.0015205707168206573 -0.03950224816799164 0.07567943632602692
v -0.004037841223180294 -0.049723878502845764 0.07519296556711197
v 0.0015205707168206573 -0.03950224816799164 0.07567943632602692
v -0.002037792233750224 -0.03973642736673355 0.0753677636384964
v -0.004037841223180294 -0.049723878502845764 0.07519296556711197
v -0.004037841223180294 -0.049723878502845764 0.07519296556711197
v -0.002037792233750224 -0.03973642736673355 0.0753677636384964
v -0.003446941263973713 -0.039735306054353714 0.07524467259645462
v -0.004037841223180294 -0.049723878502845764 0.07519296556711197
v -0.003446941263973713 -0.039735306054353714 0.07524467259645462
v -0.009733430109918118 -0.04922344163060188 0.07469473034143448
v -0.003446941263973713 -0.039735306054353714 0.07524467259645462
v -0.007228208240121603 -0.039471857249736786 0.0749141126871109
v -0.009733430109918118 -0.04922344163060188 0.07469473034143448
v -0.009733430109918118 -0.04922344163060188 0.07469473034143448
v -0.007228208240121603 -0.039471857249736786 0.0749141126871109
v -0.00841375719755888 -0.03931092098355293 0.07481027394533157
v -0.009733430109918118 -0.04922344163060188 0.07469473034143448
v -0.00841375719755888 -0.03931092098355293 0.07481027394533157
v -0.015476447530090809 -0.04801970347762108 0.07419226318597794
v -0.00841375719755888 -0.03931092098355293 0.07481027394533157
v -0.012452423572540283 -0.038479339331388474 0.07445686310529709
v -0.015476447530090809 -0.04801970347762108 0.07419226318597794
v -0.015476447530090809 -0.04801970347762108 0.07419226318597794
v -0.012452423572540283 -0.038479339331388474 0.07445686310529709
v -0.013378151692450047 -0.03822591155767441 0.07437583059072495
v -0.015476447530090809 -0.04801970347762108 0.07419226318597794
v -0.013378151692450047 -0.03822591155767441 0.07437583059072495
v -0.0211870688945055 -0.04608873277902603 0.07369260489940643
v -0.0211870688945055 -0.04608873277902603 0.07369260489940643
v -0.013378151692450047 -0.03822591155767441 0.07437583059072495
v -0.01750997267663479 -0.03679448738694191 0.07401437312364578
v -0.0211870688945055 -0.04608873277902603 0.07369260489940643
v -0.01750997267663479 -0.03679448738694191 0.07401437312364578
v -0.026205727830529213 -0.0437220074236393 0.07325360924005508
v -0.026205727830529213 -0.0437220074236393 0.07325360924005508
v -0.01750997267663479 -0.03679448738694191 0.07401437312364578
v -0.022317415103316307 -0.034454960376024246 0.07359401136636734
v -0.026205727830529213 -0.0437220074236393 0.07325360924005508
v -0.022317415103316307 -0.034454960376024246 0.07359401136636734
v -0.03145072981715202 -0.040464844554662704 0.07279468327760696
v -0.03145072981715202 -0.040464844554662704 0.07279468327760696
v -0.022317415103316307 -0.034454960376024246 0.07359401136636734
v -0.026783009991049767 -0.03150567412376404 0.07320308685302734
v -0.03145072981715202 -0.040464844554662704 0.07279468327760696
v -0.026783009991049767 -0.03150567412376404 0.07320308685302734
v -0.03605751320719719 -0.0367853119969368 0.07239171117544174
v -0.03605751320719719 -0.0367853119969368 0.07239171117544174
v -0.026783009991049767 -0.03150567412376404 0.07320308685302734
v -0.030795300379395485 -0.028034184128046036 0.0728519856929779
v -0.03605751320719719 -0.0367853119969368 0.07239171117544174
v -0.030795300379395485 -0.028034184128046036 0.0728519856929779
v -0.04011831805109978 -0.03269975259900093 0.07203608006238937
v -0.04011831805109978 -0.03269975259900093 0.07203608006238937
v -0.030795300379395485 -0.028034184128046036 0.0728519856929779
v -0.03432058170437813 -0.024077238515019417 0.07254374027252197
v -0.04011831805109978 -0.03269975259900093 0.07203608006238937
v -0.03432058170437813 -0.024077238515019417 0.07254374027252197
v -0.043614085763692856 -0.02828695997595787 0.07173040509223938
v -0.043614085763692856 -0.02828695997595787 0.07173040509223938
v -0.03432058170437813 -0.024077238515019417 0.07254374027252197
v -0.0467449314892292 -0.023235861212015152 0.07145640254020691
v -0.03432058170437813 -0.024077238515019417 0.07254374027252197
v -0.037275396287441254 -0.01973109319806099 0.0722850039601326
v -0.0467449314892292 -0.023235861212015152 0.07145640254020691
v -0.0467449314892292 -0.023235861212015152 0.07145640254020691
v -0.037275396287441254 -0.01973109319806099 0.0722850039601326
v -0.03825623542070389 -0.01796281337738037 0.07219919562339783
v -0.0467449314892292 -0.023235861212015152 0.07145640254020691
v -0.03825623542070389 -0.01796281337738037 0.07219919562339783
v -0.04924343153834343 -0.017870595678687096 0.0712379589676857
v -0.04924343153834343 -0.017870595678687096 0.0712379589676857
v -0.03825623542070389 -0.01796281337738037 0.07219919562339783
v -0.039619557559490204 -0.015073353424668312 0.07207994908094406
v -0.04924343153834343 -0.017870595678687096 0.0712379589676857
v -0.039619557559490204 -0.015073353424668312 0.07207994908094406
v -0.05114082992076874 -0.012016155757009983 0.07107190787792206
v -0.05114082992076874 -0.012016155757009983 0.07107190787792206
v -0.039619557559490204 -0.015073353424668312 0.07207994908094406
v -0.04132044315338135 -0.010175530798733234 0.07193119078874588
v -0.05114082992076874 -0.012016155757009983 0.07107190787792206
v -0.04132044315338135 -0.010175530798733234 0.07193119078874588
v -0.052234094589948654 -0.006389998365193605 0.07097620517015457
v -0.052234094589948654 -0.006389998365193605 0.07097620517015457
v -0.04132044315338135 -0.010175530798733234 0.07193119078874588
v -0.04235094413161278 -0.005134320817887783 0.07184070348739624
v -0.052234094589948654 -0.006389998365193605 0.07097620517015457
v -0.04235094413161278 -0.005134320817887783 0.07184070348739624
v -0.05265210196375847 -0.0009075516136363149 0.07093973457813263
v -0.05265210196375847 -0.0009075516136363149 0.07093973457813263
v -0.04235094413161278 -0.005134320817887783 0.07184070348739624
v -0.042698778212070465 -1.1185726179974154e-05 0.0718105211853981
v -0.05265210196375847 -0.0009075516136363149 0.07093973457813263
v -0.042698778212070465 -1.1185726179974154e-05 0.0718105211853981
v -0.05266071483492851 7.119309586300915e-10 0.07093898206949234
v -0.05266071483492851 7.119309586300915e-10 0.07093898206949234
v -0.042698778212070465 -1.1185726179974154e-05 0.0718105211853981
v -0.05230799689888954 0.005811525974422693 0.07096973061561584
v 0.052513815462589264 0.02748219668865204 0.06805722415447235
v 0.05089026317000389 0.030514612793922424 0.06754602491855621
v 0.04812418669462204 0.028783217072486877 0.07047691196203232
v 0.033272884786129 0.033397771418094635 0.07845740765333176
v 0.03596207872033119 0.03444841131567955 0.07565844804048538
v 0.03197690099477768 0.038529329001903534 0.07516273111104965
v 0.04892368242144585 -1.0956364349112846e-07 0.07719767093658447
v 0.05228245630860329 -1.2006988470147917e-07 0.07479847222566605
v 0.05217961221933365 0.0033675869926810265 0.07477860152721405
v 0.038260962814092636 0.03700733929872513 0.07199572026729584
v 0.03662897273898125 0.029113588854670525 0.07875093072652817
v 0.04206353798508644 0.03219124302268028 0.0727851539850235
v 0.04206353798508644 0.03219124302268028 0.0727851539850235
v 0.03662897273898125 0.029113588854670525 0.07875093072652817
v 0.03969826549291611 0.02409430965781212 0.07901925593614578
v 0.04206353798508644 0.03219124302268028 0.0727851539850235
v 0.03969826549291611 0.02409430965781212 0.07901925593614578
v 0.0453292652964592 0.026963084936141968 0.07344405353069305
v 0.0453292652964592 0.026963084936141968 0.07344405353069305
v 0.03969826549291611 0.02409430965781212 0.07901925593614578
v 0.04209469258785248 0.01889057084918022 0.07922903448343277
v 0.0453292652964592 0.026963084936141968 0.07344405353069305
v 0.04209469258785248 0.01889057084918022 0.07922903448343277
v 0.048009537160396576 0.021390637382864952 0.07397250086069107
v 0.048009537160396576 0.021390637382864952 0.07397250086069107
v 0.04209469258785248 0.01889057084918022 0.07922903448343277
v 0.043982893228530884 0.013074004091322422 0.07939402014017105
v 0.048009537160396576 0.021390637382864952 0.07397250086069107
v 0.043982893228530884 0.013074004091322422 0.07939402014017105
v 0.050063129514455795 0.015547306276857853 0.07437104731798172
v 0.050063129514455795 0.015547306276857853 0.07437104731798172
v 0.043982893228530884 0.013074004091322422 0.07939402014017105
v 0.045061543583869934 0.007795346435159445 0.07948853820562363
v 0.050063129514455795 0.015547306276857853 0.07437104731798172
v 0.045061543583869934 0.007795346435159445 0.07948853820562363
v 0.05146028846502304 0.00951228104531765 0.0746399536728859
v 0.05146028846502304 0.00951228104531765 0.0746399536728859
v 0.045061543583869934 0.007795346435159445 0.07948853820562363
v 0.0456046462059021 0.00205576722510159 0.0795360580086708
v 0.05146028846502304 0.00951228104531765 0.0746399536728859
v 0.0456046462059021 0.00205576722510159 0.0795360580086708
v 0.05217961221933365 0.0033675869926810265 0.07477860152721405
v 0.05217961221933365 0.0033675869926810265 0.07477860152721405
v 0.0456046462059021 0.00205576722510159 0.0795360580086708
v 0.04564502090215683 -9.985328830453e-08 0.07953963428735733
v 0.05217961221933365 0.0033675869926810265 0.07477860152721405
v 0.04564502090215683 -9.985328830453e-08 0.07953963428735733
v 0.04892368242144585 -1.0956364349112846e-07 0.07719767093658447
v 0.033272884786129 0.033397771418094635 0.07845740765333176
v 0.03197690099477768 0.038529329001903534 0.07516273111104965
v 0.029402995482087135 0.03732876479625702 0.0781187042593956
v 0.029402995482087135 0.03732876479625702 0.0781187042593956
v 0.03197690099477768 0.038529329001903534 0.07516273111104965
v 0.027590593323111534 0.04213208705186844 0.07460261136293411
v 0.029402995482087135 0.03732876479625702 0.0781187042593956
v 0.027590593323111534 0.04213208705186844 0.07460261136293411
v 0.02487405389547348 0.040960028767585754 0.07772243022918701
v 0.02487405389547348 0.040960028767585754 0.07772243022918701
v 0.027590593323111534 0.04213208705186844 0.07460261136293411
v 0.022863071411848068 0.0452154204249382 0.0739818587899208
v 0.02487405389547348 0.040960028767585754 0.07772243022918701
v 0.022863071411848068 0.0452154204249382 0.0739818587899208
v 0.02005622908473015 0.04395544156432152 0.07730095833539963
v 0.02005622908473015 0.04395544156432152 0.07730095833539963
v 0.022863071411848068 0.0452154204249382 0.0739818587899208
v 0.017857162281870842 0.0477474145591259 0.07330571860074997
v 0.02005622908473015 0.04395544156432152 0.07730095833539963
v 0.017857162281870842 0.0477474145591259 0.07330571860074997
v 0.015283344313502312 0.046213336288928986 0.07688334584236145
v 0.015283344313502312 0.046213336288928986 0.07688334584236145
v 0.017857162281870842 0.0477474145591259 0.07330571860074997
v 0.01263691671192646 0.04970317706465721 0.07258051633834839
v 0.015283344313502312 0.046213336288928986 0.07688334584236145
v 0.01263691671192646 0.04970317706465721 0.07258051633834839
v 0.009967721998691559 0.048021625727415085 0.07641831785440445
v 0.009967721998691559 0.048021625727415085 0.07641831785440445
v 0.01263691671192646 0.04970317706465721 0.07258051633834839
v 0.007266894448548555 0.051067695021629333 0.07181401550769806
v 0.009967721998691559 0.048021625727415085 0.07641831785440445
v 0.007266894448548555 0.051067695021629333 0.07181401550769806
v 0.0044872211292386055 0.049192532896995544 0.07593880593776703
v 0.0044872211292386055 0.049192532896995544 0.07593880593776703
v 0.007266894448548555 0.051067695021629333 0.07181401550769806
v 0.0018103750189766288 0.05183317884802818 0.07101479917764664
v 0.0044872211292386055 0.049192532896995544 0.07593880593776703
v 0.0018103750189766288 0.05183317884802818 0.07101479917764664
v -0.0009905173210427165 0.04971154034137726 0.07546006143093109
v 0.0018103750189766288 0.05183317884802818 0.07101479917764664
v -0.0036801150999963284 0.051999278366565704 0.07017921656370163
v -0.0009905173210427165 0.04971154034137726 0.07546006143093109
v -0.0009905173210427165 0.04971154034137726 0.07546006143093109
v -0.0036801150999963284 0.051999278366565704 0.07017921656370163
v -0.009171516634523869 0.05157364904880524 0.06927572935819626
v -0.0009905173210427165 0.04971154034137726 0.07546006143093109
v -0.009171516634523869 0.05157364904880524 0.06927572935819626
v -0.006358151324093342 0.049602340906858444 0.07499002665281296
v -0.006358151324093342 0.049602340906858444 0.07499002665281296
v -0.009171516634523869 0.05157364904880524 0.06927572935819626
v -0.01460384950041771 0.050571560859680176 0.06831265985965729
v -0.006358151324093342 0.049602340906858444 0.07499002665281296
v -0.01460384950041771 0.050571560859680176 0.06831265985965729
v -0.01185183972120285 0.04886208474636078 0.07450933754444122
v -0.01185183972120285 0.04886208474636078 0.07450933754444122
v -0.01460384950041771 0.050571560859680176 0.06831265985965729
v -0.01991848461329937 0.04901174455881119 0.06730231642723083
v -0.01185183972120285 0.04886208474636078 0.07450933754444122
v -0.01991848461329937 0.04901174455881119 0.06730231642723083
v -0.01726483181118965 0.04749668762087822 0.07403582334518433
v -0.01726483181118965 0.04749668762087822 0.07403582334518433
v -0.01991848461329937 0.04901174455881119 0.06730231642723083
v -0.02505907230079174 0.04691515862941742 0.06625758111476898
v -0.01726483181118965 0.04749668762087822 0.07403582334518433
v -0.02505907230079174 0.04691515862941742 0.06625758111476898
v -0.0225400160998106 0.04551621153950691 0.07357423007488251
v -0.0225400160998106 0.04551621153950691 0.07357423007488251
v -0.02505907230079174 0.04691515862941742 0.06625758111476898
v -0.029972510412335396 0.044306572526693344 0.06519242376089096
v -0.0225400160998106 0.04551621153950691 0.07357423007488251
v -0.029972510412335396 0.044306572526693344 0.06519242376089096
v -0.027963709086179733 0.04272721707820892 0.073099784553051
v -0.027963709086179733 0.04272721707820892 0.073099784553051
v -0.029972510412335396 0.044306572526693344 0.06519242376089096
v -0.0346074253320694 0.041212644428014755 0.06412173807621002
v -0.027963709086179733 0.04272721707820892 0.073099784553051
v -0.0346074253320694 0.041212644428014755 0.06412173807621002
v -0.03248119726777077 0.03971543535590172 0.07270460575819016
v -0.03248119726777077 0.03971543535590172 0.07270460575819016
v -0.0346074253320694 0.041212644428014755 0.06412173807621002
v -0.03891478478908539 0.037662193179130554 0.06306269764900208
v -0.03248119726777077 0.03971543535590172 0.07270460575819016
v -0.03891478478908539 0.037662193179130554 0.06306269764900208
v -0.03694495931267738 0.03596917912364006 0.07231400907039642
v -0.03694495931267738 0.03596917912364006 0.07231400907039642
v -0.03891478478908539 0.037662193179130554 0.06306269764900208
v -0.04284657537937164 0.03368554264307022 0.0620342455804348
v -0.03694495931267738 0.03596917912364006 0.07231400907039642
v -0.04284657537937164 0.03368554264307022 0.0620342455804348
v -0.04096321761608124 0.031722892075777054 0.07196205109357834
v -0.04096321761608124 0.031722892075777054 0.07196205109357834
v -0.04284657537937164 0.03368554264307022 0.0620342455804348
v -0.0463559664785862 0.02931605651974678 0.061059143394231796
v -0.04096321761608124 0.031722892075777054 0.07196205109357834
v -0.0463559664785862 0.02931605651974678 0.061059143394231796
v -0.04419804364442825 0.027440860867500305 0.07167939841747284
v -0.04419804364442825 0.027440860867500305 0.07167939841747284
v -0.0463559664785862 0.02931605651974678 0.061059143394231796
v -0.04939613118767738 0.024590013548731804 0.06016320362687111
v -0.04419804364442825 0.027440860867500305 0.07167939841747284
v -0.04939613118767738 0.024590013548731804 0.06016320362687111
v -0.04724140837788582 0.02229299396276474 0.07141298055648804
v -0.04724140837788582 0.02229299396276474 0.07141298055648804
v -0.04939613118767738 0.024590013548731804 0.06016320362687111
v -0.051919661462306976 0.019549457356333733 0.05937790498137474
v -0.04724140837788582 0.02229299396276474 0.07141298055648804
v -0.051919661462306976 0.019549457356333733 0.05937790498137474
v -0.04952295869588852 0.017145056277513504 0.07121346890926361
v -0.04952295869588852 0.017145056277513504 0.07121346890926361
v -0.051919661462306976 0.019549457356333733 0.05937790498137474
v -0.053879596292972565 0.014243125915527344 0.05873757600784302
v -0.04952295869588852 0.017145056277513504 0.07121346890926361
v -0.053879596292972565 0.014243125915527344 0.05873757600784302
v -0.051265038549900055 0.011520253494381905 0.07106105983257294
v -0.051265038549900055 0.011520253494381905 0.07106105983257294
v -0.053879596292972565 0.014243125915527344 0.05873757600784302
v -0.055230967700481415 0.008733601309359074 0.05827890709042549
v -0.051265038549900055 0.011520253494381905 0.07106105983257294
v -0.055230967700481415 0.008733601309359074 0.05827890709042549
v -0.05230799689888954 0.005811525974422693 0.07096973061561584
v -0.055230967700481415 0.008733601309359074 0.05827890709042549
v -0.055935073643922806 0.003096622182056308 0.05803392827510834
v -0.05230799689888954 0.005811525974422693 0.07096973061561584
v -0.05230799689888954 0.005811525974422693 0.07096973061561584
v -0.055935073643922806 0.003096622182056308 0.05803392827510834
v -0.056036412715911865 1.9033543630087024e-09 0.05799821764230728
v -0.05230799689888954 0.005811525974422693 0.07096973061561584
v -0.056036412715911865 1.9033543630087024e-09 0.05799821764230728
v -0.05266071483492851 7.119309586300915e-10 0.07093898206949234
v -0.05992259085178375 6.912294625571747e-10 0.038859039545059204
v -0.05789531394839287 1.3015745148337032e-09 0.04963012784719467
v -0.055935073643922806 0.003096622182056308 0.05803392827510834
v -0.055935073643922806 0.003096622182056308 0.05803392827510834
v -0.05789531394839287 1.3015745148337032e-09 0.04963012784719467
v -0.056036412715911865 1.9033543630087024e-09 0.05799821764230728
v -0.06392435729503632 -1.8711121541059583e-09 6.268631125294633e-08
v -0.06255549192428589 -2.0388070398613678e-10 0.019505713135004044
v -0.06379654258489609 0.003956992644816637 0.00012034987594233826
v -0.06379654258489609 0.003956992644816637 0.00012034987594233826
v -0.06255549192428589 -2.0388070398613678e-10 0.019505713135004044
v -0.06243240833282471 0.003671641694381833 0.01959889754652977
v -0.06379654258489609 0.003956992644816637 0.00012034987594233826
v -0.06243240833282471 0.003671641694381833 0.01959889754652977
v -0.06352240592241287 0.007017027586698532 0.0003779268590733409
v -0.06352240592241287 0.007017027586698532 0.0003779268590733409
v -0.06243240833282471 0.003671641694381833 0.01959889754652977
v -0.0631679967045784 0.009612861089408398 0.0007100549410097301
v -0.0631679967045784 0.009612861089408398 0.0007100549410097301
v -0.06243240833282471 0.003671641694381833 0.01959889754652977
v -0.06291007995605469 0.011119347997009754 0.0009511462994851172
v -0.06291007995605469 0.011119347997009754 0.0009511462994851172
v -0.06243240833282471 0.003671641694381833 0.01959889754652977
v -0.061578184366226196 0.010334977880120277 0.020242519676685333
v -0.06291007995605469 0.011119347997009754 0.0009511462994851172
v -0.061578184366226196 0.010334977880120277 0.020242519676685333
v -0.06233993545174599 0.013864715583622456 0.0014820484211668372
v -0.06233993545174599 0.013864715583622456 0.0014820484211668372
v -0.061578184366226196 0.010334977880120277 0.020242519676685333
v -0.05995126813650131 0.01678895205259323 0.021450767293572426
v -0.06233993545174599 0.013864715583622456 0.0014820484211668372
v -0.05995126813650131 0.01678895205259323 0.021450767293572426
v -0.060968007892370224 0.018832379952073097 0.002748144092038274
v -0.060968007892370224 0.018832379952073097 0.002748144092038274
v -0.05995126813650131 0.01678895205259323 0.021450767293572426
v -0.05762065574526787 0.022924020886421204 0.023141806945204735
v -0.060968007892370224 0.018832379952073097 0.002748144092038274
v -0.05762065574526787 0.022924020886421204 0.023141806945204735
v -0.058815550059080124 0.024533497169613838 0.00470312125980854
v -0.047251325100660324 0.042089492082595825 0.014586150646209717
v -0.048128023743629456 0.041136614978313446 0.01387176662683487
v -0.04717129096388817 0.03880194574594498 0.030200233682990074
v -0.04717129096388817 0.03880194574594498 0.030200233682990074
v -0.048128023743629456 0.041136614978313446 0.01387176662683487
v -0.052356258034706116 0.03589114919304848 0.010347936302423477
v -0.04717129096388817 0.03880194574594498 0.030200233682990074
v -0.052356258034706116 0.03589114919304848 0.010347936302423477
v -0.05115925148129463 0.03396620973944664 0.027600742876529694
v -0.05115925148129463 0.03396620973944664 0.027600742876529694
v -0.052356258034706116 0.03589114919304848 0.010347936302423477
v -0.05577685683965683 0.030579915270209312 0.007399413734674454
v -0.05115925148129463 0.03396620973944664 0.027600742876529694
v -0.05577685683965683 0.030579915270209312 0.007399413734674454
v -0.05466526374220848 0.028664138168096542 0.025221146643161774
v -0.05466526374220848 0.028664138168096542 0.025221146643161774
v -0.05577685683965683 0.030579915270209312 0.007399413734674454
v -0.05737857148051262 0.027600372210144997 0.005987345241010189
v -0.05466526374220848 0.028664138168096542 0.025221146643161774
v -0.05737857148051262 0.027600372210144997 0.005987345241010189
v -0.05762065574526787 0.022924020886421204 0.023141806945204735
v -0.05762065574526787 0.022924020886421204 0.023141806945204735
v -0.05737857148051262 0.027600372210144997 0.005987345241010189
v -0.057899702340364456 0.026538174599409103 0.005523523315787315
v -0.05762065574526787 0.022924020886421204 0.023141806945204735
v -0.057899702340364456 0.026538174599409103 0.005523523315787315
v -0.058815550059080124 0.024533497169613838 0.00470312125980854
v -0.047251325100660324 0.042089492082595825 0.014586150646209717
v -0.04717129096388817 0.03880194574594498 0.030200233682990074
v -0.04582936689257622 0.04355335608124733 0.015733109787106514
v -0.04582936689257622 0.04355335608124733 0.015733109787106514
v -0.04717129096388817 0.03880194574594498 0.030200233682990074
v -0.04275922477245331 0.04315263777971268 0.03295465558767319
v -0.04582936689257622 0.04355335608124733 0.015733109787106514
v -0.04275922477245331 0.04315263777971268 0.03295465558767319
v -0.042906854301691055 0.04628053680062294 0.018045712262392044
v -0.042906854301691055 0.04628053680062294 0.018045712262392044
v -0.04275922477245331 0.04315263777971268 0.03295465558767319
v -0.037975478917360306 0.04700333997607231 0.035807326436042786
v -0.042906854301691055 0.04628053680062294 0.018045712262392044
v -0.037975478917360306 0.04700333997607231 0.035807326436042786
v -0.03880494832992554 0.049566589295864105 0.021194245666265488
v -0.03880494832992554 0.049566589295864105 0.021194245666265488
v -0.037975478917360306 0.04700333997607231 0.035807326436042786
v -0.037324342876672745 0.05061864107847214 0.022303614765405655
v -0.037324342876672745 0.05061864107847214 0.022303614765405655
v -0.037975478917360306 0.04700333997607231 0.035807326436042786
v -0.03286725655198097 0.05033893883228302 0.03871188312768936
v -0.037324342876672745 0.05061864107847214 0.022303614765405655
v -0.03286725655198097 0.05033893883228302 0.03871188312768936
v -0.0336344838142395 0.052970580756664276 0.02500690147280693
v -0.0336344838142395 0.052970580756664276 0.02500690147280693
v -0.03286725655198097 0.05033893883228302 0.03871188312768936
v -0.02747996710240841 0.053143419325351715 0.041626788675785065
v -0.0336344838142395 0.052970580756664276 0.02500690147280693
v -0.02747996710240841 0.053143419325351715 0.041626788675785065
v -0.027870843186974525 0.05596444755792618 0.029060158878564835
v -0.027870843186974525 0.05596444755792618 0.029060158878564835
v -0.02747996710240841 0.053143419325351715 0.041626788675785065
v -0.021858252584934235 0.055397652089595795 0.044516704976558685
v -0.027870843186974525 0.05596444755792618 0.029060158878564835
v -0.021858252584934235 0.055397652089595795 0.044516704976558685
v -0.02246766723692417 0.05811548978090286 0.03268028423190117
v -0.02246766723692417 0.05811548978090286 0.03268028423190117
v -0.021858252584934235 0.055397652089595795 0.044516704976558685
v -0.0160478875041008 0.057081546634435654 0.047348782420158386
v -0.02246766723692417 0.05811548978090286 0.03268028423190117
v -0.0160478875041008 0.057081546634435654 0.047348782420158386
v -0.01736547239124775 0.05962792783975601 0.035946156829595566
v -0.01736547239124775 0.05962792783975601 0.035946156829595566
v -0.0160478875041008 0.057081546634435654 0.047348782420158386
v -0.010098188184201717 0.058174338191747665 0.050093114376068115
v -0.01736547239124775 0.05962792783975601 0.035946156829595566
v -0.010098188184201717 0.058174338191747665 0.050093114376068115
v -0.010445818305015564 0.060941338539123535 0.040148623287677765
v -0.010445818305015564 0.060941338539123535 0.040148623287677765
v -0.010098188184201717 0.058174338191747665 0.050093114376068115
v -0.004062001593410969 0.058654993772506714 0.05272134765982628
v -0.010445818305015564 0.060941338539123535 0.040148623287677765
v -0.004062001593410969 0.058654993772506714 0.05272134765982628
v -0.006155461072921753 0.061351336538791656 0.04262809082865715
v -0.006155461072921753 0.061351336538791656 0.04262809082865715
v -0.004062001593410969 0.058654993772506714 0.05272134765982628
v 0.002003311412408948 0.05850241705775261 0.05521013215184212
v -0.006155461072921753 0.061351336538791656 0.04262809082865715
v 0.002003311412408948 0.05850241705775261 0.05521013215184212
v -1.699901872598275e-07 0.06141315773129463 0.046023666858673096
v 0.012853840366005898 0.059523191303014755 0.05252574756741524
v 0.010111287236213684 0.060162290930747986 0.05120300129055977
v 0.008057666011154652 0.057702355086803436 0.05757301673293114
v 0.008057666011154652 0.057702355086803436 0.05757301673293114
v 0.010111287236213684 0.060162290930747986 0.05120300129055977
v 0.006422922480851412 0.06081654503941536 0.04936947301030159
v 0.008057666011154652 0.057702355086803436 0.05757301673293114
v 0.006422922480851412 0.06081654503941536 0.04936947301030159
v 0.002003311412408948 0.05850241705775261 0.05521013215184212
v 0.002003311412408948 0.05850241705775261 0.05521013215184212
v 0.006422922480851412 0.06081654503941536 0.04936947301030159
v 0.001445637084543705 0.06133785843849182 0.04679396003484726
v 0.002003311412408948 0.05850241705775261 0.05521013215184212
v 0.001445637084543705 0.06133785843849182 0.04679396003484726
v -1.699901872598275e-07 0.06141315773129463 0.046023666858673096
v 0.025553181767463684 0.05137196183204651 0.06378265470266342
v 0.019055597484111786 0.05757300928235054 0.05539202690124512
v 0.019901851192116737 0.05413496121764183 0.061876293271780014
v 0.019901851192116737 0.05413496121764183 0.061876293271780014
v 0.019055597484111786 0.05757300928235054 0.05539202690124512
v 0.012853840366005898 0.059523191303014755 0.05252574756741524
v 0.019901851192116737 0.05413496121764183 0.061876293271780014
v 0.012853840366005898 0.059523191303014755 0.05252574756741524
v 0.01404611486941576 0.05624698847532272 0.059801120311021805
v 0.01404611486941576 0.05624698847532272 0.059801120311021805
v 0.012853840366005898 0.059523191303014755 0.05252574756741524
v 0.008057666011154652 0.057702355086803436 0.05757301673293114
v 0.03092505782842636 0.047975942492485046 0.06550823152065277
v 0.03057437390089035 0.05182834714651108 0.06027163192629814
v 0.025553181767463684 0.05137196183204651 0.06378265470266342
v 0.025553181767463684 0.05137196183204651 0.06378265470266342
v 0.03057437390089035 0.05182834714651108 0.06027163192629814
v 0.024766264483332634 0.055101823061704636 0.05788218975067139
v 0.025553181767463684 0.05137196183204651 0.06378265470266342
v 0.024766264483332634 0.055101823061704636 0.05788218975067139
v 0.019055597484111786 0.05757300928235054 0.05539202690124512
v 0.03594134375452995 0.04397394135594368 0.0670439600944519
v 0.03464057296514511 0.048999808728694916 0.06186063960194588
v 0.03092505782842636 0.047975942492485046 0.06550823152065277
v 0.03092505782842636 0.047975942492485046 0.06550823152065277
v 0.03464057296514511 0.048999808728694916 0.06186063960194588
v 0.03251251205801964 0.0505407340824604 0.06103750690817833
v 0.03092505782842636 0.047975942492485046 0.06550823152065277
v 0.03251251205801964 0.0505407340824604 0.06103750690817833
v 0.03057437390089035 0.05182834714651108 0.06027163192629814
v 0.041454508900642395 0.04299992322921753 0.06437284499406815
v 0.03985666483640671 0.044574424624443054 0.06379977613687515
v 0.03594134375452995 0.04397394135594368 0.0670439600944519
v 0.03594134375452995 0.04397394135594368 0.0670439600944519
v 0.03985666483640671 0.044574424624443054 0.06379977613687515
v 0.03814750537276268 0.04613789543509483 0.06317536532878876
v 0.03594134375452995 0.04397394135594368 0.0670439600944519
v 0.03814750537276268 0.04613789543509483 0.06317536532878876
v 0.03464057296514511 0.048999808728694916 0.06186063960194588
v 0.048749085515737534 0.03398536890745163 0.06685680150985718
v 0.04564248397946358 0.038256868720054626 0.06582338362932205
v 0.04460899904370308 0.03432132303714752 0.06952864676713943
v 0.04460899904370308 0.03432132303714752 0.06952864676713943
v 0.04564248397946358 0.038256868720054626 0.06582338362932205
v 0.041454508900642395 0.04299992322921753 0.06437284499406815
v 0.04460899904370308 0.03432132303714752 0.06952864676713943
v 0.041454508900642395 0.04299992322921753 0.06437284499406815
v 0.04052641987800598 0.03940563648939133 0.06838476657867432
v 0.04052641987800598 0.03940563648939133 0.06838476657867432
v 0.041454508900642395 0.04299992322921753 0.06437284499406815
v 0.03594134375452995 0.04397394135594368 0.0670439600944519
v 0.04812418669462204 0.028783217072486877 0.07047691196203232
v 0.05089026317000389 0.030514612793922424 0.06754602491855621
v 0.04460899904370308 0.03432132303714752 0.06952864676713943
v 0.04460899904370308 0.03432132303714752 0.06952864676713943
v 0.05089026317000389 0.030514612793922424 0.06754602491855621
v 0.04932916536927223 0.03309466689825058 0.06704535335302353
v 0.04460899904370308 0.03432132303714752 0.06952864676713943
v 0.04932916536927223 0.03309466689825058 0.06704535335302353
v 0.048749085515737534 0.03398536890745163 0.06685680150985718
v 0.052513815462589264 0.02748219668865204 0.06805722415447235
v 0.04812418669462204 0.028783217072486877 0.07047691196203232
v 0.054002389311790466 0.024276679381728172 0.06851761043071747
v 0.054002389311790466 0.024276679381728172 0.06851761043071747
v 0.04812418669462204 0.028783217072486877 0.07047691196203232
v 0.051015883684158325 0.022862350568175316 0.07123225182294846
v 0.054002389311790466 0.024276679381728172 0.06851761043071747
v 0.051015883684158325 0.022862350568175316 0.07123225182294846
v 0.05506938695907593 0.021627025678753853 0.06884196400642395
v 0.05506938695907593 0.021627025678753853 0.06884196400642395
v 0.051015883684158325 0.022862350568175316 0.07123225182294846
v 0.053236041218042374 0.016636425629258156 0.07179804891347885
v 0.05506938695907593 0.021627025678753853 0.06884196400642395
v 0.053236041218042374 0.016636425629258156 0.07179804891347885
v 0.05654264613986015 0.01720639318227768 0.0692823976278305
v 0.05654264613986015 0.01720639318227768 0.0692823976278305
v 0.053236041218042374 0.016636425629258156 0.07179804891347885
v 0.057016823440790176 0.015487638302147388 0.0694226548075676
v 0.057016823440790176 0.015487638302147388 0.0694226548075676
v 0.053236041218042374 0.016636425629258156 0.07179804891347885
v 0.05474928766489029 0.010190081782639027 0.07217725366353989
v 0.057016823440790176 0.015487638302147388 0.0694226548075676
v 0.05474928766489029 0.010190081782639027 0.07217725366353989
v 0.058304980397224426 0.00921787042170763 0.06979924440383911
v 0.058304980397224426 0.00921787042170763 0.06979924440383911
v 0.05474928766489029 0.010190081782639027 0.07217725366353989
v 0.055529575794935226 0.0036114254035055637 0.07237154245376587
v 0.058304980397224426 0.00921787042170763 0.06979924440383911
v 0.055529575794935226 0.0036114254035055637 0.07237154245376587
v 0.05893421173095703 0.0028466125950217247 0.06998082995414734
v 0.05893421173095703 0.0028466125950217247 0.06998082995414734
v 0.055529575794935226 0.0036114254035055637 0.07237154245376587
v 0.055641259998083115 -1.2997136877856974e-07 0.07239925116300583
v 0.05893421173095703 0.0028466125950217247 0.06998082995414734
v 0.055641259998083115 -1.2997136877856974e-07 0.07239925116300583
v 0.059000030159950256 -1.402734142175177e-07 0.06999997794628143
v -0.061944253742694855 4.2989424520190056e-11 0.024950742721557617
v -0.05992259085178375 6.912294625571747e-10 0.038859039545059204
v -0.05980823189020157 0.003384835785254836 0.038923971354961395
v -0.05980823189020157 0.003384835785254836 0.038923971354961395
v -0.05992259085178375 6.912294625571747e-10 0.038859039545059204
v -0.055935073643922806 0.003096622182056308 0.05803392827510834
v -0.05980823189020157 0.003384835785254836 0.038923971354961395
v -0.055935073643922806 0.003096622182056308 0.05803392827510834
v -0.05901459604501724 0.009539681486785412 0.03937190771102905
v -0.05901459604501724 0.009539681486785412 0.03937190771102905
v -0.055935073643922806 0.003096622182056308 0.05803392827510834
v -0.055230967700481415 0.008733601309359074 0.05827890709042549
v -0.05901459604501724 0.009539681486785412 0.03937190771102905
v -0.055230967700481415 0.008733601309359074 0.05827890709042549
v -0.05749897658824921 0.015529965981841087 0.04021165519952774
v -0.05749897658824921 0.015529965981841087 0.04021165519952774
v -0.055230967700481415 0.008733601309359074 0.05827890709042549
v -0.053879596292972565 0.014243125915527344 0.05873757600784302
v -0.05749897658824921 0.015529965981841087 0.04021165519952774
v -0.053879596292972565 0.014243125915527344 0.05873757600784302
v -0.05531708896160126 0.0212623979896307 0.041385453194379807
v -0.05531708896160126 0.0212623979896307 0.041385453194379807
v -0.053879596292972565 0.014243125915527344 0.05873757600784302
v -0.051919661462306976 0.019549457356333733 0.05937790498137474
v -0.05531708896160126 0.0212623979896307 0.041385453194379807
v -0.051919661462306976 0.019549457356333733 0.05937790498137474
v -0.05253274738788605 0.02666701376438141 0.04282687231898308
v -0.05253274738788605 0.02666701376438141 0.04282687231898308
v -0.051919661462306976 0.019549457356333733 0.05937790498137474
v -0.04939613118767738 0.024590013548731804 0.06016320362687111
v -0.05253274738788605 0.02666701376438141 0.04282687231898308
v -0.04939613118767738 0.024590013548731804 0.06016320362687111
v -0.0492083802819252 0.03169725090265274 0.04447389394044876
v -0.0492083802819252 0.03169725090265274 0.04447389394044876
v -0.04939613118767738 0.024590013548731804 0.06016320362687111
v -0.0463559664785862 0.02931605651974678 0.061059143394231796
v -0.0492083802819252 0.03169725090265274 0.04447389394044876
v -0.0463559664785862 0.02931605651974678 0.061059143394231796
v -0.045403897762298584 0.03631729260087013 0.04626975953578949
v -0.045403897762298584 0.03631729260087013 0.04626975953578949
v -0.0463559664785862 0.02931605651974678 0.061059143394231796
v -0.04284657537937164 0.03368554264307022 0.0620342455804348
v -0.045403897762298584 0.03631729260087013 0.04626975953578949
v -0.04284657537937164 0.03368554264307022 0.0620342455804348
v -0.041173502802848816 0.040498994290828705 0.04816824942827225
v -0.041173502802848816 0.040498994290828705 0.04816824942827225
v -0.04284657537937164 0.03368554264307022 0.0620342455804348
v -0.03891478478908539 0.037662193179130554 0.06306269764900208
v -0.041173502802848816 0.040498994290828705 0.04816824942827225
v -0.03891478478908539 0.037662193179130554 0.06306269764900208
v -0.036568693816661835 0.0442175529897213 0.05012880638241768
v -0.036568693816661835 0.0442175529897213 0.05012880638241768
v -0.03891478478908539 0.037662193179130554 0.06306269764900208
v -0.0346074253320694 0.041212644428014755 0.06412173807621002
v -0.036568693816661835 0.0442175529897213 0.05012880638241768
v -0.0346074253320694 0.041212644428014755 0.06412173807621002
v -0.03163895010948181 0.04744960367679596 0.05211794376373291
v -0.03163895010948181 0.04744960367679596 0.05211794376373291
v -0.0346074253320694 0.041212644428014755 0.06412173807621002
v -0.029972510412335396 0.044306572526693344 0.06519242376089096
v -0.03163895010948181 0.04744960367679596 0.05211794376373291
v -0.029972510412335396 0.044306572526693344 0.06519242376089096
v -0.02643335983157158 0.050172075629234314 0.05410546809434891
v -0.02643335983157158 0.050172075629234314 0.05410546809434891
v -0.029972510412335396 0.044306572526693344 0.06519242376089096
v -0.02505907230079174 0.04691515862941742 0.06625758111476898
v -0.02643335983157158 0.050172075629234314 0.05410546809434891
v -0.02505907230079174 0.04691515862941742 0.06625758111476898
v -0.021001800894737244 0.05236142873764038 0.056065432727336884
v -0.021001800894737244 0.05236142873764038 0.056065432727336884
v -0.02505907230079174 0.04691515862941742 0.06625758111476898
v -0.01991848461329937 0.04901174455881119 0.06730231642723083
v -0.021001800894737244 0.05236142873764038 0.056065432727336884
v -0.01991848461329937 0.04901174455881119 0.06730231642723083
v -0.015395579859614372 0.05399458482861519 0.05797358974814415
v -0.015395579859614372 0.05399458482861519 0.05797358974814415
v -0.01991848461329937 0.04901174455881119 0.06730231642723083
v -0.01460384950041771 0.050571560859680176 0.06831265985965729
v -0.015395579859614372 0.05399458482861519 0.05797358974814415
v -0.01460384950041771 0.050571560859680176 0.06831265985965729
v -0.00966939888894558 0.05505003035068512 0.05980771780014038
v -0.00966939888894558 0.05505003035068512 0.05980771780014038
v -0.01460384950041771 0.050571560859680176 0.06831265985965729
v -0.009171516634523869 0.05157364904880524 0.06927572935819626
v -0.00966939888894558 0.05505003035068512 0.05980771780014038
v -0.009171516634523869 0.05157364904880524 0.06927572935819626
v -0.0038808672688901424 0.05550723522901535 0.06154663860797882
v -0.0038808672688901424 0.05550723522901535 0.06154663860797882
v -0.009171516634523869 0.05157364904880524 0.06927572935819626
v -0.0036801150999963284 0.051999278366565704 0.07017921656370163
v -0.0038808672688901424 0.05550723522901535 0.06154663860797882
v -0.0036801150999963284 0.051999278366565704 0.07017921656370163
v 0.0019100673962384462 0.055347368121147156 0.06317462027072906
v 0.0019100673962384462 0.055347368121147156 0.06317462027072906
v -0.0036801150999963284 0.051999278366565704 0.07017921656370163
v 0.0018103750189766288 0.05183317884802818 0.07101479917764664
v 0.0019100673962384462 0.055347368121147156 0.06317462027072906
v 0.0018103750189766288 0.05183317884802818 0.07101479917764664
v 0.0076734223403036594 0.05455920472741127 0.06472562998533249
v 0.0076734223403036594 0.05455920472741127 0.06472562998533249
v 0.0018103750189766288 0.05183317884802818 0.07101479917764664
v 0.007266894448548555 0.051067695021629333 0.07181401550769806
v 0.0076734223403036594 0.05455920472741127 0.06472562998533249
v 0.007266894448548555 0.051067695021629333 0.07181401550769806
v 0.013358046300709248 0.05313966050744057 0.06620006263256073
v 0.013358046300709248 0.05313966050744057 0.06620006263256073
v 0.007266894448548555 0.051067695021629333 0.07181401550769806
v 0.01263691671192646 0.04970317706465721 0.07258051633834839
v 0.013358046300709248 0.05313966050744057 0.06620006263256073
v 0.01263691671192646 0.04970317706465721 0.07258051633834839
v 0.018899215385317802 0.0510927252471447 0.06758373975753784
v 0.018899215385317802 0.0510927252471447 0.06758373975753784
v 0.01263691671192646 0.04970317706465721 0.07258051633834839
v 0.017857162281870842 0.0477474145591259 0.07330571860074997
v 0.018899215385317802 0.0510927252471447 0.06758373975753784
v 0.017857162281870842 0.0477474145591259 0.07330571860074997
v 0.024229124188423157 0.04842951521277428 0.06886402517557144
v 0.024229124188423157 0.04842951521277428 0.06886402517557144
v 0.017857162281870842 0.0477474145591259 0.07330571860074997
v 0.022863071411848068 0.0452154204249382 0.0739818587899208
v 0.024229124188423157 0.04842951521277428 0.06886402517557144
v 0.022863071411848068 0.0452154204249382 0.0739818587899208
v 0.02927853912115097 0.04517221823334694 0.07003097981214523
v 0.02927853912115097 0.04517221823334694 0.07003097981214523
v 0.022863071411848068 0.0452154204249382 0.0739818587899208
v 0.027590593323111534 0.04213208705186844 0.07460261136293411
v 0.02927853912115097 0.04517221823334694 0.07003097981214523
v 0.027590593323111534 0.04213208705186844 0.07460261136293411
v 0.03397830203175545 0.0413510799407959 0.07107661664485931
v 0.03397830203175545 0.0413510799407959 0.07107661664485931
v 0.027590593323111534 0.04213208705186844 0.07460261136293411
v 0.03197690099477768 0.038529329001903534 0.07516273111104965
v 0.03397830203175545 0.0413510799407959 0.07107661664485931
v 0.03197690099477768 0.038529329001903534 0.07516273111104965
v 0.038260962814092636 0.03700733929872513 0.07199572026729584
v 0.038260962814092636 0.03700733929872513 0.07199572026729584
v 0.03197690099477768 0.038529329001903534 0.07516273111104965
v 0.03596207872033119 0.03444841131567955 0.07565844804048538
v 0.038260962814092636 0.03700733929872513 0.07199572026729584
v 0.03596207872033119 0.03444841131567955 0.07565844804048538
v 0.03662897273898125 0.029113588854670525 0.07875093072652817
v 0.03662897273898125 0.029113588854670525 0.07875093072652817
v 0.03596207872033119 0.03444841131567955 0.07565844804048538
v 0.033272884786129 0.033397771418094635 0.07845740765333176
v -0.06255549192428589 -2.0388070398613678e-10 0.019505713135004044
v -0.061944253742694855 4.2989424520190056e-11 0.024950742721557617
v -0.06243240833282471 0.003671641694381833 0.01959889754652977
v -0.06243240833282471 0.003671641694381833 0.01959889754652977
v -0.061944253742694855 4.2989424520190056e-11 0.024950742721557617
v -0.05980823189020157 0.003384835785254836 0.038923971354961395
v -0.06243240833282471 0.003671641694381833 0.01959889754652977
v -0.05980823189020157 0.003384835785254836 0.038923971354961395
v -0.061578184366226196 0.010334977880120277 0.020242519676685333
v -0.061578184366226196 0.010334977880120277 0.020242519676685333
v -0.05980823189020157 0.003384835785254836 0.038923971354961395
v -0.05901459604501724 0.009539681486785412 0.03937190771102905
v -0.061578184366226196 0.010334977880120277 0.020242519676685333
v -0.05901459604501724 0.009539681486785412 0.03937190771102905
v -0.05995126813650131 0.01678895205259323 0.021450767293572426
v -0.05995126813650131 0.01678895205259323 0.021450767293572426
v -0.05901459604501724 0.009539681486785412 0.03937190771102905
v -0.05749897658824921 0.015529965981841087 0.04021165519952774
v -0.05995126813650131 0.01678895205259323 0.021450767293572426
v -0.05749897658824921 0.015529965981841087 0.04021165519952774
v -0.05762065574526787 0.022924020886421204 0.023141806945204735
v -0.05762065574526787 0.022924020886421204 0.023141806945204735
v -0.05749897658824921 0.015529965981841087 0.04021165519952774
v -0.05531708896160126 0.0212623979896307 0.041385453194379807
v -0.05762065574526787 0.022924020886421204 0.023141806945204735
v -0.05531708896160126 0.0212623979896307 0.041385453194379807
v -0.05466526374220848 0.028664138168096542 0.025221146643161774
v -0.05466526374220848 0.028664138168096542 0.025221146643161774
v -0.05531708896160126 0.0212623979896307 0.041385453194379807
v -0.05253274738788605 0.02666701376438141 0.04282687231898308
v -0.05466526374220848 0.028664138168096542 0.025221146643161774
v -0.05253274738788605 0.02666701376438141 0.04282687231898308
v -0.05115925148129463 0.03396620973944664 0.027600742876529694
v -0.05115925148129463 0.03396620973944664 0.027600742876529694
v -0.05253274738788605 0.02666701376438141 0.04282687231898308
v -0.0492083802819252 0.03169725090265274 0.04447389394044876
v -0.05115925148129463 0.03396620973944664 0.027600742876529694
v -0.0492083802819252 0.03169725090265274 0.04447389394044876
v -0.04717129096388817 0.03880194574594498 0.030200233682990074
v -0.04717129096388817 0.03880194574594498 0.030200233682990074
v -0.0492083802819252 0.03169725090265274 0.04447389394044876
v -0.045403897762298584 0.03631729260087013 0.04626975953578949
v -0.04717129096388817 0.03880194574594498 0.030200233682990074
v -0.045403897762298584 0.03631729260087013 0.04626975953578949
v -0.04275922477245331 0.04315263777971268 0.03295465558767319
v -0.04275922477245331 0.04315263777971268 0.03295465558767319
v -0.045403897762298584 0.03631729260087013 0.04626975953578949
v -0.041173502802848816 0.040498994290828705 0.04816824942827225
v -0.04275922477245331 0.04315263777971268 0.03295465558767319
v -0.041173502802848816 0.040498994290828705 0.04816824942827225
v -0.037975478917360306 0.04700333997607231 0.035807326436042786
v -0.037975478917360306 0.04700333997607231 0.035807326436042786
v -0.041173502802848816 0.040498994290828705 0.04816824942827225
v -0.036568693816661835 0.0442175529897213 0.05012880638241768
v -0.037975478917360306 0.04700333997607231 0.035807326436042786
v -0.036568693816661835 0.0442175529897213 0.05012880638241768
v -0.03286725655198097 0.05033893883228302 0.03871188312768936
v -0.03286725655198097 0.05033893883228302 0.03871188312768936
v -0.036568693816661835 0.0442175529897213 0.05012880638241768
v -0.03163895010948181 0.04744960367679596 0.05211794376373291
v -0.03286725655198097 0.05033893883228302 0.03871188312768936
v -0.03163895010948181 0.04744960367679596 0.05211794376373291
v -0.02747996710240841 0.053143419325351715 0.041626788675785065
v -0.02747996710240841 0.053143419325351715 0.041626788675785065
v -0.03163895010948181 0.04744960367679596 0.05211794376373291
v -0.02643335983157158 0.050172075629234314 0.05410546809434891
v -0.02747996710240841 0.053143419325351715 0.041626788675785065
v -0.02643335983157158 0.050172075629234314 0.05410546809434891
v -0.021858252584934235 0.055397652089595795 0.044516704976558685
v -0.021858252584934235 0.055397652089595795 0.044516704976558685
v -0.02643335983157158 0.050172075629234314 0.05410546809434891
v -0.021001800894737244 0.05236142873764038 0.056065432727336884
v -0.021858252584934235 0.055397652089595795 0.044516704976558685
v -0.021001800894737244 0.05236142873764038 0.056065432727336884
v -0.0160478875041008 0.057081546634435654 0.047348782420158386
v -0.0160478875041008 0.057081546634435654 0.047348782420158386
v -0.021001800894737244 0.05236142873764038 0.056065432727336884
v -0.015395579859614372 0.05399458482861519 0.05797358974814415
v -0.0160478875041008 0.057081546634435654 0.047348782420158386
v -0.015395579859614372 0.05399458482861519 0.05797358974814415
v -0.010098188184201717 0.058174338191747665 0.050093114376068115
v -0.010098188184201717 0.058174338191747665 0.050093114376068115
v -0.015395579859614372 0.05399458482861519 0.05797358974814415
v -0.00966939888894558 0.05505003035068512 0.05980771780014038
v -0.010098188184201717 0.058174338191747665 0.050093114376068115
v -0.00966939888894558 0.05505003035068512 0.05980771780014038
v -0.004062001593410969 0.058654993772506714 0.05272134765982628
v -0.004062001593410969 0.058654993772506714 0.05272134765982628
v -0.00966939888894558 0.05505003035068512 0.05980771780014038
v -0.0038808672688901424 0.05550723522901535 0.06154663860797882
v -0.004062001593410969 0.058654993772506714 0.05272134765982628
v -0.0038808672688901424 0.05550723522901535 0.06154663860797882
v 0.002003311412408948 0.05850241705775261 0.05521013215184212
v 0.002003311412408948 0.05850241705775261 0.05521013215184212
v -0.0038808672688901424 0.05550723522901535 0.06154663860797882
v 0.0019100673962384462 0.055347368121147156 0.06317462027072906
v 0.002003311412408948 0.05850241705775261 0.05521013215184212
v 0.0019100673962384462 0.055347368121147156 0.06317462027072906
v 0.008057666011154652 0.057702355086803436 0.05757301673293114
v 0.008057666011154652 0.057702355086803436 0.05757301673293114
v 0.0019100673962384462 0.055347368121147156 0.06317462027072906
v 0.0076734223403036594 0.05455920472741127 0.06472562998533249
v 0.008057666011154652 0.057702355086803436 0.05757301673293114
v 0.0076734223403036594 0.05455920472741127 0.06472562998533249
v 0.01404611486941576 0.05624698847532272 0.059801120311021805
v 0.01404611486941576 0.05624698847532272 0.059801120311021805
v 0.0076734223403036594 0.05455920472741127 0.06472562998533249
v 0.013358046300709248 0.05313966050744057 0.06620006263256073
v 0.01404611486941576 0.05624698847532272 0.059801120311021805
v 0.013358046300709248 0.05313966050744057 0.06620006263256073
v 0.019901851192116737 0.05413496121764183 0.061876293271780014
v 0.019901851192116737 0.05413496121764183 0.061876293271780014
v 0.013358046300709248 0.05313966050744057 0.06620006263256073
v 0.018899215385317802 0.0510927252471447 0.06758373975753784
v 0.019901851192116737 0.05413496121764183 0.061876293271780014
v 0.018899215385317802 0.0510927252471447 0.06758373975753784
v 0.025553181767463684 0.05137196183204651 0.06378265470266342
v 0.025553181767463684 0.05137196183204651 0.06378265470266342
v 0.018899215385317802 0.0510927252471447 0.06758373975753784
v 0.024229124188423157 0.04842951521277428 0.06886402517557144
v 0.025553181767463684 0.05137196183204651 0.06378265470266342
v 0.024229124188423157 0.04842951521277428 0.06886402517557144
v 0.03092505782842636 0.047975942492485046 0.06550823152065277
v 0.03092505782842636 0.047975942492485046 0.06550823152065277
v 0.024229124188423157 0.04842951521277428 0.06886402517557144
v 0.02927853912115097 0.04517221823334694 0.07003097981214523
v 0.03092505782842636 0.047975942492485046 0.06550823152065277
v 0.02927853912115097 0.04517221823334694 0.07003097981214523
v 0.03594134375452995 0.04397394135594368 0.0670439600944519
v 0.03594134375452995 0.04397394135594368 0.0670439600944519
v 0.02927853912115097 0.04517221823334694 0.07003097981214523
v 0.03397830203175545 0.0413510799407959 0.07107661664485931
v 0.03594134375452995 0.04397394135594368 0.0670439600944519
v 0.03397830203175545 0.0413510799407959 0.07107661664485931
v 0.04052641987800598 0.03940563648939133 0.06838476657867432
v 0.04052641987800598 0.03940563648939133 0.06838476657867432
v 0.03397830203175545 0.0413510799407959 0.07107661664485931
v 0.038260962814092636 0.03700733929872513 0.07199572026729584
v 0.04052641987800598 0.03940563648939133 0.06838476657867432
v 0.038260962814092636 0.03700733929872513 0.07199572026729584
v 0.04460899904370308 0.03432132303714752 0.06952864676713943
v 0.04460899904370308 0.03432132303714752 0.06952864676713943
v 0.038260962814092636 0.03700733929872513 0.07199572026729584
v 0.04206353798508644 0.03219124302268028 0.0727851539850235
v 0.04460899904370308 0.03432132303714752 0.06952864676713943
v 0.04206353798508644 0.03219124302268028 0.0727851539850235
v 0.04812418669462204 0.028783217072486877 0.07047691196203232
v 0.04812418669462204 0.028783217072486877 0.07047691196203232
v 0.04206353798508644 0.03219124302268028 0.0727851539850235
v 0.0453292652964592 0.026963084936141968 0.07344405353069305
v 0.04812418669462204 0.028783217072486877 0.07047691196203232
v 0.0453292652964592 0.026963084936141968 0.07344405353069305
v 0.051015883684158325 0.022862350568175316 0.07123225182294846
v 0.051015883684158325 0.022862350568175316 0.07123225182294846
v 0.0453292652964592 0.026963084936141968 0.07344405353069305
v 0.048009537160396576 0.021390637382864952 0.07397250086069107
v 0.051015883684158325 0.022862350568175316 0.07123225182294846
v 0.048009537160396576 0.021390637382864952 0.07397250086069107
v 0.053236041218042374 0.016636425629258156 0.07179804891347885
v 0.053236041218042374 0.016636425629258156 0.07179804891347885
v 0.048009537160396576 0.021390637382864952 0.07397250086069107
v 0.050063129514455795 0.015547306276857853 0.07437104731798172
v 0.053236041218042374 0.016636425629258156 0.07179804891347885
v 0.050063129514455795 0.015547306276857853 0.07437104731798172
v 0.05474928766489029 0.010190081782639027 0.07217725366353989
v 0.05474928766489029 0.010190081782639027 0.07217725366353989
v 0.050063129514455795 0.015547306276857853 0.07437104731798172
v 0.05146028846502304 0.00951228104531765 0.0746399536728859
v 0.05474928766489029 0.010190081782639027 0.07217725366353989
v 0.05146028846502304 0.00951228104531765 0.0746399536728859
v 0.055529575794935226 0.0036114254035055637 0.07237154245376587
v 0.055529575794935226 0.0036114254035055637 0.07237154245376587
v 0.05146028846502304 0.00951228104531765 0.0746399536728859
v 0.05217961221933365 0.0033675869926810265 0.07477860152721405
v 0.055529575794935226 0.0036114254035055637 0.07237154245376587
v 0.05217961221933365 0.0033675869926810265 0.07477860152721405
v 0.055641259998083115 -1.2997136877856974e-07 0.07239925116300583
v 0.055641259998083115 -1.2997136877856974e-07 0.07239925116300583
v 0.05217961221933365 0.0033675869926810265 0.07477860152721405
v 0.05228245630860329 -1.2006988470147917e-07 0.07479847222566605
v 0.1469999998807907 -0.05889767035841942 0.0034733773209154606
v 0.1469999998807907 -0.05900000035762787 1.3817999479012744e-13
v 0.1469999998807907 0.05889767035841942 0.0034733773209154606
v 0.1469999998807907 0.05889767035841942 0.0034733773209154606
v 0.1469999998807907 -0.05900000035762787 1.3817999479012744e-13
v 0.1469999998807907 0.05900000035762787 1.3818723183962878e-13
v 0.1469999998807907 0.05678485706448555 -0.016014985740184784
v 0.1469999998807907 0.05889767035841942 -0.0034733773209154606
v 0.1469999998807907 0.012644239701330662 -0.057629186660051346
v 0.1469999998807907 0.05900000035762787 1.3818723183962878e-13
v 0.1469999998807907 -0.05900000035762787 1.3817999479012744e-13
v 0.1469999998807907 0.05889767035841942 -0.0034733773209154606
v 0.1469999998807907 0.05889767035841942 -0.0034733773209154606
v 0.1469999998807907 -0.05900000035762787 1.3817999479012744e-13
v 0.1469999998807907 -0.05889767035841942 -0.0034733773209154606
v 0.1469999998807907 0.05889767035841942 -0.0034733773209154606
v 0.1469999998807907 -0.05889767035841942 -0.0034733773209154606
v 0.1469999998807907 -0.05678485706448555 -0.016014985740184784
v 0.1469999998807907 0.012644239701330662 -0.057629186660051346
v 0.1469999998807907 0.05889767035841942 -0.0034733773209154606
v 0.1469999998807907 1.0838124049808694e-17 -0.05900000035762787
v 0.1469999998807907 0.03560980036854744 0.04704191908240318
v 0.1469999998807907 0.02470092475414276 0.053580448031425476
v 0.1469999998807907 -0.044863950461149216 0.03831743448972702
v 0.1469999998807907 0.05889767035841942 0.0034733773209154606
v 0.1469999998807907 0.05678485706448555 0.016014985740184784
v 0.1469999998807907 -0.05889767035841942 0.0034733773209154606
v 0.1469999998807907 -0.05889767035841942 0.0034733773209154606
v 0.1469999998807907 0.05678485706448555 0.016014985740184784
v 0.1469999998807907 0.052033353596925735 0.027812406420707703
v 0.1469999998807907 -0.05889767035841942 0.0034733773209154606
v 0.1469999998807907 0.052033353596925735 0.027812406420707703
v 0.1469999998807907 -0.05678485706448555 0.016014985740184784
v 0.1469999998807907 -0.05678485706448555 0.016014985740184784
v 0.1469999998807907 0.052033353596925735 0.027812406420707703
v 0.1469999998807907 -0.052033353596925735 0.027812406420707703
v 0.1469999998807907 0.03560980036854744 -0.04704191908240318
v 0.1469999998807907 0.044863950461149216 -0.03831743448972702
v 0.1469999998807907 0.052033353596925735 -0.027812406420707703
v 0.1469999998807907 -0.05678485706448555 -0.016014985740184784
v 0.1469999998807907 -0.052033353596925735 -0.027812406420707703
v 0.1469999998807907 0.05889767035841942 -0.0034733773209154606
v 0.1469999998807907 0.05889767035841942 -0.0034733773209154606
v 0.1469999998807907 -0.052033353596925735 -0.027812406420707703
v 0.1469999998807907 -0.044863950461149216 -0.03831743448972702
v 0.1469999998807907 0.05889767035841942 -0.0034733773209154606
v 0.1469999998807907 -0.044863950461149216 -0.03831743448972702
v 0.1469999998807907 -0.03560980036854744 -0.04704191908240318
v 0.1469999998807907 -0.052033353596925735 0.027812406420707703
v 0.1469999998807907 0.052033353596925735 0.027812406420707703
v 0.1469999998807907 -0.044863950461149216 0.03831743448972702
v 0.1469999998807907 -0.044863950461149216 0.03831743448972702
v 0.1469999998807907 0.052033353596925735 0.027812406420707703
v 0.1469999998807907 0.044863950461149216 0.03831743448972702
v 0.1469999998807907 -0.044863950461149216 0.03831743448972702
v 0.1469999998807907 0.044863950461149216 0.03831743448972702
v 0.1469999998807907 0.03560980036854744 0.04704191908240318
v 0.1469999998807907 -0.044863950461149216 0.03831743448972702
v 0.1469999998807907 -0.012644239701330662 0.057629186660051346
v 0.1469999998807907 -0.03560980036854744 0.04704191908240318
v 0.1469999998807907 -0.03560980036854744 0.04704191908240318
v 0.1469999998807907 -0.012644239701330662 0.057629186660051346
v 0.1469999998807907 -0.02470092475414276 0.053580448031425476
v 0.1469999998807907 -0.03560980036854744 -0.04704191908240318
v 0.1469999998807907 -0.02470092475414276 -0.053580448031425476
v 0.1469999998807907 0.05889767035841942 -0.0034733773209154606
v 0.1469999998807907 0.05889767035841942 -0.0034733773209154606
v 0.1469999998807907 -0.02470092475414276 -0.053580448031425476
v 0.1469999998807907 -0.012644239701330662 -0.057629186660051346
v 0.1469999998807907 0.05889767035841942 -0.0034733773209154606
v 0.1469999998807907 -0.012644239701330662 -0.057629186660051346
v 0.1469999998807907 1.0838124049808694e-17 -0.05900000035762787
v 0.1469999998807907 0.05678485706448555 -0.016014985740184784
v 0.1469999998807907 0.012644239701330662 -0.057629186660051346
v 0.1469999998807907 0.052033353596925735 -0.027812406420707703
v 0.1469999998807907 0.052033353596925735 -0.027812406420707703
v 0.1469999998807907 0.012644239701330662 -0.057629186660051346
v 0.1469999998807907 0.02470092475414276 -0.053580448031425476
v 0.1469999998807907 0.052033353596925735 -0.027812406420707703
v 0.1469999998807907 0.02470092475414276 -0.053580448031425476
v 0.1469999998807907 0.03560980036854744 -0.04704191908240318
v 0.1469999998807907 0.02470092475414276 0.053580448031425476
v 0.1469999998807907 0.012644239701330662 0.057629186660051346
v 0.1469999998807907 -0.044863950461149216 0.03831743448972702
v 0.1469999998807907 -0.044863950461149216 0.03831743448972702
v 0.1469999998807907 0.012644239701330662 0.057629186660051346
v 0.1469999998807907 -4.2914603326561456e-17 0.05900000035762787
v 0.1469999998807907 -0.044863950461149216 0.03831743448972702
v 0.1469999998807907 -4.2914603326561456e-17 0.05900000035762787
v 0.1469999998807907 -0.012644239701330662 0.057629186660051346
v 0.1300000101327896 0.044614579528570175 -0.03860750049352646
v 0.1300000101327896 0.044863950461149216 -0.03831743448972702
v 0.1469999998807907 0.044863950461149216 -0.03831743448972702
v 0.12999999523162842 0.05900000035762787 1.2235605053017434e-13
v 0.1469999998807907 0.05900000035762787 1.3818723183962878e-13
v 0.1469999998807907 0.05889767035841942 -0.0034733773209154606
v 0.1469999998807907 0.05678485706448555 -0.016014985740184784
v 0.12999999523162842 0.05858577415347099 -0.006979047320783138
v 0.1469999998807907 0.05889767035841942 -0.0034733773209154606
v 0.1469999998807907 0.05889767035841942 -0.0034733773209154606
v 0.12999999523162842 0.05858577415347099 -0.006979047320783138
v 0.12999999523162842 0.05889767035841942 -0.0034733773209154606
v 0.1469999998807907 0.05889767035841942 -0.0034733773209154606
v 0.12999999523162842 0.05889767035841942 -0.0034733773209154606
v 0.12999999523162842 0.05900000035762787 1.2235605053017434e-13
v 0.1469999998807907 0.052033353596925735 -0.027812406420707703
v 0.12999999523162842 0.05411238595843315 -0.02351275645196438
v 0.1469999998807907 0.05678485706448555 -0.016014985740184784
v 0.1469999998807907 0.05678485706448555 -0.016014985740184784
v 0.12999999523162842 0.05411238595843315 -0.02351275645196438
v 0.12999999523162842 0.05678485706448555 -0.016014985740184784
v 0.1469999998807907 0.05678485706448555 -0.016014985740184784
v 0.12999999523162842 0.05678485706448555 -0.016014985740184784
v 0.12999999523162842 0.05858577415347099 -0.006979047320783138
v 0.1300000101327896 0.044863950461149216 -0.03831743448972702
v 0.1300000101327896 0.04713024944067001 -0.03549281135201454
v 0.1469999998807907 0.044863950461149216 -0.03831743448972702
v 0.1469999998807907 0.044863950461149216 -0.03831743448972702
v 0.1300000101327896 0.04713024944067001 -0.03549281135201454
v 0.12999999523162842 0.04899998754262924 -0.03286336734890938
v 0.1469999998807907 0.044863950461149216 -0.03831743448972702
v 0.12999999523162842 0.04899998754262924 -0.03286336734890938
v 0.1469999998807907 0.052033353596925735 -0.027812406420707703
v 0.1469999998807907 0.052033353596925735 -0.027812406420707703
v 0.12999999523162842 0.04899998754262924 -0.03286336734890938
v 0.12999999523162842 0.052033353596925735 -0.027812406420707703
v 0.1469999998807907 0.052033353596925735 -0.027812406420707703
v 0.12999999523162842 0.052033353596925735 -0.027812406420707703
v 0.12999999523162842 0.05411238595843315 -0.02351275645196438
v 0.12999998033046722 0.03897757828235626 -0.04429139569401741
v 0.12999999523162842 0.039586760103702545 -0.043747831135988235
v 0.1469999998807907 0.03560980036854744 -0.04704191908240318
v 0.1469999998807907 0.03560980036854744 -0.04704191908240318
v 0.12999999523162842 0.039586760103702545 -0.043747831135988235
v 0.1469999998807907 0.044863950461149216 -0.03831743448972702
v 0.1469999998807907 0.044863950461149216 -0.03831743448972702
v 0.12999999523162842 0.039586760103702545 -0.043747831135988235
v 0.1300000101327896 0.042999979108572006 -0.04039808362722397
v 0.1469999998807907 0.044863950461149216 -0.03831743448972702
v 0.1300000101327896 0.042999979108572006 -0.04039808362722397
v 0.1300000101327896 0.044614579528570175 -0.03860750049352646
v 0.12999998033046722 0.023781858384609222 -0.05399463698267937
v 0.12999999523162842 0.024946603924036026 -0.05346653237938881
v 0.1469999998807907 0.02470092475414276 -0.053580448031425476
v 0.1469999998807907 0.02470092475414276 -0.053580448031425476
v 0.12999999523162842 0.024946603924036026 -0.05346653237938881
v 0.1300000101327896 0.027196211740374565 -0.052358053624629974
v 0.1469999998807907 0.02470092475414276 -0.053580448031425476
v 0.1300000101327896 0.027196211740374565 -0.052358053624629974
v 0.1469999998807907 0.03560980036854744 -0.04704191908240318
v 0.1300000101327896 0.027196211740374565 -0.052358053624629974
v 0.1300000101327896 0.03060179203748703 -0.05044333636760712
v 0.1469999998807907 0.03560980036854744 -0.04704191908240318
v 0.1469999998807907 0.03560980036854744 -0.04704191908240318
v 0.1300000101327896 0.03060179203748703 -0.05044333636760712
v 0.1300000101327896 0.032381027936935425 -0.049320124089717865
v 0.1469999998807907 0.03560980036854744 -0.04704191908240318
v 0.1300000101327896 0.032381027936935425 -0.049320124089717865
v 0.12999999523162842 0.03368294611573219 -0.04844025522470474
v 0.12999999523162842 0.03368294611573219 -0.04844025522470474
v 0.12999998033046722 0.0345146618783474 -0.04785117879509926
v 0.1469999998807907 0.03560980036854744 -0.04704191908240318
v 0.1469999998807907 0.03560980036854744 -0.04704191908240318
v 0.12999998033046722 0.0345146618783474 -0.04785117879509926
v 0.12999998033046722 0.03560980036854744 -0.04704191908240318
v 0.1469999998807907 0.03560980036854744 -0.04704191908240318
v 0.12999998033046722 0.03560980036854744 -0.04704191908240318
v 0.12999998033046722 0.03897757828235626 -0.04429139569401741
v 0.1469999998807907 0.012644239701330662 -0.057629186660051346
v 0.12999999523162842 0.014357473701238632 -0.05722644552588463
v 0.12999999523162842 0.014464206993579865 -0.05719955638051033
v 0.1469999998807907 0.012644239701330662 -0.057629186660051346
v 0.12999999523162842 0.014464206993579865 -0.05719955638051033
v 0.1469999998807907 0.02470092475414276 -0.053580448031425476
v 0.1469999998807907 0.02470092475414276 -0.053580448031425476
v 0.12999999523162842 0.014464206993579865 -0.05719955638051033
v 0.12999999523162842 0.020586447790265083 -0.05529193580150604
v 0.1469999998807907 0.02470092475414276 -0.053580448031425476
v 0.12999999523162842 0.020586447790265083 -0.05529193580150604
v 0.12999998033046722 0.023781858384609222 -0.05399463698267937
v 0.12999999523162842 1.0838124049808694e-17 -0.05900000035762787
v 0.12999999523162842 0.004911940544843674 -0.058795202523469925
v 0.1469999998807907 1.0838124049808694e-17 -0.05900000035762787
v 0.1469999998807907 1.0838124049808694e-17 -0.05900000035762787
v 0.12999999523162842 0.004911940544843674 -0.058795202523469925
v 0.12999999523162842 0.004917224403470755 -0.05879475921392441
v 0.1469999998807907 1.0838124049808694e-17 -0.05900000035762787
v 0.12999999523162842 0.004917224403470755 -0.05879475921392441
v 0.1469999998807907 0.012644239701330662 -0.057629186660051346
v 0.1469999998807907 0.012644239701330662 -0.057629186660051346
v 0.12999999523162842 0.004917224403470755 -0.05879475921392441
v 0.12999999523162842 0.012644239701330662 -0.057629186660051346
v 0.1469999998807907 0.012644239701330662 -0.057629186660051346
v 0.12999999523162842 0.012644239701330662 -0.057629186660051346
v 0.12999999523162842 0.014357473701238632 -0.05722644552588463
v 0.12999999523162842 1.0838124049808694e-17 -0.05900000035762787
v 0.1469999998807907 1.0838124049808694e-17 -0.05900000035762787
v 0.12999999523162842 -0.0072347200475633144 -0.058554742485284805
v 0.12999999523162842 -0.0072347200475633144 -0.058554742485284805
v 0.1469999998807907 1.0838124049808694e-17 -0.05900000035762787
v 0.1469999998807907 -0.012644239701330662 -0.057629186660051346
v 0.12999999523162842 -0.0072347200475633144 -0.058554742485284805
v 0.1469999998807907 -0.012644239701330662 -0.057629186660051346
v 0.12999999523162842 -0.012644239701330662 -0.057629186660051346
v 0.1469999998807907 -0.02470092475414276 -0.053580448031425476
v 0.12999999523162842 -0.021756352856755257 -0.05484214797616005
v 0.1469999998807907 -0.012644239701330662 -0.057629186660051346
v 0.1469999998807907 -0.012644239701330662 -0.057629186660051346
v 0.12999999523162842 -0.021756352856755257 -0.05484214797616005
v 0.12999999523162842 -0.016317525878548622 -0.05669866129755974
v 0.12999999523162842 -0.016317525878548622 -0.05669866129755974
v 0.12999999523162842 -0.013585561886429787 -0.05741458013653755
v 0.1469999998807907 -0.012644239701330662 -0.057629186660051346
v 0.1469999998807907 -0.012644239701330662 -0.057629186660051346
v 0.12999999523162842 -0.013585561886429787 -0.05741458013653755
v 0.12999999523162842 -0.013497964479029179 -0.05743524059653282
v 0.1469999998807907 -0.012644239701330662 -0.057629186660051346
v 0.12999999523162842 -0.013497964479029179 -0.05743524059653282
v 0.12999999523162842 -0.012644239701330662 -0.057629186660051346
v 0.12999999523162842 -0.034982360899448395 -0.04751037061214447
v 0.1300000101327896 -0.03399603068828583 -0.04822107404470444
v 0.1469999998807907 -0.03560980036854744 -0.04704191908240318
v 0.1469999998807907 -0.03560980036854744 -0.04704191908240318
v 0.1300000101327896 -0.03399603068828583 -0.04822107404470444
v 0.1469999998807907 -0.02470092475414276 -0.053580448031425476
v 0.1469999998807907 -0.02470092475414276 -0.053580448031425476
v 0.1300000101327896 -0.03399603068828583 -0.04822107404470444
v 0.12999999523162842 -0.027195317670702934 -0.05235851928591728
v 0.1469999998807907 -0.02470092475414276 -0.053580448031425476
v 0.12999999523162842 -0.027195317670702934 -0.05235851928591728
v 0.12999999523162842 -0.02538110315799713 -0.053261648863554
v 0.12999999523162842 -0.02538110315799713 -0.053261648863554
v 0.12999999523162842 -0.024744197726249695 -0.05356047675013542
v 0.1469999998807907 -0.02470092475414276 -0.053580448031425476
v 0.1469999998807907 -0.02470092475414276 -0.053580448031425476
v 0.12999999523162842 -0.024744197726249695 -0.05356047675013542
v 0.12999999523162842 -0.02470092475414276 -0.053580448031425476
v 0.1469999998807907 -0.02470092475414276 -0.053580448031425476
v 0.12999999523162842 -0.02470092475414276 -0.053580448031425476
v 0.12999999523162842 -0.021756352856755257 -0.05484214797616005
v 0.1469999998807907 -0.044863950461149216 -0.03831743448972702
v 0.130000039935112 -0.044614601880311966 -0.038607534021139145
v 0.1300000101327896 -0.04299997538328171 -0.04039810225367546
v 0.12999999523162842 -0.04011041671037674 -0.04326837509870529
v 0.12999999523162842 -0.03807506337761879 -0.04506982862949371
v 0.1469999998807907 -0.03560980036854744 -0.04704191908240318
v 0.1469999998807907 -0.03560980036854744 -0.04704191908240318
v 0.12999999523162842 -0.03807506337761879 -0.04506982862949371
v 0.12999999523162842 -0.03560980036854744 -0.04704191908240318
v 0.1469999998807907 -0.03560980036854744 -0.04704191908240318
v 0.12999999523162842 -0.03560980036854744 -0.04704191908240318
v 0.12999999523162842 -0.034982360899448395 -0.04751037061214447
v 0.1469999998807907 -0.044863950461149216 -0.03831743448972702
v 0.1300000101327896 -0.04299997538328171 -0.04039810225367546
v 0.1469999998807907 -0.03560980036854744 -0.04704191908240318
v 0.1469999998807907 -0.03560980036854744 -0.04704191908240318
v 0.1300000101327896 -0.04299997538328171 -0.04039810225367546
v 0.12999999523162842 -0.04017525911331177 -0.043208200484514236
v 0.1469999998807907 -0.03560980036854744 -0.04704191908240318
v 0.12999999523162842 -0.04017525911331177 -0.043208200484514236
v 0.12999999523162842 -0.04011041671037674 -0.04326837509870529
v 0.12999999523162842 -0.052033353596925735 -0.027812406420707703
v 0.12999999523162842 -0.04899998754262924 -0.032863371074199677
v 0.1469999998807907 -0.052033353596925735 -0.027812406420707703
v 0.1469999998807907 -0.052033353596925735 -0.027812406420707703
v 0.12999999523162842 -0.04899998754262924 -0.032863371074199677
v 0.1300000101327896 -0.04615399241447449 -0.03675337880849838
v 0.1469999998807907 -0.052033353596925735 -0.027812406420707703
v 0.1300000101327896 -0.04615399241447449 -0.03675337880849838
v 0.1469999998807907 -0.044863950461149216 -0.03831743448972702
v 0.1469999998807907 -0.044863950461149216 -0.03831743448972702
v 0.1300000101327896 -0.04615399241447449 -0.03675337880849838
v 0.1300000250339508 -0.044863976538181305 -0.03831745684146881
v 0.1469999998807907 -0.044863950461149216 -0.03831743448972702
v 0.1300000250339508 -0.044863976538181305 -0.03831745684146881
v 0.130000039935112 -0.044614601880311966 -0.038607534021139145
v 0.12999999523162842 -0.052033353596925735 -0.027812406420707703
v 0.1469999998807907 -0.052033353596925735 -0.027812406420707703
v 0.12999999523162842 -0.05408681929111481 -0.02357150800526142
v 0.12999999523162842 -0.05408681929111481 -0.02357150800526142
v 0.1469999998807907 -0.052033353596925735 -0.027812406420707703
v 0.1469999998807907 -0.05678485706448555 -0.016014985740184784
v 0.12999999523162842 -0.05408681929111481 -0.02357150800526142
v 0.1469999998807907 -0.05678485706448555 -0.016014985740184784
v 0.12999999523162842 -0.05678485706448555 -0.016014985740184784
v 0.12999999523162842 -0.05678485706448555 -0.016014985740184784
v 0.1469999998807907 -0.05678485706448555 -0.016014985740184784
v 0.12999999523162842 -0.05857878923416138 -0.0070374286733567715
v 0.12999999523162842 -0.05857878923416138 -0.0070374286733567715
v 0.1469999998807907 -0.05678485706448555 -0.016014985740184784
v 0.1469999998807907 -0.05889767035841942 -0.0034733773209154606
v 0.12999999523162842 -0.05857878923416138 -0.0070374286733567715
v 0.1469999998807907 -0.05889767035841942 -0.0034733773209154606
v 0.12999999523162842 -0.05889767035841942 -0.0034733773209154606
v 0.12999999523162842 -0.05889767035841942 -0.0034733773209154606
v 0.1469999998807907 -0.05889767035841942 -0.0034733773209154606
v 0.1469999998807907 -0.05900000035762787 1.3817999479012744e-13
v 0.12999999523162842 -0.05889767035841942 -0.0034733773209154606
v 0.1469999998807907 -0.05900000035762787 1.3817999479012744e-13
v 0.12999999523162842 -0.05900000035762787 1.223683426723049e-13
v 0.0034733775537461042 -0.05889767408370972 -0.0859999880194664
v 8.08242361927114e-14 -0.05900000408291817 -0.0859999880194664
v 0.0034733775537461042 0.05889767408370972 -0.0859999880194664
v -0.016014987602829933 0.05678486078977585 -0.0859999880194664
v -0.0034733775537461042 0.05889767408370972 -0.0859999880194664
v -0.057629190385341644 0.012644240632653236 -0.0859999880194664
v 0.0034733775537461042 0.05889767408370972 -0.0859999880194664
v 8.08242361927114e-14 -0.05900000408291817 -0.0859999880194664
v 8.08242361927114e-14 0.05900000408291817 -0.0859999880194664
v 8.08242361927114e-14 0.05900000408291817 -0.0859999880194664
v 8.08242361927114e-14 -0.05900000408291817 -0.0859999880194664
v -0.0034733775537461042 -0.05889767408370972 -0.0859999880194664
v 8.08242361927114e-14 0.05900000408291817 -0.0859999880194664
v -0.0034733775537461042 -0.05889767408370972 -0.0859999880194664
v -0.0034733775537461042 0.05889767408370972 -0.0859999880194664
v -0.0034733775537461042 0.05889767408370972 -0.0859999880194664
v -0.0034733775537461042 -0.05889767408370972 -0.0859999880194664
v -0.016014987602829933 -0.05678486078977585 -0.0859999880194664
v -0.0034733775537461042 0.05889767408370972 -0.0859999880194664
v -0.016014987602829933 -0.05678486078977585 -0.0859999880194664
v -0.027812408283352852 -0.052033357322216034 -0.0859999880194664
v 0.0034733775537461042 0.05889767408370972 -0.0859999880194664
v 0.016014987602829933 0.05678486078977585 -0.0859999880194664
v 0.0034733775537461042 -0.05889767408370972 -0.0859999880194664
v 0.0034733775537461042 -0.05889767408370972 -0.0859999880194664
v 0.016014987602829933 0.05678486078977585 -0.0859999880194664
v 0.027812408283352852 0.052033357322216034 -0.0859999880194664
v 0.0034733775537461042 -0.05889767408370972 -0.0859999880194664
v 0.027812408283352852 0.052033357322216034 -0.0859999880194664
v 0.03831743821501732 0.044863954186439514 -0.0859999880194664
v -0.027812408283352852 -0.052033357322216034 -0.0859999880194664
v -0.03831743821501732 -0.044863954186439514 -0.0859999880194664
v -0.0034733775537461042 0.05889767408370972 -0.0859999880194664
v -0.0034733775537461042 0.05889767408370972 -0.0859999880194664
v -0.03831743821501732 -0.044863954186439514 -0.0859999880194664
v -0.04704191908240318 -0.03560980036854744 -0.0859999880194664
v -0.0034733775537461042 0.05889767408370972 -0.0859999880194664
v -0.04704191908240318 -0.03560980036854744 -0.0859999880194664
v -0.053580448031425476 -0.02470092475414276 -0.0859999880194664
v 0.03831743821501732 0.044863954186439514 -0.0859999880194664
v 0.04704191908240318 0.03560980036854744 -0.0859999880194664
v 0.0034733775537461042 -0.05889767408370972 -0.0859999880194664
v 0.0034733775537461042 -0.05889767408370972 -0.0859999880194664
v 0.04704191908240318 0.03560980036854744 -0.0859999880194664
v 0.053580448031425476 0.02470092475414276 -0.0859999880194664
v 0.0034733775537461042 -0.05889767408370972 -0.0859999880194664
v 0.053580448031425476 0.02470092475414276 -0.0859999880194664
v 0.057629190385341644 0.012644240632653236 -0.0859999880194664
v -0.053580448031425476 -0.02470092475414276 -0.0859999880194664
v -0.057629190385341644 -0.012644240632653236 -0.0859999880194664
v -0.0034733775537461042 0.05889767408370972 -0.0859999880194664
v -0.0034733775537461042 0.05889767408370972 -0.0859999880194664
v -0.057629190385341644 -0.012644240632653236 -0.0859999880194664
v -0.05900000408291817 -4.8789822372064296e-17 -0.0859999880194664
v -0.0034733775537461042 0.05889767408370972 -0.0859999880194664
v -0.05900000408291817 -4.8789822372064296e-17 -0.0859999880194664
v -0.057629190385341644 0.012644240632653236 -0.0859999880194664
v 0.027812408283352852 -0.052033357322216034 -0.0859999880194664
v 0.057629190385341644 -0.012644240632653236 -0.0859999880194664
v 0.03831743821501732 -0.044863954186439514 -0.0859999880194664
v 0.03831743821501732 -0.044863954186439514 -0.0859999880194664
v 0.057629190385341644 -0.012644240632653236 -0.0859999880194664
v 0.053580448031425476 -0.02470092475414276 -0.0859999880194664
v 0.03831743821501732 -0.044863954186439514 -0.0859999880194664
v 0.053580448031425476 -0.02470092475414276 -0.0859999880194664
v 0.04704191908240318 -0.03560980036854744 -0.0859999880194664
v -0.057629190385341644 0.012644240632653236 -0.0859999880194664
v -0.053580448031425476 0.02470092475414276 -0.0859999880194664
v -0.016014987602829933 0.05678486078977585 -0.0859999880194664
v -0.016014987602829933 0.05678486078977585 -0.0859999880194664
v -0.053580448031425476 0.02470092475414276 -0.0859999880194664
v -0.04704191908240318 0.03560980036854744 -0.0859999880194664
v -0.016014987602829933 0.05678486078977585 -0.0859999880194664
v -0.04704191908240318 0.03560980036854744 -0.0859999880194664
v -0.027812408283352852 0.052033357322216034 -0.0859999880194664
v -0.027812408283352852 0.052033357322216034 -0.0859999880194664
v -0.04704191908240318 0.03560980036854744 -0.0859999880194664
v -0.03831743821501732 0.044863954186439514 -0.0859999880194664
v 0.057629190385341644 0.012644240632653236 -0.0859999880194664
v 0.05900000408291817 9.396693672752569e-17 -0.0859999880194664
v 0.0034733775537461042 -0.05889767408370972 -0.0859999880194664
v 0.0034733775537461042 -0.05889767408370972 -0.0859999880194664
v 0.05900000408291817 9.396693672752569e-17 -0.0859999880194664
v 0.057629190385341644 -0.012644240632653236 -0.0859999880194664
v 0.0034733775537461042 -0.05889767408370972 -0.0859999880194664
v 0.057629190385341644 -0.012644240632653236 -0.0859999880194664
v 0.016014987602829933 -0.05678486078977585 -0.0859999880194664
v 0.016014987602829933 -0.05678486078977585 -0.0859999880194664
v 0.057629190385341644 -0.012644240632653236 -0.0859999880194664
v 0.027812408283352852 -0.052033357322216034 -0.0859999880194664
v 0.05822375416755676 -0.009539113380014896 -0.07000000774860382
v 0.057629190385341644 -0.012644240632653236 -0.07000000774860382
v 0.057629190385341644 -0.012644240632653236 -0.0859999880194664
v 0.04877754673361778 -0.03319263458251953 -0.07000000029802322
v 0.04704191908240318 -0.03560980036854744 -0.07000000029802322
v 0.04704191908240318 -0.03560980036854744 -0.0859999880194664
v 0.04704191908240318 -0.03560980036854744 -0.0859999880194664
v 0.04704191908240318 -0.03560980036854744 -0.07000000029802322
v 0.04488566890358925 -0.038291994482278824 -0.07000000029802322
v 0.04704191908240318 -0.03560980036854744 -0.0859999880194664
v 0.04488566890358925 -0.038291994482278824 -0.07000000029802322
v 0.03831743821501732 -0.044863954186439514 -0.0859999880194664
v 0.03831743821501732 -0.044863954186439514 -0.0859999880194664
v 0.04488566890358925 -0.038291994482278824 -0.07000000029802322
v 0.04039807617664337 -0.04299996793270111 -0.07000000029802322
v 0.03831743821501732 -0.044863954186439514 -0.0859999880194664
v 0.04039807617664337 -0.04299996793270111 -0.07000000029802322
v 0.03831743821501732 -0.044863954186439514 -0.06999999284744263
v 0.04877754673361778 -0.03319263458251953 -0.07000000029802322
v 0.04704191908240318 -0.03560980036854744 -0.0859999880194664
v 0.05209280923008919 -0.027700893580913544 -0.07000000029802322
v 0.05209280923008919 -0.027700893580913544 -0.07000000029802322
v 0.04704191908240318 -0.03560980036854744 -0.0859999880194664
v 0.053580448031425476 -0.02470092475414276 -0.0859999880194664
v 0.05209280923008919 -0.027700893580913544 -0.07000000029802322
v 0.053580448031425476 -0.02470092475414276 -0.0859999880194664
v 0.053580448031425476 -0.02470092475414276 -0.07000000029802322
v 0.057629190385341644 -0.012644240632653236 -0.07000000774860382
v 0.05684399604797363 -0.015803812071681023 -0.07000000774860382
v 0.057629190385341644 -0.012644240632653236 -0.0859999880194664
v 0.057629190385341644 -0.012644240632653236 -0.0859999880194664
v 0.05684399604797363 -0.015803812071681023 -0.07000000774860382
v 0.056697335094213486 -0.016322152689099312 -0.07000000774860382
v 0.057629190385341644 -0.012644240632653236 -0.0859999880194664
v 0.056697335094213486 -0.016322152689099312 -0.07000000774860382
v 0.053580448031425476 -0.02470092475414276 -0.0859999880194664
v 0.053580448031425476 -0.02470092475414276 -0.0859999880194664
v 0.056697335094213486 -0.016322152689099312 -0.07000000774860382
v 0.054792262613773346 -0.02188168838620186 -0.07000000029802322
v 0.053580448031425476 -0.02470092475414276 -0.0859999880194664
v 0.054792262613773346 -0.02188168838620186 -0.07000000029802322
v 0.053580448031425476 -0.02470092475414276 -0.07000000029802322
v 0.05822375416755676 -0.009539113380014896 -0.07000000774860382
v 0.057629190385341644 -0.012644240632653236 -0.0859999880194664
v 0.05891523137688637 -0.0031616489868611097 -0.07000000774860382
v 0.05891523137688637 -0.0031616489868611097 -0.07000000774860382
v 0.057629190385341644 -0.012644240632653236 -0.0859999880194664
v 0.05900000408291817 9.396693672752569e-17 -0.0859999880194664
v 0.05891523137688637 -0.0031616489868611097 -0.07000000774860382
v 0.05900000408291817 9.396693672752569e-17 -0.0859999880194664
v 0.05900000408291817 9.396693672752569e-17 -0.07000000774860382
v 0.057252299040555954 0.014253932982683182 -0.07000000774860382
v 0.057629190385341644 0.012644240632653236 -0.07000000774860382
v 0.057629190385341644 0.012644240632653236 -0.0859999880194664
v 0.057629190385341644 0.012644240632653236 -0.0859999880194664
v 0.057629190385341644 0.012644240632653236 -0.07000000774860382
v 0.05820886045694351 0.009629572741687298 -0.07000000774860382
v 0.057629190385341644 0.012644240632653236 -0.0859999880194664
v 0.05820886045694351 0.009629572741687298 -0.07000000774860382
v 0.05900000408291817 9.396693672752569e-17 -0.0859999880194664
v 0.05900000408291817 9.396693672752569e-17 -0.0859999880194664
v 0.05820886045694351 0.009629572741687298 -0.07000000774860382
v 0.058910246938467026 0.0032531905453652143 -0.07000000774860382
v 0.05900000408291817 9.396693672752569e-17 -0.0859999880194664
v 0.058910246938467026 0.0032531905453652143 -0.07000000774860382
v 0.05900000408291817 9.396693672752569e-17 -0.07000000774860382
v 0.052049703896045685 0.027781805023550987 -0.07000000774860382
v 0.053580448031425476 0.02470092475414276 -0.07000000774860382
v 0.053580448031425476 0.02470092475414276 -0.0859999880194664
v 0.053580448031425476 0.02470092475414276 -0.0859999880194664
v 0.053580448031425476 0.02470092475414276 -0.07000000774860382
v 0.05475819483399391 0.021966801956295967 -0.07000000774860382
v 0.053580448031425476 0.02470092475414276 -0.0859999880194664
v 0.05475819483399391 0.021966801956295967 -0.07000000774860382
v 0.057629190385341644 0.012644240632653236 -0.0859999880194664
v 0.057629190385341644 0.012644240632653236 -0.0859999880194664
v 0.05475819483399391 0.021966801956295967 -0.07000000774860382
v 0.0568193718791008 0.015892120078206062 -0.07000000774860382
v 0.057629190385341644 0.012644240632653236 -0.0859999880194664
v 0.0568193718791008 0.015892120078206062 -0.07000000774860382
v 0.057252299040555954 0.014253932982683182 -0.07000000774860382
v 0.052049703896045685 0.027781805023550987 -0.07000000774860382
v 0.053580448031425476 0.02470092475414276 -0.0859999880194664
v 0.0487259142100811 0.033268388360738754 -0.07000000774860382
v 0.0487259142100811 0.033268388360738754 -0.07000000774860382
v 0.053580448031425476 0.02470092475414276 -0.0859999880194664
v 0.04704191908240318 0.03560980036854744 -0.0859999880194664
v 0.0487259142100811 0.033268388360738754 -0.07000000774860382
v 0.04704191908240318 0.03560980036854744 -0.0859999880194664
v 0.04704191908240318 0.03560980036854744 -0.07000000774860382
v 0.03831743821501732 0.044863954186439514 -0.0859999880194664
v 0.03798701986670494 0.04514406621456146 -0.07000000774860382
v 0.04039809852838516 0.042999960482120514 -0.07000001519918442
v 0.03831743821501732 0.044863954186439514 -0.0859999880194664
v 0.04039809852838516 0.042999960482120514 -0.07000001519918442
v 0.04704191908240318 0.03560980036854744 -0.0859999880194664
v 0.04704191908240318 0.03560980036854744 -0.0859999880194664
v 0.04039809852838516 0.042999960482120514 -0.07000001519918442
v 0.044826116412878036 0.038361694663763046 -0.07000001519918442
v 0.04704191908240318 0.03560980036854744 -0.0859999880194664
v 0.044826116412878036 0.038361694663763046 -0.07000001519918442
v 0.04704191908240318 0.03560980036854744 -0.07000000774860382
v 0.03798701986670494 0.04514406621456146 -0.07000000774860382
v 0.03831743821501732 0.044863954186439514 -0.0859999880194664
v 0.032863304018974304 0.04900001734495163 -0.06999998539686203
v 0.032863304018974304 0.04900001734495163 -0.06999998539686203
v 0.03831743821501732 0.044863954186439514 -0.0859999880194664
v 0.027812408283352852 0.052033357322216034 -0.0859999880194664
v 0.032863304018974304 0.04900001734495163 -0.06999998539686203
v 0.027812408283352852 0.052033357322216034 -0.0859999880194664
v 0.02787165343761444 0.052001647651195526 -0.06999998539686203
v 0.0034733775537461042 0.05889767408370972 -0.0859999880194664
v 8.08242361927114e-14 0.05900000408291817 -0.0859999880194664
v 2.1332335897739085e-10 0.05900000408291817 -0.06999999284744263
v 6.583622536027178e-14 -0.05900000408291817 -0.06999998539686203
v 8.08242361927114e-14 -0.05900000408291817 -0.0859999880194664
v 0.0034733775537461042 -0.05889767408370972 -0.0859999880194664
v 2.1332335897739085e-10 0.05900000408291817 -0.06999999284744263
v 0.0034733775537461042 0.05889767408370972 -0.06999999284744263
v 0.0034733775537461042 0.05889767408370972 -0.0859999880194664
v 0.0034733775537461042 0.05889767408370972 -0.0859999880194664
v 0.0034733775537461042 0.05889767408370972 -0.06999999284744263
v 0.008805450983345509 0.05833921954035759 -0.06999999284744263
v 0.0034733775537461042 0.05889767408370972 -0.0859999880194664
v 0.008805450983345509 0.05833921954035759 -0.06999999284744263
v 0.016014987602829933 0.05678486078977585 -0.0859999880194664
v 0.008805450983345509 0.05833921954035759 -0.06999999284744263
v 0.016014987602829933 0.05678486078977585 -0.06999999284744263
v 0.016014987602829933 0.05678486078977585 -0.0859999880194664
v 0.016014987602829933 0.05678486078977585 -0.0859999880194664
v 0.016014987602829933 0.05678486078977585 -0.06999999284744263
v 0.0184092428535223 0.05605443939566612 -0.06999999284744263
v 0.016014987602829933 0.05678486078977585 -0.0859999880194664
v 0.0184092428535223 0.05605443939566612 -0.06999999284744263
v 0.027812408283352852 0.052033357322216034 -0.0859999880194664
v 0.027812408283352852 0.052033357322216034 -0.0859999880194664
v 0.0184092428535223 0.05605443939566612 -0.06999999284744263
v 0.027812408283352852 0.052033357322216034 -0.06999999284744263
v 0.027812408283352852 0.052033357322216034 -0.0859999880194664
v 0.027812408283352852 0.052033357322216034 -0.06999999284744263
v 0.02787165343761444 0.052001647651195526 -0.06999998539686203
v 0.03831743821501732 -0.044863954186439514 -0.06999999284744263
v 0.03549281135201454 -0.04713024944067001 -0.06999999284744263
v 0.03831743821501732 -0.044863954186439514 -0.0859999880194664
v 0.03831743821501732 -0.044863954186439514 -0.0859999880194664
v 0.03549281135201454 -0.04713024944067001 -0.06999999284744263
v 0.03286328166723251 -0.049000028520822525 -0.06999998539686203
v 0.03831743821501732 -0.044863954186439514 -0.0859999880194664
v 0.03286328166723251 -0.049000028520822525 -0.06999998539686203
v 0.027812408283352852 -0.052033357322216034 -0.0859999880194664
v 0.027812408283352852 -0.052033357322216034 -0.0859999880194664
v 0.03286328166723251 -0.049000028520822525 -0.06999998539686203
v 0.027812408283352852 -0.052033357322216034 -0.06999998539686203
v 0.027812408283352852 -0.052033357322216034 -0.0859999880194664
v 0.027812408283352852 -0.052033357322216034 -0.06999998539686203
v 0.016014987602829933 -0.05678486078977585 -0.0859999880194664
v 0.016014987602829933 -0.05678486078977585 -0.0859999880194664
v 0.027812408283352852 -0.052033357322216034 -0.06999998539686203
v 0.01885860785841942 -0.05590485781431198 -0.06999998539686203
v 0.016014987602829933 -0.05678486078977585 -0.0859999880194664
v 0.01885860785841942 -0.05590485781431198 -0.06999998539686203
v 0.01840168982744217 -0.0560569167137146 -0.06999998539686203
v 0.01840168982744217 -0.0560569167137146 -0.06999998539686203
v 0.016014987602829933 -0.05678486078977585 -0.06999998539686203
v 0.016014987602829933 -0.05678486078977585 -0.0859999880194664
v 0.016014987602829933 -0.05678486078977585 -0.0859999880194664
v 0.016014987602829933 -0.05678486078977585 -0.06999998539686203
v 0.008801794610917568 -0.05833977088332176 -0.06999998539686203
v 0.016014987602829933 -0.05678486078977585 -0.0859999880194664
v 0.008801794610917568 -0.05833977088332176 -0.06999998539686203
v 0.0034733775537461042 -0.05889767408370972 -0.0859999880194664
v 0.0034733775537461042 -0.05889767408370972 -0.0859999880194664
v 0.008801794610917568 -0.05833977088332176 -0.06999998539686203
v 0.0034733775537461042 -0.05889767408370972 -0.06999998539686203
v 0.0034733775537461042 -0.05889767408370972 -0.0859999880194664
v 0.0034733775537461042 -0.05889767408370972 -0.06999998539686203
v 6.583622536027178e-14 -0.05900000408291817 -0.06999998539686203
v 0.1300000101327896 0.044863950461149216 -0.03831743448972702
v 0.1300000101327896 0.044614579528570175 -0.03860750049352646
v 0.10196319967508316 0.044693030416965485 -0.03815668821334839
v 0.08736274391412735 0.04899999499320984 -0.0322398841381073
v 0.08788903057575226 0.04899999499320984 -0.032217226922512054
v 0.08809477090835571 0.04770425707101822 -0.034265223890542984
v 0.08809477090835571 0.04770425707101822 -0.034265223890542984
v 0.08788903057575226 0.04899999499320984 -0.032217226922512054
v 0.09187287092208862 0.04899999499320984 -0.032164253294467926
v 0.08809477090835571 0.04770425707101822 -0.034265223890542984
v 0.09187287092208862 0.04899999499320984 -0.032164253294467926
v 0.1019868478178978 0.047693897038698196 -0.034384556114673615
v 0.1019868478178978 0.047693897038698196 -0.034384556114673615
v 0.09187287092208862 0.04899999499320984 -0.032164253294467926
v 0.11944784224033356 0.04899999871850014 -0.03269023820757866
v 0.07248515635728836 0.04899999126791954 -0.0348467156291008
v 0.07784877717494965 0.04899999126791954 -0.0334637351334095
v 0.0813295841217041 0.04770425707101822 -0.034898657351732254
v 0.0813295841217041 0.04770425707101822 -0.034898657351732254
v 0.07784877717494965 0.04899999126791954 -0.0334637351334095
v 0.07889429479837418 0.04899999126791954 -0.03325137495994568
v 0.0813295841217041 0.04770425707101822 -0.034898657351732254
v 0.07889429479837418 0.04899999126791954 -0.03325137495994568
v 0.08809477090835571 0.04770425707101822 -0.034265223890542984
v 0.08809477090835571 0.04770425707101822 -0.034265223890542984
v 0.07889429479837418 0.04899999126791954 -0.03325137495994568
v 0.08550035953521729 0.04899999499320984 -0.032355450093746185
v 0.08809477090835571 0.04770425707101822 -0.034265223890542984
v 0.08550035953521729 0.04899999499320984 -0.032355450093746185
v 0.08736274391412735 0.04899999499320984 -0.0322398841381073
v 0.032863304018974304 0.04900001734495163 -0.06999998539686203
v 0.03647927939891815 0.048999983817338943 -0.06332650780677795
v 0.03810714930295944 0.04762870445847511 -0.06399746239185333
v 0.03810714930295944 0.04762870445847511 -0.06399746239185333
v 0.03647927939891815 0.048999983817338943 -0.06332650780677795
v 0.04018285498023033 0.048999983817338943 -0.05781460180878639
v 0.03810714930295944 0.04762870445847511 -0.06399746239185333
v 0.04018285498023033 0.048999983817338943 -0.05781460180878639
v 0.04191415011882782 0.04765494540333748 -0.05839557573199272
v 0.04191415011882782 0.04765494540333748 -0.05839557573199272
v 0.04018285498023033 0.048999983817338943 -0.05781460180878639
v 0.04465917870402336 0.04899998754262924 -0.05240204185247421
v 0.04191415011882782 0.04765494540333748 -0.05839557573199272
v 0.04465917870402336 0.04899998754262924 -0.05240204185247421
v 0.04625922814011574 0.04768366366624832 -0.053249962627887726
v 0.04625922814011574 0.04768366366624832 -0.053249962627887726
v 0.04465917870402336 0.04899998754262924 -0.05240204185247421
v 0.049551546573638916 0.04899998754262924 -0.04761894419789314
v 0.04625922814011574 0.04768366366624832 -0.053249962627887726
v 0.049551546573638916 0.04899998754262924 -0.04761894419789314
v 0.05111575499176979 0.047707412391901016 -0.04862045496702194
v 0.05111575499176979 0.047707412391901016 -0.04862045496702194
v 0.049551546573638916 0.04899998754262924 -0.04761894419789314
v 0.05481155961751938 0.04899999126791954 -0.0434749573469162
v 0.05111575499176979 0.047707412391901016 -0.04862045496702194
v 0.05481155961751938 0.04899999126791954 -0.0434749573469162
v 0.056446194648742676 0.04772176221013069 -0.04456362873315811
v 0.056446194648742676 0.04772176221013069 -0.04456362873315811
v 0.05481155961751938 0.04899999126791954 -0.0434749573469162
v 0.06041610613465309 0.04899999126791954 -0.03995690494775772
v 0.056446194648742676 0.04772176221013069 -0.04456362873315811
v 0.06041610613465309 0.04899999126791954 -0.03995690494775772
v 0.062199365347623825 0.04772511124610901 -0.041130430996418
v 0.062199365347623825 0.04772511124610901 -0.041130430996418
v 0.06041610613465309 0.04899999126791954 -0.03995690494775772
v 0.06632724404335022 0.04899999126791954 -0.03707583248615265
v 0.062199365347623825 0.04772511124610901 -0.041130430996418
v 0.06632724404335022 0.04899999126791954 -0.03707583248615265
v 0.0683126300573349 0.04771943390369415 -0.038362935185432434
v 0.0683126300573349 0.04771943390369415 -0.038362935185432434
v 0.06632724404335022 0.04899999126791954 -0.03707583248615265
v 0.07248515635728836 0.04899999126791954 -0.0348467156291008
v 0.0683126300573349 0.04771943390369415 -0.038362935185432434
v 0.07248515635728836 0.04899999126791954 -0.0348467156291008
v 0.07471533864736557 0.047710977494716644 -0.03628341853618622
v 0.07471533864736557 0.047710977494716644 -0.03628341853618622
v 0.07248515635728836 0.04899999126791954 -0.0348467156291008
v 0.0813295841217041 0.04770425707101822 -0.034898657351732254
v 0.04786683991551399 0.04623371362686157 -0.05402510613203049
v 0.0527307391166687 0.0430000014603138 -0.05358205363154411
v 0.0505870021879673 0.0430000014603138 -0.05560722202062607
v 0.04786683991551399 0.04623371362686157 -0.05402510613203049
v 0.0505870021879673 0.0430000014603138 -0.05560722202062607
v 0.04367697983980179 0.0462036207318306 -0.05884997174143791
v 0.04039809852838516 0.042999960482120514 -0.07000001519918442
v 0.03798701986670494 0.04514406621456146 -0.07000000774860382
v 0.04346166178584099 0.0430000014603138 -0.06452997773885727
v 0.04346166178584099 0.0430000014603138 -0.06452997773885727
v 0.03798701986670494 0.04514406621456146 -0.07000000774860382
v 0.03996719419956207 0.04617345705628395 -0.06418055295944214
v 0.04346166178584099 0.0430000014603138 -0.06452997773885727
v 0.03996719419956207 0.04617345705628395 -0.06418055295944214
v 0.0456390306353569 0.0430000014603138 -0.06135522201657295
v 0.0456390306353569 0.0430000014603138 -0.06135522201657295
v 0.03996719419956207 0.04617345705628395 -0.06418055295944214
v 0.04367697983980179 0.0462036207318306 -0.05884997174143791
v 0.0456390306353569 0.0430000014603138 -0.06135522201657295
v 0.04367697983980179 0.0462036207318306 -0.05884997174143791
v 0.04694711044430733 0.0430000014603138 -0.059661831706762314
v 0.04694711044430733 0.0430000014603138 -0.059661831706762314
v 0.04367697983980179 0.0462036207318306 -0.05884997174143791
v 0.0505870021879673 0.0430000014603138 -0.05560722202062607
v 0.06378751248121262 0.0446927435696125 -0.044363103806972504
v 0.06458133459091187 0.0430000014603138 -0.04569220170378685
v 0.05860770121216774 0.04468788951635361 -0.04730398580431938
v 0.05860770121216774 0.04468788951635361 -0.04730398580431938
v 0.06458133459091187 0.0430000014603138 -0.04569220170378685
v 0.06119350343942642 0.0430000014603138 -0.047476254403591156
v 0.05860770121216774 0.04468788951635361 -0.04730398580431938
v 0.06119350343942642 0.0430000014603138 -0.047476254403591156
v 0.0538032241165638 0.044679418206214905 -0.05077434331178665
v 0.0538032241165638 0.044679418206214905 -0.05077434331178665
v 0.06119350343942642 0.0430000014603138 -0.047476254403591156
v 0.055092595517635345 0.0430000014603138 -0.05160197615623474
v 0.0538032241165638 0.044679418206214905 -0.05077434331178665
v 0.055092595517635345 0.0430000014603138 -0.05160197615623474
v 0.054879751056432724 0.0430000014603138 -0.051770634949207306
v 0.1300000101327896 0.04713024944067001 -0.03549281135201454
v 0.1300000101327896 0.044863950461149216 -0.03831743448972702
v 0.10197360813617706 0.046257950365543365 -0.03632386773824692
v 0.10197360813617706 0.046257950365543365 -0.03632386773824692
v 0.1300000101327896 0.044863950461149216 -0.03831743448972702
v 0.10196319967508316 0.044693030416965485 -0.03815668821334839
v 0.10197360813617706 0.046257950365543365 -0.03632386773824692
v 0.10196319967508316 0.044693030416965485 -0.03815668821334839
v 0.08808009326457977 0.046270936727523804 -0.03626280650496483
v 0.08808009326457977 0.046270936727523804 -0.03626280650496483
v 0.10196319967508316 0.044693030416965485 -0.03815668821334839
v 0.08805946260690689 0.04470214620232582 -0.038149502128362656
v 0.08808009326457977 0.046270936727523804 -0.03626280650496483
v 0.08805946260690689 0.04470214620232582 -0.038149502128362656
v 0.08141297101974487 0.04626747593283653 -0.036909207701683044
v 0.08141297101974487 0.04626747593283653 -0.036909207701683044
v 0.08805946260690689 0.04470214620232582 -0.038149502128362656
v 0.08146681636571884 0.044696956872940063 -0.03881672024726868
v 0.08141297101974487 0.04626747593283653 -0.036909207701683044
v 0.08146681636571884 0.044696956872940063 -0.03881672024726868
v 0.07499603182077408 0.046270016580820084 -0.03824286162853241
v 0.07499603182077408 0.046270016580820084 -0.03824286162853241
v 0.08146681636571884 0.044696956872940063 -0.03881672024726868
v 0.07522758096456528 0.04469405114650726 -0.040106259286403656
v 0.07499603182077408 0.046270016580820084 -0.03824286162853241
v 0.07522758096456528 0.04469405114650726 -0.040106259286403656
v 0.06885521858930588 0.04627526178956032 -0.04020613059401512
v 0.06885521858930588 0.04627526178956032 -0.04020613059401512
v 0.07522758096456528 0.04469405114650726 -0.040106259286403656
v 0.06933148950338364 0.04469345882534981 -0.04195985570549965
v 0.06885521858930588 0.04627526178956032 -0.04020613059401512
v 0.06933148950338364 0.04469345882534981 -0.04195985570549965
v 0.06303413957357407 0.04627856984734535 -0.042787499725818634
v 0.06303413957357407 0.04627856984734535 -0.042787499725818634
v 0.06933148950338364 0.04469345882534981 -0.04195985570549965
v 0.06378751248121262 0.0446927435696125 -0.044363103806972504
v 0.06303413957357407 0.04627856984734535 -0.042787499725818634
v 0.06378751248121262 0.0446927435696125 -0.044363103806972504
v 0.05757279321551323 0.04627310112118721 -0.045968737453222275
v 0.05757279321551323 0.04627310112118721 -0.045968737453222275
v 0.06378751248121262 0.0446927435696125 -0.044363103806972504
v 0.05860770121216774 0.04468788951635361 -0.04730398580431938
v 0.05757279321551323 0.04627310112118721 -0.045968737453222275
v 0.05860770121216774 0.04468788951635361 -0.04730398580431938
v 0.0525076687335968 0.04625788703560829 -0.04972429946064949
v 0.0525076687335968 0.04625788703560829 -0.04972429946064949
v 0.05860770121216774 0.04468788951635361 -0.04730398580431938
v 0.0538032241165638 0.044679418206214905 -0.05077434331178665
v 0.0525076687335968 0.04625788703560829 -0.04972429946064949
v 0.0538032241165638 0.044679418206214905 -0.05077434331178665
v 0.04786683991551399 0.04623371362686157 -0.05402510613203049
v 0.04786683991551399 0.04623371362686157 -0.05402510613203049
v 0.0538032241165638 0.044679418206214905 -0.05077434331178665
v 0.054879751056432724 0.0430000014603138 -0.051770634949207306
v 0.04786683991551399 0.04623371362686157 -0.05402510613203049
v 0.054879751056432724 0.0430000014603138 -0.051770634949207306
v 0.0527307391166687 0.0430000014603138 -0.05358205363154411
v 0.1300000101327896 0.044614579528570175 -0.03860750049352646
v 0.1300000101327896 0.042999979108572006 -0.04039808362722397
v 0.10196319967508316 0.044693030416965485 -0.03815668821334839
v 0.10196319967508316 0.044693030416965485 -0.03815668821334839
v 0.1300000101327896 0.042999979108572006 -0.04039808362722397
v 0.10203294456005096 0.0430000014603138 -0.039854295551776886
v 0.10196319967508316 0.044693030416965485 -0.03815668821334839
v 0.10203294456005096 0.0430000014603138 -0.039854295551776886
v 0.08805946260690689 0.04470214620232582 -0.038149502128362656
v 0.08805946260690689 0.04470214620232582 -0.038149502128362656
v 0.10203294456005096 0.0430000014603138 -0.039854295551776886
v 0.09228216111660004 0.0430000014603138 -0.03976067155599594
v 0.09228216111660004 0.0430000014603138 -0.03976067155599594
v 0.08840709179639816 0.0430000014603138 -0.03985677659511566
v 0.08805946260690689 0.04470214620232582 -0.038149502128362656
v 0.08805946260690689 0.04470214620232582 -0.038149502128362656
v 0.08840709179639816 0.0430000014603138 -0.03985677659511566
v 0.08824736624956131 0.0430000014603138 -0.03986484557390213
v 0.08805946260690689 0.04470214620232582 -0.038149502128362656
v 0.08824736624956131 0.0430000014603138 -0.03986484557390213
v 0.08146681636571884 0.044696956872940063 -0.03881672024726868
v 0.08146681636571884 0.044696956872940063 -0.03881672024726868
v 0.08824736624956131 0.0430000014603138 -0.03986484557390213
v 0.08067391812801361 0.0430000014603138 -0.04068785905838013
v 0.08146681636571884 0.044696956872940063 -0.03881672024726868
v 0.08067391812801361 0.0430000014603138 -0.04068785905838013
v 0.07522758096456528 0.04469405114650726 -0.040106259286403656
v 0.07522758096456528 0.04469405114650726 -0.040106259286403656
v 0.08067391812801361 0.0430000014603138 -0.04068785905838013
v 0.07574646174907684 0.0430000014603138 -0.041709184646606445
v 0.07522758096456528 0.04469405114650726 -0.040106259286403656
v 0.07574646174907684 0.0430000014603138 -0.041709184646606445
v 0.06933148950338364 0.04469345882534981 -0.04195985570549965
v 0.06933148950338364 0.04469345882534981 -0.04195985570549965
v 0.07574646174907684 0.0430000014603138 -0.041709184646606445
v 0.07105802744626999 0.0430000014603138 -0.043070822954177856
v 0.06933148950338364 0.04469345882534981 -0.04195985570549965
v 0.07105802744626999 0.0430000014603138 -0.043070822954177856
v 0.06378751248121262 0.0446927435696125 -0.044363103806972504
v 0.06378751248121262 0.0446927435696125 -0.044363103806972504
v 0.07105802744626999 0.0430000014603138 -0.043070822954177856
v 0.0647035464644432 0.0430000014603138 -0.045633621513843536
v 0.06378751248121262 0.0446927435696125 -0.044363103806972504
v 0.0647035464644432 0.0430000014603138 -0.045633621513843536
v 0.06458133459091187 0.0430000014603138 -0.04569220170378685
v 0.03798701986670494 0.04514406621456146 -0.07000000774860382
v 0.032863304018974304 0.04900001734495163 -0.06999998539686203
v 0.03996719419956207 0.04617345705628395 -0.06418055295944214
v 0.03996719419956207 0.04617345705628395 -0.06418055295944214
v 0.032863304018974304 0.04900001734495163 -0.06999998539686203
v 0.03810714930295944 0.04762870445847511 -0.06399746239185333
v 0.03996719419956207 0.04617345705628395 -0.06418055295944214
v 0.03810714930295944 0.04762870445847511 -0.06399746239185333
v 0.04367697983980179 0.0462036207318306 -0.05884997174143791
v 0.04367697983980179 0.0462036207318306 -0.05884997174143791
v 0.03810714930295944 0.04762870445847511 -0.06399746239185333
v 0.04191415011882782 0.04765494540333748 -0.05839557573199272
v 0.04367697983980179 0.0462036207318306 -0.05884997174143791
v 0.04191415011882782 0.04765494540333748 -0.05839557573199272
v 0.04786683991551399 0.04623371362686157 -0.05402510613203049
v 0.04786683991551399 0.04623371362686157 -0.05402510613203049
v 0.04191415011882782 0.04765494540333748 -0.05839557573199272
v 0.04625922814011574 0.04768366366624832 -0.053249962627887726
v 0.04786683991551399 0.04623371362686157 -0.05402510613203049
v 0.04625922814011574 0.04768366366624832 -0.053249962627887726
v 0.0525076687335968 0.04625788703560829 -0.04972429946064949
v 0.0525076687335968 0.04625788703560829 -0.04972429946064949
v 0.04625922814011574 0.04768366366624832 -0.053249962627887726
v 0.05111575499176979 0.047707412391901016 -0.04862045496702194
v 0.0525076687335968 0.04625788703560829 -0.04972429946064949
v 0.05111575499176979 0.047707412391901016 -0.04862045496702194
v 0.05757279321551323 0.04627310112118721 -0.045968737453222275
v 0.05757279321551323 0.04627310112118721 -0.045968737453222275
v 0.05111575499176979 0.047707412391901016 -0.04862045496702194
v 0.056446194648742676 0.04772176221013069 -0.04456362873315811
v 0.05757279321551323 0.04627310112118721 -0.045968737453222275
v 0.056446194648742676 0.04772176221013069 -0.04456362873315811
v 0.06303413957357407 0.04627856984734535 -0.042787499725818634
v 0.06303413957357407 0.04627856984734535 -0.042787499725818634
v 0.056446194648742676 0.04772176221013069 -0.04456362873315811
v 0.062199365347623825 0.04772511124610901 -0.041130430996418
v 0.06303413957357407 0.04627856984734535 -0.042787499725818634
v 0.062199365347623825 0.04772511124610901 -0.041130430996418
v 0.06885521858930588 0.04627526178956032 -0.04020613059401512
v 0.06885521858930588 0.04627526178956032 -0.04020613059401512
v 0.062199365347623825 0.04772511124610901 -0.041130430996418
v 0.0683126300573349 0.04771943390369415 -0.038362935185432434
v 0.06885521858930588 0.04627526178956032 -0.04020613059401512
v 0.0683126300573349 0.04771943390369415 -0.038362935185432434
v 0.07499603182077408 0.046270016580820084 -0.03824286162853241
v 0.07499603182077408 0.046270016580820084 -0.03824286162853241
v 0.0683126300573349 0.04771943390369415 -0.038362935185432434
v 0.07471533864736557 0.047710977494716644 -0.03628341853618622
v 0.07499603182077408 0.046270016580820084 -0.03824286162853241
v 0.07471533864736557 0.047710977494716644 -0.03628341853618622
v 0.08141297101974487 0.04626747593283653 -0.036909207701683044
v 0.08141297101974487 0.04626747593283653 -0.036909207701683044
v 0.07471533864736557 0.047710977494716644 -0.03628341853618622
v 0.0813295841217041 0.04770425707101822 -0.034898657351732254
v 0.08141297101974487 0.04626747593283653 -0.036909207701683044
v 0.0813295841217041 0.04770425707101822 -0.034898657351732254
v 0.08808009326457977 0.046270936727523804 -0.03626280650496483
v 0.08808009326457977 0.046270936727523804 -0.03626280650496483
v 0.0813295841217041 0.04770425707101822 -0.034898657351732254
v 0.08809477090835571 0.04770425707101822 -0.034265223890542984
v 0.08808009326457977 0.046270936727523804 -0.03626280650496483
v 0.08809477090835571 0.04770425707101822 -0.034265223890542984
v 0.10197360813617706 0.046257950365543365 -0.03632386773824692
v 0.10197360813617706 0.046257950365543365 -0.03632386773824692
v 0.08809477090835571 0.04770425707101822 -0.034265223890542984
v 0.1019868478178978 0.047693897038698196 -0.034384556114673615
v 0.10197360813617706 0.046257950365543365 -0.03632386773824692
v 0.1019868478178978 0.047693897038698196 -0.034384556114673615
v 0.1300000101327896 0.04713024944067001 -0.03549281135201454
v 0.1300000101327896 0.04713024944067001 -0.03549281135201454
v 0.1019868478178978 0.047693897038698196 -0.034384556114673615
v 0.11944784224033356 0.04899999871850014 -0.03269023820757866
v 0.1300000101327896 0.04713024944067001 -0.03549281135201454
v 0.11944784224033356 0.04899999871850014 -0.03269023820757866
v 0.12999999523162842 0.04899998754262924 -0.03286336734890938
v 0.049817364662885666 0.04900011420249939 0.04485076665878296
v 0.0475190170109272 0.049000177532434464 0.04677489027380943
v 0.050763849169015884 0.046252913773059845 0.049029283225536346
v 0.10539035499095917 0.04468955844640732 0.03821706399321556
v 0.097321055829525 0.042999520897865295 0.03989843279123306
v 0.12999999523162842 0.04300001636147499 0.040397994220256805
v 0.10539035499095917 0.04468955844640732 0.03821706399321556
v 0.09307935833930969 0.04475382715463638 0.038048844784498215
v 0.097321055829525 0.042999520897865295 0.03989843279123306
v 0.097321055829525 0.042999520897865295 0.03989843279123306
v 0.09307935833930969 0.04475382715463638 0.038048844784498215
v 0.08692407608032227 0.04475961998105049 0.03805340826511383
v 0.097321055829525 0.042999520897865295 0.03989843279123306
v 0.08692407608032227 0.04475961998105049 0.03805340826511383
v 0.08634890615940094 0.04300116375088692 0.03990517929196358
v 0.08634890615940094 0.04300116375088692 0.03990517929196358
v 0.08692407608032227 0.04475961998105049 0.03805340826511383
v 0.08074676245450974 0.04475519806146622 0.038506560027599335
v 0.08634890615940094 0.04300116375088692 0.03990517929196358
v 0.08074676245450974 0.04475519806146622 0.038506560027599335
v 0.08127020299434662 0.043000005185604095 0.04029062017798424
v 0.08127020299434662 0.043000005185604095 0.04029062017798424
v 0.08074676245450974 0.04475519806146622 0.038506560027599335
v 0.07462943345308304 0.04475098475813866 0.03956243023276329
v 0.08127020299434662 0.043000005185604095 0.04029062017798424
v 0.07462943345308304 0.04475098475813866 0.03956243023276329
v 0.07471832633018494 0.04299972206354141 0.0413762591779232
v 0.07471832633018494 0.04299972206354141 0.0413762591779232
v 0.07462943345308304 0.04475098475813866 0.03956243023276329
v 0.06864597648382187 0.04474512115120888 0.0412391722202301
v 0.07471832633018494 0.04299972206354141 0.0413762591779232
v 0.06864597648382187 0.04474512115120888 0.0412391722202301
v 0.06884165853261948 0.042999301105737686 0.04298700392246246
v 0.06884165853261948 0.042999301105737686 0.04298700392246246
v 0.06864597648382187 0.04474512115120888 0.0412391722202301
v 0.06286981701850891 0.04473380744457245 0.04354868084192276
v 0.06884165853261948 0.042999301105737686 0.04298700392246246
v 0.06286981701850891 0.04473380744457245 0.04354868084192276
v 0.06321495771408081 0.0429990328848362 0.04519645869731903
v 0.06321495771408081 0.0429990328848362 0.04519645869731903
v 0.06286981701850891 0.04473380744457245 0.04354868084192276
v 0.05738776549696922 0.04471316188573837 0.04648430272936821
v 0.06321495771408081 0.0429990328848362 0.04519645869731903
v 0.05738776549696922 0.04471316188573837 0.04648430272936821
v 0.05788617208600044 0.04299900680780411 0.048030655831098557
v 0.05788617208600044 0.04299900680780411 0.048030655831098557
v 0.05738776549696922 0.04471316188573837 0.04648430272936821
v 0.052285097539424896 0.044682733714580536 0.050030894577503204
v 0.05788617208600044 0.04299900680780411 0.048030655831098557
v 0.052285097539424896 0.044682733714580536 0.050030894577503204
v 0.05303796008229256 0.04299918934702873 0.0514078363776207
v 0.05303796008229256 0.04299918934702873 0.0514078363776207
v 0.04763012379407883 0.0446450375020504 0.05414938926696777
v 0.04864620417356491 0.04299948364496231 0.05532733350992203
v 0.04864620417356491 0.04299948364496231 0.05532733350992203
v 0.04763012379407883 0.0446450375020504 0.05414938926696777
v 0.04347001388669014 0.04460578411817551 0.058768924325704575
v 0.04864620417356491 0.04299948364496231 0.05532733350992203
v 0.04347001388669014 0.04460578411817551 0.058768924325704575
v 0.04468120262026787 0.042999811470508575 0.05980854481458664
v 0.04468120262026787 0.042999811470508575 0.05980854481458664
v 0.04347001388669014 0.04460578411817551 0.058768924325704575
v 0.03985666483640671 0.044574424624443054 0.06379977613687515
v 0.04468120262026787 0.042999811470508575 0.05980854481458664
v 0.03985666483640671 0.044574424624443054 0.06379977613687515
v 0.041454508900642395 0.04299992322921753 0.06437284499406815
v 0.04763012379407883 0.0446450375020504 0.05414938926696777
v 0.04607377201318741 0.04620761796832085 0.05329294130206108
v 0.04347001388669014 0.04460578411817551 0.058768924325704575
v 0.04347001388669014 0.04460578411817551 0.058768924325704575
v 0.04607377201318741 0.04620761796832085 0.05329294130206108
v 0.04186027869582176 0.046159859746694565 0.05803710222244263
v 0.04347001388669014 0.04460578411817551 0.058768924325704575
v 0.04186027869582176 0.046159859746694565 0.05803710222244263
v 0.03985666483640671 0.044574424624443054 0.06379977613687515
v 0.03985666483640671 0.044574424624443054 0.06379977613687515
v 0.04186027869582176 0.046159859746694565 0.05803710222244263
v 0.03814750537276268 0.04613789543509483 0.06317536532878876
v 0.050763849169015884 0.046252913773059845 0.049029283225536346
v 0.052285097539424896 0.044682733714580536 0.050030894577503204
v 0.05588974431157112 0.04628767818212509 0.04531596601009369
v 0.05588974431157112 0.04628767818212509 0.04531596601009369
v 0.052285097539424896 0.044682733714580536 0.050030894577503204
v 0.05738776549696922 0.04471316188573837 0.04648430272936821
v 0.05588974431157112 0.04628767818212509 0.04531596601009369
v 0.05738776549696922 0.04471316188573837 0.04648430272936821
v 0.061392124742269516 0.04630865529179573 0.04219930246472359
v 0.061392124742269516 0.04630865529179573 0.04219930246472359
v 0.05738776549696922 0.04471316188573837 0.04648430272936821
v 0.06286981701850891 0.04473380744457245 0.04354868084192276
v 0.061392124742269516 0.04630865529179573 0.04219930246472359
v 0.06286981701850891 0.04473380744457245 0.04354868084192276
v 0.06719781458377838 0.04631705582141876 0.03970719873905182
v 0.06719781458377838 0.04631705582141876 0.03970719873905182
v 0.06286981701850891 0.04473380744457245 0.04354868084192276
v 0.06864597648382187 0.04474512115120888 0.0412391722202301
v 0.06719781458377838 0.04631705582141876 0.03970719873905182
v 0.06864597648382187 0.04474512115120888 0.0412391722202301
v 0.07322828471660614 0.04631798714399338 0.03785735368728638
v 0.07322828471660614 0.04631798714399338 0.03785735368728638
v 0.06864597648382187 0.04474512115120888 0.0412391722202301
v 0.07462943345308304 0.04475098475813866 0.03956243023276329
v 0.07322828471660614 0.04631798714399338 0.03785735368728638
v 0.07462943345308304 0.04475098475813866 0.03956243023276329
v 0.07941015064716339 0.04631681367754936 0.03665333241224289
v 0.07941015064716339 0.04631681367754936 0.03665333241224289
v 0.07462943345308304 0.04475098475813866 0.03956243023276329
v 0.08074676245450974 0.04475519806146622 0.038506560027599335
v 0.07941015064716339 0.04631681367754936 0.03665333241224289
v 0.08074676245450974 0.04475519806146622 0.038506560027599335
v 0.08566715568304062 0.04631788656115532 0.03609615936875343
v 0.08566715568304062 0.04631788656115532 0.03609615936875343
v 0.08074676245450974 0.04475519806146622 0.038506560027599335
v 0.08692407608032227 0.04475961998105049 0.03805340826511383
v 0.08566715568304062 0.04631788656115532 0.03609615936875343
v 0.08692407608032227 0.04475961998105049 0.03805340826511383
v 0.09194210171699524 0.046316374093294144 0.03606061264872551
v 0.09194210171699524 0.046316374093294144 0.03606061264872551
v 0.08692407608032227 0.04475961998105049 0.03805340826511383
v 0.09307935833930969 0.04475382715463638 0.038048844784498215
v 0.09194210171699524 0.046316374093294144 0.03606061264872551
v 0.09307935833930969 0.04475382715463638 0.038048844784498215
v 0.10461565852165222 0.04625475034117699 0.03628993779420853
v 0.10461565852165222 0.04625475034117699 0.03628993779420853
v 0.09307935833930969 0.04475382715463638 0.038048844784498215
v 0.10539035499095917 0.04468955844640732 0.03821706399321556
v 0.10461565852165222 0.04625475034117699 0.03628993779420853
v 0.10539035499095917 0.04468955844640732 0.03821706399321556
v 0.12999999523162842 0.044863950461149216 0.03831743448972702
v 0.12999999523162842 0.044863950461149216 0.03831743448972702
v 0.10539035499095917 0.04468955844640732 0.03821706399321556
v 0.12999999523162842 0.04300001636147499 0.040397994220256805
v 0.03464057296514511 0.048999808728694916 0.06186063960194588
v 0.03814750537276268 0.04613789543509483 0.06317536532878876
v 0.03846144303679466 0.04900006577372551 0.05644218251109123
v 0.03846144303679466 0.04900006577372551 0.05644218251109123
v 0.03814750537276268 0.04613789543509483 0.06317536532878876
v 0.04186027869582176 0.046159859746694565 0.05803710222244263
v 0.03846144303679466 0.04900006577372551 0.05644218251109123
v 0.04186027869582176 0.046159859746694565 0.05803710222244263
v 0.04191960021853447 0.049000032246112823 0.05230693146586418
v 0.04191960021853447 0.049000032246112823 0.05230693146586418
v 0.04186027869582176 0.046159859746694565 0.05803710222244263
v 0.04607377201318741 0.04620761796832085 0.05329294130206108
v 0.04191960021853447 0.049000032246112823 0.05230693146586418
v 0.04607377201318741 0.04620761796832085 0.05329294130206108
v 0.04347507283091545 0.04899997264146805 0.050638843327760696
v 0.04347507283091545 0.04899997264146805 0.050638843327760696
v 0.04607377201318741 0.04620761796832085 0.05329294130206108
v 0.045688919723033905 0.04900011420249939 0.04844343289732933
v 0.05303796008229256 0.04299918934702873 0.0514078363776207
v 0.052285097539424896 0.044682733714580536 0.050030894577503204
v 0.04763012379407883 0.0446450375020504 0.05414938926696777
v 0.04763012379407883 0.0446450375020504 0.05414938926696777
v 0.052285097539424896 0.044682733714580536 0.050030894577503204
v 0.050763849169015884 0.046252913773059845 0.049029283225536346
v 0.04763012379407883 0.0446450375020504 0.05414938926696777
v 0.050763849169015884 0.046252913773059845 0.049029283225536346
v 0.04607377201318741 0.04620761796832085 0.05329294130206108
v 0.04607377201318741 0.04620761796832085 0.05329294130206108
v 0.050763849169015884 0.046252913773059845 0.049029283225536346
v 0.0475190170109272 0.049000177532434464 0.04677489027380943
v 0.04607377201318741 0.04620761796832085 0.05329294130206108
v 0.0475190170109272 0.049000177532434464 0.04677489027380943
v 0.045688919723033905 0.04900011420249939 0.04844343289732933
v 0.12999999523162842 0.04900002107024193 0.03286333009600639
v 0.1212005540728569 0.04899999871850014 0.03265606239438057
v 0.12999999523162842 0.04760787636041641 0.03484953194856644
v 0.12999999523162842 0.04760787636041641 0.03484953194856644
v 0.1212005540728569 0.04899999871850014 0.03265606239438057
v 0.12051460891962051 0.04899999871850014 0.032637786120176315
v 0.12999999523162842 0.04760787636041641 0.03484953194856644
v 0.12051460891962051 0.04899999871850014 0.032637786120176315
v 0.10384929925203323 0.047681670635938644 0.03425414115190506
v 0.12051460891962051 0.04899999871850014 0.032637786120176315
v 0.11147758364677429 0.04899999871850014 0.03237485885620117
v 0.10384929925203323 0.047681670635938644 0.03425414115190506
v 0.10384929925203323 0.047681670635938644 0.03425414115190506
v 0.11147758364677429 0.04899999871850014 0.03237485885620117
v 0.10348289459943771 0.04899999871850014 0.03211609646677971
v 0.10384929925203323 0.047681670635938644 0.03425414115190506
v 0.10348289459943771 0.04899999871850014 0.03211609646677971
v 0.09080834686756134 0.04770917072892189 0.03393939509987831
v 0.09080834686756134 0.04770917072892189 0.03393939509987831
v 0.10348289459943771 0.04899999871850014 0.03211609646677971
v 0.09092006832361221 0.04899999871850014 0.03169960528612137
v 0.09080834686756134 0.04770917072892189 0.03393939509987831
v 0.09092006832361221 0.04899999871850014 0.03169960528612137
v 0.08438041806221008 0.04770555719733238 0.034006278961896896
v 0.08438041806221008 0.04770555719733238 0.034006278961896896
v 0.09092006832361221 0.04899999871850014 0.03169960528612137
v 0.08359630405902863 0.04899999871850014 0.03175117075443268
v 0.08438041806221008 0.04770555719733238 0.034006278961896896
v 0.08359630405902863 0.04899999871850014 0.03175117075443268
v 0.07801612466573715 0.04770843684673309 0.03467518463730812
v 0.08359630405902863 0.04899999871850014 0.03175117075443268
v 0.08025142550468445 0.04899999871850014 0.03203630819916725
v 0.07801612466573715 0.04770843684673309 0.03467518463730812
v 0.07801612466573715 0.04770843684673309 0.03467518463730812
v 0.08025142550468445 0.04899999871850014 0.03203630819916725
v 0.07701053470373154 0.04899999871850014 0.03250695765018463
v 0.07801612466573715 0.04770843684673309 0.03467518463730812
v 0.07701053470373154 0.04899999871850014 0.03250695765018463
v 0.07174957543611526 0.0477144680917263 0.0360352024435997
v 0.07174957543611526 0.0477144680917263 0.0360352024435997
v 0.07701053470373154 0.04899999871850014 0.03250695765018463
v 0.0696260929107666 0.04899999871850014 0.034294936805963516
v 0.07174957543611526 0.0477144680917263 0.0360352024435997
v 0.0696260929107666 0.04899999871850014 0.034294936805963516
v 0.0656576156616211 0.047718994319438934 0.03806616738438606
v 0.0656576156616211 0.047718994319438934 0.03806616738438606
v 0.0696260929107666 0.04899999871850014 0.034294936805963516
v 0.06430251151323318 0.04899999871850014 0.03623451665043831
v 0.0656576156616211 0.047718994319438934 0.03806616738438606
v 0.06430251151323318 0.04899999871850014 0.03623451665043831
v 0.05981331691145897 0.0477178581058979 0.04075047746300697
v 0.05981331691145897 0.0477178581058979 0.04075047746300697
v 0.06430251151323318 0.04899999871850014 0.03623451665043831
v 0.05951438844203949 0.049000006169080734 0.038494355976581573
v 0.05981331691145897 0.0477178581058979 0.04075047746300697
v 0.05951438844203949 0.049000006169080734 0.038494355976581573
v 0.05428861826658249 0.047707270830869675 0.044060852378606796
v 0.05428861826658249 0.047707270830869675 0.044060852378606796
v 0.05951438844203949 0.049000006169080734 0.038494355976581573
v 0.05272424966096878 0.04899999126791954 0.042664896696805954
v 0.05428861826658249 0.047707270830869675 0.044060852378606796
v 0.05272424966096878 0.04899999126791954 0.042664896696805954
v 0.050151560455560684 0.049000099301338196 0.04458588361740112
v 0.12999999523162842 0.044863950461149216 0.03831743448972702
v 0.12999999523162842 0.04760787636041641 0.03484953194856644
v 0.10461565852165222 0.04625475034117699 0.03628993779420853
v 0.10461565852165222 0.04625475034117699 0.03628993779420853
v 0.12999999523162842 0.04760787636041641 0.03484953194856644
v 0.10384929925203323 0.047681670635938644 0.03425414115190506
v 0.10461565852165222 0.04625475034117699 0.03628993779420853
v 0.10384929925203323 0.047681670635938644 0.03425414115190506
v 0.09194210171699524 0.046316374093294144 0.03606061264872551
v 0.09194210171699524 0.046316374093294144 0.03606061264872551
v 0.10384929925203323 0.047681670635938644 0.03425414115190506
v 0.09080834686756134 0.04770917072892189 0.03393939509987831
v 0.09194210171699524 0.046316374093294144 0.03606061264872551
v 0.09080834686756134 0.04770917072892189 0.03393939509987831
v 0.08566715568304062 0.04631788656115532 0.03609615936875343
v 0.08566715568304062 0.04631788656115532 0.03609615936875343
v 0.09080834686756134 0.04770917072892189 0.03393939509987831
v 0.08438041806221008 0.04770555719733238 0.034006278961896896
v 0.08566715568304062 0.04631788656115532 0.03609615936875343
v 0.08438041806221008 0.04770555719733238 0.034006278961896896
v 0.07941015064716339 0.04631681367754936 0.03665333241224289
v 0.07941015064716339 0.04631681367754936 0.03665333241224289
v 0.08438041806221008 0.04770555719733238 0.034006278961896896
v 0.07801612466573715 0.04770843684673309 0.03467518463730812
v 0.07941015064716339 0.04631681367754936 0.03665333241224289
v 0.07801612466573715 0.04770843684673309 0.03467518463730812
v 0.07322828471660614 0.04631798714399338 0.03785735368728638
v 0.07322828471660614 0.04631798714399338 0.03785735368728638
v 0.07801612466573715 0.04770843684673309 0.03467518463730812
v 0.07174957543611526 0.0477144680917263 0.0360352024435997
v 0.07322828471660614 0.04631798714399338 0.03785735368728638
v 0.07174957543611526 0.0477144680917263 0.0360352024435997
v 0.06719781458377838 0.04631705582141876 0.03970719873905182
v 0.06719781458377838 0.04631705582141876 0.03970719873905182
v 0.07174957543611526 0.0477144680917263 0.0360352024435997
v 0.0656576156616211 0.047718994319438934 0.03806616738438606
v 0.06719781458377838 0.04631705582141876 0.03970719873905182
v 0.0656576156616211 0.047718994319438934 0.03806616738438606
v 0.061392124742269516 0.04630865529179573 0.04219930246472359
v 0.061392124742269516 0.04630865529179573 0.04219930246472359
v 0.0656576156616211 0.047718994319438934 0.03806616738438606
v 0.05981331691145897 0.0477178581058979 0.04075047746300697
v 0.061392124742269516 0.04630865529179573 0.04219930246472359
v 0.05981331691145897 0.0477178581058979 0.04075047746300697
v 0.05588974431157112 0.04628767818212509 0.04531596601009369
v 0.05588974431157112 0.04628767818212509 0.04531596601009369
v 0.05981331691145897 0.0477178581058979 0.04075047746300697
v 0.05428861826658249 0.047707270830869675 0.044060852378606796
v 0.05588974431157112 0.04628767818212509 0.04531596601009369
v 0.05428861826658249 0.047707270830869675 0.044060852378606796
v 0.050763849169015884 0.046252913773059845 0.049029283225536346
v 0.050763849169015884 0.046252913773059845 0.049029283225536346
v 0.05428861826658249 0.047707270830869675 0.044060852378606796
v 0.050151560455560684 0.049000099301338196 0.04458588361740112
v 0.050763849169015884 0.046252913773059845 0.049029283225536346
v 0.050151560455560684 0.049000099301338196 0.04458588361740112
v 0.049817364662885666 0.04900011420249939 0.04485076665878296
v 0.0566791370511055 0.05687341466546059 -0.023881614208221436
v 0.04746813327074051 0.05782444775104523 -0.026028688997030258
v 0.04578961431980133 0.05977429449558258 -0.018142778426408768
v 0.0735650509595871 0.05869137868285179 -0.011705586686730385
v 0.06428887695074081 0.05883241817355156 -0.013850816525518894
v 0.06343812495470047 0.05966445803642273 -0.009907537139952183
v 0.06428887695074081 0.05883241817355156 -0.013850816525518894
v 0.0735650509595871 0.05869137868285179 -0.011705586686730385
v 0.06591896712779999 0.056280624121427536 -0.021735357120633125
v 0.08017171919345856 0.0595891997218132 0.002272800076752901
v 0.08109787851572037 0.059694427996873856 -0.0016726133180782199
v 0.06256196647882462 0.06018078327178955 -0.005963538307696581
v 0.06256196647882462 0.06018078327178955 -0.005963538307696581
v 0.08109787851572037 0.059694427996873856 -0.0016726133180782199
v 0.06343812495470047 0.05966445803642273 -0.009907537139952183
v 0.027812408283352852 0.052033357322216034 -0.06999999284744263
v 0.027456266805529594 0.052746184170246124 -0.06795842200517654
v 0.02787165343761444 0.052001647651195526 -0.06999998539686203
v 4.960931665465296e-11 0.06358572095632553 0.008337698876857758
v 0.0016083389054983854 0.06363201886415482 0.004830194171518087
v 2.0419910207181147e-10 0.06361191719770432 -0.010481229051947594
v 0.045688919723033905 0.04900011420249939 0.04844343289732933
v 0.0442311055958271 0.04974803701043129 0.048220183700323105
v 0.04347507283091545 0.04899997264146805 0.050638843327760696
v 0.12999999523162842 0.052033353596925735 0.027812406420707703
v 0.12999999523162842 0.05276552587747574 0.02639695629477501
v 0.12335655838251114 0.05337861552834511 0.0248470026999712
v 0.12999999523162842 0.04899998754262924 -0.03286336734890938
v 0.12657929956912994 0.04918390139937401 -0.03252078965306282
v 0.12999999523162842 0.052033353596925735 -0.027812406420707703
v 0.11944784224033356 0.04899999871850014 -0.03269023820757866
v 0.10631924867630005 0.05105309560894966 -0.028924517333507538
v 0.12509244680404663 0.05351603776216507 -0.02464030496776104
v 0.10631924867630005 0.05105309560894966 -0.028924517333507538
v 0.11944784224033356 0.04899999871850014 -0.03269023820757866
v 0.09187287092208862 0.04899999499320984 -0.032164253294467926
v 0.06041610613465309 0.04899999126791954 -0.03995690494775772
v 0.05974668636918068 0.04937553405761719 -0.0396452434360981
v 0.06632724404335022 0.04899999126791954 -0.03707583248615265
v 0.035612646490335464 0.050093188881874084 -0.06186230108141899
v 0.03647927939891815 0.048999983817338943 -0.06332650780677795
v 0.032863304018974304 0.04900001734495163 -0.06999998539686203
v 0.04153279960155487 0.053864482790231705 -0.043945278972387314
v 0.050620049238204956 0.051375243812799454 -0.041794706135988235
v 0.049551546573638916 0.04899998754262924 -0.04761894419789314
v 0.05974668636918068 0.04937553405761719 -0.0396452434360981
v 0.06041610613465309 0.04899999126791954 -0.03995690494775772
v 0.050620049238204956 0.051375243812799454 -0.041794706135988235
v 0.050620049238204956 0.051375243812799454 -0.041794706135988235
v 0.06041610613465309 0.04899999126791954 -0.03995690494775772
v 0.05481155961751938 0.04899999126791954 -0.0434749573469162
v 0.050620049238204956 0.051375243812799454 -0.041794706135988235
v 0.05481155961751938 0.04899999126791954 -0.0434749573469162
v 0.049551546573638916 0.04899998754262924 -0.04761894419789314
v 0.06746482104063034 0.052681826055049896 -0.029617512598633766
v 0.07673073559999466 0.052413299679756165 -0.02747199311852455
v 0.07784877717494965 0.04899999126791954 -0.0334637351334095
v 0.08605112880468369 0.05282192677259445 -0.02532801404595375
v 0.08736274391412735 0.04899999499320984 -0.0322398841381073
v 0.08550035953521729 0.04899999499320984 -0.032355450093746185
v 0.08605112880468369 0.05282192677259445 -0.02532801404595375
v 0.08550035953521729 0.04899999499320984 -0.032355450093746185
v 0.07673073559999466 0.052413299679756165 -0.02747199311852455
v 0.07673073559999466 0.052413299679756165 -0.02747199311852455
v 0.08550035953521729 0.04899999499320984 -0.032355450093746185
v 0.07889429479837418 0.04899999126791954 -0.03325137495994568
v 0.07673073559999466 0.052413299679756165 -0.02747199311852455
v 0.07889429479837418 0.04899999126791954 -0.03325137495994568
v 0.07784877717494965 0.04899999126791954 -0.0334637351334095
v 0.12999999523162842 0.04899998754262924 -0.03286336734890938
v 0.11944784224033356 0.04899999871850014 -0.03269023820757866
v 0.12657929956912994 0.04918390139937401 -0.03252078965306282
v 0.12657929956912994 0.04918390139937401 -0.03252078965306282
v 0.11944784224033356 0.04899999871850014 -0.03269023820757866
v 0.12509244680404663 0.05351603776216507 -0.02464030496776104
v 0.12657929956912994 0.04918390139937401 -0.03252078965306282
v 0.12509244680404663 0.05351603776216507 -0.02464030496776104
v 0.12999999523162842 0.052033353596925735 -0.027812406420707703
v 0.12999999523162842 0.052033353596925735 -0.027812406420707703
v 0.12509244680404663 0.05351603776216507 -0.02464030496776104
v 0.12999999523162842 0.05411238595843315 -0.02351275645196438
v 0.12180652469396591 0.058299630880355835 -0.008870497345924377
v 0.12999999523162842 0.05858577415347099 -0.006979047320783138
v 0.12999999523162842 0.05678485706448555 -0.016014985740184784
v 0.12999999523162842 0.05889767035841942 0.0034733773209154606
v 0.12999999523162842 0.058985184878110886 0.001322119846008718
v 0.12002900242805481 0.059018902480602264 -0.0009817867539823055
v 0.12002900242805481 0.059018902480602264 -0.0009817867539823055
v 0.12999999523162842 0.058985184878110886 0.001322119846008718
v 0.12999999523162842 0.05900000035762787 1.2235605053017434e-13
v 0.12002900242805481 0.059018902480602264 -0.0009817867539823055
v 0.12999999523162842 0.05900000035762787 1.2235605053017434e-13
v 0.12999999523162842 0.05889767035841942 -0.0034733773209154606
v 0.12999999523162842 0.05678485706448555 0.016014985740184784
v 0.12999999523162842 0.05820417404174805 0.0096578449010849
v 0.11815952509641647 0.05859527736902237 0.006909525021910667
v 0.11815952509641647 0.05859527736902237 0.006909525021910667
v 0.12999999523162842 0.05820417404174805 0.0096578449010849
v 0.12999999523162842 0.05884762108325958 0.004239370580762625
v 0.12999999523162842 0.05618326738476753 0.018012233078479767
v 0.11619310081005096 0.05696658417582512 0.014803579077124596
v 0.11412825435400009 0.05411457270383835 0.022700417786836624
v 0.12999999523162842 0.04900002107024193 0.03286333009600639
v 0.12999999523162842 0.052033353596925735 0.027812406420707703
v 0.1212005540728569 0.04899999871850014 0.03265606239438057
v 0.1212005540728569 0.04899999871850014 0.03265606239438057
v 0.12999999523162842 0.052033353596925735 0.027812406420707703
v 0.12335655838251114 0.05337861552834511 0.0248470026999712
v 0.1212005540728569 0.04899999871850014 0.03265606239438057
v 0.12335655838251114 0.05337861552834511 0.0248470026999712
v 0.12051460891962051 0.04899999871850014 0.032637786120176315
v 0.10348289459943771 0.04899999871850014 0.03211609646677971
v 0.11147758364677429 0.04899999871850014 0.03237485885620117
v 0.11196723580360413 0.050067294389009476 0.03059997782111168
v 0.11196723580360413 0.050067294389009476 0.03059997782111168
v 0.11147758364677429 0.04899999871850014 0.03237485885620117
v 0.12051460891962051 0.04899999871850014 0.032637786120176315
v 0.11196723580360413 0.050067294389009476 0.03059997782111168
v 0.12051460891962051 0.04899999871850014 0.032637786120176315
v 0.11412825435400009 0.05411457270383835 0.022700417786836624
v 0.11412825435400009 0.05411457270383835 0.022700417786836624
v 0.12051460891962051 0.04899999871850014 0.032637786120176315
v 0.12335655838251114 0.05337861552834511 0.0248470026999712
v 0.11412825435400009 0.05411457270383835 0.022700417786836624
v 0.12335655838251114 0.05337861552834511 0.0248470026999712
v 0.12999999523162842 0.05618326738476753 0.018012233078479767
v 0.12999999523162842 0.05618326738476753 0.018012233078479767
v 0.12335655838251114 0.05337861552834511 0.0248470026999712
v 0.12999999523162842 0.05276552587747574 0.02639695629477501
v 0.08025142550468445 0.04899999871850014 0.03203630819916725
v 0.08359630405902863 0.04899999871850014 0.03175117075443268
v 0.08432711660861969 0.052832044661045074 0.024158958345651627
v 0.08432711660861969 0.052832044661045074 0.024158958345651627
v 0.08359630405902863 0.04899999871850014 0.03175117075443268
v 0.09092006832361221 0.04899999871850014 0.03169960528612137
v 0.08432711660861969 0.052832044661045074 0.024158958345651627
v 0.09092006832361221 0.04899999871850014 0.03169960528612137
v 0.09353582561016083 0.051852498203516006 0.026306096464395523
v 0.05951438844203949 0.049000006169080734 0.038494355976581573
v 0.06430251151323318 0.04899999871850014 0.03623451665043831
v 0.06183939054608345 0.049825362861156464 0.035656679421663284
v 0.06183939054608345 0.049825362861156464 0.035656679421663284
v 0.06430251151323318 0.04899999871850014 0.03623451665043831
v 0.0696260929107666 0.04899999871850014 0.034294936805963516
v 0.06183939054608345 0.049825362861156464 0.035656679421663284
v 0.0696260929107666 0.04899999871850014 0.034294936805963516
v 0.06392981857061386 0.05299532786011696 0.027759116142988205
v 0.06392981857061386 0.05299532786011696 0.027759116142988205
v 0.0696260929107666 0.04899999871850014 0.034294936805963516
v 0.07303564995527267 0.05073700100183487 0.02990916557610035
v 0.06392981857061386 0.05299532786011696 0.027759116142988205
v 0.07303564995527267 0.05073700100183487 0.02990916557610035
v 0.07514972239732742 0.054200831800699234 0.022010933607816696
v 0.05272424966096878 0.04899999126791954 0.042664896696805954
v 0.050751879811286926 0.0502653643488884 0.04140111431479454
v 0.050151560455560684 0.049000099301338196 0.04458588361740112
v 0.050151560455560684 0.049000099301338196 0.04458588361740112
v 0.050751879811286926 0.0502653643488884 0.04140111431479454
v 0.049817364662885666 0.04900011420249939 0.04485076665878296
v 0.045688919723033905 0.04900011420249939 0.04844343289732933
v 0.0475190170109272 0.049000177532434464 0.04677489027380943
v 0.0442311055958271 0.04974803701043129 0.048220183700323105
v 0.0442311055958271 0.04974803701043129 0.048220183700323105
v 0.0475190170109272 0.049000177532434464 0.04677489027380943
v 0.04177291318774223 0.05410049110651016 0.03924747556447983
v 0.0442311055958271 0.04974803701043129 0.048220183700323105
v 0.04177291318774223 0.05410049110651016 0.03924747556447983
v 0.039776332676410675 0.05209704115986824 0.047142382711172104
v 0.04347507283091545 0.04899997264146805 0.050638843327760696
v 0.0442311055958271 0.04974803701043129 0.048220183700323105
v 0.04191960021853447 0.049000032246112823 0.05230693146586418
v 0.04191960021853447 0.049000032246112823 0.05230693146586418
v 0.0442311055958271 0.04974803701043129 0.048220183700323105
v 0.039776332676410675 0.05209704115986824 0.047142382711172104
v 0.04191960021853447 0.049000032246112823 0.05230693146586418
v 0.039776332676410675 0.05209704115986824 0.047142382711172104
v 0.03846144303679466 0.04900006577372551 0.05644218251109123
v 0.03464057296514511 0.048999808728694916 0.06186063960194588
v 0.03846144303679466 0.04900006577372551 0.05644218251109123
v 0.03530385345220566 0.05422595515847206 0.046065084636211395
v 0.030811529606580734 0.056108199059963226 0.044988345354795456
v 0.03057437390089035 0.05182834714651108 0.06027163192629814
v 0.03530385345220566 0.05422595515847206 0.046065084636211395
v 0.03530385345220566 0.05422595515847206 0.046065084636211395
v 0.03057437390089035 0.05182834714651108 0.06027163192629814
v 0.03251251205801964 0.0505407340824604 0.06103750690817833
v 0.03530385345220566 0.05422595515847206 0.046065084636211395
v 0.03251251205801964 0.0505407340824604 0.06103750690817833
v 0.03464057296514511 0.048999808728694916 0.06186063960194588
v 0.021766098216176033 0.05911723151803017 0.04283658787608147
v 0.019055597484111786 0.05757300928235054 0.05539202690124512
v 0.024766264483332634 0.055101823061704636 0.05788218975067139
v 0.019055597484111786 0.05757300928235054 0.05539202690124512
v 0.021766098216176033 0.05911723151803017 0.04283658787608147
v 0.012853840366005898 0.059523191303014755 0.05252574756741524
v 0.012853840366005898 0.059523191303014755 0.05252574756741524
v 0.021766098216176033 0.05911723151803017 0.04283658787608147
v 0.012639903463423252 0.061122406274080276 0.040687114000320435
v 0.012853840366005898 0.059523191303014755 0.05252574756741524
v 0.012639903463423252 0.061122406274080276 0.040687114000320435
v 0.010111287236213684 0.060162290930747986 0.05120300129055977
v 0.0034285197034478188 0.06206873059272766 0.03854005038738251
v 0.001445637084543705 0.06133785843849182 0.04679396003484726
v 0.006422922480851412 0.06081654503941536 0.04936947301030159
v -3.9721781419643776e-11 0.06280690431594849 0.028029026463627815
v -1.699901872598275e-07 0.06141315773129463 0.046023666858673096
v 0.001445637084543705 0.06133785843849182 0.04679396003484726
v 0.001445637084543705 0.06133785843849182 0.04679396003484726
v 0.0034285197034478188 0.06206873059272766 0.03854005038738251
v -3.9721781419643776e-11 0.06280690431594849 0.028029026463627815
v -3.9721781419643776e-11 0.06280690431594849 0.028029026463627815
v 0.0034285197034478188 0.06206873059272766 0.03854005038738251
v 0.007171539589762688 0.06296659260988235 0.022757312282919884
v -3.9721781419643776e-11 0.06280690431594849 0.028029026463627815
v 0.007171539589762688 0.06296659260988235 0.022757312282919884
v -3.3524183429278764e-11 0.06316829472780228 0.021098168566823006
v -3.3524183429278764e-11 0.06316829472780228 0.021098168566823006
v 0.007171539589762688 0.06296659260988235 0.022757312282919884
v 4.960931665465296e-11 0.06358572095632553 0.008337698876857758
v 4.960931665465296e-11 0.06358572095632553 0.008337698876857758
v 0.007171539589762688 0.06296659260988235 0.022757312282919884
v 0.010851472616195679 0.0630803182721138 0.006976359058171511
v 4.960931665465296e-11 0.06358572095632553 0.008337698876857758
v 0.010851472616195679 0.0630803182721138 0.006976359058171511
v 0.0016083389054983854 0.06363201886415482 0.004830194171518087
v 0.008805450983345509 0.05833921954035759 -0.06999999284744263
v 0.0034733775537461042 0.05889767408370972 -0.06999999284744263
v 0.008438053540885448 0.058644216507673264 -0.0683164894580841
v 0.008438053540885448 0.058644216507673264 -0.0683164894580841
v 0.0034733775537461042 0.05889767408370972 -0.06999999284744263
v 2.1332335897739085e-10 0.05900000408291817 -0.06999999284744263
v 0.008438053540885448 0.058644216507673264 -0.0683164894580841
v 2.1332335897739085e-10 0.05900000408291817 -0.06999999284744263
v 1.0244749493182326e-10 0.0593763142824173 -0.06708735972642899
v 0.008805450983345509 0.05833921954035759 -0.06999999284744263
v 0.008438053540885448 0.058644216507673264 -0.0683164894580841
v 0.016014987602829933 0.05678486078977585 -0.06999999284744263
v 0.016014987602829933 0.05678486078977585 -0.06999999284744263
v 0.008438053540885448 0.058644216507673264 -0.0683164894580841
v 0.01759439706802368 0.05701376497745514 -0.06616786867380142
v 0.016014987602829933 0.05678486078977585 -0.06999999284744263
v 0.01759439706802368 0.05701376497745514 -0.06616786867380142
v 0.0184092428535223 0.05605443939566612 -0.06999999284744263
v 0.02787165343761444 0.052001647651195526 -0.06999998539686203
v 0.027456266805529594 0.052746184170246124 -0.06795842200517654
v 0.032863304018974304 0.04900001734495163 -0.06999998539686203
v 0.035612646490335464 0.050093188881874084 -0.06186230108141899
v 0.032863304018974304 0.04900001734495163 -0.06999998539686203
v 0.03114214912056923 0.05224674195051193 -0.06293965876102448
v 0.03114214912056923 0.05224674195051193 -0.06293965876102448
v 0.032863304018974304 0.04900001734495163 -0.06999998539686203
v 0.027456266805529594 0.052746184170246124 -0.06795842200517654
v 0.03114214912056923 0.05224674195051193 -0.06293965876102448
v 0.027456266805529594 0.052746184170246124 -0.06795842200517654
v 0.026649968698620796 0.05413079634308815 -0.06401640176773071
v 0.12999999523162842 0.05884762108325958 0.004239370580762625
v 0.12999999523162842 0.05889767035841942 0.0034733773209154606
v 0.11815952509641647 0.05859527736902237 0.006909525021910667
v 0.11815952509641647 0.05859527736902237 0.006909525021910667
v 0.12999999523162842 0.05889767035841942 0.0034733773209154606
v 0.12002900242805481 0.059018902480602264 -0.0009817867539823055
v 0.11815952509641647 0.05859527736902237 0.006909525021910667
v 0.12002900242805481 0.059018902480602264 -0.0009817867539823055
v 0.10055394470691681 0.059238675981760025 -0.0013269315240904689
v 0.10055394470691681 0.059238675981760025 -0.0013269315240904689
v 0.12002900242805481 0.059018902480602264 -0.0009817867539823055
v 0.10144899785518646 0.05895718187093735 -0.005271464586257935
v 0.10055394470691681 0.059238675981760025 -0.0013269315240904689
v 0.10144899785518646 0.05895718187093735 -0.005271464586257935
v 0.08285534381866455 0.058725886046886444 -0.009560756385326385
v 0.12999999523162842 0.05411238595843315 -0.02351275645196438
v 0.12509244680404663 0.05351603776216507 -0.02464030496776104
v 0.1234956607222557 0.056481730192899704 -0.016756707802414894
v 0.1234956607222557 0.056481730192899704 -0.016756707802414894
v 0.12509244680404663 0.05351603776216507 -0.02464030496776104
v 0.10631924867630005 0.05105309560894966 -0.028924517333507538
v 0.1234956607222557 0.056481730192899704 -0.016756707802414894
v 0.10631924867630005 0.05105309560894966 -0.028924517333507538
v 0.10478214174509048 0.054760582745075226 -0.021042607724666595
v 0.10478214174509048 0.054760582745075226 -0.021042607724666595
v 0.10631924867630005 0.05105309560894966 -0.028924517333507538
v 0.09187287092208862 0.04899999499320984 -0.032164253294467926
v 0.10478214174509048 0.054760582745075226 -0.021042607724666595
v 0.09187287092208862 0.04899999499320984 -0.032164253294467926
v 0.08605112880468369 0.05282192677259445 -0.02532801404595375
v 0.08605112880468369 0.05282192677259445 -0.02532801404595375
v 0.09187287092208862 0.04899999499320984 -0.032164253294467926
v 0.08788903057575226 0.04899999499320984 -0.032217226922512054
v 0.08605112880468369 0.05282192677259445 -0.02532801404595375
v 0.08788903057575226 0.04899999499320984 -0.032217226922512054
v 0.08736274391412735 0.04899999499320984 -0.0322398841381073
v 0.12999999523162842 0.05618326738476753 0.018012233078479767
v 0.12999999523162842 0.05678485706448555 0.016014985740184784
v 0.11619310081005096 0.05696658417582512 0.014803579077124596
v 0.11619310081005096 0.05696658417582512 0.014803579077124596
v 0.12999999523162842 0.05678485706448555 0.016014985740184784
v 0.11815952509641647 0.05859527736902237 0.006909525021910667
v 0.11619310081005096 0.05696658417582512 0.014803579077124596
v 0.11815952509641647 0.05859527736902237 0.006909525021910667
v 0.09963037073612213 0.05916555970907211 0.0026184087619185448
v 0.09963037073612213 0.05916555970907211 0.0026184087619185448
v 0.11815952509641647 0.05859527736902237 0.006909525021910667
v 0.10055394470691681 0.059238675981760025 -0.0013269315240904689
v 0.09963037073612213 0.05916555970907211 0.0026184087619185448
v 0.10055394470691681 0.059238675981760025 -0.0013269315240904689
v 0.08199208974838257 0.059402573853731155 -0.005617122631520033
v 0.08199208974838257 0.059402573853731155 -0.005617122631520033
v 0.10055394470691681 0.059238675981760025 -0.0013269315240904689
v 0.08285534381866455 0.058725886046886444 -0.009560756385326385
v 0.0751923993229866 0.05610552430152893 -0.019590048119425774
v 0.08285534381866455 0.058725886046886444 -0.009560756385326385
v 0.08449878543615341 0.05634007230401039 -0.017445674166083336
v 0.08449878543615341 0.05634007230401039 -0.017445674166083336
v 0.08285534381866455 0.058725886046886444 -0.009560756385326385
v 0.10144899785518646 0.05895718187093735 -0.005271464586257935
v 0.08449878543615341 0.05634007230401039 -0.017445674166083336
v 0.10144899785518646 0.05895718187093735 -0.005271464586257935
v 0.10316086560487747 0.05742192640900612 -0.013158317655324936
v 0.10316086560487747 0.05742192640900612 -0.013158317655324936
v 0.10144899785518646 0.05895718187093735 -0.005271464586257935
v 0.12002900242805481 0.059018902480602264 -0.0009817867539823055
v 0.10316086560487747 0.05742192640900612 -0.013158317655324936
v 0.12002900242805481 0.059018902480602264 -0.0009817867539823055
v 0.12180652469396591 0.058299630880355835 -0.008870497345924377
v 0.12180652469396591 0.058299630880355835 -0.008870497345924377
v 0.12002900242805481 0.059018902480602264 -0.0009817867539823055
v 0.12999999523162842 0.05889767035841942 -0.0034733773209154606
v 0.12180652469396591 0.058299630880355835 -0.008870497345924377
v 0.12999999523162842 0.05889767035841942 -0.0034733773209154606
v 0.12999999523162842 0.05858577415347099 -0.006979047320783138
v 0.049079250544309616 0.055036865174770355 -0.033912692219018936
v 0.04746813327074051 0.05782444775104523 -0.026028688997030258
v 0.05825057625770569 0.05359262973070145 -0.031764496117830276
v 0.05825057625770569 0.05359262973070145 -0.031764496117830276
v 0.04746813327074051 0.05782444775104523 -0.026028688997030258
v 0.0566791370511055 0.05687341466546059 -0.023881614208221436
v 0.05825057625770569 0.05359262973070145 -0.031764496117830276
v 0.0566791370511055 0.05687341466546059 -0.023881614208221436
v 0.06746482104063034 0.052681826055049896 -0.029617512598633766
v 0.00708236638456583 0.06323244422674179 -0.018839938566088676
v 0.025561081245541573 0.06203518435359001 -0.014547395519912243
v 0.018125107511878014 0.06223598122596741 -0.024583108723163605
v 0.018125107511878014 0.06223598122596741 -0.024583108723163605
v 0.025561081245541573 0.06203518435359001 -0.014547395519912243
v 0.027345284819602966 0.061398945748806 -0.022436294704675674
v 0.018125107511878014 0.06223598122596741 -0.024583108723163605
v 0.027345284819602966 0.061398945748806 -0.022436294704675674
v 0.029091384261846542 0.060289084911346436 -0.030324116349220276
v 0.03993455320596695 0.05681202933192253 -0.036061640828847885
v 0.030794834718108177 0.058649130165576935 -0.038210730999708176
v 0.029091384261846542 0.060289084911346436 -0.030324116349220276
v 0.029091384261846542 0.060289084911346436 -0.030324116349220276
v 0.030794834718108177 0.058649130165576935 -0.038210730999708176
v 0.01989641599357128 0.06143946200609207 -0.03247164562344551
v 0.029091384261846542 0.060289084911346436 -0.030324116349220276
v 0.01989641599357128 0.06143946200609207 -0.03247164562344551
v 0.018125107511878014 0.06223598122596741 -0.024583108723163605
v 0.018125107511878014 0.06223598122596741 -0.024583108723163605
v 0.01989641599357128 0.06143946200609207 -0.03247164562344551
v 0.008886315859854221 0.06284163892269135 -0.026729397475719452
v 0.018125107511878014 0.06223598122596741 -0.024583108723163605
v 0.008886315859854221 0.06284163892269135 -0.026729397475719452
v 0.00708236638456583 0.06323244422674179 -0.018839938566088676
v 0.049079250544309616 0.055036865174770355 -0.033912692219018936
v 0.03993455320596695 0.05681202933192253 -0.036061640828847885
v 0.04746813327074051 0.05782444775104523 -0.026028688997030258
v 0.04746813327074051 0.05782444775104523 -0.026028688997030258
v 0.03993455320596695 0.05681202933192253 -0.036061640828847885
v 0.029091384261846542 0.060289084911346436 -0.030324116349220276
v 0.04746813327074051 0.05782444775104523 -0.026028688997030258
v 0.029091384261846542 0.060289084911346436 -0.030324116349220276
v 0.04578961431980133 0.05977429449558258 -0.018142778426408768
v 0.04578961431980133 0.05977429449558258 -0.018142778426408768
v 0.029091384261846542 0.060289084911346436 -0.030324116349220276
v 0.027345284819602966 0.061398945748806 -0.022436294704675674
v 0.04578961431980133 0.05977429449558258 -0.018142778426408768
v 0.027345284819602966 0.061398945748806 -0.022436294704675674
v 0.04404469579458237 0.0608987994492054 -0.010254991240799427
v 0.04404469579458237 0.0608987994492054 -0.010254991240799427
v 0.027345284819602966 0.061398945748806 -0.022436294704675674
v 0.025561081245541573 0.06203518435359001 -0.014547395519912243
v 0.04404469579458237 0.0608987994492054 -0.010254991240799427
v 0.025561081245541573 0.06203518435359001 -0.014547395519912243
v 0.04223846644163132 0.06126129627227783 -0.0023654685355722904
v 0.04223846644163132 0.06126129627227783 -0.0023654685355722904
v 0.025561081245541573 0.06203518435359001 -0.014547395519912243
v 0.023746712133288383 0.06229648366570473 -0.006657642778009176
v 0.04223846644163132 0.06126129627227783 -0.0023654685355722904
v 0.023746712133288383 0.06229648366570473 -0.006657642778009176
v 0.040383342653512955 0.06101600453257561 0.00552543718367815
v 0.07784877717494965 0.04899999126791954 -0.0334637351334095
v 0.07248515635728836 0.04899999126791954 -0.0348467156291008
v 0.06746482104063034 0.052681826055049896 -0.029617512598633766
v 0.06746482104063034 0.052681826055049896 -0.029617512598633766
v 0.07248515635728836 0.04899999126791954 -0.0348467156291008
v 0.06632724404335022 0.04899999126791954 -0.03707583248615265
v 0.06746482104063034 0.052681826055049896 -0.029617512598633766
v 0.06632724404335022 0.04899999126791954 -0.03707583248615265
v 0.05825057625770569 0.05359262973070145 -0.031764496117830276
v 0.05825057625770569 0.05359262973070145 -0.031764496117830276
v 0.06632724404335022 0.04899999126791954 -0.03707583248615265
v 0.05974668636918068 0.04937553405761719 -0.0396452434360981
v 0.05825057625770569 0.05359262973070145 -0.031764496117830276
v 0.05974668636918068 0.04937553405761719 -0.0396452434360981
v 0.049079250544309616 0.055036865174770355 -0.033912692219018936
v 0.049079250544309616 0.055036865174770355 -0.033912692219018936
v 0.05974668636918068 0.04937553405761719 -0.0396452434360981
v 0.050620049238204956 0.051375243812799454 -0.041794706135988235
v 0.049079250544309616 0.055036865174770355 -0.033912692219018936
v 0.050620049238204956 0.051375243812799454 -0.041794706135988235
v 0.03993455320596695 0.05681202933192253 -0.036061640828847885
v 0.03993455320596695 0.05681202933192253 -0.036061640828847885
v 0.050620049238204956 0.051375243812799454 -0.041794706135988235
v 0.04153279960155487 0.053864482790231705 -0.043945278972387314
v 0.03993455320596695 0.05681202933192253 -0.036061640828847885
v 0.04153279960155487 0.053864482790231705 -0.043945278972387314
v 0.030794834718108177 0.058649130165576935 -0.038210730999708176
v 0.043063681572675705 0.050079599022865295 -0.05182701349258423
v 0.034058719873428345 0.053591616451740265 -0.053979914635419846
v 0.03245193138718605 0.056433044373989105 -0.04609603434801102
v 0.03245193138718605 0.056433044373989105 -0.04609603434801102
v 0.034058719873428345 0.053591616451740265 -0.053979914635419846
v 0.02334381826221943 0.05866296589374542 -0.04824601858854294
v 0.03245193138718605 0.056433044373989105 -0.04609603434801102
v 0.02334381826221943 0.05866296589374542 -0.04824601858854294
v 0.02163703180849552 0.06026143580675125 -0.04035931080579758
v 0.02163703180849552 0.06026143580675125 -0.04035931080579758
v 0.02334381826221943 0.05866296589374542 -0.04824601858854294
v 0.012440389953553677 0.061391010880470276 -0.04250679165124893
v 0.02163703180849552 0.06026143580675125 -0.04035931080579758
v 0.012440389953553677 0.061391010880470276 -0.04250679165124893
v 0.010673483833670616 0.06224224343895912 -0.03461838141083717
v 0.010673483833670616 0.06224224343895912 -0.03461838141083717
v 0.012440389953553677 0.061391010880470276 -0.04250679165124893
v 0.003187486669048667 0.06182127818465233 -0.044652678072452545
v 0.010673483833670616 0.06224224343895912 -0.03461838141083717
v 0.003187486669048667 0.06182127818465233 -0.044652678072452545
v 1.8372792176535313e-10 0.06293460726737976 -0.029184840619564056
v 1.8372792176535313e-10 0.06293460726737976 -0.029184840619564056
v 0.003187486669048667 0.06182127818465233 -0.044652678072452545
v -6.178035860671116e-11 0.061568841338157654 -0.04773992672562599
v 1.0843748121658336e-10 0.06002308055758476 -0.06197674572467804
v 0.00495572667568922 0.06098662316799164 -0.05254112556576729
v 0.006706406828016043 0.05993370711803436 -0.060429077595472336
v 0.006706406828016043 0.05993370711803436 -0.060429077595472336
v 0.00495572667568922 0.06098662316799164 -0.05254112556576729
v 0.014183953404426575 0.06024963781237602 -0.050394538789987564
v 0.006706406828016043 0.05993370711803436 -0.060429077595472336
v 0.014183953404426575 0.06024963781237602 -0.050394538789987564
v 0.015901893377304077 0.05878978595137596 -0.058281563222408295
v 0.015901893377304077 0.05878978595137596 -0.058281563222408295
v 0.014183953404426575 0.06024963781237602 -0.050394538789987564
v 0.025014597922563553 0.056616928428411484 -0.05613170936703682
v 0.034058719873428345 0.053591616451740265 -0.053979914635419846
v 0.025014597922563553 0.056616928428411484 -0.05613170936703682
v 0.02334381826221943 0.05866296589374542 -0.04824601858854294
v 0.02334381826221943 0.05866296589374542 -0.04824601858854294
v 0.025014597922563553 0.056616928428411484 -0.05613170936703682
v 0.014183953404426575 0.06024963781237602 -0.050394538789987564
v 0.02334381826221943 0.05866296589374542 -0.04824601858854294
v 0.014183953404426575 0.06024963781237602 -0.050394538789987564
v 0.012440389953553677 0.061391010880470276 -0.04250679165124893
v 0.012440389953553677 0.061391010880470276 -0.04250679165124893
v 0.014183953404426575 0.06024963781237602 -0.050394538789987564
v 0.00495572667568922 0.06098662316799164 -0.05254112556576729
v 0.012440389953553677 0.061391010880470276 -0.04250679165124893
v 0.00495572667568922 0.06098662316799164 -0.05254112556576729
v 0.003187486669048667 0.06182127818465233 -0.044652678072452545
v 0.003187486669048667 0.06182127818465233 -0.044652678072452545
v 0.00495572667568922 0.06098662316799164 -0.05254112556576729
v 1.0843748121658336e-10 0.06002308055758476 -0.06197674572467804
v 0.003187486669048667 0.06182127818465233 -0.044652678072452545
v 1.0843748121658336e-10 0.06002308055758476 -0.06197674572467804
v -6.178035860671116e-11 0.061568841338157654 -0.04773992672562599
v 0.027812408283352852 0.052033357322216034 -0.06999999284744263
v 0.0184092428535223 0.05605443939566612 -0.06999999284744263
v 0.027456266805529594 0.052746184170246124 -0.06795842200517654
v 0.027456266805529594 0.052746184170246124 -0.06795842200517654
v 0.0184092428535223 0.05605443939566612 -0.06999999284744263
v 0.01759439706802368 0.05701376497745514 -0.06616786867380142
v 0.027456266805529594 0.052746184170246124 -0.06795842200517654
v 0.01759439706802368 0.05701376497745514 -0.06616786867380142
v 0.026649968698620796 0.05413079634308815 -0.06401640176773071
v 0.026649968698620796 0.05413079634308815 -0.06401640176773071
v 0.01759439706802368 0.05701376497745514 -0.06616786867380142
v 0.02583645097911358 0.05542566254734993 -0.06007417291402817
v 0.026649968698620796 0.05413079634308815 -0.06401640176773071
v 0.02583645097911358 0.05542566254734993 -0.06007417291402817
v 0.03114214912056923 0.05224674195051193 -0.06293965876102448
v 0.03114214912056923 0.05224674195051193 -0.06293965876102448
v 0.02583645097911358 0.05542566254734993 -0.06007417291402817
v 0.03484228998422623 0.051924511790275574 -0.05792129412293434
v 0.03114214912056923 0.05224674195051193 -0.06293965876102448
v 0.03484228998422623 0.051924511790275574 -0.05792129412293434
v 0.035612646490335464 0.050093188881874084 -0.06186230108141899
v 0.035612646490335464 0.050093188881874084 -0.06186230108141899
v 0.03484228998422623 0.051924511790275574 -0.05792129412293434
v 0.04018285498023033 0.048999983817338943 -0.05781460180878639
v 0.035612646490335464 0.050093188881874084 -0.06186230108141899
v 0.04018285498023033 0.048999983817338943 -0.05781460180878639
v 0.03647927939891815 0.048999983817338943 -0.06332650780677795
v 0.04465917870402336 0.04899998754262924 -0.05240204185247421
v 0.04018285498023033 0.048999983817338943 -0.05781460180878639
v 0.043063681572675705 0.050079599022865295 -0.05182701349258423
v 0.043063681572675705 0.050079599022865295 -0.05182701349258423
v 0.04018285498023033 0.048999983817338943 -0.05781460180878639
v 0.03484228998422623 0.051924511790275574 -0.05792129412293434
v 0.043063681572675705 0.050079599022865295 -0.05182701349258423
v 0.03484228998422623 0.051924511790275574 -0.05792129412293434
v 0.034058719873428345 0.053591616451740265 -0.053979914635419846
v 0.034058719873428345 0.053591616451740265 -0.053979914635419846
v 0.03484228998422623 0.051924511790275574 -0.05792129412293434
v 0.02583645097911358 0.05542566254734993 -0.06007417291402817
v 0.034058719873428345 0.053591616451740265 -0.053979914635419846
v 0.02583645097911358 0.05542566254734993 -0.06007417291402817
v 0.025014597922563553 0.056616928428411484 -0.05613170936703682
v 0.025014597922563553 0.056616928428411484 -0.05613170936703682
v 0.02583645097911358 0.05542566254734993 -0.06007417291402817
v 0.01759439706802368 0.05701376497745514 -0.06616786867380142
v 0.025014597922563553 0.056616928428411484 -0.05613170936703682
v 0.01759439706802368 0.05701376497745514 -0.06616786867380142
v 0.015901893377304077 0.05878978595137596 -0.058281563222408295
v 0.015901893377304077 0.05878978595137596 -0.058281563222408295
v 0.01759439706802368 0.05701376497745514 -0.06616786867380142
v 0.008438053540885448 0.058644216507673264 -0.0683164894580841
v 0.015901893377304077 0.05878978595137596 -0.058281563222408295
v 0.008438053540885448 0.058644216507673264 -0.0683164894580841
v 0.006706406828016043 0.05993370711803436 -0.060429077595472336
v 0.006706406828016043 0.05993370711803436 -0.060429077595472336
v 0.008438053540885448 0.058644216507673264 -0.0683164894580841
v 1.0244749493182326e-10 0.0593763142824173 -0.06708735972642899
v 0.006706406828016043 0.05993370711803436 -0.060429077595472336
v 1.0244749493182326e-10 0.0593763142824173 -0.06708735972642899
v 1.0843748121658336e-10 0.06002308055758476 -0.06197674572467804
v 0.02555285394191742 0.06055870279669762 0.027052611112594604
v 0.0327485129237175 0.05737093463540077 0.037095122039318085
v 0.034675054252147675 0.05850387364625931 0.02920219674706459
v 0.034675054252147675 0.05850387364625931 0.02920219674706459
v 0.0327485129237175 0.05737093463540077 0.037095122039318085
v 0.04177291318774223 0.05410049110651016 0.03924747556447983
v 0.060733918100595474 0.060272034257650375 0.0019266013987362385
v 0.049606338143348694 0.06021400913596153 0.007672172039747238
v 0.058818187564611435 0.05927346274256706 0.009819221682846546
v 0.058818187564611435 0.05927346274256706 0.009819221682846546
v 0.049606338143348694 0.06021400913596153 0.007672172039747238
v 0.04767867922782898 0.05906718969345093 0.015565129928290844
v 0.058818187564611435 0.05927346274256706 0.009819221682846546
v 0.04767867922782898 0.05906718969345093 0.015565129928290844
v 0.05684254691004753 0.05753026902675629 0.01771353743970394
v 0.05684254691004753 0.05753026902675629 0.01771353743970394
v 0.04767867922782898 0.05906718969345093 0.015565129928290844
v 0.054833151400089264 0.05536748468875885 0.025608807802200317
v 0.05272424966096878 0.04899999126791954 0.042664896696805954
v 0.05951438844203949 0.049000006169080734 0.038494355976581573
v 0.050751879811286926 0.0502653643488884 0.04140111431479454
v 0.050751879811286926 0.0502653643488884 0.04140111431479454
v 0.05951438844203949 0.049000006169080734 0.038494355976581573
v 0.05280318856239319 0.05294908583164215 0.033504657447338104
v 0.050751879811286926 0.0502653643488884 0.04140111431479454
v 0.05280318856239319 0.05294908583164215 0.033504657447338104
v 0.04375538229942322 0.05592857301235199 0.03135296702384949
v 0.04375538229942322 0.05592857301235199 0.03135296702384949
v 0.05280318856239319 0.05294908583164215 0.033504657447338104
v 0.04572464898228645 0.057592593133449554 0.023458832874894142
v 0.04375538229942322 0.05592857301235199 0.03135296702384949
v 0.04572464898228645 0.057592593133449554 0.023458832874894142
v 0.03659125044941902 0.059508226811885834 0.021309563890099525
v 0.03659125044941902 0.059508226811885834 0.021309563890099525
v 0.04572464898228645 0.057592593133449554 0.023458832874894142
v 0.038496233522892 0.060373179614543915 0.01341724768280983
v 0.03659125044941902 0.059508226811885834 0.021309563890099525
v 0.038496233522892 0.060373179614543915 0.01341724768280983
v 0.02929493971168995 0.061444953083992004 0.01126989908516407
v 0.02929493971168995 0.061444953083992004 0.01126989908516407
v 0.038496233522892 0.060373179614543915 0.01341724768280983
v 0.040383342653512955 0.06101600453257561 0.00552543718367815
v 0.02929493971168995 0.061444953083992004 0.01126989908516407
v 0.02555285394191742 0.06055870279669762 0.027052611112594604
v 0.03659125044941902 0.059508226811885834 0.021309563890099525
v 0.03659125044941902 0.059508226811885834 0.021309563890099525
v 0.02555285394191742 0.06055870279669762 0.027052611112594604
v 0.034675054252147675 0.05850387364625931 0.02920219674706459
v 0.03659125044941902 0.059508226811885834 0.021309563890099525
v 0.034675054252147675 0.05850387364625931 0.02920219674706459
v 0.04375538229942322 0.05592857301235199 0.03135296702384949
v 0.04375538229942322 0.05592857301235199 0.03135296702384949
v 0.034675054252147675 0.05850387364625931 0.02920219674706459
v 0.04177291318774223 0.05410049110651016 0.03924747556447983
v 0.04375538229942322 0.05592857301235199 0.03135296702384949
v 0.04177291318774223 0.05410049110651016 0.03924747556447983
v 0.050751879811286926 0.0502653643488884 0.04140111431479454
v 0.050751879811286926 0.0502653643488884 0.04140111431479454
v 0.04177291318774223 0.05410049110651016 0.03924747556447983
v 0.0475190170109272 0.049000177532434464 0.04677489027380943
v 0.050751879811286926 0.0502653643488884 0.04140111431479454
v 0.0475190170109272 0.049000177532434464 0.04677489027380943
v 0.049817364662885666 0.04900011420249939 0.04485076665878296
v 0.05280318856239319 0.05294908583164215 0.033504657447338104
v 0.054833151400089264 0.05536748468875885 0.025608807802200317
v 0.04572464898228645 0.057592593133449554 0.023458832874894142
v 0.04572464898228645 0.057592593133449554 0.023458832874894142
v 0.054833151400089264 0.05536748468875885 0.025608807802200317
v 0.04767867922782898 0.05906718969345093 0.015565129928290844
v 0.04572464898228645 0.057592593133449554 0.023458832874894142
v 0.04767867922782898 0.05906718969345093 0.015565129928290844
v 0.038496233522892 0.060373179614543915 0.01341724768280983
v 0.038496233522892 0.060373179614543915 0.01341724768280983
v 0.04767867922782898 0.05906718969345093 0.015565129928290844
v 0.049606338143348694 0.06021400913596153 0.007672172039747238
v 0.038496233522892 0.060373179614543915 0.01341724768280983
v 0.049606338143348694 0.06021400913596153 0.007672172039747238
v 0.040383342653512955 0.06101600453257561 0.00552543718367815
v 0.040383342653512955 0.06101600453257561 0.00552543718367815
v 0.049606338143348694 0.06021400913596153 0.007672172039747238
v 0.060733918100595474 0.060272034257650375 0.0019266013987362385
v 0.040383342653512955 0.06101600453257561 0.00552543718367815
v 0.060733918100595474 0.060272034257650375 0.0019266013987362385
v 0.04223846644163132 0.06126129627227783 -0.0023654685355722904
v 0.04223846644163132 0.06126129627227783 -0.0023654685355722904
v 0.060733918100595474 0.060272034257650375 0.0019266013987362385
v 0.06166022643446922 0.06037910655140877 -0.0020188160706311464
v 0.04223846644163132 0.06126129627227783 -0.0023654685355722904
v 0.06166022643446922 0.06037910655140877 -0.0020188160706311464
v 0.04404469579458237 0.0608987994492054 -0.010254991240799427
v 0.016386255621910095 0.062061671167612076 0.0249042809009552
v 0.012639903463423252 0.061122406274080276 0.040687114000320435
v 0.023665593937039375 0.0599139966070652 0.03494442626833916
v 0.023665593937039375 0.0599139966070652 0.03494442626833916
v 0.012639903463423252 0.061122406274080276 0.040687114000320435
v 0.021766098216176033 0.05911723151803017 0.04283658787608147
v 0.023665593937039375 0.0599139966070652 0.03494442626833916
v 0.021766098216176033 0.05911723151803017 0.04283658787608147
v 0.030811529606580734 0.056108199059963226 0.044988345354795456
v 0.030811529606580734 0.056108199059963226 0.044988345354795456
v 0.021766098216176033 0.05911723151803017 0.04283658787608147
v 0.024766264483332634 0.055101823061704636 0.05788218975067139
v 0.030811529606580734 0.056108199059963226 0.044988345354795456
v 0.024766264483332634 0.055101823061704636 0.05788218975067139
v 0.03057437390089035 0.05182834714651108 0.06027163192629814
v 0.02007843181490898 0.06232759356498718 0.009122981689870358
v 0.021915001794695854 0.06234222277998924 0.001232600538060069
v 0.014507693238556385 0.06289930641651154 -0.00880392361432314
v 1.8372792176535313e-10 0.06293460726737976 -0.029184840619564056
v 2.0419910207181147e-10 0.06361191719770432 -0.010481229051947594
v 0.005265481304377317 0.06346247345209122 -0.010950114578008652
v 0.005265481304377317 0.06346247345209122 -0.010950114578008652
v 2.0419910207181147e-10 0.06361191719770432 -0.010481229051947594
v 0.0016083389054983854 0.06363201886415482 0.004830194171518087
v 0.005265481304377317 0.06346247345209122 -0.010950114578008652
v 0.0016083389054983854 0.06363201886415482 0.004830194171518087
v 0.014507693238556385 0.06289930641651154 -0.00880392361432314
v 0.014507693238556385 0.06289930641651154 -0.00880392361432314
v 0.0016083389054983854 0.06363201886415482 0.004830194171518087
v 0.010851472616195679 0.0630803182721138 0.006976359058171511
v 0.014507693238556385 0.06289930641651154 -0.00880392361432314
v 0.010851472616195679 0.0630803182721138 0.006976359058171511
v 0.02007843181490898 0.06232759356498718 0.009122981689870358
v 0.02007843181490898 0.06232759356498718 0.009122981689870358
v 0.010851472616195679 0.0630803182721138 0.006976359058171511
v 0.007171539589762688 0.06296659260988235 0.022757312282919884
v 0.02007843181490898 0.06232759356498718 0.009122981689870358
v 0.007171539589762688 0.06296659260988235 0.022757312282919884
v 0.016386255621910095 0.062061671167612076 0.0249042809009552
v 0.016386255621910095 0.062061671167612076 0.0249042809009552
v 0.007171539589762688 0.06296659260988235 0.022757312282919884
v 0.0034285197034478188 0.06206873059272766 0.03854005038738251
v 0.016386255621910095 0.062061671167612076 0.0249042809009552
v 0.0034285197034478188 0.06206873059272766 0.03854005038738251
v 0.012639903463423252 0.061122406274080276 0.040687114000320435
v 0.012639903463423252 0.061122406274080276 0.040687114000320435
v 0.0034285197034478188 0.06206873059272766 0.03854005038738251
v 0.006422922480851412 0.06081654503941536 0.04936947301030159
v 0.012639903463423252 0.061122406274080276 0.040687114000320435
v 0.006422922480851412 0.06081654503941536 0.04936947301030159
v 0.010111287236213684 0.060162290930747986 0.05120300129055977
v 0.03846144303679466 0.04900006577372551 0.05644218251109123
v 0.039776332676410675 0.05209704115986824 0.047142382711172104
v 0.03530385345220566 0.05422595515847206 0.046065084636211395
v 0.03530385345220566 0.05422595515847206 0.046065084636211395
v 0.039776332676410675 0.05209704115986824 0.047142382711172104
v 0.04177291318774223 0.05410049110651016 0.03924747556447983
v 0.03530385345220566 0.05422595515847206 0.046065084636211395
v 0.04177291318774223 0.05410049110651016 0.03924747556447983
v 0.030811529606580734 0.056108199059963226 0.044988345354795456
v 0.030811529606580734 0.056108199059963226 0.044988345354795456
v 0.04177291318774223 0.05410049110651016 0.03924747556447983
v 0.0327485129237175 0.05737093463540077 0.037095122039318085
v 0.030811529606580734 0.056108199059963226 0.044988345354795456
v 0.0327485129237175 0.05737093463540077 0.037095122039318085
v 0.023665593937039375 0.0599139966070652 0.03494442626833916
v 0.023665593937039375 0.0599139966070652 0.03494442626833916
v 0.0327485129237175 0.05737093463540077 0.037095122039318085
v 0.02555285394191742 0.06055870279669762 0.027052611112594604
v 0.023665593937039375 0.0599139966070652 0.03494442626833916
v 0.02555285394191742 0.06055870279669762 0.027052611112594604
v 0.016386255621910095 0.062061671167612076 0.0249042809009552
v 0.016386255621910095 0.062061671167612076 0.0249042809009552
v 0.02555285394191742 0.06055870279669762 0.027052611112594604
v 0.02929493971168995 0.061444953083992004 0.01126989908516407
v 0.016386255621910095 0.062061671167612076 0.0249042809009552
v 0.02929493971168995 0.061444953083992004 0.01126989908516407
v 0.02007843181490898 0.06232759356498718 0.009122981689870358
v 0.02007843181490898 0.06232759356498718 0.009122981689870358
v 0.02929493971168995 0.061444953083992004 0.01126989908516407
v 0.040383342653512955 0.06101600453257561 0.00552543718367815
v 0.02007843181490898 0.06232759356498718 0.009122981689870358
v 0.040383342653512955 0.06101600453257561 0.00552543718367815
v 0.021915001794695854 0.06234222277998924 0.001232600538060069
v 0.021915001794695854 0.06234222277998924 0.001232600538060069
v 0.040383342653512955 0.06101600453257561 0.00552543718367815
v 0.023746712133288383 0.06229648366570473 -0.006657642778009176
v 0.021915001794695854 0.06234222277998924 0.001232600538060069
v 0.023746712133288383 0.06229648366570473 -0.006657642778009176
v 0.014507693238556385 0.06289930641651154 -0.00880392361432314
v 0.014507693238556385 0.06289930641651154 -0.00880392361432314
v 0.023746712133288383 0.06229648366570473 -0.006657642778009176
v 0.025561081245541573 0.06203518435359001 -0.014547395519912243
v 0.014507693238556385 0.06289930641651154 -0.00880392361432314
v 0.025561081245541573 0.06203518435359001 -0.014547395519912243
v 0.005265481304377317 0.06346247345209122 -0.010950114578008652
v 0.005265481304377317 0.06346247345209122 -0.010950114578008652
v 0.025561081245541573 0.06203518435359001 -0.014547395519912243
v 0.00708236638456583 0.06323244422674179 -0.018839938566088676
v 0.005265481304377317 0.06346247345209122 -0.010950114578008652
v 0.00708236638456583 0.06323244422674179 -0.018839938566088676
v 1.8372792176535313e-10 0.06293460726737976 -0.029184840619564056
v 1.8372792176535313e-10 0.06293460726737976 -0.029184840619564056
v 0.00708236638456583 0.06323244422674179 -0.018839938566088676
v 0.008886315859854221 0.06284163892269135 -0.026729397475719452
v 1.8372792176535313e-10 0.06293460726737976 -0.029184840619564056
v 0.008886315859854221 0.06284163892269135 -0.026729397475719452
v 0.010673483833670616 0.06224224343895912 -0.03461838141083717
v 0.010673483833670616 0.06224224343895912 -0.03461838141083717
v 0.008886315859854221 0.06284163892269135 -0.026729397475719452
v 0.01989641599357128 0.06143946200609207 -0.03247164562344551
v 0.010673483833670616 0.06224224343895912 -0.03461838141083717
v 0.01989641599357128 0.06143946200609207 -0.03247164562344551
v 0.02163703180849552 0.06026143580675125 -0.04035931080579758
v 0.02163703180849552 0.06026143580675125 -0.04035931080579758
v 0.01989641599357128 0.06143946200609207 -0.03247164562344551
v 0.030794834718108177 0.058649130165576935 -0.038210730999708176
v 0.02163703180849552 0.06026143580675125 -0.04035931080579758
v 0.030794834718108177 0.058649130165576935 -0.038210730999708176
v 0.03245193138718605 0.056433044373989105 -0.04609603434801102
v 0.03245193138718605 0.056433044373989105 -0.04609603434801102
v 0.030794834718108177 0.058649130165576935 -0.038210730999708176
v 0.04153279960155487 0.053864482790231705 -0.043945278972387314
v 0.03245193138718605 0.056433044373989105 -0.04609603434801102
v 0.04153279960155487 0.053864482790231705 -0.043945278972387314
v 0.043063681572675705 0.050079599022865295 -0.05182701349258423
v 0.043063681572675705 0.050079599022865295 -0.05182701349258423
v 0.04153279960155487 0.053864482790231705 -0.043945278972387314
v 0.049551546573638916 0.04899998754262924 -0.04761894419789314
v 0.043063681572675705 0.050079599022865295 -0.05182701349258423
v 0.049551546573638916 0.04899998754262924 -0.04761894419789314
v 0.04465917870402336 0.04899998754262924 -0.05240204185247421
v 0.09353582561016083 0.051852498203516006 0.026306096464395523
v 0.09565681219100952 0.055402252823114395 0.0184076689183712
v 0.08432711660861969 0.052832044661045074 0.024158958345651627
v 0.08432711660861969 0.052832044661045074 0.024158958345651627
v 0.09565681219100952 0.055402252823114395 0.0184076689183712
v 0.07514972239732742 0.054200831800699234 0.022010933607816696
v 0.08432711660861969 0.052832044661045074 0.024158958345651627
v 0.07514972239732742 0.054200831800699234 0.022010933607816696
v 0.08025142550468445 0.04899999871850014 0.03203630819916725
v 0.08025142550468445 0.04899999871850014 0.03203630819916725
v 0.07514972239732742 0.054200831800699234 0.022010933607816696
v 0.07303564995527267 0.05073700100183487 0.02990916557610035
v 0.08025142550468445 0.04899999871850014 0.03203630819916725
v 0.07303564995527267 0.05073700100183487 0.02990916557610035
v 0.07701053470373154 0.04899999871850014 0.03250695765018463
v 0.07701053470373154 0.04899999871850014 0.03250695765018463
v 0.07303564995527267 0.05073700100183487 0.02990916557610035
v 0.0696260929107666 0.04899999871850014 0.034294936805963516
v 0.08017171919345856 0.0595891997218132 0.002272800076752901
v 0.06997619569301605 0.059709690511226654 0.004072790499776602
v 0.07921461015939713 0.05909934639930725 0.006219088565558195
v 0.07921461015939713 0.05909934639930725 0.006219088565558195
v 0.06997619569301605 0.059709690511226654 0.004072790499776602
v 0.06802041083574295 0.058213330805301666 0.011966544203460217
v 0.07921461015939713 0.05909934639930725 0.006219088565558195
v 0.06802041083574295 0.058213330805301666 0.011966544203460217
v 0.0772206038236618 0.057127825915813446 0.014113923534750938
v 0.06802041083574295 0.058213330805301666 0.011966544203460217
v 0.07514972239732742 0.054200831800699234 0.022010933607816696
v 0.0772206038236618 0.057127825915813446 0.014113923534750938
v 0.0772206038236618 0.057127825915813446 0.014113923534750938
v 0.07514972239732742 0.054200831800699234 0.022010933607816696
v 0.09565681219100952 0.055402252823114395 0.0184076689183712
v 0.0772206038236618 0.057127825915813446 0.014113923534750938
v 0.09565681219100952 0.055402252823114395 0.0184076689183712
v 0.07921461015939713 0.05909934639930725 0.006219088565558195
v 0.07921461015939713 0.05909934639930725 0.006219088565558195
v 0.09565681219100952 0.055402252823114395 0.0184076689183712
v 0.09769632667303085 0.05793938413262367 0.010511547327041626
v 0.07921461015939713 0.05909934639930725 0.006219088565558195
v 0.09769632667303085 0.05793938413262367 0.010511547327041626
v 0.08017171919345856 0.0595891997218132 0.002272800076752901
v 0.08017171919345856 0.0595891997218132 0.002272800076752901
v 0.09769632667303085 0.05793938413262367 0.010511547327041626
v 0.0986776053905487 0.05872968211770058 0.0065645743161439896
v 0.08017171919345856 0.0595891997218132 0.002272800076752901
v 0.0986776053905487 0.05872968211770058 0.0065645743161439896
v 0.08109787851572037 0.059694427996873856 -0.0016726133180782199
v 0.09092006832361221 0.04899999871850014 0.03169960528612137
v 0.10348289459943771 0.04899999871850014 0.03211609646677971
v 0.09353582561016083 0.051852498203516006 0.026306096464395523
v 0.09353582561016083 0.051852498203516006 0.026306096464395523
v 0.10348289459943771 0.04899999871850014 0.03211609646677971
v 0.11196723580360413 0.050067294389009476 0.03059997782111168
v 0.09353582561016083 0.051852498203516006 0.026306096464395523
v 0.11196723580360413 0.050067294389009476 0.03059997782111168
v 0.09565681219100952 0.055402252823114395 0.0184076689183712
v 0.09565681219100952 0.055402252823114395 0.0184076689183712
v 0.11196723580360413 0.050067294389009476 0.03059997782111168
v 0.11412825435400009 0.05411457270383835 0.022700417786836624
v 0.09565681219100952 0.055402252823114395 0.0184076689183712
v 0.11412825435400009 0.05411457270383835 0.022700417786836624
v 0.09769632667303085 0.05793938413262367 0.010511547327041626
v 0.09769632667303085 0.05793938413262367 0.010511547327041626
v 0.11412825435400009 0.05411457270383835 0.022700417786836624
v 0.11619310081005096 0.05696658417582512 0.014803579077124596
v 0.09769632667303085 0.05793938413262367 0.010511547327041626
v 0.11619310081005096 0.05696658417582512 0.014803579077124596
v 0.0986776053905487 0.05872968211770058 0.0065645743161439896
v 0.0986776053905487 0.05872968211770058 0.0065645743161439896
v 0.11619310081005096 0.05696658417582512 0.014803579077124596
v 0.09963037073612213 0.05916555970907211 0.0026184087619185448
v 0.0986776053905487 0.05872968211770058 0.0065645743161439896
v 0.09963037073612213 0.05916555970907211 0.0026184087619185448
v 0.08109787851572037 0.059694427996873856 -0.0016726133180782199
v 0.08109787851572037 0.059694427996873856 -0.0016726133180782199
v 0.09963037073612213 0.05916555970907211 0.0026184087619185448
v 0.08199208974838257 0.059402573853731155 -0.005617122631520033
v 0.08109787851572037 0.059694427996873856 -0.0016726133180782199
v 0.08199208974838257 0.059402573853731155 -0.005617122631520033
v 0.06343812495470047 0.05966445803642273 -0.009907537139952183
v 0.06343812495470047 0.05966445803642273 -0.009907537139952183
v 0.08199208974838257 0.059402573853731155 -0.005617122631520033
v 0.08285534381866455 0.058725886046886444 -0.009560756385326385
v 0.06343812495470047 0.05966445803642273 -0.009907537139952183
v 0.08285534381866455 0.058725886046886444 -0.009560756385326385
v 0.0735650509595871 0.05869137868285179 -0.011705586686730385
v 0.0735650509595871 0.05869137868285179 -0.011705586686730385
v 0.08285534381866455 0.058725886046886444 -0.009560756385326385
v 0.0751923993229866 0.05610552430152893 -0.019590048119425774
v 0.0735650509595871 0.05869137868285179 -0.011705586686730385
v 0.0751923993229866 0.05610552430152893 -0.019590048119425774
v 0.06591896712779999 0.056280624121427536 -0.021735357120633125
v 0.05951438844203949 0.049000006169080734 0.038494355976581573
v 0.06183939054608345 0.049825362861156464 0.035656679421663284
v 0.05280318856239319 0.05294908583164215 0.033504657447338104
v 0.05280318856239319 0.05294908583164215 0.033504657447338104
v 0.06183939054608345 0.049825362861156464 0.035656679421663284
v 0.06392981857061386 0.05299532786011696 0.027759116142988205
v 0.05280318856239319 0.05294908583164215 0.033504657447338104
v 0.06392981857061386 0.05299532786011696 0.027759116142988205
v 0.054833151400089264 0.05536748468875885 0.025608807802200317
v 0.054833151400089264 0.05536748468875885 0.025608807802200317
v 0.06392981857061386 0.05299532786011696 0.027759116142988205
v 0.07514972239732742 0.054200831800699234 0.022010933607816696
v 0.054833151400089264 0.05536748468875885 0.025608807802200317
v 0.07514972239732742 0.054200831800699234 0.022010933607816696
v 0.05684254691004753 0.05753026902675629 0.01771353743970394
v 0.05684254691004753 0.05753026902675629 0.01771353743970394
v 0.07514972239732742 0.054200831800699234 0.022010933607816696
v 0.06802041083574295 0.058213330805301666 0.011966544203460217
v 0.05684254691004753 0.05753026902675629 0.01771353743970394
v 0.06802041083574295 0.058213330805301666 0.011966544203460217
v 0.058818187564611435 0.05927346274256706 0.009819221682846546
v 0.058818187564611435 0.05927346274256706 0.009819221682846546
v 0.06802041083574295 0.058213330805301666 0.011966544203460217
v 0.06997619569301605 0.059709690511226654 0.004072790499776602
v 0.058818187564611435 0.05927346274256706 0.009819221682846546
v 0.06997619569301605 0.059709690511226654 0.004072790499776602
v 0.060733918100595474 0.060272034257650375 0.0019266013987362385
v 0.060733918100595474 0.060272034257650375 0.0019266013987362385
v 0.06997619569301605 0.059709690511226654 0.004072790499776602
v 0.08017171919345856 0.0595891997218132 0.002272800076752901
v 0.060733918100595474 0.060272034257650375 0.0019266013987362385
v 0.08017171919345856 0.0595891997218132 0.002272800076752901
v 0.06166022643446922 0.06037910655140877 -0.0020188160706311464
v 0.06166022643446922 0.06037910655140877 -0.0020188160706311464
v 0.08017171919345856 0.0595891997218132 0.002272800076752901
v 0.06256196647882462 0.06018078327178955 -0.005963538307696581
v 0.06166022643446922 0.06037910655140877 -0.0020188160706311464
v 0.06256196647882462 0.06018078327178955 -0.005963538307696581
v 0.04404469579458237 0.0608987994492054 -0.010254991240799427
v 0.04404469579458237 0.0608987994492054 -0.010254991240799427
v 0.06256196647882462 0.06018078327178955 -0.005963538307696581
v 0.06343812495470047 0.05966445803642273 -0.009907537139952183
v 0.04404469579458237 0.0608987994492054 -0.010254991240799427
v 0.06343812495470047 0.05966445803642273 -0.009907537139952183
v 0.04578961431980133 0.05977429449558258 -0.018142778426408768
v 0.04578961431980133 0.05977429449558258 -0.018142778426408768
v 0.06343812495470047 0.05966445803642273 -0.009907537139952183
v 0.06428887695074081 0.05883241817355156 -0.013850816525518894
v 0.04578961431980133 0.05977429449558258 -0.018142778426408768
v 0.06428887695074081 0.05883241817355156 -0.013850816525518894
v 0.0566791370511055 0.05687341466546059 -0.023881614208221436
v 0.0566791370511055 0.05687341466546059 -0.023881614208221436
v 0.06428887695074081 0.05883241817355156 -0.013850816525518894
v 0.06591896712779999 0.056280624121427536 -0.021735357120633125
v 0.0566791370511055 0.05687341466546059 -0.023881614208221436
v 0.06591896712779999 0.056280624121427536 -0.021735357120633125
v 0.06746482104063034 0.052681826055049896 -0.029617512598633766
v 0.06746482104063034 0.052681826055049896 -0.029617512598633766
v 0.06591896712779999 0.056280624121427536 -0.021735357120633125
v 0.0751923993229866 0.05610552430152893 -0.019590048119425774
v 0.06746482104063034 0.052681826055049896 -0.029617512598633766
v 0.0751923993229866 0.05610552430152893 -0.019590048119425774
v 0.07673073559999466 0.052413299679756165 -0.02747199311852455
v 0.07673073559999466 0.052413299679756165 -0.02747199311852455
v 0.0751923993229866 0.05610552430152893 -0.019590048119425774
v 0.08449878543615341 0.05634007230401039 -0.017445674166083336
v 0.07673073559999466 0.052413299679756165 -0.02747199311852455
v 0.08449878543615341 0.05634007230401039 -0.017445674166083336
v 0.08605112880468369 0.05282192677259445 -0.02532801404595375
v 0.08605112880468369 0.05282192677259445 -0.02532801404595375
v 0.08449878543615341 0.05634007230401039 -0.017445674166083336
v 0.10316086560487747 0.05742192640900612 -0.013158317655324936
v 0.08605112880468369 0.05282192677259445 -0.02532801404595375
v 0.10316086560487747 0.05742192640900612 -0.013158317655324936
v 0.10478214174509048 0.054760582745075226 -0.021042607724666595
v 0.10478214174509048 0.054760582745075226 -0.021042607724666595
v 0.10316086560487747 0.05742192640900612 -0.013158317655324936
v 0.12180652469396591 0.058299630880355835 -0.008870497345924377
v 0.10478214174509048 0.054760582745075226 -0.021042607724666595
v 0.12180652469396591 0.058299630880355835 -0.008870497345924377
v 0.1234956607222557 0.056481730192899704 -0.016756707802414894
v 0.1234956607222557 0.056481730192899704 -0.016756707802414894
v 0.12180652469396591 0.058299630880355835 -0.008870497345924377
v 0.12999999523162842 0.05678485706448555 -0.016014985740184784
v 0.1234956607222557 0.056481730192899704 -0.016756707802414894
v 0.12999999523162842 0.05678485706448555 -0.016014985740184784
v 0.12999999523162842 0.05411238595843315 -0.02351275645196438
v 0.057819198817014694 -0.0272050853818655 0.06086776778101921
v 0.05406247824430466 -0.027194786816835403 0.06566665321588516
v 0.05236770212650299 -0.032649267464876175 0.06279073655605316
v 0.08218357712030411 -0.010986377485096455 0.05770386755466461
v 0.07587195187807083 -0.010913878679275513 0.058055177330970764
v 0.07513494789600372 -0.016391677781939507 0.05684655159711838
v 0.10195057839155197 0.010758836753666401 0.05780108645558357
v 0.08887019008398056 0.010914962738752365 0.05770794302225113
v 0.08938449621200562 0.005406700074672699 0.05867759510874748
v 0.08887019008398056 0.010914962738752365 0.05770794302225113
v 0.10195057839155197 0.010758836753666401 0.05780108645558357
v 0.08802270889282227 0.016431337222456932 0.056158311665058136
v 0.10111858695745468 0.01627483405172825 0.05627841502428055
v 0.09993766993284225 0.021799325942993164 0.054148346185684204
v 0.08686035871505737 0.021955376490950584 0.05406055599451065
v 0.08686035871505737 0.021955376490950584 0.05406055599451065
v 0.09993766993284225 0.021799325942993164 0.054148346185684204
v 0.08537489920854568 0.02748728357255459 0.051400333642959595
v 0.05654264613986015 0.01720639318227768 0.0692823976278305
v 0.0555163137614727 0.02223149687051773 0.06752840429544449
v 0.05506938695907593 0.021627025678753853 0.06884196400642395
v 0.05528265982866287 -0.043000005185604095 0.04973634332418442
v 0.0571131631731987 -0.043000005185604095 0.04851507768034935
v 0.058999788016080856 -0.038144148886203766 0.05173304304480553
v 0.06414153426885605 -0.043000124394893646 0.04479505494236946
v 0.06728482991456985 -0.04300016164779663 0.04354313015937805
v 0.06927631795406342 -0.03823201730847359 0.0469452366232872
v 0.12999999523162842 -4.2914603326561456e-17 0.05900000035762787
v 0.12999999523162842 2.4964631393231684e-06 0.05900000035762787
v 0.115580253303051 -0.0004021461645606905 0.05899912863969803
v 0.115580253303051 -0.0004021461645606905 0.05899912863969803
v 0.12999999523162842 2.4964631393231684e-06 0.05900000035762787
v 0.1154787614941597 0.005096066743135452 0.058748096227645874
v 0.115580253303051 -0.0004021461645606905 0.05899912863969803
v 0.1154787614941597 0.005096066743135452 0.058748096227645874
v 0.10255368053913116 -0.0002473298809491098 0.05899965390563011
v 0.12999999523162842 -0.03560980036854744 0.04704191908240318
v 0.12999999523162842 -0.03346964716911316 0.04858788475394249
v 0.10908687114715576 -0.033218514174222946 0.04814152419567108
v 0.10908687114715576 -0.033218514174222946 0.04814152419567108
v 0.12999999523162842 -0.03346964716911316 0.04858788475394249
v 0.12999999523162842 -0.027998561039566994 0.051933422684669495
v 0.12999999523162842 -0.0429999865591526 0.04039803147315979
v 0.12999999523162842 -0.03893398120999336 0.04432995617389679
v 0.10094467550516129 -0.04300004988908768 0.03998050093650818
v 0.10094467550516129 -0.04300004988908768 0.03998050093650818
v 0.12999999523162842 -0.03893398120999336 0.04432995617389679
v 0.1066448912024498 -0.03865480422973633 0.04396486282348633
v 0.10094467550516129 -0.04300004988908768 0.03998050093650818
v 0.1066448912024498 -0.03865480422973633 0.04396486282348633
v 0.0936712771654129 -0.0430000014603138 0.039913278073072433
v 0.0936712771654129 -0.0430000014603138 0.039913278073072433
v 0.1066448912024498 -0.03865480422973633 0.04396486282348633
v 0.0935557410120964 -0.03849846497178078 0.04385647550225258
v 0.0936712771654129 -0.0430000014603138 0.039913278073072433
v 0.0935557410120964 -0.03849846497178078 0.04385647550225258
v 0.09124672412872314 -0.04299994185566902 0.03989579156041145
v 0.09124672412872314 -0.04299994185566902 0.03989579156041145
v 0.0935557410120964 -0.03849846497178078 0.04385647550225258
v 0.08711171895265579 -0.03842274472117424 0.043977320194244385
v 0.09124672412872314 -0.04299994185566902 0.03989579156041145
v 0.08711171895265579 -0.03842274472117424 0.043977320194244385
v 0.08516957610845566 -0.04300002381205559 0.04000762850046158
v 0.08516957610845566 -0.04300002381205559 0.04000762850046158
v 0.08711171895265579 -0.03842274472117424 0.043977320194244385
v 0.08157294988632202 -0.043000005185604095 0.04029736667871475
v 0.08157294988632202 -0.043000005185604095 0.04029736667871475
v 0.08711171895265579 -0.03842274472117424 0.043977320194244385
v 0.0808873251080513 -0.038352370262145996 0.04448048770427704
v 0.08157294988632202 -0.043000005185604095 0.04029736667871475
v 0.0808873251080513 -0.038352370262145996 0.04448048770427704
v 0.07866574823856354 -0.04300001263618469 0.04067350924015045
v 0.05445583909749985 -0.03811468556523323 0.055161528289318085
v 0.05250538885593414 -0.04300003498792648 0.05183366313576698
v 0.053588226437568665 -0.04300002008676529 0.050978709012269974
v 0.04741024225950241 -0.04300007224082947 0.056608960032463074
v 0.050350625067949295 -0.038095902651548386 0.05935376137495041
v 0.044966429471969604 -0.04300004988908768 0.059443239122629166
v 0.044966429471969604 -0.04300004988908768 0.059443239122629166
v 0.050350625067949295 -0.038095902651548386 0.05935376137495041
v 0.04670310765504837 -0.03808826580643654 0.06434275209903717
v 0.044966429471969604 -0.04300004988908768 0.059443239122629166
v 0.04670310765504837 -0.03808826580643654 0.06434275209903717
v 0.044321246445178986 -0.04300004243850708 0.06026546284556389
v 0.0554574579000473 -0.021733006462454796 0.06802068650722504
v 0.05373522266745567 -0.024888847023248672 0.06843563914299011
v 0.05406247824430466 -0.027194786816835403 0.06566665321588516
v 0.05406247824430466 -0.027194786816835403 0.06566665321588516
v 0.05373522266745567 -0.024888847023248672 0.06843563914299011
v 0.050867244601249695 -0.03055482544004917 0.06753882765769958
v 0.05406247824430466 -0.027194786816835403 0.06566665321588516
v 0.050867244601249695 -0.03055482544004917 0.06753882765769958
v 0.05236770212650299 -0.032649267464876175 0.06279073655605316
v 0.05236770212650299 -0.032649267464876175 0.06279073655605316
v 0.050867244601249695 -0.03055482544004917 0.06753882765769958
v 0.0474090576171875 -0.035923246294260025 0.06641572713851929
v 0.05654264613986015 0.01720639318227768 0.0692823976278305
v 0.057016823440790176 0.015487638302147388 0.0694226548075676
v 0.058228299021720886 0.0167103111743927 0.06665447354316711
v 0.058228299021720886 0.0167103111743927 0.06665447354316711
v 0.057016823440790176 0.015487638302147388 0.0694226548075676
v 0.058304980397224426 0.00921787042170763 0.06979924440383911
v 0.058228299021720886 0.0167103111743927 0.06665447354316711
v 0.058304980397224426 0.00921787042170763 0.06979924440383911
v 0.05893157795071602 0.011197447776794434 0.06795307993888855
v 0.05893157795071602 0.011197447776794434 0.06795307993888855
v 0.058304980397224426 0.00921787042170763 0.06979924440383911
v 0.05893421173095703 0.0028466125950217247 0.06998082995414734
v 0.05893157795071602 0.011197447776794434 0.06795307993888855
v 0.05893421173095703 0.0028466125950217247 0.06998082995414734
v 0.05935468152165413 0.0056914049200713634 0.06876396387815475
v 0.05935468152165413 0.0056914049200713634 0.06876396387815475
v 0.05893421173095703 0.0028466125950217247 0.06998082995414734
v 0.059000030159950256 -1.402734142175177e-07 0.06999997794628143
v 0.05935468152165413 0.0056914049200713634 0.06876396387815475
v 0.059000030159950256 -1.402734142175177e-07 0.06999997794628143
v 0.059493616223335266 0.00019228049495723099 0.0690801590681076
v 0.059493616223335266 0.00019228049495723099 0.0690801590681076
v 0.059000030159950256 -1.402734142175177e-07 0.06999997794628143
v 0.05866573005914688 -0.006403766106814146 0.06990320235490799
v 0.059493616223335266 0.00019228049495723099 0.0690801590681076
v 0.05866573005914688 -0.006403766106814146 0.06990320235490799
v 0.059334151446819305 -0.005299579352140427 0.06887690722942352
v 0.059334151446819305 -0.005299579352140427 0.06887690722942352
v 0.05866573005914688 -0.006403766106814146 0.06990320235490799
v 0.05766342952847481 -0.012748247012495995 0.06961274892091751
v 0.059334151446819305 -0.005299579352140427 0.06887690722942352
v 0.05766342952847481 -0.012748247012495995 0.06961274892091751
v 0.05888720229268074 -0.01078444067388773 0.06817320734262466
v 0.05888720229268074 -0.01078444067388773 0.06817320734262466
v 0.05766342952847481 -0.012748247012495995 0.06961274892091751
v 0.05680857598781586 -0.016266753897070885 0.0693611353635788
v 0.05888720229268074 -0.01078444067388773 0.06817320734262466
v 0.05680857598781586 -0.016266753897070885 0.0693611353635788
v 0.05815735086798668 -0.016262413933873177 0.06697702407836914
v 0.05413515120744705 0.027760865166783333 0.06504973024129868
v 0.052513815462589264 0.02748219668865204 0.06805722415447235
v 0.054002389311790466 0.024276679381728172 0.06851761043071747
v 0.048749085515737534 0.03398536890745163 0.06685680150985718
v 0.04932916536927223 0.03309466689825058 0.06704535335302353
v 0.05244344100356102 0.033297792077064514 0.06203046813607216
v 0.05244344100356102 0.033297792077064514 0.06203046813607216
v 0.04932916536927223 0.03309466689825058 0.06704535335302353
v 0.05089026317000389 0.030514612793922424 0.06754602491855621
v 0.04468120262026787 0.042999811470508575 0.05980854481458664
v 0.041454508900642395 0.04299992322921753 0.06437284499406815
v 0.04564248397946358 0.038256868720054626 0.06582338362932205
v 0.04667675867676735 0.038852766156196594 0.06325607746839523
v 0.05041595920920372 0.03884289413690567 0.058426689356565475
v 0.04468120262026787 0.042999811470508575 0.05980854481458664
v 0.04468120262026787 0.042999811470508575 0.05980854481458664
v 0.05041595920920372 0.03884289413690567 0.058426689356565475
v 0.04864620417356491 0.04299948364496231 0.05532733350992203
v 0.0941409319639206 0.038427677005529404 0.04383436590433121
v 0.097321055829525 0.042999520897865295 0.03989843279123306
v 0.08634890615940094 0.04300116375088692 0.03990517929196358
v 0.12999999523162842 0.03798723593354225 0.04514387995004654
v 0.12999999523162842 0.04300001636147499 0.040397994220256805
v 0.097321055829525 0.042999520897865295 0.03989843279123306
v 0.12999999523162842 0.03798723593354225 0.04514387995004654
v 0.10739271342754364 0.03826737776398659 0.044225867837667465
v 0.12999999523162842 0.03560980036854744 0.04704191908240318
v 0.12999999523162842 0.03560980036854744 0.04704191908240318
v 0.10739271342754364 0.03826737776398659 0.044225867837667465
v 0.10975604504346848 0.03271409869194031 0.04841428995132446
v 0.12999999523162842 0.03560980036854744 0.04704191908240318
v 0.10975604504346848 0.03271409869194031 0.04841428995132446
v 0.12999999523162842 0.03246113657951355 0.04926737770438194
v 0.12999999523162842 0.03246113657951355 0.04926737770438194
v 0.10975604504346848 0.03271409869194031 0.04841428995132446
v 0.11166258901357651 0.027171941474080086 0.05180754140019417
v 0.12999999523162842 2.4964631393231684e-06 0.05900000035762787
v 0.12999999523162842 0.00492085563018918 0.05879443138837814
v 0.1154787614941597 0.005096066743135452 0.058748096227645874
v 0.1154787614941597 0.005096066743135452 0.058748096227645874
v 0.12999999523162842 0.00492085563018918 0.05879443138837814
v 0.12999999523162842 0.012644239701330662 0.057629186660051346
v 0.1154787614941597 0.005096066743135452 0.058748096227645874
v 0.12999999523162842 0.012644239701330662 0.057629186660051346
v 0.11504798382520676 0.010602296330034733 0.05792385712265968
v 0.11504798382520676 0.010602296330034733 0.05792385712265968
v 0.12999999523162842 0.012644239701330662 0.057629186660051346
v 0.12999999523162842 0.015924932435154915 0.056810177862644196
v 0.11504798382520676 0.010602296330034733 0.05792385712265968
v 0.12999999523162842 0.015924932435154915 0.056810177862644196
v 0.11427925527095795 0.016116753220558167 0.05651131272315979
v 0.11427925527095795 0.016116753220558167 0.05651131272315979
v 0.12999999523162842 0.015924932435154915 0.056810177862644196
v 0.12999999523162842 0.02143271453678608 0.054969433695077896
v 0.11427925527095795 0.016116753220558167 0.05651131272315979
v 0.12999999523162842 0.02143271453678608 0.054969433695077896
v 0.11315836757421494 0.021639784798026085 0.054485734552145004
v 0.11315836757421494 0.021639784798026085 0.054485734552145004
v 0.12999999523162842 0.02143271453678608 0.054969433695077896
v 0.12999999523162842 0.02470092475414276 0.053580448031425476
v 0.11315836757421494 0.021639784798026085 0.054485734552145004
v 0.12999999523162842 0.02470092475414276 0.053580448031425476
v 0.11166258901357651 0.027171941474080086 0.05180754140019417
v 0.11166258901357651 0.027171941474080086 0.05180754140019417
v 0.12999999523162842 0.02470092475414276 0.053580448031425476
v 0.12999999523162842 0.026944775134325027 0.052487894892692566
v 0.11166258901357651 0.027171941474080086 0.05180754140019417
v 0.12999999523162842 0.026944775134325027 0.052487894892692566
v 0.12999999523162842 0.03246113657951355 0.04926737770438194
v 0.08537489920854568 0.02748728357255459 0.051400333642959595
v 0.08992636948823929 0.032953377813100815 0.04791058972477913
v 0.08353859931230545 0.033027730882167816 0.048129357397556305
v 0.08353859931230545 0.033027730882167816 0.048129357397556305
v 0.08992636948823929 0.032953377813100815 0.04791058972477913
v 0.08761625736951828 0.03850536048412323 0.04381480813026428
v 0.08353859931230545 0.033027730882167816 0.048129357397556305
v 0.08761625736951828 0.03850536048412323 0.04381480813026428
v 0.08131818473339081 0.03857753053307533 0.04418972134590149
v 0.08131818473339081 0.03857753053307533 0.04418972134590149
v 0.08761625736951828 0.03850536048412323 0.04381480813026428
v 0.08127020299434662 0.043000005185604095 0.04029062017798424
v 0.09993766993284225 0.021799325942993164 0.054148346185684204
v 0.09839974343776703 0.02733250893652439 0.051396775990724564
v 0.08537489920854568 0.02748728357255459 0.051400333642959595
v 0.08537489920854568 0.02748728357255459 0.051400333642959595
v 0.09839974343776703 0.02733250893652439 0.051396775990724564
v 0.09647871553897858 0.03287502005696297 0.047978319227695465
v 0.08537489920854568 0.02748728357255459 0.051400333642959595
v 0.09647871553897858 0.03287502005696297 0.047978319227695465
v 0.08992636948823929 0.032953377813100815 0.04791058972477913
v 0.08992636948823929 0.032953377813100815 0.04791058972477913
v 0.09647871553897858 0.03287502005696297 0.047978319227695465
v 0.0941409319639206 0.038427677005529404 0.04383436590433121
v 0.08992636948823929 0.032953377813100815 0.04791058972477913
v 0.0941409319639206 0.038427677005529404 0.04383436590433121
v 0.08761625736951828 0.03850536048412323 0.04381480813026428
v 0.08761625736951828 0.03850536048412323 0.04381480813026428
v 0.0941409319639206 0.038427677005529404 0.04383436590433121
v 0.08634890615940094 0.04300116375088692 0.03990517929196358
v 0.08761625736951828 0.03850536048412323 0.04381480813026428
v 0.08634890615940094 0.04300116375088692 0.03990517929196358
v 0.08127020299434662 0.043000005185604095 0.04029062017798424
v 0.12999999523162842 0.03798723593354225 0.04514387995004654
v 0.097321055829525 0.042999520897865295 0.03989843279123306
v 0.10739271342754364 0.03826737776398659 0.044225867837667465
v 0.10739271342754364 0.03826737776398659 0.044225867837667465
v 0.097321055829525 0.042999520897865295 0.03989843279123306
v 0.0941409319639206 0.038427677005529404 0.04383436590433121
v 0.10739271342754364 0.03826737776398659 0.044225867837667465
v 0.0941409319639206 0.038427677005529404 0.04383436590433121
v 0.10975604504346848 0.03271409869194031 0.04841428995132446
v 0.10975604504346848 0.03271409869194031 0.04841428995132446
v 0.0941409319639206 0.038427677005529404 0.04383436590433121
v 0.09647871553897858 0.03287502005696297 0.047978319227695465
v 0.10975604504346848 0.03271409869194031 0.04841428995132446
v 0.09647871553897858 0.03287502005696297 0.047978319227695465
v 0.11166258901357651 0.027171941474080086 0.05180754140019417
v 0.11166258901357651 0.027171941474080086 0.05180754140019417
v 0.09647871553897858 0.03287502005696297 0.047978319227695465
v 0.09839974343776703 0.02733250893652439 0.051396775990724564
v 0.11166258901357651 0.027171941474080086 0.05180754140019417
v 0.09839974343776703 0.02733250893652439 0.051396775990724564
v 0.11315836757421494 0.021639784798026085 0.054485734552145004
v 0.11315836757421494 0.021639784798026085 0.054485734552145004
v 0.09839974343776703 0.02733250893652439 0.051396775990724564
v 0.09993766993284225 0.021799325942993164 0.054148346185684204
v 0.11315836757421494 0.021639784798026085 0.054485734552145004
v 0.09993766993284225 0.021799325942993164 0.054148346185684204
v 0.11427925527095795 0.016116753220558167 0.05651131272315979
v 0.11427925527095795 0.016116753220558167 0.05651131272315979
v 0.09993766993284225 0.021799325942993164 0.054148346185684204
v 0.10111858695745468 0.01627483405172825 0.05627841502428055
v 0.11427925527095795 0.016116753220558167 0.05651131272315979
v 0.10111858695745468 0.01627483405172825 0.05627841502428055
v 0.11504798382520676 0.010602296330034733 0.05792385712265968
v 0.08686035871505737 0.021955376490950584 0.05406055599451065
v 0.08802270889282227 0.016431337222456932 0.056158311665058136
v 0.10111858695745468 0.01627483405172825 0.05627841502428055
v 0.10111858695745468 0.01627483405172825 0.05627841502428055
v 0.08802270889282227 0.016431337222456932 0.056158311665058136
v 0.10195057839155197 0.010758836753666401 0.05780108645558357
v 0.10111858695745468 0.01627483405172825 0.05627841502428055
v 0.10195057839155197 0.010758836753666401 0.05780108645558357
v 0.11504798382520676 0.010602296330034733 0.05792385712265968
v 0.11504798382520676 0.010602296330034733 0.05792385712265968
v 0.10195057839155197 0.010758836753666401 0.05780108645558357
v 0.08938449621200562 0.005406700074672699 0.05867759510874748
v 0.11504798382520676 0.010602296330034733 0.05792385712265968
v 0.08938449621200562 0.005406700074672699 0.05867759510874748
v 0.1154787614941597 0.005096066743135452 0.058748096227645874
v 0.1154787614941597 0.005096066743135452 0.058748096227645874
v 0.08938449621200562 0.005406700074672699 0.05867759510874748
v 0.08952692151069641 -9.250926086679101e-05 0.058999862521886826
v 0.1154787614941597 0.005096066743135452 0.058748096227645874
v 0.08952692151069641 -9.250926086679101e-05 0.058999862521886826
v 0.10255368053913116 -0.0002473298809491098 0.05899965390563011
v 0.07383918762207031 -0.04300008714199066 0.04160151258111
v 0.07866574823856354 -0.04300001263618469 0.04067350924015045
v 0.07493306696414948 -0.03828857094049454 0.045453913509845734
v 0.07493306696414948 -0.03828857094049454 0.045453913509845734
v 0.07866574823856354 -0.04300001263618469 0.04067350924015045
v 0.0808873251080513 -0.038352370262145996 0.04448048770427704
v 0.07493306696414948 -0.03828857094049454 0.045453913509845734
v 0.0808873251080513 -0.038352370262145996 0.04448048770427704
v 0.08312027156352997 -0.03291098773479462 0.04829324781894684
v 0.08312027156352997 -0.03291098773479462 0.04829324781894684
v 0.0808873251080513 -0.038352370262145996 0.04448048770427704
v 0.08711171895265579 -0.03842274472117424 0.043977320194244385
v 0.08312027156352997 -0.03291098773479462 0.04829324781894684
v 0.08711171895265579 -0.03842274472117424 0.043977320194244385
v 0.0894516110420227 -0.032983966171741486 0.04797625541687012
v 0.0894516110420227 -0.032983966171741486 0.04797625541687012
v 0.08711171895265579 -0.03842274472117424 0.043977320194244385
v 0.0935557410120964 -0.03849846497178078 0.04385647550225258
v 0.0894516110420227 -0.032983966171741486 0.04797625541687012
v 0.0935557410120964 -0.03849846497178078 0.04385647550225258
v 0.09594230353832245 -0.03306082636117935 0.04793664813041687
v 0.09594230353832245 -0.03306082636117935 0.04793664813041687
v 0.0935557410120964 -0.03849846497178078 0.04385647550225258
v 0.1066448912024498 -0.03865480422973633 0.04396486282348633
v 0.09792650490999222 -0.027613390237092972 0.05131639540195465
v 0.10908687114715576 -0.033218514174222946 0.04814152419567108
v 0.11108783632516861 -0.027771485969424248 0.05155045539140701
v 0.11108783632516861 -0.027771485969424248 0.05155045539140701
v 0.10908687114715576 -0.033218514174222946 0.04814152419567108
v 0.12999999523162842 -0.027998561039566994 0.051933422684669495
v 0.11108783632516861 -0.027771485969424248 0.05155045539140701
v 0.12999999523162842 -0.027998561039566994 0.051933422684669495
v 0.12999999523162842 -0.02470092475414276 0.053580448031425476
v 0.059985507279634476 -0.016266340389847755 0.0644901841878891
v 0.06203699856996536 -0.01627570390701294 0.06239212304353714
v 0.0626918226480484 -0.010795904323458672 0.06345770508050919
v 0.06429857760667801 -0.01629018411040306 0.06065978482365608
v 0.06675590574741364 -0.016309427097439766 0.059268202632665634
v 0.06739190220832825 -0.010829169303178787 0.06030099838972092
v 0.07587195187807083 -0.010913878679275513 0.058055177330970764
v 0.08218357712030411 -0.010986377485096455 0.05770386755466461
v 0.08276408165693283 -0.0055047678761184216 0.05864006280899048
v 0.08276408165693283 -0.0055047678761184216 0.05864006280899048
v 0.08218357712030411 -0.010986377485096455 0.05770386755466461
v 0.08928041905164719 -0.005582250189036131 0.0586450956761837
v 0.08276408165693283 -0.0055047678761184216 0.05864006280899048
v 0.08928041905164719 -0.005582250189036131 0.0586450956761837
v 0.08952692151069641 -9.250926086679101e-05 0.058999862521886826
v 0.08952692151069641 -9.250926086679101e-05 0.058999862521886826
v 0.08928041905164719 -0.005582250189036131 0.0586450956761837
v 0.10232071578502655 -0.005737400613725185 0.058668460696935654
v 0.08952692151069641 -9.250926086679101e-05 0.058999862521886826
v 0.10232071578502655 -0.005737400613725185 0.058668460696935654
v 0.10255368053913116 -0.0002473298809491098 0.05899965390563011
v 0.10255368053913116 -0.0002473298809491098 0.05899965390563011
v 0.10232071578502655 -0.005737400613725185 0.058668460696935654
v 0.11535617709159851 -0.005892432760447264 0.05868339538574219
v 0.10255368053913116 -0.0002473298809491098 0.05899965390563011
v 0.11535617709159851 -0.005892432760447264 0.05868339538574219
v 0.115580253303051 -0.0004021461645606905 0.05899912863969803
v 0.115580253303051 -0.0004021461645606905 0.05899912863969803
v 0.11535617709159851 -0.005892432760447264 0.05868339538574219
v 0.12999999523162842 -0.0031142928637564182 0.058917731046676636
v 0.115580253303051 -0.0004021461645606905 0.05899912863969803
v 0.12999999523162842 -0.0031142928637564182 0.058917731046676636
v 0.12999999523162842 -4.2914603326561456e-17 0.05900000035762787
v 0.06340701133012772 -0.021764220669865608 0.05918208882212639
v 0.06112898513674736 -0.021749339997768402 0.060885801911354065
v 0.057819198817014694 -0.0272050853818655 0.06086776778101921
v 0.057819198817014694 -0.0272050853818655 0.06086776778101921
v 0.06112898513674736 -0.021749339997768402 0.060885801911354065
v 0.059039562940597534 -0.0217390526086092 0.06291782855987549
v 0.057819198817014694 -0.0272050853818655 0.06086776778101921
v 0.059039562940597534 -0.0217390526086092 0.06291782855987549
v 0.05406247824430466 -0.027194786816835403 0.06566665321588516
v 0.05406247824430466 -0.027194786816835403 0.06566665321588516
v 0.059039562940597534 -0.0217390526086092 0.06291782855987549
v 0.05714770779013634 -0.02173357643187046 0.06529378145933151
v 0.05406247824430466 -0.027194786816835403 0.06566665321588516
v 0.05714770779013634 -0.02173357643187046 0.06529378145933151
v 0.0554574579000473 -0.021733006462454796 0.06802068650722504
v 0.0554574579000473 -0.021733006462454796 0.06802068650722504
v 0.05714770779013634 -0.02173357643187046 0.06529378145933151
v 0.056025147438049316 -0.01889079064130783 0.06912852078676224
v 0.0554574579000473 -0.021733006462454796 0.06802068650722504
v 0.056025147438049316 -0.01889079064130783 0.06912852078676224
v 0.05373522266745567 -0.024888847023248672 0.06843563914299011
v 0.04145378991961479 -0.04300030693411827 0.06437250226736069
v 0.044321246445178986 -0.04300004243850708 0.06026546284556389
v 0.04345790669322014 -0.04085300862789154 0.06507514417171478
v 0.04345790669322014 -0.04085300862789154 0.06507514417171478
v 0.044321246445178986 -0.04300004243850708 0.06026546284556389
v 0.04670310765504837 -0.03808826580643654 0.06434275209903717
v 0.04345790669322014 -0.04085300862789154 0.06507514417171478
v 0.04670310765504837 -0.03808826580643654 0.06434275209903717
v 0.0474090576171875 -0.035923246294260025 0.06641572713851929
v 0.0474090576171875 -0.035923246294260025 0.06641572713851929
v 0.04670310765504837 -0.03808826580643654 0.06434275209903717
v 0.050350625067949295 -0.038095902651548386 0.05935376137495041
v 0.0474090576171875 -0.035923246294260025 0.06641572713851929
v 0.050350625067949295 -0.038095902651548386 0.05935376137495041
v 0.05236770212650299 -0.032649267464876175 0.06279073655605316
v 0.05236770212650299 -0.032649267464876175 0.06279073655605316
v 0.050350625067949295 -0.038095902651548386 0.05935376137495041
v 0.056301869451999664 -0.03266388550400734 0.058300748467445374
v 0.05236770212650299 -0.032649267464876175 0.06279073655605316
v 0.056301869451999664 -0.03266388550400734 0.058300748467445374
v 0.057819198817014694 -0.0272050853818655 0.06086776778101921
v 0.057819198817014694 -0.0272050853818655 0.06086776778101921
v 0.056301869451999664 -0.03266388550400734 0.058300748467445374
v 0.0622444711625576 -0.02723165974020958 0.05723268911242485
v 0.057819198817014694 -0.0272050853818655 0.06086776778101921
v 0.0622444711625576 -0.02723165974020958 0.05723268911242485
v 0.06340701133012772 -0.021764220669865608 0.05918208882212639
v 0.06340701133012772 -0.021764220669865608 0.05918208882212639
v 0.0622444711625576 -0.02723165974020958 0.05723268911242485
v 0.06847577542066574 -0.02180645987391472 0.056667204946279526
v 0.04741024225950241 -0.04300007224082947 0.056608960032463074
v 0.05250538885593414 -0.04300003498792648 0.05183366313576698
v 0.050350625067949295 -0.038095902651548386 0.05935376137495041
v 0.050350625067949295 -0.038095902651548386 0.05935376137495041
v 0.05250538885593414 -0.04300003498792648 0.05183366313576698
v 0.05445583909749985 -0.03811468556523323 0.055161528289318085
v 0.050350625067949295 -0.038095902651548386 0.05935376137495041
v 0.05445583909749985 -0.03811468556523323 0.055161528289318085
v 0.056301869451999664 -0.03266388550400734 0.058300748467445374
v 0.056301869451999664 -0.03266388550400734 0.058300748467445374
v 0.05445583909749985 -0.03811468556523323 0.055161528289318085
v 0.06078581139445305 -0.03269188851118088 0.05476779863238335
v 0.056301869451999664 -0.03266388550400734 0.058300748467445374
v 0.06078581139445305 -0.03269188851118088 0.05476779863238335
v 0.0622444711625576 -0.02723165974020958 0.05723268911242485
v 0.0622444711625576 -0.02723165974020958 0.05723268911242485
v 0.06078581139445305 -0.03269188851118088 0.05476779863238335
v 0.06727703660726547 -0.027273017913103104 0.054654791951179504
v 0.0622444711625576 -0.02723165974020958 0.05723268911242485
v 0.06727703660726547 -0.027273017913103104 0.054654791951179504
v 0.06847577542066574 -0.02180645987391472 0.056667204946279526
v 0.06847577542066574 -0.02180645987391472 0.056667204946279526
v 0.06727703660726547 -0.027273017913103104 0.054654791951179504
v 0.07412093877792358 -0.021862734109163284 0.05515570193529129
v 0.06847577542066574 -0.02180645987391472 0.056667204946279526
v 0.07412093877792358 -0.021862734109163284 0.05515570193529129
v 0.07513494789600372 -0.016391677781939507 0.05684655159711838
v 0.07513494789600372 -0.016391677781939507 0.05684655159711838
v 0.07412093877792358 -0.021862734109163284 0.05515570193529129
v 0.08132340013980865 -0.01646117866039276 0.05628081038594246
v 0.07513494789600372 -0.016391677781939507 0.05684655159711838
v 0.08132340013980865 -0.01646117866039276 0.05628081038594246
v 0.08218357712030411 -0.010986377485096455 0.05770386755466461
v 0.08218357712030411 -0.010986377485096455 0.05770386755466461
v 0.08132340013980865 -0.01646117866039276 0.05628081038594246
v 0.08867089450359344 -0.01106315292418003 0.05765838548541069
v 0.08218357712030411 -0.010986377485096455 0.05770386755466461
v 0.08867089450359344 -0.01106315292418003 0.05765838548541069
v 0.08928041905164719 -0.005582250189036131 0.0586450956761837
v 0.08928041905164719 -0.005582250189036131 0.0586450956761837
v 0.08867089450359344 -0.01106315292418003 0.05765838548541069
v 0.10173569619655609 -0.011218899860978127 0.057724397629499435
v 0.08928041905164719 -0.005582250189036131 0.0586450956761837
v 0.10173569619655609 -0.011218899860978127 0.057724397629499435
v 0.10232071578502655 -0.005737400613725185 0.058668460696935654
v 0.10232071578502655 -0.005737400613725185 0.058668460696935654
v 0.10173569619655609 -0.011218899860978127 0.057724397629499435
v 0.11480489373207092 -0.011374753899872303 0.05779806897044182
v 0.10232071578502655 -0.005737400613725185 0.058668460696935654
v 0.11480489373207092 -0.011374753899872303 0.05779806897044182
v 0.11535617709159851 -0.005892432760447264 0.05868339538574219
v 0.11535617709159851 -0.005892432760447264 0.05868339538574219
v 0.11480489373207092 -0.011374753899872303 0.05779806897044182
v 0.12999999523162842 -0.006067637819796801 0.05868716910481453
v 0.11535617709159851 -0.005892432760447264 0.05868339538574219
v 0.12999999523162842 -0.006067637819796801 0.05868716910481453
v 0.12999999523162842 -0.0031142928637564182 0.058917731046676636
v 0.0571131631731987 -0.043000005185604095 0.04851507768034935
v 0.06204510107636452 -0.04300008341670036 0.04576154053211212
v 0.058999788016080856 -0.038144148886203766 0.05173304304480553
v 0.058999788016080856 -0.038144148886203766 0.05173304304480553
v 0.06204510107636452 -0.04300008341670036 0.04576154053211212
v 0.06395202875137329 -0.038183555006980896 0.04901530593633652
v 0.058999788016080856 -0.038144148886203766 0.05173304304480553
v 0.06395202875137329 -0.038183555006980896 0.04901530593633652
v 0.06577836722135544 -0.0327322743833065 0.05212024971842766
v 0.06577836722135544 -0.0327322743833065 0.05212024971842766
v 0.06395202875137329 -0.038183555006980896 0.04901530593633652
v 0.07121483981609344 -0.03278346732258797 0.05024547129869461
v 0.06577836722135544 -0.0327322743833065 0.05212024971842766
v 0.07121483981609344 -0.03278346732258797 0.05024547129869461
v 0.07282080501317978 -0.02732682414352894 0.05296678468585014
v 0.07282080501317978 -0.02732682414352894 0.05296678468585014
v 0.07121483981609344 -0.03278346732258797 0.05024547129869461
v 0.0787617564201355 -0.02739029750227928 0.05197019875049591
v 0.07282080501317978 -0.02732682414352894 0.05296678468585014
v 0.0787617564201355 -0.02739029750227928 0.05197019875049591
v 0.08018777519464493 -0.021929273381829262 0.05437825620174408
v 0.08018777519464493 -0.021929273381829262 0.05437825620174408
v 0.0787617564201355 -0.02739029750227928 0.05197019875049591
v 0.0865190252661705 -0.02200224995613098 0.05406110733747482
v 0.08018777519464493 -0.021929273381829262 0.05437825620174408
v 0.0865190252661705 -0.02200224995613098 0.05406110733747482
v 0.08774401992559433 -0.016536330804228783 0.05611923336982727
v 0.08774401992559433 -0.016536330804228783 0.05611923336982727
v 0.0865190252661705 -0.02200224995613098 0.05406110733747482
v 0.09954129159450531 -0.022156959399580956 0.05405306816101074
v 0.08774401992559433 -0.016536330804228783 0.05611923336982727
v 0.09954129159450531 -0.022156959399580956 0.05405306816101074
v 0.1008080244064331 -0.016692057251930237 0.05618384853005409
v 0.1008080244064331 -0.016692057251930237 0.05618384853005409
v 0.09954129159450531 -0.022156959399580956 0.05405306816101074
v 0.11268849670886993 -0.022314712405204773 0.05426253750920296
v 0.1008080244064331 -0.016692057251930237 0.05618384853005409
v 0.11268849670886993 -0.022314712405204773 0.05426253750920296
v 0.11392012238502502 -0.016848955303430557 0.05633220076560974
v 0.11392012238502502 -0.016848955303430557 0.05633220076560974
v 0.11268849670886993 -0.022314712405204773 0.05426253750920296
v 0.12999999523162842 -0.017042675986886024 0.056484926491975784
v 0.11392012238502502 -0.016848955303430557 0.05633220076560974
v 0.12999999523162842 -0.017042675986886024 0.056484926491975784
v 0.12999999523162842 -0.012644239701330662 0.057629186660051346
v 0.06728482991456985 -0.04300016164779663 0.04354313015937805
v 0.07383918762207031 -0.04300008714199066 0.04160151258111
v 0.06927631795406342 -0.03823201730847359 0.0469452366232872
v 0.06927631795406342 -0.03823201730847359 0.0469452366232872
v 0.07383918762207031 -0.04300008714199066 0.04160151258111
v 0.07493306696414948 -0.03828857094049454 0.045453913509845734
v 0.06927631795406342 -0.03823201730847359 0.0469452366232872
v 0.07493306696414948 -0.03828857094049454 0.045453913509845734
v 0.07701974362134933 -0.03284363076090813 0.04901204630732536
v 0.07701974362134933 -0.03284363076090813 0.04901204630732536
v 0.07493306696414948 -0.03828857094049454 0.045453913509845734
v 0.08312027156352997 -0.03291098773479462 0.04829324781894684
v 0.07701974362134933 -0.03284363076090813 0.04901204630732536
v 0.08312027156352997 -0.03291098773479462 0.04829324781894684
v 0.0849866196513176 -0.02746068499982357 0.05146784707903862
v 0.0849866196513176 -0.02746068499982357 0.05146784707903862
v 0.08312027156352997 -0.03291098773479462 0.04829324781894684
v 0.0894516110420227 -0.032983966171741486 0.04797625541687012
v 0.0849866196513176 -0.02746068499982357 0.05146784707903862
v 0.0894516110420227 -0.032983966171741486 0.04797625541687012
v 0.09792650490999222 -0.027613390237092972 0.05131639540195465
v 0.09792650490999222 -0.027613390237092972 0.05131639540195465
v 0.0894516110420227 -0.032983966171741486 0.04797625541687012
v 0.09594230353832245 -0.03306082636117935 0.04793664813041687
v 0.09792650490999222 -0.027613390237092972 0.05131639540195465
v 0.09594230353832245 -0.03306082636117935 0.04793664813041687
v 0.10908687114715576 -0.033218514174222946 0.04814152419567108
v 0.10908687114715576 -0.033218514174222946 0.04814152419567108
v 0.09594230353832245 -0.03306082636117935 0.04793664813041687
v 0.1066448912024498 -0.03865480422973633 0.04396486282348633
v 0.10908687114715576 -0.033218514174222946 0.04814152419567108
v 0.1066448912024498 -0.03865480422973633 0.04396486282348633
v 0.12999999523162842 -0.03560980036854744 0.04704191908240318
v 0.12999999523162842 -0.03560980036854744 0.04704191908240318
v 0.1066448912024498 -0.03865480422973633 0.04396486282348633
v 0.12999999523162842 -0.03893398120999336 0.04432995617389679
v 0.06204510107636452 -0.04300008341670036 0.04576154053211212
v 0.06414153426885605 -0.043000124394893646 0.04479505494236946
v 0.06395202875137329 -0.038183555006980896 0.04901530593633652
v 0.06395202875137329 -0.038183555006980896 0.04901530593633652
v 0.06414153426885605 -0.043000124394893646 0.04479505494236946
v 0.06927631795406342 -0.03823201730847359 0.0469452366232872
v 0.06395202875137329 -0.038183555006980896 0.04901530593633652
v 0.06927631795406342 -0.03823201730847359 0.0469452366232872
v 0.07121483981609344 -0.03278346732258797 0.05024547129869461
v 0.07121483981609344 -0.03278346732258797 0.05024547129869461
v 0.06927631795406342 -0.03823201730847359 0.0469452366232872
v 0.07701974362134933 -0.03284363076090813 0.04901204630732536
v 0.07121483981609344 -0.03278346732258797 0.05024547129869461
v 0.07701974362134933 -0.03284363076090813 0.04901204630732536
v 0.0787617564201355 -0.02739029750227928 0.05197019875049591
v 0.0787617564201355 -0.02739029750227928 0.05197019875049591
v 0.07701974362134933 -0.03284363076090813 0.04901204630732536
v 0.0849866196513176 -0.02746068499982357 0.05146784707903862
v 0.0787617564201355 -0.02739029750227928 0.05197019875049591
v 0.0849866196513176 -0.02746068499982357 0.05146784707903862
v 0.0865190252661705 -0.02200224995613098 0.05406110733747482
v 0.0865190252661705 -0.02200224995613098 0.05406110733747482
v 0.0849866196513176 -0.02746068499982357 0.05146784707903862
v 0.09792650490999222 -0.027613390237092972 0.05131639540195465
v 0.0865190252661705 -0.02200224995613098 0.05406110733747482
v 0.09792650490999222 -0.027613390237092972 0.05131639540195465
v 0.09954129159450531 -0.022156959399580956 0.05405306816101074
v 0.09954129159450531 -0.022156959399580956 0.05405306816101074
v 0.09792650490999222 -0.027613390237092972 0.05131639540195465
v 0.11108783632516861 -0.027771485969424248 0.05155045539140701
v 0.09954129159450531 -0.022156959399580956 0.05405306816101074
v 0.11108783632516861 -0.027771485969424248 0.05155045539140701
v 0.11268849670886993 -0.022314712405204773 0.05426253750920296
v 0.11268849670886993 -0.022314712405204773 0.05426253750920296
v 0.11108783632516861 -0.027771485969424248 0.05155045539140701
v 0.12999999523162842 -0.02470092475414276 0.053580448031425476
v 0.11268849670886993 -0.022314712405204773 0.05426253750920296
v 0.12999999523162842 -0.02470092475414276 0.053580448031425476
v 0.12999999523162842 -0.017042675986886024 0.056484926491975784
v 0.053588226437568665 -0.04300002008676529 0.050978709012269974
v 0.05528265982866287 -0.043000005185604095 0.04973634332418442
v 0.05445583909749985 -0.03811468556523323 0.055161528289318085
v 0.05445583909749985 -0.03811468556523323 0.055161528289318085
v 0.05528265982866287 -0.043000005185604095 0.04973634332418442
v 0.058999788016080856 -0.038144148886203766 0.05173304304480553
v 0.05445583909749985 -0.03811468556523323 0.055161528289318085
v 0.058999788016080856 -0.038144148886203766 0.05173304304480553
v 0.06078581139445305 -0.03269188851118088 0.05476779863238335
v 0.06078581139445305 -0.03269188851118088 0.05476779863238335
v 0.058999788016080856 -0.038144148886203766 0.05173304304480553
v 0.06577836722135544 -0.0327322743833065 0.05212024971842766
v 0.06078581139445305 -0.03269188851118088 0.05476779863238335
v 0.06577836722135544 -0.0327322743833065 0.05212024971842766
v 0.06727703660726547 -0.027273017913103104 0.054654791951179504
v 0.06727703660726547 -0.027273017913103104 0.054654791951179504
v 0.06577836722135544 -0.0327322743833065 0.05212024971842766
v 0.07282080501317978 -0.02732682414352894 0.05296678468585014
v 0.06727703660726547 -0.027273017913103104 0.054654791951179504
v 0.07282080501317978 -0.02732682414352894 0.05296678468585014
v 0.07412093877792358 -0.021862734109163284 0.05515570193529129
v 0.07412093877792358 -0.021862734109163284 0.05515570193529129
v 0.07282080501317978 -0.02732682414352894 0.05296678468585014
v 0.08018777519464493 -0.021929273381829262 0.05437825620174408
v 0.07412093877792358 -0.021862734109163284 0.05515570193529129
v 0.08018777519464493 -0.021929273381829262 0.05437825620174408
v 0.08132340013980865 -0.01646117866039276 0.05628081038594246
v 0.08132340013980865 -0.01646117866039276 0.05628081038594246
v 0.08018777519464493 -0.021929273381829262 0.05437825620174408
v 0.08774401992559433 -0.016536330804228783 0.05611923336982727
v 0.08132340013980865 -0.01646117866039276 0.05628081038594246
v 0.08774401992559433 -0.016536330804228783 0.05611923336982727
v 0.08867089450359344 -0.01106315292418003 0.05765838548541069
v 0.08867089450359344 -0.01106315292418003 0.05765838548541069
v 0.08774401992559433 -0.016536330804228783 0.05611923336982727
v 0.1008080244064331 -0.016692057251930237 0.05618384853005409
v 0.08867089450359344 -0.01106315292418003 0.05765838548541069
v 0.1008080244064331 -0.016692057251930237 0.05618384853005409
v 0.10173569619655609 -0.011218899860978127 0.057724397629499435
v 0.10173569619655609 -0.011218899860978127 0.057724397629499435
v 0.1008080244064331 -0.016692057251930237 0.05618384853005409
v 0.11392012238502502 -0.016848955303430557 0.05633220076560974
v 0.10173569619655609 -0.011218899860978127 0.057724397629499435
v 0.11392012238502502 -0.016848955303430557 0.05633220076560974
v 0.11480489373207092 -0.011374753899872303 0.05779806897044182
v 0.11480489373207092 -0.011374753899872303 0.05779806897044182
v 0.11392012238502502 -0.016848955303430557 0.05633220076560974
v 0.12999999523162842 -0.012644239701330662 0.057629186660051346
v 0.11480489373207092 -0.011374753899872303 0.05779806897044182
v 0.12999999523162842 -0.012644239701330662 0.057629186660051346
v 0.12999999523162842 -0.006067637819796801 0.05868716910481453
v 0.05303796008229256 0.04299918934702873 0.0514078363776207
v 0.04864620417356491 0.04299948364496231 0.05532733350992203
v 0.05459929257631302 0.03882221132516861 0.054370444267988205
v 0.05459929257631302 0.03882221132516861 0.054370444267988205
v 0.04864620417356491 0.04299948364496231 0.05532733350992203
v 0.05041595920920372 0.03884289413690567 0.058426689356565475
v 0.05459929257631302 0.03882221132516861 0.054370444267988205
v 0.05041595920920372 0.03884289413690567 0.058426689356565475
v 0.0564529113471508 0.033281341195106506 0.05767155811190605
v 0.05796842277050018 0.027748702093958855 0.06038409844040871
v 0.05244344100356102 0.033297792077064514 0.06203046813607216
v 0.05413515120744705 0.027760865166783333 0.06504973024129868
v 0.05413515120744705 0.027760865166783333 0.06504973024129868
v 0.05244344100356102 0.033297792077064514 0.06203046813607216
v 0.05089026317000389 0.030514612793922424 0.06754602491855621
v 0.05413515120744705 0.027760865166783333 0.06504973024129868
v 0.05089026317000389 0.030514612793922424 0.06754602491855621
v 0.052513815462589264 0.02748219668865204 0.06805722415447235
v 0.05788617208600044 0.04299900680780411 0.048030655831098557
v 0.05303796008229256 0.04299918934702873 0.0514078363776207
v 0.059207733720541 0.03879117593169212 0.051054228097200394
v 0.059207733720541 0.03879117593169212 0.051054228097200394
v 0.05303796008229256 0.04299918934702873 0.0514078363776207
v 0.05459929257631302 0.03882221132516861 0.054370444267988205
v 0.059207733720541 0.03879117593169212 0.051054228097200394
v 0.05459929257631302 0.03882221132516861 0.054370444267988205
v 0.06100402772426605 0.03325170278549194 0.05425555631518364
v 0.06100402772426605 0.03325170278549194 0.05425555631518364
v 0.05459929257631302 0.03882221132516861 0.054370444267988205
v 0.0564529113471508 0.033281341195106506 0.05767155811190605
v 0.06100402772426605 0.03325170278549194 0.05425555631518364
v 0.0564529113471508 0.033281341195106506 0.05767155811190605
v 0.06245938315987587 0.027720529586076736 0.05686337873339653
v 0.0555163137614727 0.02223149687051773 0.06752840429544449
v 0.05654264613986015 0.01720639318227768 0.0692823976278305
v 0.0572444386780262 0.022230006754398346 0.06486742943525314
v 0.0572444386780262 0.022230006754398346 0.06486742943525314
v 0.05654264613986015 0.01720639318227768 0.0692823976278305
v 0.058228299021720886 0.0167103111743927 0.06665447354316711
v 0.0572444386780262 0.022230006754398346 0.06486742943525314
v 0.058228299021720886 0.0167103111743927 0.06665447354316711
v 0.059171777218580246 0.022223664447665215 0.06255324184894562
v 0.059171777218580246 0.022223664447665215 0.06255324184894562
v 0.058228299021720886 0.0167103111743927 0.06665447354316711
v 0.06008552387356758 0.016705676913261414 0.06421823054552078
v 0.06008552387356758 0.016705676913261414 0.06421823054552078
v 0.058228299021720886 0.0167103111743927 0.06665447354316711
v 0.05893157795071602 0.011197447776794434 0.06795307993888855
v 0.06008552387356758 0.016705676913261414 0.06421823054552078
v 0.05893157795071602 0.011197447776794434 0.06795307993888855
v 0.060730405151844025 0.01119423471391201 0.06541518867015839
v 0.060730405151844025 0.01119423471391201 0.06541518867015839
v 0.05893157795071602 0.011197447776794434 0.06795307993888855
v 0.05935468152165413 0.0056914049200713634 0.06876396387815475
v 0.060730405151844025 0.01119423471391201 0.06541518867015839
v 0.05935468152165413 0.0056914049200713634 0.06876396387815475
v 0.061122387647628784 0.005688949953764677 0.06617188453674316
v 0.061122387647628784 0.005688949953764677 0.06617188453674316
v 0.05935468152165413 0.0056914049200713634 0.06876396387815475
v 0.059493616223335266 0.00019228049495723099 0.0690801590681076
v 0.061122387647628784 0.005688949953764677 0.06617188453674316
v 0.059493616223335266 0.00019228049495723099 0.0690801590681076
v 0.06125951558351517 0.0001898692426038906 0.06648494303226471
v 0.06125951558351517 0.0001898692426038906 0.06648494303226471
v 0.059493616223335266 0.00019228049495723099 0.0690801590681076
v 0.059334151446819305 -0.005299579352140427 0.06887690722942352
v 0.06125951558351517 0.0001898692426038906 0.06648494303226471
v 0.059334151446819305 -0.005299579352140427 0.06887690722942352
v 0.061095450073480606 -0.005301878321915865 0.06627368181943893
v 0.061095450073480606 -0.005301878321915865 0.06627368181943893
v 0.059334151446819305 -0.005299579352140427 0.06887690722942352
v 0.05888720229268074 -0.01078444067388773 0.06817320734262466
v 0.061095450073480606 -0.005301878321915865 0.06627368181943893
v 0.05888720229268074 -0.01078444067388773 0.06817320734262466
v 0.060667768120765686 -0.010787208564579487 0.06560352444648743
v 0.060667768120765686 -0.010787208564579487 0.06560352444648743
v 0.05888720229268074 -0.01078444067388773 0.06817320734262466
v 0.05815735086798668 -0.016262413933873177 0.06697702407836914
v 0.060667768120765686 -0.010787208564579487 0.06560352444648743
v 0.05815735086798668 -0.016262413933873177 0.06697702407836914
v 0.059985507279634476 -0.016266340389847755 0.0644901841878891
v 0.059985507279634476 -0.016266340389847755 0.0644901841878891
v 0.0626918226480484 -0.010795904323458672 0.06345770508050919
v 0.060667768120765686 -0.010787208564579487 0.06560352444648743
v 0.060667768120765686 -0.010787208564579487 0.06560352444648743
v 0.0626918226480484 -0.010795904323458672 0.06345770508050919
v 0.06310921907424927 -0.005310324486345053 0.06410995870828629
v 0.060667768120765686 -0.010787208564579487 0.06560352444648743
v 0.06310921907424927 -0.005310324486345053 0.06410995870828629
v 0.061095450073480606 -0.005301878321915865 0.06627368181943893
v 0.061095450073480606 -0.005301878321915865 0.06627368181943893
v 0.06310921907424927 -0.005310324486345053 0.06410995870828629
v 0.06327410787343979 0.0001814034185372293 0.06432265788316727
v 0.061095450073480606 -0.005301878321915865 0.06627368181943893
v 0.06327410787343979 0.0001814034185372293 0.06432265788316727
v 0.06125951558351517 0.0001898692426038906 0.06648494303226471
v 0.06125951558351517 0.0001898692426038906 0.06648494303226471
v 0.06327410787343979 0.0001814034185372293 0.06432265788316727
v 0.06314519047737122 0.00568028399720788 0.06402388960123062
v 0.06125951558351517 0.0001898692426038906 0.06648494303226471
v 0.06314519047737122 0.00568028399720788 0.06402388960123062
v 0.061122387647628784 0.005688949953764677 0.06617188453674316
v 0.061122387647628784 0.005688949953764677 0.06617188453674316
v 0.06314519047737122 0.00568028399720788 0.06402388960123062
v 0.06277279555797577 0.01118509192019701 0.06330128014087677
v 0.061122387647628784 0.005688949953764677 0.06617188453674316
v 0.06277279555797577 0.01118509192019701 0.06330128014087677
v 0.060730405151844025 0.01119423471391201 0.06541518867015839
v 0.060730405151844025 0.01119423471391201 0.06541518867015839
v 0.06277279555797577 0.01118509192019701 0.06330128014087677
v 0.062164273113012314 0.016695648431777954 0.06216762587428093
v 0.060730405151844025 0.01119423471391201 0.06541518867015839
v 0.062164273113012314 0.016695648431777954 0.06216762587428093
v 0.06008552387356758 0.016705676913261414 0.06421823054552078
v 0.06008552387356758 0.016705676913261414 0.06421823054552078
v 0.062164273113012314 0.016695648431777954 0.06216762587428093
v 0.06129314377903938 0.022212598472833633 0.06057681888341904
v 0.06008552387356758 0.016705676913261414 0.06421823054552078
v 0.06129314377903938 0.022212598472833633 0.06057681888341904
v 0.059171777218580246 0.022223664447665215 0.06255324184894562
v 0.059171777218580246 0.022223664447665215 0.06255324184894562
v 0.06129314377903938 0.022212598472833633 0.06057681888341904
v 0.05796842277050018 0.027748702093958855 0.06038409844040871
v 0.059171777218580246 0.022223664447665215 0.06255324184894562
v 0.05796842277050018 0.027748702093958855 0.06038409844040871
v 0.0572444386780262 0.022230006754398346 0.06486742943525314
v 0.0572444386780262 0.022230006754398346 0.06486742943525314
v 0.05796842277050018 0.027748702093958855 0.06038409844040871
v 0.05413515120744705 0.027760865166783333 0.06504973024129868
v 0.0572444386780262 0.022230006754398346 0.06486742943525314
v 0.05413515120744705 0.027760865166783333 0.06504973024129868
v 0.0555163137614727 0.02223149687051773 0.06752840429544449
v 0.0555163137614727 0.02223149687051773 0.06752840429544449
v 0.05413515120744705 0.027760865166783333 0.06504973024129868
v 0.054002389311790466 0.024276679381728172 0.06851761043071747
v 0.0555163137614727 0.02223149687051773 0.06752840429544449
v 0.054002389311790466 0.024276679381728172 0.06851761043071747
v 0.05506938695907593 0.021627025678753853 0.06884196400642395
v 0.06359978020191193 0.022197023034095764 0.058922916650772095
v 0.06871822476387024 0.022153573110699654 0.056494519114494324
v 0.06245938315987587 0.027720529586076736 0.05686337873339653
v 0.06245938315987587 0.027720529586076736 0.05686337873339653
v 0.06871822476387024 0.022153573110699654 0.056494519114494324
v 0.0675450786948204 0.027677876874804497 0.0543779581785202
v 0.06245938315987587 0.027720529586076736 0.05686337873339653
v 0.0675450786948204 0.027677876874804497 0.0543779581785202
v 0.06100402772426605 0.03325170278549194 0.05425555631518364
v 0.06100402772426605 0.03325170278549194 0.05425555631518364
v 0.0675450786948204 0.027677876874804497 0.0543779581785202
v 0.06605270504951477 0.03320994973182678 0.05170569568872452
v 0.06100402772426605 0.03325170278549194 0.05425555631518364
v 0.06605270504951477 0.03320994973182678 0.05170569568872452
v 0.059207733720541 0.03879117593169212 0.051054228097200394
v 0.059207733720541 0.03879117593169212 0.051054228097200394
v 0.06605270504951477 0.03320994973182678 0.05170569568872452
v 0.06421628594398499 0.03875040262937546 0.04843452572822571
v 0.059207733720541 0.03879117593169212 0.051054228097200394
v 0.06421628594398499 0.03875040262937546 0.04843452572822571
v 0.05788617208600044 0.04299900680780411 0.048030655831098557
v 0.05788617208600044 0.04299900680780411 0.048030655831098557
v 0.06421628594398499 0.03875040262937546 0.04843452572822571
v 0.06321495771408081 0.0429990328848362 0.04519645869731903
v 0.06359978020191193 0.022197023034095764 0.058922916650772095
v 0.06445161253213882 0.01668054237961769 0.06048012897372246
v 0.06871822476387024 0.022153573110699654 0.056494519114494324
v 0.06871822476387024 0.022153573110699654 0.056494519114494324
v 0.06445161253213882 0.01668054237961769 0.06048012897372246
v 0.06693326681852341 0.01666070707142353 0.05913089960813522
v 0.06871822476387024 0.022153573110699654 0.056494519114494324
v 0.06693326681852341 0.01666070707142353 0.05913089960813522
v 0.06959373503923416 0.016636516898870468 0.05809294804930687
v 0.06884165853261948 0.042999301105737686 0.04298700392246246
v 0.06321495771408081 0.0429990328848362 0.04519645869731903
v 0.06959237158298492 0.03870067745447159 0.04645461589097977
v 0.06959237158298492 0.03870067745447159 0.04645461589097977
v 0.06321495771408081 0.0429990328848362 0.04519645869731903
v 0.06421628594398499 0.03875040262937546 0.04843452572822571
v 0.06959237158298492 0.03870067745447159 0.04645461589097977
v 0.06421628594398499 0.03875040262937546 0.04843452572822571
v 0.07153744995594025 0.0331575833261013 0.04991494491696358
v 0.07153744995594025 0.0331575833261013 0.04991494491696358
v 0.06421628594398499 0.03875040262937546 0.04843452572822571
v 0.06605270504951477 0.03320994973182678 0.05170569568872452
v 0.07153744995594025 0.0331575833261013 0.04991494491696358
v 0.06605270504951477 0.03320994973182678 0.05170569568872452
v 0.0731327086687088 0.027623003348708153 0.05276631563901901
v 0.0731327086687088 0.027623003348708153 0.05276631563901901
v 0.06605270504951477 0.03320994973182678 0.05170569568872452
v 0.0675450786948204 0.027677876874804497 0.0543779581785202
v 0.0731327086687088 0.027623003348708153 0.05276631563901901
v 0.0675450786948204 0.027677876874804497 0.0543779581785202
v 0.07440394908189774 0.022096311673521996 0.05505363270640373
v 0.07440394908189774 0.022096311673521996 0.05505363270640373
v 0.0675450786948204 0.027677876874804497 0.0543779581785202
v 0.06871822476387024 0.022153573110699654 0.056494519114494324
v 0.07440394908189774 0.022096311673521996 0.05505363270640373
v 0.06871822476387024 0.022153573110699654 0.056494519114494324
v 0.07537202537059784 0.01657700166106224 0.05681318789720535
v 0.07537202537059784 0.01657700166106224 0.05681318789720535
v 0.06871822476387024 0.022153573110699654 0.056494519114494324
v 0.06959373503923416 0.016636516898870468 0.05809294804930687
v 0.06429857760667801 -0.01629018411040306 0.06065978482365608
v 0.06739190220832825 -0.010829169303178787 0.06030099838972092
v 0.06493837386369705 -0.010810017585754395 0.06169919669628143
v 0.06493837386369705 -0.010810017585754395 0.06169919669628143
v 0.06739190220832825 -0.010829169303178787 0.06030099838972092
v 0.06778314709663391 -0.005342952441424131 0.060907743871212006
v 0.06493837386369705 -0.010810017585754395 0.06169919669628143
v 0.06778314709663391 -0.005342952441424131 0.060907743871212006
v 0.0653437003493309 -0.005324143450707197 0.062330443412065506
v 0.0653437003493309 -0.005324143450707197 0.062330443412065506
v 0.06778314709663391 -0.005342952441424131 0.060907743871212006
v 0.06793691962957382 0.0001490460563218221 0.06110108271241188
v 0.0653437003493309 -0.005324143450707197 0.062330443412065506
v 0.06793691962957382 0.0001490460563218221 0.06110108271241188
v 0.06550464034080505 0.0001676805259194225 0.06253626942634583
v 0.06550464034080505 0.0001676805259194225 0.06253626942634583
v 0.06793691962957382 0.0001490460563218221 0.06110108271241188
v 0.06784383207559586 0.0056470544077456 0.06086468696594238
v 0.06550464034080505 0.0001676805259194225 0.06253626942634583
v 0.06784383207559586 0.0056470544077456 0.06086468696594238
v 0.06539124995470047 0.005666183307766914 0.06226453557610512
v 0.06503941118717194 0.011170490644872189 0.06157770752906799
v 0.06539124995470047 0.005666183307766914 0.06226453557610512
v 0.06751410663127899 0.011150823906064034 0.06021636724472046
v 0.06751410663127899 0.011150823906064034 0.06021636724472046
v 0.06539124995470047 0.005666183307766914 0.06226453557610512
v 0.06784383207559586 0.0056470544077456 0.06086468696594238
v 0.06751410663127899 0.011150823906064034 0.06021636724472046
v 0.06784383207559586 0.0056470544077456 0.06086468696594238
v 0.07018468528985977 0.011126387864351273 0.05919601395726204
v 0.0693938136100769 -0.016333067789673805 0.058190979063510895
v 0.07287617027759552 -0.010881525464355946 0.058509428054094315
v 0.07004182040691376 -0.010853102430701256 0.05924467742443085
v 0.07004182040691376 -0.010853102430701256 0.05924467742443085
v 0.07287617027759552 -0.010881525464355946 0.058509428054094315
v 0.0732761025428772 -0.0053955200128257275 0.059131283313035965
v 0.07004182040691376 -0.010853102430701256 0.05924467742443085
v 0.0732761025428772 -0.0053955200128257275 0.059131283313035965
v 0.07042539864778519 -0.0053666988387703896 0.05983807146549225
v 0.07042539864778519 -0.0053666988387703896 0.05983807146549225
v 0.0732761025428772 -0.0053955200128257275 0.059131283313035965
v 0.0734153464436531 9.683208918431774e-05 0.05929933488368988
v 0.07042539864778519 -0.0053666988387703896 0.05983807146549225
v 0.0734153464436531 9.683208918431774e-05 0.05929933488368988
v 0.07056990265846252 0.00012552522821351886 0.06001528725028038
v 0.07056990265846252 0.00012552522821351886 0.06001528725028038
v 0.0734153464436531 9.683208918431774e-05 0.05929933488368988
v 0.07336271554231644 0.005593855399638414 0.0591333732008934
v 0.07056990265846252 0.00012552522821351886 0.06001528725028038
v 0.07336271554231644 0.005593855399638414 0.0591333732008934
v 0.0704994797706604 0.005622982047498226 0.059818342328071594
v 0.0704994797706604 0.005622982047498226 0.059818342328071594
v 0.07336271554231644 0.005593855399638414 0.0591333732008934
v 0.07303714007139206 0.011097523383796215 0.0584922730922699
v 0.0704994797706604 0.005622982047498226 0.059818342328071594
v 0.07303714007139206 0.011097523383796215 0.0584922730922699
v 0.07018468528985977 0.011126387864351273 0.05919601395726204
v 0.07018468528985977 0.011126387864351273 0.05919601395726204
v 0.06784383207559586 0.0056470544077456 0.06086468696594238
v 0.0704994797706604 0.005622982047498226 0.059818342328071594
v 0.0704994797706604 0.005622982047498226 0.059818342328071594
v 0.06784383207559586 0.0056470544077456 0.06086468696594238
v 0.06793691962957382 0.0001490460563218221 0.06110108271241188
v 0.0704994797706604 0.005622982047498226 0.059818342328071594
v 0.06793691962957382 0.0001490460563218221 0.06110108271241188
v 0.07056990265846252 0.00012552522821351886 0.06001528725028038
v 0.07056990265846252 0.00012552522821351886 0.06001528725028038
v 0.06793691962957382 0.0001490460563218221 0.06110108271241188
v 0.06778314709663391 -0.005342952441424131 0.060907743871212006
v 0.07056990265846252 0.00012552522821351886 0.06001528725028038
v 0.06778314709663391 -0.005342952441424131 0.060907743871212006
v 0.07042539864778519 -0.0053666988387703896 0.05983807146549225
v 0.07042539864778519 -0.0053666988387703896 0.05983807146549225
v 0.06778314709663391 -0.005342952441424131 0.060907743871212006
v 0.06739190220832825 -0.010829169303178787 0.06030099838972092
v 0.07042539864778519 -0.0053666988387703896 0.05983807146549225
v 0.06739190220832825 -0.010829169303178787 0.06030099838972092
v 0.07004182040691376 -0.010853102430701256 0.05924467742443085
v 0.07004182040691376 -0.010853102430701256 0.05924467742443085
v 0.06739190220832825 -0.010829169303178787 0.06030099838972092
v 0.06675590574741364 -0.016309427097439766 0.059268202632665634
v 0.07004182040691376 -0.010853102430701256 0.05924467742443085
v 0.06675590574741364 -0.016309427097439766 0.059268202632665634
v 0.0693938136100769 -0.016333067789673805 0.058190979063510895
v 0.07471832633018494 0.04299972206354141 0.0413762591779232
v 0.06884165853261948 0.042999301105737686 0.04298700392246246
v 0.07530248910188675 0.038642823696136475 0.04505620151758194
v 0.07530248910188675 0.038642823696136475 0.04505620151758194
v 0.06884165853261948 0.042999301105737686 0.04298700392246246
v 0.06959237158298492 0.03870067745447159 0.04645461589097977
v 0.07530248910188675 0.038642823696136475 0.04505620151758194
v 0.06959237158298492 0.03870067745447159 0.04645461589097977
v 0.0773884505033493 0.033096298575401306 0.048761770129203796
v 0.0773884505033493 0.033096298575401306 0.048761770129203796
v 0.06959237158298492 0.03870067745447159 0.04645461589097977
v 0.07153744995594025 0.0331575833261013 0.04991494491696358
v 0.0773884505033493 0.033096298575401306 0.048761770129203796
v 0.07153744995594025 0.0331575833261013 0.04991494491696358
v 0.07911218702793121 0.027558591216802597 0.05183679237961769
v 0.07911218702793121 0.027558591216802597 0.05183679237961769
v 0.07153744995594025 0.0331575833261013 0.04991494491696358
v 0.0731327086687088 0.027623003348708153 0.05276631563901901
v 0.07911218702793121 0.027558591216802597 0.05183679237961769
v 0.0731327086687088 0.027623003348708153 0.05276631563901901
v 0.08050259202718735 0.022028999403119087 0.054331548511981964
v 0.08050259202718735 0.022028999403119087 0.054331548511981964
v 0.0731327086687088 0.027623003348708153 0.05276631563901901
v 0.07440394908189774 0.022096311673521996 0.05505363270640373
v 0.08050259202718735 0.022028999403119087 0.054331548511981964
v 0.07440394908189774 0.022096311673521996 0.05505363270640373
v 0.08158542960882187 0.016506895422935486 0.0562908872961998
v 0.08158542960882187 0.016506895422935486 0.0562908872961998
v 0.07440394908189774 0.022096311673521996 0.05505363270640373
v 0.07537202537059784 0.01657700166106224 0.05681318789720535
v 0.08158542960882187 0.016506895422935486 0.0562908872961998
v 0.07537202537059784 0.01657700166106224 0.05681318789720535
v 0.08237453550100327 0.010991942137479782 0.057738907635211945
v 0.08237453550100327 0.010991942137479782 0.057738907635211945
v 0.07537202537059784 0.01657700166106224 0.05681318789720535
v 0.07604701071977615 0.01106482744216919 0.05806254968047142
v 0.08237453550100327 0.010991942137479782 0.057738907635211945
v 0.07604701071977615 0.01106482744216919 0.05806254968047142
v 0.08286674320697784 0.005484216846525669 0.05867009237408638
v 0.08286674320697784 0.005484216846525669 0.05867009237408638
v 0.07604701071977615 0.01106482744216919 0.05806254968047142
v 0.07642489671707153 0.005559885874390602 0.05879472196102142
v 0.08286674320697784 0.005484216846525669 0.05867009237408638
v 0.07642489671707153 0.005559885874390602 0.05879472196102142
v 0.08301357179880142 -1.5099692973308265e-05 0.05900002270936966
v 0.08301357179880142 -1.5099692973308265e-05 0.05900002270936966
v 0.07642489671707153 0.005559885874390602 0.05879472196102142
v 0.07650229334831238 6.225947436178103e-05 0.059003785252571106
v 0.08301357179880142 -1.5099692973308265e-05 0.05900002270936966
v 0.07650229334831238 6.225947436178103e-05 0.059003785252571106
v 0.07632848620414734 -0.005429251119494438 0.05877556651830673
v 0.06445161253213882 0.01668054237961769 0.06048012897372246
v 0.06503941118717194 0.011170490644872189 0.06157770752906799
v 0.06693326681852341 0.01666070707142353 0.05913089960813522
v 0.06693326681852341 0.01666070707142353 0.05913089960813522
v 0.06503941118717194 0.011170490644872189 0.06157770752906799
v 0.06751410663127899 0.011150823906064034 0.06021636724472046
v 0.06693326681852341 0.01666070707142353 0.05913089960813522
v 0.06751410663127899 0.011150823906064034 0.06021636724472046
v 0.06959373503923416 0.016636516898870468 0.05809294804930687
v 0.06959373503923416 0.016636516898870468 0.05809294804930687
v 0.06751410663127899 0.011150823906064034 0.06021636724472046
v 0.07018468528985977 0.011126387864351273 0.05919601395726204
v 0.06959373503923416 0.016636516898870468 0.05809294804930687
v 0.07018468528985977 0.011126387864351273 0.05919601395726204
v 0.07537202537059784 0.01657700166106224 0.05681318789720535
v 0.07537202537059784 0.01657700166106224 0.05681318789720535
v 0.07018468528985977 0.011126387864351273 0.05919601395726204
v 0.07303714007139206 0.011097523383796215 0.0584922730922699
v 0.07537202537059784 0.01657700166106224 0.05681318789720535
v 0.07303714007139206 0.011097523383796215 0.0584922730922699
v 0.07604701071977615 0.01106482744216919 0.05806254968047142
v 0.07604701071977615 0.01106482744216919 0.05806254968047142
v 0.07303714007139206 0.011097523383796215 0.0584922730922699
v 0.07336271554231644 0.005593855399638414 0.0591333732008934
v 0.07604701071977615 0.01106482744216919 0.05806254968047142
v 0.07336271554231644 0.005593855399638414 0.0591333732008934
v 0.07642489671707153 0.005559885874390602 0.05879472196102142
v 0.07642489671707153 0.005559885874390602 0.05879472196102142
v 0.07336271554231644 0.005593855399638414 0.0591333732008934
v 0.0734153464436531 9.683208918431774e-05 0.05929933488368988
v 0.07642489671707153 0.005559885874390602 0.05879472196102142
v 0.0734153464436531 9.683208918431774e-05 0.05929933488368988
v 0.07650229334831238 6.225947436178103e-05 0.059003785252571106
v 0.07650229334831238 6.225947436178103e-05 0.059003785252571106
v 0.0734153464436531 9.683208918431774e-05 0.05929933488368988
v 0.0732761025428772 -0.0053955200128257275 0.059131283313035965
v 0.07650229334831238 6.225947436178103e-05 0.059003785252571106
v 0.0732761025428772 -0.0053955200128257275 0.059131283313035965
v 0.07632848620414734 -0.005429251119494438 0.05877556651830673
v 0.07632848620414734 -0.005429251119494438 0.05877556651830673
v 0.0732761025428772 -0.0053955200128257275 0.059131283313035965
v 0.07287617027759552 -0.010881525464355946 0.058509428054094315
v 0.04468120262026787 0.042999811470508575 0.05980854481458664
v 0.04564248397946358 0.038256868720054626 0.06582338362932205
v 0.04667675867676735 0.038852766156196594 0.06325607746839523
v 0.04667675867676735 0.038852766156196594 0.06325607746839523
v 0.04564248397946358 0.038256868720054626 0.06582338362932205
v 0.048749085515737534 0.03398536890745163 0.06685680150985718
v 0.04667675867676735 0.038852766156196594 0.06325607746839523
v 0.048749085515737534 0.03398536890745163 0.06685680150985718
v 0.05041595920920372 0.03884289413690567 0.058426689356565475
v 0.05041595920920372 0.03884289413690567 0.058426689356565475
v 0.048749085515737534 0.03398536890745163 0.06685680150985718
v 0.05244344100356102 0.033297792077064514 0.06203046813607216
v 0.05041595920920372 0.03884289413690567 0.058426689356565475
v 0.05244344100356102 0.033297792077064514 0.06203046813607216
v 0.0564529113471508 0.033281341195106506 0.05767155811190605
v 0.0564529113471508 0.033281341195106506 0.05767155811190605
v 0.05244344100356102 0.033297792077064514 0.06203046813607216
v 0.05796842277050018 0.027748702093958855 0.06038409844040871
v 0.0564529113471508 0.033281341195106506 0.05767155811190605
v 0.05796842277050018 0.027748702093958855 0.06038409844040871
v 0.06245938315987587 0.027720529586076736 0.05686337873339653
v 0.06245938315987587 0.027720529586076736 0.05686337873339653
v 0.05796842277050018 0.027748702093958855 0.06038409844040871
v 0.06129314377903938 0.022212598472833633 0.06057681888341904
v 0.06245938315987587 0.027720529586076736 0.05686337873339653
v 0.06129314377903938 0.022212598472833633 0.06057681888341904
v 0.06359978020191193 0.022197023034095764 0.058922916650772095
v 0.06359978020191193 0.022197023034095764 0.058922916650772095
v 0.06129314377903938 0.022212598472833633 0.06057681888341904
v 0.062164273113012314 0.016695648431777954 0.06216762587428093
v 0.06359978020191193 0.022197023034095764 0.058922916650772095
v 0.062164273113012314 0.016695648431777954 0.06216762587428093
v 0.06445161253213882 0.01668054237961769 0.06048012897372246
v 0.06445161253213882 0.01668054237961769 0.06048012897372246
v 0.062164273113012314 0.016695648431777954 0.06216762587428093
v 0.06277279555797577 0.01118509192019701 0.06330128014087677
v 0.06445161253213882 0.01668054237961769 0.06048012897372246
v 0.06277279555797577 0.01118509192019701 0.06330128014087677
v 0.06503941118717194 0.011170490644872189 0.06157770752906799
v 0.06503941118717194 0.011170490644872189 0.06157770752906799
v 0.06277279555797577 0.01118509192019701 0.06330128014087677
v 0.06314519047737122 0.00568028399720788 0.06402388960123062
v 0.06503941118717194 0.011170490644872189 0.06157770752906799
v 0.06314519047737122 0.00568028399720788 0.06402388960123062
v 0.06539124995470047 0.005666183307766914 0.06226453557610512
v 0.06539124995470047 0.005666183307766914 0.06226453557610512
v 0.06314519047737122 0.00568028399720788 0.06402388960123062
v 0.06327410787343979 0.0001814034185372293 0.06432265788316727
v 0.06539124995470047 0.005666183307766914 0.06226453557610512
v 0.06327410787343979 0.0001814034185372293 0.06432265788316727
v 0.06550464034080505 0.0001676805259194225 0.06253626942634583
v 0.06550464034080505 0.0001676805259194225 0.06253626942634583
v 0.06327410787343979 0.0001814034185372293 0.06432265788316727
v 0.06310921907424927 -0.005310324486345053 0.06410995870828629
v 0.06550464034080505 0.0001676805259194225 0.06253626942634583
v 0.06310921907424927 -0.005310324486345053 0.06410995870828629
v 0.0653437003493309 -0.005324143450707197 0.062330443412065506
v 0.0653437003493309 -0.005324143450707197 0.062330443412065506
v 0.06310921907424927 -0.005310324486345053 0.06410995870828629
v 0.0626918226480484 -0.010795904323458672 0.06345770508050919
v 0.0653437003493309 -0.005324143450707197 0.062330443412065506
v 0.0626918226480484 -0.010795904323458672 0.06345770508050919
v 0.06493837386369705 -0.010810017585754395 0.06169919669628143
v 0.06493837386369705 -0.010810017585754395 0.06169919669628143
v 0.0626918226480484 -0.010795904323458672 0.06345770508050919
v 0.06203699856996536 -0.01627570390701294 0.06239212304353714
v 0.06493837386369705 -0.010810017585754395 0.06169919669628143
v 0.06203699856996536 -0.01627570390701294 0.06239212304353714
v 0.06429857760667801 -0.01629018411040306 0.06065978482365608
v 0.05680857598781586 -0.016266753897070885 0.0693611353635788
v 0.056025147438049316 -0.01889079064130783 0.06912852078676224
v 0.05815735086798668 -0.016262413933873177 0.06697702407836914
v 0.05815735086798668 -0.016262413933873177 0.06697702407836914
v 0.056025147438049316 -0.01889079064130783 0.06912852078676224
v 0.05714770779013634 -0.02173357643187046 0.06529378145933151
v 0.05815735086798668 -0.016262413933873177 0.06697702407836914
v 0.05714770779013634 -0.02173357643187046 0.06529378145933151
v 0.059985507279634476 -0.016266340389847755 0.0644901841878891
v 0.059985507279634476 -0.016266340389847755 0.0644901841878891
v 0.05714770779013634 -0.02173357643187046 0.06529378145933151
v 0.059039562940597534 -0.0217390526086092 0.06291782855987549
v 0.059985507279634476 -0.016266340389847755 0.0644901841878891
v 0.059039562940597534 -0.0217390526086092 0.06291782855987549
v 0.06203699856996536 -0.01627570390701294 0.06239212304353714
v 0.06203699856996536 -0.01627570390701294 0.06239212304353714
v 0.059039562940597534 -0.0217390526086092 0.06291782855987549
v 0.06112898513674736 -0.021749339997768402 0.060885801911354065
v 0.06203699856996536 -0.01627570390701294 0.06239212304353714
v 0.06112898513674736 -0.021749339997768402 0.060885801911354065
v 0.06429857760667801 -0.01629018411040306 0.06065978482365608
v 0.06429857760667801 -0.01629018411040306 0.06065978482365608
v 0.06112898513674736 -0.021749339997768402 0.060885801911354065
v 0.06340701133012772 -0.021764220669865608 0.05918208882212639
v 0.06429857760667801 -0.01629018411040306 0.06065978482365608
v 0.06340701133012772 -0.021764220669865608 0.05918208882212639
v 0.06675590574741364 -0.016309427097439766 0.059268202632665634
v 0.06675590574741364 -0.016309427097439766 0.059268202632665634
v 0.06340701133012772 -0.021764220669865608 0.05918208882212639
v 0.06847577542066574 -0.02180645987391472 0.056667204946279526
v 0.06675590574741364 -0.016309427097439766 0.059268202632665634
v 0.06847577542066574 -0.02180645987391472 0.056667204946279526
v 0.0693938136100769 -0.016333067789673805 0.058190979063510895
v 0.0693938136100769 -0.016333067789673805 0.058190979063510895
v 0.06847577542066574 -0.02180645987391472 0.056667204946279526
v 0.07513494789600372 -0.016391677781939507 0.05684655159711838
v 0.0693938136100769 -0.016333067789673805 0.058190979063510895
v 0.07513494789600372 -0.016391677781939507 0.05684655159711838
v 0.07287617027759552 -0.010881525464355946 0.058509428054094315
v 0.07287617027759552 -0.010881525464355946 0.058509428054094315
v 0.07513494789600372 -0.016391677781939507 0.05684655159711838
v 0.07587195187807083 -0.010913878679275513 0.058055177330970764
v 0.07287617027759552 -0.010881525464355946 0.058509428054094315
v 0.07587195187807083 -0.010913878679275513 0.058055177330970764
v 0.07632848620414734 -0.005429251119494438 0.05877556651830673
v 0.07632848620414734 -0.005429251119494438 0.05877556651830673
v 0.07587195187807083 -0.010913878679275513 0.058055177330970764
v 0.08276408165693283 -0.0055047678761184216 0.05864006280899048
v 0.07632848620414734 -0.005429251119494438 0.05877556651830673
v 0.08276408165693283 -0.0055047678761184216 0.05864006280899048
v 0.08301357179880142 -1.5099692973308265e-05 0.05900002270936966
v 0.08301357179880142 -1.5099692973308265e-05 0.05900002270936966
v 0.08276408165693283 -0.0055047678761184216 0.05864006280899048
v 0.08952692151069641 -9.250926086679101e-05 0.058999862521886826
v 0.08301357179880142 -1.5099692973308265e-05 0.05900002270936966
v 0.08952692151069641 -9.250926086679101e-05 0.058999862521886826
v 0.08286674320697784 0.005484216846525669 0.05867009237408638
v 0.08286674320697784 0.005484216846525669 0.05867009237408638
v 0.08952692151069641 -9.250926086679101e-05 0.058999862521886826
v 0.08938449621200562 0.005406700074672699 0.05867759510874748
v 0.08286674320697784 0.005484216846525669 0.05867009237408638
v 0.08938449621200562 0.005406700074672699 0.05867759510874748
v 0.08237453550100327 0.010991942137479782 0.057738907635211945
v 0.08237453550100327 0.010991942137479782 0.057738907635211945
v 0.08938449621200562 0.005406700074672699 0.05867759510874748
v 0.08887019008398056 0.010914962738752365 0.05770794302225113
v 0.08237453550100327 0.010991942137479782 0.057738907635211945
v 0.08887019008398056 0.010914962738752365 0.05770794302225113
v 0.08158542960882187 0.016506895422935486 0.0562908872961998
v 0.08158542960882187 0.016506895422935486 0.0562908872961998
v 0.08887019008398056 0.010914962738752365 0.05770794302225113
v 0.08802270889282227 0.016431337222456932 0.056158311665058136
v 0.08158542960882187 0.016506895422935486 0.0562908872961998
v 0.08802270889282227 0.016431337222456932 0.056158311665058136
v 0.08050259202718735 0.022028999403119087 0.054331548511981964
v 0.08050259202718735 0.022028999403119087 0.054331548511981964
v 0.08802270889282227 0.016431337222456932 0.056158311665058136
v 0.08686035871505737 0.021955376490950584 0.05406055599451065
v 0.08050259202718735 0.022028999403119087 0.054331548511981964
v 0.08686035871505737 0.021955376490950584 0.05406055599451065
v 0.07911218702793121 0.027558591216802597 0.05183679237961769
v 0.07911218702793121 0.027558591216802597 0.05183679237961769
v 0.08686035871505737 0.021955376490950584 0.05406055599451065
v 0.08537489920854568 0.02748728357255459 0.051400333642959595
v 0.07911218702793121 0.027558591216802597 0.05183679237961769
v 0.08537489920854568 0.02748728357255459 0.051400333642959595
v 0.0773884505033493 0.033096298575401306 0.048761770129203796
v 0.0773884505033493 0.033096298575401306 0.048761770129203796
v 0.08537489920854568 0.02748728357255459 0.051400333642959595
v 0.08353859931230545 0.033027730882167816 0.048129357397556305
v 0.0773884505033493 0.033096298575401306 0.048761770129203796
v 0.08353859931230545 0.033027730882167816 0.048129357397556305
v 0.07530248910188675 0.038642823696136475 0.04505620151758194
v 0.07530248910188675 0.038642823696136475 0.04505620151758194
v 0.08353859931230545 0.033027730882167816 0.048129357397556305
v 0.08131818473339081 0.03857753053307533 0.04418972134590149
v 0.07530248910188675 0.038642823696136475 0.04505620151758194
v 0.08131818473339081 0.03857753053307533 0.04418972134590149
v 0.07471832633018494 0.04299972206354141 0.0413762591779232
v 0.07471832633018494 0.04299972206354141 0.0413762591779232
v 0.08131818473339081 0.03857753053307533 0.04418972134590149
v 0.08127020299434662 0.043000005185604095 0.04029062017798424
v 0.05624654144048691 0.02719750627875328 -0.06368165463209152
v 0.05464782938361168 0.03263700753450394 -0.06140005961060524
v 0.05877869948744774 0.032637011259794235 -0.05733499675989151
v 0.06388049572706223 -0.02175801619887352 -0.05963578820228577
v 0.0663815438747406 -0.02175801619887352 -0.05822494253516197
v 0.06517249345779419 -0.027197517454624176 -0.05649944767355919
v 0.1300000101327896 -0.03399603068828583 -0.04822107404470444
v 0.10823950916528702 -0.032637014985084534 -0.04823947325348854
v 0.11059372127056122 -0.02719751186668873 -0.051599279046058655
v 0.10722629725933075 -0.043000005185604095 -0.03994923457503319
v 0.10204700380563736 -0.043000008910894394 -0.03987440839409828
v 0.10539786517620087 -0.03807651996612549 -0.04418402537703514
v 0.04704191908240318 -0.03560980036854744 -0.07000000029802322
v 0.04877754673361778 -0.03319263458251953 -0.07000000029802322
v 0.05115022510290146 -0.03263702243566513 -0.06636887043714523
v 0.05684399604797363 -0.015803812071681023 -0.07000000774860382
v 0.05690589174628258 -0.016318514943122864 -0.0696028396487236
v 0.056697335094213486 -0.016322152689099312 -0.07000000774860382
v 0.0647035464644432 0.0430000014603138 -0.045633621513843536
v 0.07105802744626999 0.0430000014603138 -0.043070822954177856
v 0.07232623547315598 0.03807651624083519 -0.04678806662559509
v 0.08824736624956131 0.0430000014603138 -0.03986484557390213
v 0.08840709179639816 0.0430000014603138 -0.03985677659511566
v 0.0912875384092331 0.03807651624083519 -0.04396737739443779
v 0.1300000101327896 0.042999979108572006 -0.04039808362722397
v 0.12999999523162842 0.039586760103702545 -0.043747831135988235
v 0.10203294456005096 0.0430000014603138 -0.039854295551776886
v 0.10203294456005096 0.0430000014603138 -0.039854295551776886
v 0.12999999523162842 0.039586760103702545 -0.043747831135988235
v 0.10536917299032211 0.03807651996612549 -0.04414309561252594
v 0.10203294456005096 0.0430000014603138 -0.039854295551776886
v 0.10536917299032211 0.03807651996612549 -0.04414309561252594
v 0.09228216111660004 0.0430000014603138 -0.03976067155599594
v 0.07828929275274277 0.03807651624083519 -0.04533780366182327
v 0.07574646174907684 0.0430000014603138 -0.041709184646606445
v 0.08067391812801361 0.0430000014603138 -0.04068785905838013
v 0.06159454956650734 0.03807651251554489 -0.051393214613199234
v 0.06119350343942642 0.0430000014603138 -0.047476254403591156
v 0.06458133459091187 0.0430000014603138 -0.04569220170378685
v 0.06119350343942642 0.0430000014603138 -0.047476254403591156
v 0.06159454956650734 0.03807651251554489 -0.051393214613199234
v 0.055092595517635345 0.0430000014603138 -0.05160197615623474
v 0.055092595517635345 0.0430000014603138 -0.05160197615623474
v 0.06159454956650734 0.03807651251554489 -0.051393214613199234
v 0.05690767243504524 0.03807651251554489 -0.054664768278598785
v 0.055092595517635345 0.0430000014603138 -0.05160197615623474
v 0.05690767243504524 0.03807651251554489 -0.054664768278598785
v 0.054879751056432724 0.0430000014603138 -0.051770634949207306
v 0.054879751056432724 0.0430000014603138 -0.051770634949207306
v 0.05690767243504524 0.03807651251554489 -0.054664768278598785
v 0.0527307391166687 0.0430000014603138 -0.05358205363154411
v 0.0527307391166687 0.0430000014603138 -0.05358205363154411
v 0.05690767243504524 0.03807651251554489 -0.054664768278598785
v 0.05269613116979599 0.03807651251554489 -0.05861470103263855
v 0.0527307391166687 0.0430000014603138 -0.05358205363154411
v 0.05269613116979599 0.03807651251554489 -0.05861470103263855
v 0.0505870021879673 0.0430000014603138 -0.05560722202062607
v 0.0505870021879673 0.0430000014603138 -0.05560722202062607
v 0.05269613116979599 0.03807651251554489 -0.05861470103263855
v 0.04694711044430733 0.0430000014603138 -0.059661831706762314
v 0.04694711044430733 0.0430000014603138 -0.059661831706762314
v 0.05269613116979599 0.03807651251554489 -0.05861470103263855
v 0.048974569886922836 0.03807651251554489 -0.0632639080286026
v 0.04694711044430733 0.0430000014603138 -0.059661831706762314
v 0.048974569886922836 0.03807651251554489 -0.0632639080286026
v 0.0456390306353569 0.0430000014603138 -0.06135522201657295
v 0.0456390306353569 0.0430000014603138 -0.06135522201657295
v 0.048974569886922836 0.03807651251554489 -0.0632639080286026
v 0.04575448855757713 0.03807650879025459 -0.06862879544496536
v 0.0456390306353569 0.0430000014603138 -0.06135522201657295
v 0.04575448855757713 0.03807650879025459 -0.06862879544496536
v 0.04346166178584099 0.0430000014603138 -0.06452997773885727
v 0.052917830646038055 0.02719750627875328 -0.0688915103673935
v 0.0487259142100811 0.033268388360738754 -0.07000000774860382
v 0.05112668499350548 0.03263700753450394 -0.0663352832198143
v 0.05112668499350548 0.03263700753450394 -0.0663352832198143
v 0.0487259142100811 0.033268388360738754 -0.07000000774860382
v 0.04704191908240318 0.03560980036854744 -0.07000000774860382
v 0.05475819483399391 0.021966801956295967 -0.07000000774860382
v 0.053580448031425476 0.02470092475414276 -0.07000000774860382
v 0.052917830646038055 0.02719750627875328 -0.0688915103673935
v 0.052917830646038055 0.02719750627875328 -0.0688915103673935
v 0.053580448031425476 0.02470092475414276 -0.07000000774860382
v 0.052049703896045685 0.027781805023550987 -0.07000000774860382
v 0.052917830646038055 0.02719750627875328 -0.0688915103673935
v 0.052049703896045685 0.027781805023550987 -0.07000000774860382
v 0.0487259142100811 0.033268388360738754 -0.07000000774860382
v 0.05849914997816086 0.01631850190460682 -0.066896453499794
v 0.056902848184108734 0.01631850190460682 -0.06959850341081619
v 0.05475819483399391 0.021966801956295967 -0.07000000774860382
v 0.057629190385341644 -0.012644240632653236 -0.07000000774860382
v 0.05822375416755676 -0.009539113380014896 -0.07000000774860382
v 0.05919485539197922 -0.010879011824727058 -0.06788932532072067
v 0.05919485539197922 -0.010879011824727058 -0.06788932532072067
v 0.05822375416755676 -0.009539113380014896 -0.07000000774860382
v 0.05891523137688637 -0.0031616489868611097 -0.07000000774860382
v 0.05919485539197922 -0.010879011824727058 -0.06788932532072067
v 0.05891523137688637 -0.0031616489868611097 -0.07000000774860382
v 0.059599846601486206 -0.005439508706331253 -0.06846730411052704
v 0.059599846601486206 -0.005439508706331253 -0.06846730411052704
v 0.05891523137688637 -0.0031616489868611097 -0.07000000774860382
v 0.05900000408291817 9.396693672752569e-17 -0.07000000774860382
v 0.059599846601486206 -0.005439508706331253 -0.06846730411052704
v 0.05900000408291817 9.396693672752569e-17 -0.07000000774860382
v 0.05973829701542854 -6.227085069809846e-09 -0.06866489350795746
v 0.05973829701542854 -6.227085069809846e-09 -0.06866489350795746
v 0.05900000408291817 9.396693672752569e-17 -0.07000000774860382
v 0.058910246938467026 0.0032531905453652143 -0.07000000774860382
v 0.05973829701542854 -6.227085069809846e-09 -0.06866489350795746
v 0.058910246938467026 0.0032531905453652143 -0.07000000774860382
v 0.059602126479148865 0.005439496599137783 -0.0684705600142479
v 0.059602126479148865 0.005439496599137783 -0.0684705600142479
v 0.058910246938467026 0.0032531905453652143 -0.07000000774860382
v 0.05820886045694351 0.009629572741687298 -0.07000000774860382
v 0.059602126479148865 0.005439496599137783 -0.0684705600142479
v 0.05820886045694351 0.009629572741687298 -0.07000000774860382
v 0.05918965861201286 0.010878998786211014 -0.06788190454244614
v 0.05918965861201286 0.010878998786211014 -0.06788190454244614
v 0.05820886045694351 0.009629572741687298 -0.07000000774860382
v 0.057629190385341644 0.012644240632653236 -0.07000000774860382
v 0.05918965861201286 0.010878998786211014 -0.06788190454244614
v 0.057629190385341644 0.012644240632653236 -0.07000000774860382
v 0.05849914997816086 0.01631850190460682 -0.066896453499794
v 0.05849914997816086 0.01631850190460682 -0.066896453499794
v 0.057629190385341644 0.012644240632653236 -0.07000000774860382
v 0.057252299040555954 0.014253932982683182 -0.07000000774860382
v 0.05849914997816086 0.01631850190460682 -0.066896453499794
v 0.057252299040555954 0.014253932982683182 -0.07000000774860382
v 0.056902848184108734 0.01631850190460682 -0.06959850341081619
v 0.056902848184108734 0.01631850190460682 -0.06959850341081619
v 0.057252299040555954 0.014253932982683182 -0.07000000774860382
v 0.0568193718791008 0.015892120078206062 -0.07000000774860382
v 0.056902848184108734 0.01631850190460682 -0.06959850341081619
v 0.0568193718791008 0.015892120078206062 -0.07000000774860382
v 0.05475819483399391 0.021966801956295967 -0.07000000774860382
v 0.056697335094213486 -0.016322152689099312 -0.07000000774860382
v 0.05690589174628258 -0.016318514943122864 -0.0696028396487236
v 0.054792262613773346 -0.02188168838620186 -0.07000000029802322
v 0.057629190385341644 -0.012644240632653236 -0.07000000774860382
v 0.05919485539197922 -0.010879011824727058 -0.06788932532072067
v 0.05684399604797363 -0.015803812071681023 -0.07000000774860382
v 0.05684399604797363 -0.015803812071681023 -0.07000000774860382
v 0.05919485539197922 -0.010879011824727058 -0.06788932532072067
v 0.058522358536720276 -0.016318514943122864 -0.06692956387996674
v 0.05684399604797363 -0.015803812071681023 -0.07000000774860382
v 0.058522358536720276 -0.016318514943122864 -0.06692956387996674
v 0.05690589174628258 -0.016318514943122864 -0.0696028396487236
v 0.05690589174628258 -0.016318514943122864 -0.0696028396487236
v 0.058522358536720276 -0.016318514943122864 -0.06692956387996674
v 0.057569436728954315 -0.02175801619887352 -0.06556960940361023
v 0.05690589174628258 -0.016318514943122864 -0.0696028396487236
v 0.057569436728954315 -0.02175801619887352 -0.06556960940361023
v 0.054792262613773346 -0.02188168838620186 -0.07000000029802322
v 0.05273892357945442 -0.03807652369141579 -0.05867575854063034
v 0.04661917686462402 -0.043000027537345886 -0.06011085957288742
v 0.04899901524186134 -0.038076527416706085 -0.0632987767457962
v 0.04899901524186134 -0.038076527416706085 -0.0632987767457962
v 0.04661917686462402 -0.043000027537345886 -0.06011085957288742
v 0.04306082800030708 -0.043000027537345886 -0.06518914550542831
v 0.04899901524186134 -0.038076527416706085 -0.0632987767457962
v 0.04306082800030708 -0.043000027537345886 -0.06518914550542831
v 0.045758750289678574 -0.038076527416706085 -0.06863486021757126
v 0.06167164444923401 -0.03807652369141579 -0.051503218710422516
v 0.05988871306180954 -0.04300002008676529 -0.048320282250642776
v 0.05511612072587013 -0.04300002381205559 -0.05163552239537239
v 0.07239848375320435 -0.03807652369141579 -0.04689116030931473
v 0.07124166935682297 -0.04300001636147499 -0.04306899756193161
v 0.06534530967473984 -0.04300002008676529 -0.04540322348475456
v 0.07835539430379868 -0.03807651996612549 -0.04543213173747063
v 0.07748490571975708 -0.04300001636147499 -0.04135004058480263
v 0.07124166935682297 -0.04300001636147499 -0.04306899756193161
v 0.1300000101327896 -0.04299997538328171 -0.04039810225367546
v 0.10722629725933075 -0.043000005185604095 -0.03994923457503319
v 0.12999999523162842 -0.04017525911331177 -0.043208200484514236
v 0.12999999523162842 -0.04017525911331177 -0.043208200484514236
v 0.10722629725933075 -0.043000005185604095 -0.03994923457503319
v 0.10539786517620087 -0.03807651996612549 -0.04418402537703514
v 0.12999999523162842 -0.04017525911331177 -0.043208200484514236
v 0.10539786517620087 -0.03807651996612549 -0.04418402537703514
v 0.12999999523162842 -0.04011041671037674 -0.04326837509870529
v 0.1300000101327896 -0.03399603068828583 -0.04822107404470444
v 0.12999999523162842 -0.034982360899448395 -0.04751037061214447
v 0.10823950916528702 -0.032637014985084534 -0.04823947325348854
v 0.10823950916528702 -0.032637014985084534 -0.04823947325348854
v 0.12999999523162842 -0.034982360899448395 -0.04751037061214447
v 0.12999999523162842 -0.03560980036854744 -0.04704191908240318
v 0.10823950916528702 -0.032637014985084534 -0.04823947325348854
v 0.12999999523162842 -0.03560980036854744 -0.04704191908240318
v 0.10539786517620087 -0.03807651996612549 -0.04418402537703514
v 0.10539786517620087 -0.03807651996612549 -0.04418402537703514
v 0.12999999523162842 -0.03560980036854744 -0.04704191908240318
v 0.12999999523162842 -0.03807506337761879 -0.04506982862949371
v 0.10539786517620087 -0.03807651996612549 -0.04418402537703514
v 0.12999999523162842 -0.03807506337761879 -0.04506982862949371
v 0.12999999523162842 -0.04011041671037674 -0.04326837509870529
v 0.12999999523162842 -0.024744197726249695 -0.05356047675013542
v 0.11059372127056122 -0.02719751186668873 -0.051599279046058655
v 0.12999999523162842 -0.02470092475414276 -0.053580448031425476
v 0.12999999523162842 -0.02470092475414276 -0.053580448031425476
v 0.11059372127056122 -0.02719751186668873 -0.051599279046058655
v 0.11248663812875748 -0.021758010610938072 -0.05430074408650398
v 0.12999999523162842 -0.024744197726249695 -0.05356047675013542
v 0.12999999523162842 -0.02538110315799713 -0.053261648863554
v 0.11059372127056122 -0.02719751186668873 -0.051599279046058655
v 0.11059372127056122 -0.02719751186668873 -0.051599279046058655
v 0.12999999523162842 -0.02538110315799713 -0.053261648863554
v 0.12999999523162842 -0.027195317670702934 -0.05235851928591728
v 0.11059372127056122 -0.02719751186668873 -0.051599279046058655
v 0.12999999523162842 -0.027195317670702934 -0.05235851928591728
v 0.1300000101327896 -0.03399603068828583 -0.04822107404470444
v 0.11496838927268982 -0.010879004374146461 -0.05784257501363754
v 0.12999999523162842 -0.013585561886429787 -0.05741458013653755
v 0.1139397844672203 -0.016318507492542267 -0.056374598294496536
v 0.1139397844672203 -0.016318507492542267 -0.056374598294496536
v 0.12999999523162842 -0.013585561886429787 -0.05741458013653755
v 0.12999999523162842 -0.016317525878548622 -0.05669866129755974
v 0.1139397844672203 -0.016318507492542267 -0.056374598294496536
v 0.12999999523162842 -0.016317525878548622 -0.05669866129755974
v 0.12999999523162842 -0.021756352856755257 -0.05484214797616005
v 0.11577942967414856 7.467254592441464e-10 -0.05900004133582115
v 0.12999999523162842 -0.0072347200475633144 -0.058554742485284805
v 0.11558015644550323 -0.0054395017214119434 -0.05871565639972687
v 0.11558015644550323 -0.0054395017214119434 -0.05871565639972687
v 0.12999999523162842 -0.0072347200475633144 -0.058554742485284805
v 0.12999999523162842 -0.012644239701330662 -0.057629186660051346
v 0.11558015644550323 -0.0054395017214119434 -0.05871565639972687
v 0.12999999523162842 -0.012644239701330662 -0.057629186660051346
v 0.11496838927268982 -0.010879004374146461 -0.05784257501363754
v 0.11496838927268982 -0.010879004374146461 -0.05784257501363754
v 0.12999999523162842 -0.012644239701330662 -0.057629186660051346
v 0.12999999523162842 -0.013497964479029179 -0.05743524059653282
v 0.11496838927268982 -0.010879004374146461 -0.05784257501363754
v 0.12999999523162842 -0.013497964479029179 -0.05743524059653282
v 0.12999999523162842 -0.013585561886429787 -0.05741458013653755
v 0.1155700534582138 0.005439503584057093 -0.05870123952627182
v 0.12999999523162842 0.004911940544843674 -0.058795202523469925
v 0.11577942967414856 7.467254592441464e-10 -0.05900004133582115
v 0.11577942967414856 7.467254592441464e-10 -0.05900004133582115
v 0.12999999523162842 0.004911940544843674 -0.058795202523469925
v 0.12999999523162842 1.0838124049808694e-17 -0.05900000035762787
v 0.11577942967414856 7.467254592441464e-10 -0.05900004133582115
v 0.12999999523162842 1.0838124049808694e-17 -0.05900000035762787
v 0.12999999523162842 -0.0072347200475633144 -0.058554742485284805
v 0.11495137959718704 0.01087900623679161 -0.057818301022052765
v 0.12999999523162842 0.012644239701330662 -0.057629186660051346
v 0.12999999523162842 0.004917224403470755 -0.05879475921392441
v 0.12999999523162842 0.012644239701330662 -0.057629186660051346
v 0.11495137959718704 0.01087900623679161 -0.057818301022052765
v 0.12999999523162842 0.014357473701238632 -0.05722644552588463
v 0.12999999523162842 0.014357473701238632 -0.05722644552588463
v 0.11495137959718704 0.01087900623679161 -0.057818301022052765
v 0.11391767859458923 0.016318509355187416 -0.056343063712120056
v 0.12999999523162842 0.014357473701238632 -0.05722644552588463
v 0.11391767859458923 0.016318509355187416 -0.056343063712120056
v 0.12999999523162842 0.014464206993579865 -0.05719955638051033
v 0.12999999523162842 0.014464206993579865 -0.05719955638051033
v 0.11391767859458923 0.016318509355187416 -0.056343063712120056
v 0.11245886981487274 0.021758010610938072 -0.05426113307476044
v 0.12999999523162842 0.014464206993579865 -0.05719955638051033
v 0.11245886981487274 0.021758010610938072 -0.05426113307476044
v 0.12999999523162842 0.020586447790265083 -0.05529193580150604
v 0.12999999523162842 0.020586447790265083 -0.05529193580150604
v 0.11245886981487274 0.021758010610938072 -0.05426113307476044
v 0.12999998033046722 0.023781858384609222 -0.05399463698267937
v 0.12999998033046722 0.023781858384609222 -0.05399463698267937
v 0.11245886981487274 0.021758010610938072 -0.05426113307476044
v 0.11056067794561386 0.027197513729333878 -0.05155213549733162
v 0.12999998033046722 0.023781858384609222 -0.05399463698267937
v 0.11056067794561386 0.027197513729333878 -0.05155213549733162
v 0.12999999523162842 0.024946603924036026 -0.05346653237938881
v 0.12999999523162842 0.03368294611573219 -0.04844025522470474
v 0.1300000101327896 0.032381027936935425 -0.049320124089717865
v 0.10820481926202774 0.032637014985084534 -0.048189979046583176
v 0.10820481926202774 0.032637014985084534 -0.048189979046583176
v 0.1300000101327896 0.032381027936935425 -0.049320124089717865
v 0.1300000101327896 0.03060179203748703 -0.05044333636760712
v 0.10820481926202774 0.032637014985084534 -0.048189979046583176
v 0.1300000101327896 0.03060179203748703 -0.05044333636760712
v 0.11056067794561386 0.027197513729333878 -0.05155213549733162
v 0.11056067794561386 0.027197513729333878 -0.05155213549733162
v 0.1300000101327896 0.03060179203748703 -0.05044333636760712
v 0.1300000101327896 0.027196211740374565 -0.052358053624629974
v 0.11056067794561386 0.027197513729333878 -0.05155213549733162
v 0.1300000101327896 0.027196211740374565 -0.052358053624629974
v 0.12999999523162842 0.024946603924036026 -0.05346653237938881
v 0.12999999523162842 0.039586760103702545 -0.043747831135988235
v 0.12999998033046722 0.03897757828235626 -0.04429139569401741
v 0.10536917299032211 0.03807651996612549 -0.04414309561252594
v 0.10536917299032211 0.03807651996612549 -0.04414309561252594
v 0.12999998033046722 0.03897757828235626 -0.04429139569401741
v 0.12999998033046722 0.03560980036854744 -0.04704191908240318
v 0.10536917299032211 0.03807651996612549 -0.04414309561252594
v 0.12999998033046722 0.03560980036854744 -0.04704191908240318
v 0.10820481926202774 0.032637014985084534 -0.048189979046583176
v 0.10820481926202774 0.032637014985084534 -0.048189979046583176
v 0.12999998033046722 0.03560980036854744 -0.04704191908240318
v 0.12999998033046722 0.0345146618783474 -0.04785117879509926
v 0.10820481926202774 0.032637014985084534 -0.048189979046583176
v 0.12999998033046722 0.0345146618783474 -0.04785117879509926
v 0.12999999523162842 0.03368294611573219 -0.04844025522470474
v 0.08067391812801361 0.0430000014603138 -0.04068785905838013
v 0.08461172133684158 0.03807651624083519 -0.044400423765182495
v 0.07828929275274277 0.03807651624083519 -0.04533780366182327
v 0.07828929275274277 0.03807651624083519 -0.04533780366182327
v 0.08461172133684158 0.03807651624083519 -0.044400423765182495
v 0.08724012970924377 0.032637014985084534 -0.04815153777599335
v 0.07828929275274277 0.03807651624083519 -0.04533780366182327
v 0.08724012970924377 0.032637014985084534 -0.04815153777599335
v 0.08072622865438461 0.032637011259794235 -0.04881567135453224
v 0.08072622865438461 0.032637011259794235 -0.04881567135453224
v 0.08724012970924377 0.032637014985084534 -0.04815153777599335
v 0.08947449922561646 0.02719751186668873 -0.05134031921625137
v 0.09829150140285492 0.021758008748292923 -0.05396305397152901
v 0.08947449922561646 0.02719751186668873 -0.05134031921625137
v 0.09637569636106491 0.02719751186668873 -0.05122891813516617
v 0.09637569636106491 0.02719751186668873 -0.05122891813516617
v 0.08947449922561646 0.02719751186668873 -0.05134031921625137
v 0.08724012970924377 0.032637014985084534 -0.04815153777599335
v 0.09637569636106491 0.02719751186668873 -0.05122891813516617
v 0.08724012970924377 0.032637014985084534 -0.04815153777599335
v 0.09404539316892624 0.032637014985084534 -0.04790323227643967
v 0.09404539316892624 0.032637014985084534 -0.04790323227643967
v 0.08724012970924377 0.032637014985084534 -0.04815153777599335
v 0.08461172133684158 0.03807651624083519 -0.044400423765182495
v 0.09404539316892624 0.032637014985084534 -0.04790323227643967
v 0.08461172133684158 0.03807651624083519 -0.044400423765182495
v 0.0912875384092331 0.03807651624083519 -0.04396737739443779
v 0.0912875384092331 0.03807651624083519 -0.04396737739443779
v 0.08461172133684158 0.03807651624083519 -0.044400423765182495
v 0.08067391812801361 0.0430000014603138 -0.04068785905838013
v 0.0912875384092331 0.03807651624083519 -0.04396737739443779
v 0.08067391812801361 0.0430000014603138 -0.04068785905838013
v 0.08824736624956131 0.0430000014603138 -0.03986484557390213
v 0.08840709179639816 0.0430000014603138 -0.03985677659511566
v 0.09228216111660004 0.0430000014603138 -0.03976067155599594
v 0.0912875384092331 0.03807651624083519 -0.04396737739443779
v 0.0912875384092331 0.03807651624083519 -0.04396737739443779
v 0.09228216111660004 0.0430000014603138 -0.03976067155599594
v 0.10536917299032211 0.03807651996612549 -0.04414309561252594
v 0.0912875384092331 0.03807651624083519 -0.04396737739443779
v 0.10536917299032211 0.03807651996612549 -0.04414309561252594
v 0.09404539316892624 0.032637014985084534 -0.04790323227643967
v 0.09404539316892624 0.032637014985084534 -0.04790323227643967
v 0.10536917299032211 0.03807651996612549 -0.04414309561252594
v 0.10820481926202774 0.032637014985084534 -0.048189979046583176
v 0.09404539316892624 0.032637014985084534 -0.04790323227643967
v 0.10820481926202774 0.032637014985084534 -0.048189979046583176
v 0.09637569636106491 0.02719751186668873 -0.05122891813516617
v 0.09637569636106491 0.02719751186668873 -0.05122891813516617
v 0.10820481926202774 0.032637014985084534 -0.048189979046583176
v 0.11056067794561386 0.027197513729333878 -0.05155213549733162
v 0.09637569636106491 0.02719751186668873 -0.05122891813516617
v 0.11056067794561386 0.027197513729333878 -0.05155213549733162
v 0.09829150140285492 0.021758008748292923 -0.05396305397152901
v 0.09829150140285492 0.021758008748292923 -0.05396305397152901
v 0.11056067794561386 0.027197513729333878 -0.05155213549733162
v 0.11245886981487274 0.021758010610938072 -0.05426113307476044
v 0.09829150140285492 0.021758008748292923 -0.05396305397152901
v 0.11245886981487274 0.021758010610938072 -0.05426113307476044
v 0.09979923814535141 0.016318507492542267 -0.0561148077249527
v 0.09979923814535141 0.016318507492542267 -0.0561148077249527
v 0.11245886981487274 0.021758010610938072 -0.05426113307476044
v 0.11391767859458923 0.016318509355187416 -0.056343063712120056
v 0.09979923814535141 0.016318507492542267 -0.0561148077249527
v 0.11391767859458923 0.016318509355187416 -0.056343063712120056
v 0.10089784115552902 0.010879004374146461 -0.05768267810344696
v 0.10089784115552902 0.010879004374146461 -0.05768267810344696
v 0.11391767859458923 0.016318509355187416 -0.056343063712120056
v 0.11495137959718704 0.01087900623679161 -0.057818301022052765
v 0.10089784115552902 0.010879004374146461 -0.05768267810344696
v 0.11495137959718704 0.01087900623679161 -0.057818301022052765
v 0.1155700534582138 0.005439503584057093 -0.05870123952627182
v 0.1155700534582138 0.005439503584057093 -0.05870123952627182
v 0.11495137959718704 0.01087900623679161 -0.057818301022052765
v 0.12999999523162842 0.004917224403470755 -0.05879475921392441
v 0.1155700534582138 0.005439503584057093 -0.05870123952627182
v 0.12999999523162842 0.004917224403470755 -0.05879475921392441
v 0.12999999523162842 0.004911940544843674 -0.058795202523469925
v 0.1139397844672203 -0.016318507492542267 -0.056374598294496536
v 0.09984057396650314 -0.016318509355187416 -0.056173790246248245
v 0.11496838927268982 -0.010879004374146461 -0.05784257501363754
v 0.11496838927268982 -0.010879004374146461 -0.05784257501363754
v 0.09984057396650314 -0.016318509355187416 -0.056173790246248245
v 0.10093768686056137 -0.01087900623679161 -0.057739533483982086
v 0.11496838927268982 -0.010879004374146461 -0.05784257501363754
v 0.10093768686056137 -0.01087900623679161 -0.057739533483982086
v 0.11558015644550323 -0.0054395017214119434 -0.05871565639972687
v 0.11558015644550323 -0.0054395017214119434 -0.05871565639972687
v 0.10093768686056137 -0.01087900623679161 -0.057739533483982086
v 0.10160574316978455 -0.005439503584057093 -0.058692947030067444
v 0.11558015644550323 -0.0054395017214119434 -0.05871565639972687
v 0.10160574316978455 -0.005439503584057093 -0.058692947030067444
v 0.11577942967414856 7.467254592441464e-10 -0.05900004133582115
v 0.11577942967414856 7.467254592441464e-10 -0.05900004133582115
v 0.10160574316978455 -0.005439503584057093 -0.058692947030067444
v 0.10182095319032669 -9.006501100472519e-10 -0.05900008976459503
v 0.11577942967414856 7.467254592441464e-10 -0.05900004133582115
v 0.10182095319032669 -9.006501100472519e-10 -0.05900008976459503
v 0.1155700534582138 0.005439503584057093 -0.05870123952627182
v 0.1155700534582138 0.005439503584057093 -0.05870123952627182
v 0.10182095319032669 -9.006501100472519e-10 -0.05900008976459503
v 0.08760771155357361 0.005439499858766794 -0.05863655358552933
v 0.1155700534582138 0.005439503584057093 -0.05870123952627182
v 0.08760771155357361 0.005439499858766794 -0.05863655358552933
v 0.10089784115552902 0.010879004374146461 -0.05768267810344696
v 0.10089784115552902 0.010879004374146461 -0.05768267810344696
v 0.08760771155357361 0.005439499858766794 -0.05863655358552933
v 0.08693324774503708 0.010879002511501312 -0.05767398700118065
v 0.10089784115552902 0.010879004374146461 -0.05768267810344696
v 0.08693324774503708 0.010879002511501312 -0.05767398700118065
v 0.09979923814535141 0.016318507492542267 -0.0561148077249527
v 0.09979923814535141 0.016318507492542267 -0.0561148077249527
v 0.08693324774503708 0.010879002511501312 -0.05767398700118065
v 0.08589290827512741 0.016318505629897118 -0.05618927255272865
v 0.09979923814535141 0.016318507492542267 -0.0561148077249527
v 0.08589290827512741 0.016318505629897118 -0.05618927255272865
v 0.09829150140285492 0.021758008748292923 -0.05396305397152901
v 0.09829150140285492 0.021758008748292923 -0.05396305397152901
v 0.08589290827512741 0.016318505629897118 -0.05618927255272865
v 0.08451195061206818 0.021758006885647774 -0.05421845242381096
v 0.09829150140285492 0.021758008748292923 -0.05396305397152901
v 0.08451195061206818 0.021758006885647774 -0.05421845242381096
v 0.08947449922561646 0.02719751186668873 -0.05134031921625137
v 0.08947449922561646 0.02719751186668873 -0.05134031921625137
v 0.08451195061206818 0.021758006885647774 -0.05421845242381096
v 0.082793690264225 0.02719751000404358 -0.05176623538136482
v 0.08947449922561646 0.02719751186668873 -0.05134031921625137
v 0.082793690264225 0.02719751000404358 -0.05176623538136482
v 0.08072622865438461 0.032637011259794235 -0.04881567135453224
v 0.0845927894115448 -0.02175801247358322 -0.05433380976319313
v 0.09138882905244827 -0.02175801247358322 -0.05407233536243439
v 0.08288449048995972 -0.027197515591979027 -0.051895808428525925
v 0.08288449048995972 -0.027197515591979027 -0.051895808428525925
v 0.09138882905244827 -0.02175801247358322 -0.05407233536243439
v 0.08954773098230362 -0.027197515591979027 -0.05144481360912323
v 0.08288449048995972 -0.027197515591979027 -0.051895808428525925
v 0.08954773098230362 -0.027197515591979027 -0.05144481360912323
v 0.08081380277872086 -0.03263701871037483 -0.04894063621759415
v 0.08081380277872086 -0.03263701871037483 -0.04894063621759415
v 0.08954773098230362 -0.027197515591979027 -0.05144481360912323
v 0.08731709420681 -0.03263701871037483 -0.0482613667845726
v 0.08081380277872086 -0.03263701871037483 -0.04894063621759415
v 0.08731709420681 -0.03263701871037483 -0.0482613667845726
v 0.07835539430379868 -0.03807651996612549 -0.04543213173747063
v 0.07835539430379868 -0.03807651996612549 -0.04543213173747063
v 0.08731709420681 -0.03263701871037483 -0.0482613667845726
v 0.08467327803373337 -0.03807651996612549 -0.04448825120925903
v 0.07835539430379868 -0.03807651996612549 -0.04543213173747063
v 0.08467327803373337 -0.03807651996612549 -0.04448825120925903
v 0.07748490571975708 -0.04300001636147499 -0.04135004058480263
v 0.07748490571975708 -0.04300001636147499 -0.04135004058480263
v 0.08467327803373337 -0.03807651996612549 -0.04448825120925903
v 0.08408951014280319 -0.04300001263618469 -0.0402502678334713
v 0.09076984226703644 -0.043000008910894394 -0.03980641812086105
v 0.08408951014280319 -0.04300001263618469 -0.0402502678334713
v 0.09133962541818619 -0.03807651996612549 -0.04404169321060181
v 0.09133962541818619 -0.03807651996612549 -0.04404169321060181
v 0.08408951014280319 -0.04300001263618469 -0.0402502678334713
v 0.08467327803373337 -0.03807651996612549 -0.04448825120925903
v 0.09133962541818619 -0.03807651996612549 -0.04404169321060181
v 0.08467327803373337 -0.03807651996612549 -0.04448825120925903
v 0.09410836547613144 -0.03263701871037483 -0.047993093729019165
v 0.09410836547613144 -0.03263701871037483 -0.047993093729019165
v 0.08467327803373337 -0.03807651996612549 -0.04448825120925903
v 0.08731709420681 -0.03263701871037483 -0.0482613667845726
v 0.09410836547613144 -0.03263701871037483 -0.047993093729019165
v 0.08731709420681 -0.03263701871037483 -0.0482613667845726
v 0.09643329679965973 -0.027197513729333878 -0.05131111294031143
v 0.09643329679965973 -0.027197513729333878 -0.05131111294031143
v 0.08731709420681 -0.03263701871037483 -0.0482613667845726
v 0.08954773098230362 -0.027197515591979027 -0.05144481360912323
v 0.09643329679965973 -0.027197513729333878 -0.05131111294031143
v 0.08954773098230362 -0.027197515591979027 -0.05144481360912323
v 0.09833871573209763 -0.02175801247358322 -0.054030418395996094
v 0.09833871573209763 -0.02175801247358322 -0.054030418395996094
v 0.08954773098230362 -0.027197515591979027 -0.05144481360912323
v 0.09138882905244827 -0.02175801247358322 -0.05407233536243439
v 0.09833871573209763 -0.02175801247358322 -0.054030418395996094
v 0.09138882905244827 -0.02175801247358322 -0.05407233536243439
v 0.08595715463161469 -0.016318511217832565 -0.0562809519469738
v 0.08595715463161469 -0.016318511217832565 -0.0562809519469738
v 0.09138882905244827 -0.02175801247358322 -0.05407233536243439
v 0.0845927894115448 -0.02175801247358322 -0.05433380976319313
v 0.10204700380563736 -0.043000008910894394 -0.03987440839409828
v 0.09076984226703644 -0.043000008910894394 -0.03980641812086105
v 0.10539786517620087 -0.03807651996612549 -0.04418402537703514
v 0.10539786517620087 -0.03807651996612549 -0.04418402537703514
v 0.09076984226703644 -0.043000008910894394 -0.03980641812086105
v 0.09133962541818619 -0.03807651996612549 -0.04404169321060181
v 0.10539786517620087 -0.03807651996612549 -0.04418402537703514
v 0.09133962541818619 -0.03807651996612549 -0.04404169321060181
v 0.10823950916528702 -0.032637014985084534 -0.04823947325348854
v 0.10823950916528702 -0.032637014985084534 -0.04823947325348854
v 0.09133962541818619 -0.03807651996612549 -0.04404169321060181
v 0.09410836547613144 -0.03263701871037483 -0.047993093729019165
v 0.10823950916528702 -0.032637014985084534 -0.04823947325348854
v 0.09410836547613144 -0.03263701871037483 -0.047993093729019165
v 0.11059372127056122 -0.02719751186668873 -0.051599279046058655
v 0.11059372127056122 -0.02719751186668873 -0.051599279046058655
v 0.09410836547613144 -0.03263701871037483 -0.047993093729019165
v 0.09643329679965973 -0.027197513729333878 -0.05131111294031143
v 0.11059372127056122 -0.02719751186668873 -0.051599279046058655
v 0.09643329679965973 -0.027197513729333878 -0.05131111294031143
v 0.11248663812875748 -0.021758010610938072 -0.05430074408650398
v 0.11248663812875748 -0.021758010610938072 -0.05430074408650398
v 0.09643329679965973 -0.027197513729333878 -0.05131111294031143
v 0.09833871573209763 -0.02175801247358322 -0.054030418395996094
v 0.07360564917325974 -0.010879009030759335 -0.05857438966631889
v 0.08011779934167862 -0.010879009030759335 -0.05790775641798973
v 0.07924333214759827 -0.016318511217832565 -0.056659769266843796
v 0.04877754673361778 -0.03319263458251953 -0.07000000029802322
v 0.05209280923008919 -0.027700893580913544 -0.07000000029802322
v 0.05115022510290146 -0.03263702243566513 -0.06636887043714523
v 0.05115022510290146 -0.03263702243566513 -0.06636887043714523
v 0.05209280923008919 -0.027700893580913544 -0.07000000029802322
v 0.05292711779475212 -0.027197519317269325 -0.06890475749969482
v 0.05115022510290146 -0.03263702243566513 -0.06636887043714523
v 0.05292711779475212 -0.027197519317269325 -0.06890475749969482
v 0.05471156910061836 -0.03263702243566513 -0.06149101257324219
v 0.05471156910061836 -0.03263702243566513 -0.06149101257324219
v 0.05292711779475212 -0.027197519317269325 -0.06890475749969482
v 0.056310221552848816 -0.027197519317269325 -0.0637725219130516
v 0.05471156910061836 -0.03263702243566513 -0.06149101257324219
v 0.05273892357945442 -0.03807652369141579 -0.05867575854063034
v 0.05115022510290146 -0.03263702243566513 -0.06636887043714523
v 0.05115022510290146 -0.03263702243566513 -0.06636887043714523
v 0.05273892357945442 -0.03807652369141579 -0.05867575854063034
v 0.04899901524186134 -0.038076527416706085 -0.0632987767457962
v 0.05115022510290146 -0.03263702243566513 -0.06636887043714523
v 0.04899901524186134 -0.038076527416706085 -0.0632987767457962
v 0.04704191908240318 -0.03560980036854744 -0.07000000029802322
v 0.04704191908240318 -0.03560980036854744 -0.07000000029802322
v 0.04899901524186134 -0.038076527416706085 -0.0632987767457962
v 0.045758750289678574 -0.038076527416706085 -0.06863486021757126
v 0.04704191908240318 -0.03560980036854744 -0.07000000029802322
v 0.045758750289678574 -0.038076527416706085 -0.06863486021757126
v 0.04488566890358925 -0.038291994482278824 -0.07000000029802322
v 0.04488566890358925 -0.038291994482278824 -0.07000000029802322
v 0.045758750289678574 -0.038076527416706085 -0.06863486021757126
v 0.04306082800030708 -0.043000027537345886 -0.06518914550542831
v 0.04488566890358925 -0.038291994482278824 -0.07000000029802322
v 0.04306082800030708 -0.043000027537345886 -0.06518914550542831
v 0.04039807617664337 -0.04299996793270111 -0.07000000029802322
v 0.06388049572706223 -0.02175801619887352 -0.05963578820228577
v 0.06517249345779419 -0.027197517454624176 -0.05649944767355919
v 0.06157447025179863 -0.02175801619887352 -0.061324961483478546
v 0.06157447025179863 -0.02175801619887352 -0.061324961483478546
v 0.06517249345779419 -0.027197517454624176 -0.05649944767355919
v 0.060395747423172 -0.027197519317269325 -0.05964274704456329
v 0.060395747423172 -0.027197519317269325 -0.05964274704456329
v 0.06517249345779419 -0.027197517454624176 -0.05649944767355919
v 0.06361021101474762 -0.03263702243566513 -0.05426984280347824
v 0.060395747423172 -0.027197519317269325 -0.05964274704456329
v 0.06361021101474762 -0.03263702243566513 -0.05426984280347824
v 0.05886976793408394 -0.03263702243566513 -0.057464949786663055
v 0.05886976793408394 -0.03263702243566513 -0.057464949786663055
v 0.06361021101474762 -0.03263702243566513 -0.05426984280347824
v 0.06167164444923401 -0.03807652369141579 -0.051503218710422516
v 0.05886976793408394 -0.03263702243566513 -0.057464949786663055
v 0.06167164444923401 -0.03807652369141579 -0.051503218710422516
v 0.05696776136755943 -0.03807652369141579 -0.054750509560108185
v 0.05696776136755943 -0.03807652369141579 -0.054750509560108185
v 0.06167164444923401 -0.03807652369141579 -0.051503218710422516
v 0.05511612072587013 -0.04300002381205559 -0.05163552239537239
v 0.05696776136755943 -0.03807652369141579 -0.054750509560108185
v 0.05511612072587013 -0.04300002381205559 -0.05163552239537239
v 0.050636228173971176 -0.04300002381205559 -0.05560074746608734
v 0.05988871306180954 -0.04300002008676529 -0.048320282250642776
v 0.06167164444923401 -0.03807652369141579 -0.051503218710422516
v 0.06682626157999039 -0.03807652369141579 -0.048899196088314056
v 0.06682626157999039 -0.03807652369141579 -0.048899196088314056
v 0.06167164444923401 -0.03807652369141579 -0.051503218710422516
v 0.06361021101474762 -0.03263702243566513 -0.05426984280347824
v 0.06682626157999039 -0.03807652369141579 -0.048899196088314056
v 0.06361021101474762 -0.03263702243566513 -0.05426984280347824
v 0.06889191269874573 -0.03263701871037483 -0.0518471822142601
v 0.06889191269874573 -0.03263701871037483 -0.0518471822142601
v 0.06361021101474762 -0.03263702243566513 -0.05426984280347824
v 0.06517249345779419 -0.027197517454624176 -0.05649944767355919
v 0.06889191269874573 -0.03263701871037483 -0.0518471822142601
v 0.06517249345779419 -0.027197517454624176 -0.05649944767355919
v 0.07058294117450714 -0.027197517454624176 -0.05426053702831268
v 0.07058294117450714 -0.027197517454624176 -0.05426053702831268
v 0.06517249345779419 -0.027197517454624176 -0.05649944767355919
v 0.0663815438747406 -0.02175801619887352 -0.05822494253516197
v 0.07058294117450714 -0.027197517454624176 -0.05426053702831268
v 0.0663815438747406 -0.02175801619887352 -0.05822494253516197
v 0.07192055881023407 -0.02175801433622837 -0.05616950988769531
v 0.07360564917325974 -0.010879009030759335 -0.05857438966631889
v 0.07924333214759827 -0.016318511217832565 -0.056659769266843796
v 0.07292376458644867 -0.016318511217832565 -0.05760122835636139
v 0.07292376458644867 -0.016318511217832565 -0.05760122835636139
v 0.07924333214759827 -0.016318511217832565 -0.056659769266843796
v 0.07805099338293076 -0.02175801433622837 -0.05495811626315117
v 0.07292376458644867 -0.016318511217832565 -0.05760122835636139
v 0.07805099338293076 -0.02175801433622837 -0.05495811626315117
v 0.07192055881023407 -0.02175801433622837 -0.05616950988769531
v 0.07192055881023407 -0.02175801433622837 -0.05616950988769531
v 0.07805099338293076 -0.02175801433622837 -0.05495811626315117
v 0.07652716338634491 -0.027197517454624176 -0.05278338864445686
v 0.07192055881023407 -0.02175801433622837 -0.05616950988769531
v 0.07652716338634491 -0.027197517454624176 -0.05278338864445686
v 0.07058294117450714 -0.027197517454624176 -0.05426053702831268
v 0.07058294117450714 -0.027197517454624176 -0.05426053702831268
v 0.07652716338634491 -0.027197517454624176 -0.05278338864445686
v 0.07465089857578278 -0.03263701871037483 -0.05010569095611572
v 0.07058294117450714 -0.027197517454624176 -0.05426053702831268
v 0.07465089857578278 -0.03263701871037483 -0.05010569095611572
v 0.06889191269874573 -0.03263701871037483 -0.0518471822142601
v 0.06889191269874573 -0.03263701871037483 -0.0518471822142601
v 0.07465089857578278 -0.03263701871037483 -0.05010569095611572
v 0.07239848375320435 -0.03807652369141579 -0.04689116030931473
v 0.06889191269874573 -0.03263701871037483 -0.0518471822142601
v 0.07239848375320435 -0.03807652369141579 -0.04689116030931473
v 0.06682626157999039 -0.03807652369141579 -0.048899196088314056
v 0.06682626157999039 -0.03807652369141579 -0.048899196088314056
v 0.07239848375320435 -0.03807652369141579 -0.04689116030931473
v 0.06534530967473984 -0.04300002008676529 -0.04540322348475456
v 0.06682626157999039 -0.03807652369141579 -0.048899196088314056
v 0.06534530967473984 -0.04300002008676529 -0.04540322348475456
v 0.05988871306180954 -0.04300002008676529 -0.048320282250642776
v 0.07124166935682297 -0.04300001636147499 -0.04306899756193161
v 0.07239848375320435 -0.03807652369141579 -0.04689116030931473
v 0.07835539430379868 -0.03807651996612549 -0.04543213173747063
v 0.07835539430379868 -0.03807651996612549 -0.04543213173747063
v 0.07239848375320435 -0.03807652369141579 -0.04689116030931473
v 0.07465089857578278 -0.03263701871037483 -0.05010569095611572
v 0.07835539430379868 -0.03807651996612549 -0.04543213173747063
v 0.07465089857578278 -0.03263701871037483 -0.05010569095611572
v 0.08081380277872086 -0.03263701871037483 -0.04894063621759415
v 0.08081380277872086 -0.03263701871037483 -0.04894063621759415
v 0.07465089857578278 -0.03263701871037483 -0.05010569095611572
v 0.07652716338634491 -0.027197517454624176 -0.05278338864445686
v 0.08081380277872086 -0.03263701871037483 -0.04894063621759415
v 0.07652716338634491 -0.027197517454624176 -0.05278338864445686
v 0.08288449048995972 -0.027197515591979027 -0.051895808428525925
v 0.08288449048995972 -0.027197515591979027 -0.051895808428525925
v 0.07652716338634491 -0.027197517454624176 -0.05278338864445686
v 0.07805099338293076 -0.02175801433622837 -0.05495811626315117
v 0.08288449048995972 -0.027197515591979027 -0.051895808428525925
v 0.07805099338293076 -0.02175801433622837 -0.05495811626315117
v 0.0845927894115448 -0.02175801247358322 -0.05433380976319313
v 0.0845927894115448 -0.02175801247358322 -0.05433380976319313
v 0.07805099338293076 -0.02175801433622837 -0.05495811626315117
v 0.07924333214759827 -0.016318511217832565 -0.056659769266843796
v 0.0845927894115448 -0.02175801247358322 -0.05433380976319313
v 0.07924333214759827 -0.016318511217832565 -0.056659769266843796
v 0.08595715463161469 -0.016318511217832565 -0.0562809519469738
v 0.08595715463161469 -0.016318511217832565 -0.0562809519469738
v 0.07924333214759827 -0.016318511217832565 -0.056659769266843796
v 0.08011779934167862 -0.010879009030759335 -0.05790775641798973
v 0.08595715463161469 -0.016318511217832565 -0.0562809519469738
v 0.08011779934167862 -0.010879009030759335 -0.05790775641798973
v 0.08698048442602158 -0.01087900809943676 -0.05774139612913132
v 0.08698048442602158 -0.01087900809943676 -0.05774139612913132
v 0.08011779934167862 -0.010879009030759335 -0.05790775641798973
v 0.08067988604307175 -0.005439505912363529 -0.058709945529699326
v 0.08698048442602158 -0.01087900809943676 -0.05774139612913132
v 0.08067988604307175 -0.005439505912363529 -0.058709945529699326
v 0.08763859421014786 -0.005439504981040955 -0.05868062376976013
v 0.08763859421014786 -0.005439504981040955 -0.05868062376976013
v 0.08067988604307175 -0.005439505912363529 -0.058709945529699326
v 0.08088293671607971 -3.37173333697649e-09 -0.058999720960855484
v 0.08763859421014786 -0.005439504981040955 -0.05868062376976013
v 0.08088293671607971 -3.37173333697649e-09 -0.058999720960855484
v 0.08786232769489288 -2.5480355603235694e-09 -0.0589999184012413
v 0.05112668499350548 0.03263700753450394 -0.0663352832198143
v 0.05464782938361168 0.03263700753450394 -0.06140005961060524
v 0.052917830646038055 0.02719750627875328 -0.0688915103673935
v 0.052917830646038055 0.02719750627875328 -0.0688915103673935
v 0.05464782938361168 0.03263700753450394 -0.06140005961060524
v 0.05624654144048691 0.02719750627875328 -0.06368165463209152
v 0.052917830646038055 0.02719750627875328 -0.0688915103673935
v 0.05624654144048691 0.02719750627875328 -0.06368165463209152
v 0.05475819483399391 0.021966801956295967 -0.07000000774860382
v 0.05475819483399391 0.021966801956295967 -0.07000000774860382
v 0.05624654144048691 0.02719750627875328 -0.06368165463209152
v 0.057522937655448914 0.021758005023002625 -0.06550325453281403
v 0.05475819483399391 0.021966801956295967 -0.07000000774860382
v 0.057522937655448914 0.021758005023002625 -0.06550325453281403
v 0.05849914997816086 0.01631850190460682 -0.066896453499794
v 0.05624654144048691 0.02719750627875328 -0.06368165463209152
v 0.05939818546175957 0.021758005023002625 -0.06319929659366608
v 0.057522937655448914 0.021758005023002625 -0.06550325453281403
v 0.057522937655448914 0.021758005023002625 -0.06550325453281403
v 0.05939818546175957 0.021758005023002625 -0.06319929659366608
v 0.06032443791627884 0.01631850190460682 -0.0645211935043335
v 0.057522937655448914 0.021758005023002625 -0.06550325453281403
v 0.06032443791627884 0.01631850190460682 -0.0645211935043335
v 0.05849914997816086 0.01631850190460682 -0.066896453499794
v 0.05849914997816086 0.01631850190460682 -0.066896453499794
v 0.06032443791627884 0.01631850190460682 -0.0645211935043335
v 0.06097723916172981 0.010878999717533588 -0.06545284390449524
v 0.05849914997816086 0.01631850190460682 -0.066896453499794
v 0.06097723916172981 0.010878999717533588 -0.06545284390449524
v 0.05918965861201286 0.010878998786211014 -0.06788190454244614
v 0.05918965861201286 0.010878998786211014 -0.06788190454244614
v 0.06097723916172981 0.010878999717533588 -0.06545284390449524
v 0.06136788800358772 0.005439496599137783 -0.06601035594940186
v 0.05918965861201286 0.010878998786211014 -0.06788190454244614
v 0.06136788800358772 0.005439496599137783 -0.06601035594940186
v 0.059602126479148865 0.005439496599137783 -0.0684705600142479
v 0.059602126479148865 0.005439496599137783 -0.0684705600142479
v 0.06136788800358772 0.005439496599137783 -0.06601035594940186
v 0.06149708107113838 -5.9275406805170405e-09 -0.06619472801685333
v 0.059602126479148865 0.005439496599137783 -0.0684705600142479
v 0.06149708107113838 -5.9275406805170405e-09 -0.06619472801685333
v 0.05973829701542854 -6.227085069809846e-09 -0.06866489350795746
v 0.05973829701542854 -6.227085069809846e-09 -0.06866489350795746
v 0.06149708107113838 -5.9275406805170405e-09 -0.06619472801685333
v 0.06136084347963333 -0.005439508706331253 -0.06600029766559601
v 0.05973829701542854 -6.227085069809846e-09 -0.06866489350795746
v 0.06136084347963333 -0.005439508706331253 -0.06600029766559601
v 0.059599846601486206 -0.005439508706331253 -0.06846730411052704
v 0.059599846601486206 -0.005439508706331253 -0.06846730411052704
v 0.06136084347963333 -0.005439508706331253 -0.06600029766559601
v 0.0609864667057991 -0.010879010893404484 -0.0654660016298294
v 0.059599846601486206 -0.005439508706331253 -0.06846730411052704
v 0.0609864667057991 -0.010879010893404484 -0.0654660016298294
v 0.05919485539197922 -0.010879011824727058 -0.06788932532072067
v 0.05919485539197922 -0.010879011824727058 -0.06788932532072067
v 0.0609864667057991 -0.010879010893404484 -0.0654660016298294
v 0.06036621332168579 -0.016318513080477715 -0.06458080559968948
v 0.05919485539197922 -0.010879011824727058 -0.06788932532072067
v 0.06036621332168579 -0.016318513080477715 -0.06458080559968948
v 0.058522358536720276 -0.016318514943122864 -0.06692956387996674
v 0.058522358536720276 -0.016318514943122864 -0.06692956387996674
v 0.06036621332168579 -0.016318513080477715 -0.06458080559968948
v 0.059469982981681824 -0.02175801619887352 -0.06330175697803497
v 0.058522358536720276 -0.016318514943122864 -0.06692956387996674
v 0.059469982981681824 -0.02175801619887352 -0.06330175697803497
v 0.057569436728954315 -0.02175801619887352 -0.06556960940361023
v 0.057569436728954315 -0.02175801619887352 -0.06556960940361023
v 0.059469982981681824 -0.02175801619887352 -0.06330175697803497
v 0.056310221552848816 -0.027197519317269325 -0.0637725219130516
v 0.057569436728954315 -0.02175801619887352 -0.06556960940361023
v 0.056310221552848816 -0.027197519317269325 -0.0637725219130516
v 0.054792262613773346 -0.02188168838620186 -0.07000000029802322
v 0.054792262613773346 -0.02188168838620186 -0.07000000029802322
v 0.056310221552848816 -0.027197519317269325 -0.0637725219130516
v 0.05292711779475212 -0.027197519317269325 -0.06890475749969482
v 0.054792262613773346 -0.02188168838620186 -0.07000000029802322
v 0.05292711779475212 -0.027197519317269325 -0.06890475749969482
v 0.053580448031425476 -0.02470092475414276 -0.07000000029802322
v 0.053580448031425476 -0.02470092475414276 -0.07000000029802322
v 0.05292711779475212 -0.027197519317269325 -0.06890475749969482
v 0.05209280923008919 -0.027700893580913544 -0.07000000029802322
v 0.04039809852838516 0.042999960482120514 -0.07000001519918442
v 0.04346166178584099 0.0430000014603138 -0.06452997773885727
v 0.044826116412878036 0.038361694663763046 -0.07000001519918442
v 0.044826116412878036 0.038361694663763046 -0.07000001519918442
v 0.04346166178584099 0.0430000014603138 -0.06452997773885727
v 0.04575448855757713 0.03807650879025459 -0.06862879544496536
v 0.044826116412878036 0.038361694663763046 -0.07000001519918442
v 0.04575448855757713 0.03807650879025459 -0.06862879544496536
v 0.04704191908240318 0.03560980036854744 -0.07000000774860382
v 0.04704191908240318 0.03560980036854744 -0.07000000774860382
v 0.04575448855757713 0.03807650879025459 -0.06862879544496536
v 0.048974569886922836 0.03807651251554489 -0.0632639080286026
v 0.04704191908240318 0.03560980036854744 -0.07000000774860382
v 0.048974569886922836 0.03807651251554489 -0.0632639080286026
v 0.05112668499350548 0.03263700753450394 -0.0663352832198143
v 0.05112668499350548 0.03263700753450394 -0.0663352832198143
v 0.048974569886922836 0.03807651251554489 -0.0632639080286026
v 0.05269613116979599 0.03807651251554489 -0.05861470103263855
v 0.05112668499350548 0.03263700753450394 -0.0663352832198143
v 0.05269613116979599 0.03807651251554489 -0.05861470103263855
v 0.05464782938361168 0.03263700753450394 -0.06140005961060524
v 0.05464782938361168 0.03263700753450394 -0.06140005961060524
v 0.05269613116979599 0.03807651251554489 -0.05861470103263855
v 0.05690767243504524 0.03807651251554489 -0.054664768278598785
v 0.05464782938361168 0.03263700753450394 -0.06140005961060524
v 0.05690767243504524 0.03807651251554489 -0.054664768278598785
v 0.05877869948744774 0.032637011259794235 -0.05733499675989151
v 0.05877869948744774 0.032637011259794235 -0.05733499675989151
v 0.05690767243504524 0.03807651251554489 -0.054664768278598785
v 0.06159454956650734 0.03807651251554489 -0.051393214613199234
v 0.06674154102802277 0.03807651251554489 -0.04877830669283867
v 0.06877636164426804 0.032637011259794235 -0.05168229341506958
v 0.0635029748082161 0.032637011259794235 -0.05411681532859802
v 0.0635029748082161 0.032637011259794235 -0.05411681532859802
v 0.06877636164426804 0.032637011259794235 -0.05168229341506958
v 0.06505896896123886 0.02719750814139843 -0.05633743852376938
v 0.0635029748082161 0.032637011259794235 -0.05411681532859802
v 0.06505896896123886 0.02719750814139843 -0.05633743852376938
v 0.06029333919286728 0.02719750814139843 -0.05949661135673523
v 0.06029333919286728 0.02719750814139843 -0.05949661135673523
v 0.06505896896123886 0.02719750814139843 -0.05633743852376938
v 0.06378228217363358 0.021758005023002625 -0.05949563533067703
v 0.06029333919286728 0.02719750814139843 -0.05949661135673523
v 0.06378228217363358 0.021758005023002625 -0.05949563533067703
v 0.06148494780063629 0.021758005023002625 -0.06119721010327339
v 0.06148494780063629 0.021758005023002625 -0.06119721010327339
v 0.06378228217363358 0.021758005023002625 -0.05949563533067703
v 0.06467647850513458 0.01631850190460682 -0.06077177822589874
v 0.06148494780063629 0.021758005023002625 -0.06119721010327339
v 0.06467647850513458 0.01631850190460682 -0.06077177822589874
v 0.06238427758216858 0.01631850190460682 -0.062480684369802475
v 0.06238427758216858 0.01631850190460682 -0.062480684369802475
v 0.06467647850513458 0.01631850190460682 -0.06077177822589874
v 0.0652967095375061 0.010878999717533588 -0.06165694072842598
v 0.06238427758216858 0.01631850190460682 -0.062480684369802475
v 0.0652967095375061 0.010878999717533588 -0.06165694072842598
v 0.06301577389240265 0.010878999717533588 -0.06338191777467728
v 0.06301577389240265 0.010878999717533588 -0.06338191777467728
v 0.0652967095375061 0.010878999717533588 -0.06165694072842598
v 0.06566178798675537 0.005439497530460358 -0.062177956104278564
v 0.06301577389240265 0.010878999717533588 -0.06338191777467728
v 0.06566178798675537 0.005439497530460358 -0.062177956104278564
v 0.06339383870363235 0.00543949706479907 -0.06392146646976471
v 0.06339383870363235 0.00543949706479907 -0.06392146646976471
v 0.06566178798675537 0.005439497530460358 -0.062177956104278564
v 0.06578169018030167 -5.278685044629583e-09 -0.06234907731413841
v 0.06339383870363235 0.00543949706479907 -0.06392146646976471
v 0.06578169018030167 -5.278685044629583e-09 -0.06234907731413841
v 0.06351914256811142 -5.610914399767353e-09 -0.06410029530525208
v 0.06351914256811142 -5.610914399767353e-09 -0.06410029530525208
v 0.06578169018030167 -5.278685044629583e-09 -0.06234907731413841
v 0.06566163897514343 -0.0054395077750086784 -0.06217774748802185
v 0.06351914256811142 -5.610914399767353e-09 -0.06410029530525208
v 0.06566163897514343 -0.0054395077750086784 -0.06217774748802185
v 0.06338764727115631 -0.005439508240669966 -0.06391263753175735
v 0.06338764727115631 -0.005439508240669966 -0.06391263753175735
v 0.06566163897514343 -0.0054395077750086784 -0.06217774748802185
v 0.06532082706689835 -0.010879010893404484 -0.06169135496020317
v 0.06338764727115631 -0.005439508240669966 -0.06391263753175735
v 0.06532082706689835 -0.010879010893404484 -0.06169135496020317
v 0.06303069740533829 -0.010879010893404484 -0.06340321153402328
v 0.06303069740533829 -0.010879010893404484 -0.06340321153402328
v 0.06532082706689835 -0.010879010893404484 -0.06169135496020317
v 0.06474145501852036 -0.016318513080477715 -0.06086450070142746
v 0.06303069740533829 -0.010879010893404484 -0.06340321153402328
v 0.06474145501852036 -0.016318513080477715 -0.06086450070142746
v 0.06243995949625969 -0.016318513080477715 -0.06256014108657837
v 0.07047122716903687 0.02719750814139843 -0.05410110950469971
v 0.07183220237493515 0.021758006885647774 -0.05604341998696327
v 0.06628288328647614 0.021758005023002625 -0.058084145188331604
v 0.06628288328647614 0.021758005023002625 -0.058084145188331604
v 0.07183220237493515 0.021758006885647774 -0.05604341998696327
v 0.06992818415164948 0.01631850376725197 -0.05830632150173187
v 0.06628288328647614 0.021758005023002625 -0.058084145188331604
v 0.06992818415164948 0.01631850376725197 -0.05830632150173187
v 0.06719446182250977 0.01631850376725197 -0.05938510596752167
v 0.06719446182250977 0.01631850376725197 -0.05938510596752167
v 0.06992818415164948 0.01631850376725197 -0.05830632150173187
v 0.07056724280118942 0.010879000648856163 -0.05921834334731102
v 0.06719446182250977 0.01631850376725197 -0.05938510596752167
v 0.07056724280118942 0.010879000648856163 -0.05921834334731102
v 0.06781458109617233 0.010879000648856163 -0.060270097106695175
v 0.06781458109617233 0.010879000648856163 -0.060270097106695175
v 0.07056724280118942 0.010879000648856163 -0.05921834334731102
v 0.0709165558218956 0.005439497996121645 -0.05971686914563179
v 0.06781458109617233 0.010879000648856163 -0.060270097106695175
v 0.0709165558218956 0.005439497996121645 -0.05971686914563179
v 0.06816693395376205 0.005439497530460358 -0.060772959142923355
v 0.06816693395376205 0.005439497530460358 -0.060772959142923355
v 0.0709165558218956 0.005439497996121645 -0.05971686914563179
v 0.07102438062429428 -4.567667577504153e-09 -0.05987074598670006
v 0.06816693395376205 0.005439497530460358 -0.060772959142923355
v 0.07102438062429428 -4.567667577504153e-09 -0.05987074598670006
v 0.06827983260154724 -4.931170138888774e-09 -0.06093407794833183
v 0.06827983260154724 -4.931170138888774e-09 -0.06093407794833183
v 0.07102438062429428 -4.567667577504153e-09 -0.05987074598670006
v 0.07093948125839233 -0.005439507309347391 -0.05974958464503288
v 0.06827983260154724 -4.931170138888774e-09 -0.06093407794833183
v 0.07093948125839233 -0.005439507309347391 -0.05974958464503288
v 0.0681767463684082 -0.0054395077750086784 -0.06078696250915527
v 0.0681767463684082 -0.0054395077750086784 -0.06078696250915527
v 0.07093948125839233 -0.005439507309347391 -0.05974958464503288
v 0.07061566412448883 -0.01087900996208191 -0.05928744375705719
v 0.0681767463684082 -0.0054395077750086784 -0.06078696250915527
v 0.07061566412448883 -0.01087900996208191 -0.05928744375705719
v 0.06785059720277786 -0.01087900996208191 -0.06032149866223335
v 0.06785059720277786 -0.01087900996208191 -0.06032149866223335
v 0.07061566412448883 -0.01087900996208191 -0.05928744375705719
v 0.06999757885932922 -0.016318513080477715 -0.05840534716844559
v 0.06785059720277786 -0.01087900996208191 -0.06032149866223335
v 0.06999757885932922 -0.016318513080477715 -0.05840534716844559
v 0.06726415455341339 -0.016318513080477715 -0.059484560042619705
v 0.06877636164426804 0.032637011259794235 -0.05168229341506958
v 0.07047122716903687 0.02719750814139843 -0.05410110950469971
v 0.06505896896123886 0.02719750814139843 -0.05633743852376938
v 0.06505896896123886 0.02719750814139843 -0.05633743852376938
v 0.07047122716903687 0.02719750814139843 -0.05410110950469971
v 0.06628288328647614 0.021758005023002625 -0.058084145188331604
v 0.06505896896123886 0.02719750814139843 -0.05633743852376938
v 0.06628288328647614 0.021758005023002625 -0.058084145188331604
v 0.06378228217363358 0.021758005023002625 -0.05949563533067703
v 0.06378228217363358 0.021758005023002625 -0.05949563533067703
v 0.06628288328647614 0.021758005023002625 -0.058084145188331604
v 0.06719446182250977 0.01631850376725197 -0.05938510596752167
v 0.06378228217363358 0.021758005023002625 -0.05949563533067703
v 0.06719446182250977 0.01631850376725197 -0.05938510596752167
v 0.06467647850513458 0.01631850190460682 -0.06077177822589874
v 0.06467647850513458 0.01631850190460682 -0.06077177822589874
v 0.06719446182250977 0.01631850376725197 -0.05938510596752167
v 0.06781458109617233 0.010879000648856163 -0.060270097106695175
v 0.06467647850513458 0.01631850190460682 -0.06077177822589874
v 0.06781458109617233 0.010879000648856163 -0.060270097106695175
v 0.0652967095375061 0.010878999717533588 -0.06165694072842598
v 0.0652967095375061 0.010878999717533588 -0.06165694072842598
v 0.06781458109617233 0.010879000648856163 -0.060270097106695175
v 0.06816693395376205 0.005439497530460358 -0.060772959142923355
v 0.0652967095375061 0.010878999717533588 -0.06165694072842598
v 0.06816693395376205 0.005439497530460358 -0.060772959142923355
v 0.06566178798675537 0.005439497530460358 -0.062177956104278564
v 0.06566178798675537 0.005439497530460358 -0.062177956104278564
v 0.06816693395376205 0.005439497530460358 -0.060772959142923355
v 0.06827983260154724 -4.931170138888774e-09 -0.06093407794833183
v 0.06566178798675537 0.005439497530460358 -0.062177956104278564
v 0.06827983260154724 -4.931170138888774e-09 -0.06093407794833183
v 0.06578169018030167 -5.278685044629583e-09 -0.06234907731413841
v 0.06578169018030167 -5.278685044629583e-09 -0.06234907731413841
v 0.06827983260154724 -4.931170138888774e-09 -0.06093407794833183
v 0.0681767463684082 -0.0054395077750086784 -0.06078696250915527
v 0.06578169018030167 -5.278685044629583e-09 -0.06234907731413841
v 0.0681767463684082 -0.0054395077750086784 -0.06078696250915527
v 0.06566163897514343 -0.0054395077750086784 -0.06217774748802185
v 0.06566163897514343 -0.0054395077750086784 -0.06217774748802185
v 0.0681767463684082 -0.0054395077750086784 -0.06078696250915527
v 0.06785059720277786 -0.01087900996208191 -0.06032149866223335
v 0.06566163897514343 -0.0054395077750086784 -0.06217774748802185
v 0.06785059720277786 -0.01087900996208191 -0.06032149866223335
v 0.06532082706689835 -0.010879010893404484 -0.06169135496020317
v 0.06532082706689835 -0.010879010893404484 -0.06169135496020317
v 0.06785059720277786 -0.01087900996208191 -0.06032149866223335
v 0.06726415455341339 -0.016318513080477715 -0.059484560042619705
v 0.06532082706689835 -0.010879010893404484 -0.06169135496020317
v 0.06726415455341339 -0.016318513080477715 -0.059484560042619705
v 0.06474145501852036 -0.016318513080477715 -0.06086450070142746
v 0.07354990392923355 0.010879000648856163 -0.05849483609199524
v 0.07722148299217224 0.00543949892744422 -0.05875450745224953
v 0.07392905652523041 0.005439498461782932 -0.05903594195842743
v 0.07392905652523041 0.005439498461782932 -0.05903594195842743
v 0.07722148299217224 0.00543949892744422 -0.05875450745224953
v 0.07739323377609253 -3.783582780414463e-09 -0.05899961665272713
v 0.07392905652523041 0.005439498461782932 -0.05903594195842743
v 0.07739323377609253 -3.783582780414463e-09 -0.05899961665272713
v 0.07404396682977676 -4.186320179400127e-09 -0.05919992923736572
v 0.07404396682977676 -4.186320179400127e-09 -0.05919992923736572
v 0.07739323377609253 -3.783582780414463e-09 -0.05899961665272713
v 0.07724820077419281 -0.0054395063780248165 -0.058792632073163986
v 0.07404396682977676 -4.186320179400127e-09 -0.05919992923736572
v 0.07724820077419281 -0.0054395063780248165 -0.058792632073163986
v 0.07396397739648819 -0.005439506843686104 -0.05908576771616936
v 0.07360564917325974 -0.010879009030759335 -0.05857438966631889
v 0.07396397739648819 -0.005439506843686104 -0.05908576771616936
v 0.08011779934167862 -0.010879009030759335 -0.05790775641798973
v 0.08011779934167862 -0.010879009030759335 -0.05790775641798973
v 0.07396397739648819 -0.005439506843686104 -0.05908576771616936
v 0.07724820077419281 -0.0054395063780248165 -0.058792632073163986
v 0.08011779934167862 -0.010879009030759335 -0.05790775641798973
v 0.07724820077419281 -0.0054395063780248165 -0.058792632073163986
v 0.08067988604307175 -0.005439505912363529 -0.058709945529699326
v 0.08067988604307175 -0.005439505912363529 -0.058709945529699326
v 0.07724820077419281 -0.0054395063780248165 -0.058792632073163986
v 0.07739323377609253 -3.783582780414463e-09 -0.05899961665272713
v 0.08067988604307175 -0.005439505912363529 -0.058709945529699326
v 0.07739323377609253 -3.783582780414463e-09 -0.05899961665272713
v 0.08088293671607971 -3.37173333697649e-09 -0.058999720960855484
v 0.08088293671607971 -3.37173333697649e-09 -0.058999720960855484
v 0.07739323377609253 -3.783582780414463e-09 -0.05899961665272713
v 0.07722148299217224 0.00543949892744422 -0.05875450745224953
v 0.06157447025179863 -0.02175801619887352 -0.061324961483478546
v 0.06243995949625969 -0.016318513080477715 -0.06256014108657837
v 0.06388049572706223 -0.02175801619887352 -0.05963578820228577
v 0.06388049572706223 -0.02175801619887352 -0.05963578820228577
v 0.06243995949625969 -0.016318513080477715 -0.06256014108657837
v 0.06474145501852036 -0.016318513080477715 -0.06086450070142746
v 0.06388049572706223 -0.02175801619887352 -0.05963578820228577
v 0.06474145501852036 -0.016318513080477715 -0.06086450070142746
v 0.0663815438747406 -0.02175801619887352 -0.05822494253516197
v 0.0663815438747406 -0.02175801619887352 -0.05822494253516197
v 0.06474145501852036 -0.016318513080477715 -0.06086450070142746
v 0.06726415455341339 -0.016318513080477715 -0.059484560042619705
v 0.0663815438747406 -0.02175801619887352 -0.05822494253516197
v 0.06726415455341339 -0.016318513080477715 -0.059484560042619705
v 0.07192055881023407 -0.02175801433622837 -0.05616950988769531
v 0.07192055881023407 -0.02175801433622837 -0.05616950988769531
v 0.06726415455341339 -0.016318513080477715 -0.059484560042619705
v 0.06999757885932922 -0.016318513080477715 -0.05840534716844559
v 0.07192055881023407 -0.02175801433622837 -0.05616950988769531
v 0.06999757885932922 -0.016318513080477715 -0.05840534716844559
v 0.07292376458644867 -0.016318511217832565 -0.05760122835636139
v 0.07292376458644867 -0.016318511217832565 -0.05760122835636139
v 0.06999757885932922 -0.016318513080477715 -0.05840534716844559
v 0.07061566412448883 -0.01087900996208191 -0.05928744375705719
v 0.07292376458644867 -0.016318511217832565 -0.05760122835636139
v 0.07061566412448883 -0.01087900996208191 -0.05928744375705719
v 0.07360564917325974 -0.010879009030759335 -0.05857438966631889
v 0.07360564917325974 -0.010879009030759335 -0.05857438966631889
v 0.07061566412448883 -0.01087900996208191 -0.05928744375705719
v 0.07093948125839233 -0.005439507309347391 -0.05974958464503288
v 0.07360564917325974 -0.010879009030759335 -0.05857438966631889
v 0.07093948125839233 -0.005439507309347391 -0.05974958464503288
v 0.07396397739648819 -0.005439506843686104 -0.05908576771616936
v 0.07396397739648819 -0.005439506843686104 -0.05908576771616936
v 0.07093948125839233 -0.005439507309347391 -0.05974958464503288
v 0.07102438062429428 -4.567667577504153e-09 -0.05987074598670006
v 0.07396397739648819 -0.005439506843686104 -0.05908576771616936
v 0.07102438062429428 -4.567667577504153e-09 -0.05987074598670006
v 0.07404396682977676 -4.186320179400127e-09 -0.05919992923736572
v 0.07404396682977676 -4.186320179400127e-09 -0.05919992923736572
v 0.07102438062429428 -4.567667577504153e-09 -0.05987074598670006
v 0.0709165558218956 0.005439497996121645 -0.05971686914563179
v 0.07404396682977676 -4.186320179400127e-09 -0.05919992923736572
v 0.0709165558218956 0.005439497996121645 -0.05971686914563179
v 0.07392905652523041 0.005439498461782932 -0.05903594195842743
v 0.07392905652523041 0.005439498461782932 -0.05903594195842743
v 0.0709165558218956 0.005439497996121645 -0.05971686914563179
v 0.07056724280118942 0.010879000648856163 -0.05921834334731102
v 0.07392905652523041 0.005439498461782932 -0.05903594195842743
v 0.07056724280118942 0.010879000648856163 -0.05921834334731102
v 0.07354990392923355 0.010879000648856163 -0.05849483609199524
v 0.07354990392923355 0.010879000648856163 -0.05849483609199524
v 0.07056724280118942 0.010879000648856163 -0.05921834334731102
v 0.06992818415164948 0.01631850376725197 -0.05830632150173187
v 0.07354990392923355 0.010879000648856163 -0.05849483609199524
v 0.06992818415164948 0.01631850376725197 -0.05830632150173187
v 0.07285751402378082 0.01631850376725197 -0.05750669166445732
v 0.07285751402378082 0.01631850376725197 -0.05750669166445732
v 0.06992818415164948 0.01631850376725197 -0.05830632150173187
v 0.07183220237493515 0.021758006885647774 -0.05604341998696327
v 0.08760771155357361 0.005439499858766794 -0.05863655358552933
v 0.08065909892320633 0.005439499393105507 -0.058680277317762375
v 0.08693324774503708 0.010879002511501312 -0.05767398700118065
v 0.08693324774503708 0.010879002511501312 -0.05767398700118065
v 0.08065909892320633 0.005439499393105507 -0.058680277317762375
v 0.08007189631462097 0.010879001580178738 -0.057842254638671875
v 0.08693324774503708 0.010879002511501312 -0.05767398700118065
v 0.08007189631462097 0.010879001580178738 -0.057842254638671875
v 0.08589290827512741 0.016318505629897118 -0.05618927255272865
v 0.08589290827512741 0.016318505629897118 -0.05618927255272865
v 0.08007189631462097 0.010879001580178738 -0.057842254638671875
v 0.07916580885648727 0.01631850376725197 -0.056549135595560074
v 0.08589290827512741 0.016318505629897118 -0.05618927255272865
v 0.07916580885648727 0.01631850376725197 -0.056549135595560074
v 0.08451195061206818 0.021758006885647774 -0.05421845242381096
v 0.08451195061206818 0.021758006885647774 -0.05421845242381096
v 0.07916580885648727 0.01631850376725197 -0.056549135595560074
v 0.07795310765504837 0.021758006885647774 -0.05481843650341034
v 0.08451195061206818 0.021758006885647774 -0.05421845242381096
v 0.07795310765504837 0.021758006885647774 -0.05481843650341034
v 0.082793690264225 0.02719751000404358 -0.05176623538136482
v 0.082793690264225 0.02719751000404358 -0.05176623538136482
v 0.07795310765504837 0.021758006885647774 -0.05481843650341034
v 0.07642391324043274 0.02719751000404358 -0.052636053413152695
v 0.082793690264225 0.02719751000404358 -0.05176623538136482
v 0.07642391324043274 0.02719751000404358 -0.052636053413152695
v 0.08072622865438461 0.032637011259794235 -0.04881567135453224
v 0.08072622865438461 0.032637011259794235 -0.04881567135453224
v 0.07642391324043274 0.02719751000404358 -0.052636053413152695
v 0.07455627620220184 0.032637011259794235 -0.049970656633377075
v 0.08072622865438461 0.032637011259794235 -0.04881567135453224
v 0.07455627620220184 0.032637011259794235 -0.049970656633377075
v 0.07828929275274277 0.03807651624083519 -0.04533780366182327
v 0.07828929275274277 0.03807651624083519 -0.04533780366182327
v 0.07455627620220184 0.032637011259794235 -0.049970656633377075
v 0.07232623547315598 0.03807651624083519 -0.04678806662559509
v 0.07828929275274277 0.03807651624083519 -0.04533780366182327
v 0.07232623547315598 0.03807651624083519 -0.04678806662559509
v 0.07574646174907684 0.0430000014603138 -0.041709184646606445
v 0.07574646174907684 0.0430000014603138 -0.041709184646606445
v 0.07232623547315598 0.03807651624083519 -0.04678806662559509
v 0.07105802744626999 0.0430000014603138 -0.043070822954177856
v 0.06458133459091187 0.0430000014603138 -0.04569220170378685
v 0.06674154102802277 0.03807651251554489 -0.04877830669283867
v 0.06159454956650734 0.03807651251554489 -0.051393214613199234
v 0.06159454956650734 0.03807651251554489 -0.051393214613199234
v 0.06674154102802277 0.03807651251554489 -0.04877830669283867
v 0.0635029748082161 0.032637011259794235 -0.05411681532859802
v 0.06159454956650734 0.03807651251554489 -0.051393214613199234
v 0.0635029748082161 0.032637011259794235 -0.05411681532859802
v 0.05877869948744774 0.032637011259794235 -0.05733499675989151
v 0.05877869948744774 0.032637011259794235 -0.05733499675989151
v 0.0635029748082161 0.032637011259794235 -0.05411681532859802
v 0.06029333919286728 0.02719750814139843 -0.05949661135673523
v 0.05877869948744774 0.032637011259794235 -0.05733499675989151
v 0.06029333919286728 0.02719750814139843 -0.05949661135673523
v 0.05624654144048691 0.02719750627875328 -0.06368165463209152
v 0.05624654144048691 0.02719750627875328 -0.06368165463209152
v 0.06029333919286728 0.02719750814139843 -0.05949661135673523
v 0.06148494780063629 0.021758005023002625 -0.06119721010327339
v 0.05624654144048691 0.02719750627875328 -0.06368165463209152
v 0.06148494780063629 0.021758005023002625 -0.06119721010327339
v 0.05939818546175957 0.021758005023002625 -0.06319929659366608
v 0.05939818546175957 0.021758005023002625 -0.06319929659366608
v 0.06148494780063629 0.021758005023002625 -0.06119721010327339
v 0.06238427758216858 0.01631850190460682 -0.062480684369802475
v 0.05939818546175957 0.021758005023002625 -0.06319929659366608
v 0.06238427758216858 0.01631850190460682 -0.062480684369802475
v 0.06032443791627884 0.01631850190460682 -0.0645211935043335
v 0.06032443791627884 0.01631850190460682 -0.0645211935043335
v 0.06238427758216858 0.01631850190460682 -0.062480684369802475
v 0.06301577389240265 0.010878999717533588 -0.06338191777467728
v 0.06032443791627884 0.01631850190460682 -0.0645211935043335
v 0.06301577389240265 0.010878999717533588 -0.06338191777467728
v 0.06097723916172981 0.010878999717533588 -0.06545284390449524
v 0.06097723916172981 0.010878999717533588 -0.06545284390449524
v 0.06301577389240265 0.010878999717533588 -0.06338191777467728
v 0.06339383870363235 0.00543949706479907 -0.06392146646976471
v 0.06097723916172981 0.010878999717533588 -0.06545284390449524
v 0.06339383870363235 0.00543949706479907 -0.06392146646976471
v 0.06136788800358772 0.005439496599137783 -0.06601035594940186
v 0.06136788800358772 0.005439496599137783 -0.06601035594940186
v 0.06339383870363235 0.00543949706479907 -0.06392146646976471
v 0.06351914256811142 -5.610914399767353e-09 -0.06410029530525208
v 0.06136788800358772 0.005439496599137783 -0.06601035594940186
v 0.06351914256811142 -5.610914399767353e-09 -0.06410029530525208
v 0.06149708107113838 -5.9275406805170405e-09 -0.06619472801685333
v 0.06149708107113838 -5.9275406805170405e-09 -0.06619472801685333
v 0.06351914256811142 -5.610914399767353e-09 -0.06410029530525208
v 0.06338764727115631 -0.005439508240669966 -0.06391263753175735
v 0.06149708107113838 -5.9275406805170405e-09 -0.06619472801685333
v 0.06338764727115631 -0.005439508240669966 -0.06391263753175735
v 0.06136084347963333 -0.005439508706331253 -0.06600029766559601
v 0.06136084347963333 -0.005439508706331253 -0.06600029766559601
v 0.06338764727115631 -0.005439508240669966 -0.06391263753175735
v 0.06303069740533829 -0.010879010893404484 -0.06340321153402328
v 0.06136084347963333 -0.005439508706331253 -0.06600029766559601
v 0.06303069740533829 -0.010879010893404484 -0.06340321153402328
v 0.0609864667057991 -0.010879010893404484 -0.0654660016298294
v 0.0609864667057991 -0.010879010893404484 -0.0654660016298294
v 0.06303069740533829 -0.010879010893404484 -0.06340321153402328
v 0.06243995949625969 -0.016318513080477715 -0.06256014108657837
v 0.0609864667057991 -0.010879010893404484 -0.0654660016298294
v 0.06243995949625969 -0.016318513080477715 -0.06256014108657837
v 0.06036621332168579 -0.016318513080477715 -0.06458080559968948
v 0.06036621332168579 -0.016318513080477715 -0.06458080559968948
v 0.06243995949625969 -0.016318513080477715 -0.06256014108657837
v 0.06157447025179863 -0.02175801619887352 -0.061324961483478546
v 0.06036621332168579 -0.016318513080477715 -0.06458080559968948
v 0.06157447025179863 -0.02175801619887352 -0.061324961483478546
v 0.059469982981681824 -0.02175801619887352 -0.06330175697803497
v 0.059469982981681824 -0.02175801619887352 -0.06330175697803497
v 0.06157447025179863 -0.02175801619887352 -0.061324961483478546
v 0.060395747423172 -0.027197519317269325 -0.05964274704456329
v 0.059469982981681824 -0.02175801619887352 -0.06330175697803497
v 0.060395747423172 -0.027197519317269325 -0.05964274704456329
v 0.056310221552848816 -0.027197519317269325 -0.0637725219130516
v 0.056310221552848816 -0.027197519317269325 -0.0637725219130516
v 0.060395747423172 -0.027197519317269325 -0.05964274704456329
v 0.05886976793408394 -0.03263702243566513 -0.057464949786663055
v 0.056310221552848816 -0.027197519317269325 -0.0637725219130516
v 0.05886976793408394 -0.03263702243566513 -0.057464949786663055
v 0.05471156910061836 -0.03263702243566513 -0.06149101257324219
v 0.05471156910061836 -0.03263702243566513 -0.06149101257324219
v 0.05886976793408394 -0.03263702243566513 -0.057464949786663055
v 0.05696776136755943 -0.03807652369141579 -0.054750509560108185
v 0.05471156910061836 -0.03263702243566513 -0.06149101257324219
v 0.05696776136755943 -0.03807652369141579 -0.054750509560108185
v 0.05273892357945442 -0.03807652369141579 -0.05867575854063034
v 0.05273892357945442 -0.03807652369141579 -0.05867575854063034
v 0.05696776136755943 -0.03807652369141579 -0.054750509560108185
v 0.050636228173971176 -0.04300002381205559 -0.05560074746608734
v 0.05273892357945442 -0.03807652369141579 -0.05867575854063034
v 0.050636228173971176 -0.04300002381205559 -0.05560074746608734
v 0.04661917686462402 -0.043000027537345886 -0.06011085957288742
v 0.06458133459091187 0.0430000014603138 -0.04569220170378685
v 0.0647035464644432 0.0430000014603138 -0.045633621513843536
v 0.06674154102802277 0.03807651251554489 -0.04877830669283867
v 0.06674154102802277 0.03807651251554489 -0.04877830669283867
v 0.0647035464644432 0.0430000014603138 -0.045633621513843536
v 0.07232623547315598 0.03807651624083519 -0.04678806662559509
v 0.06674154102802277 0.03807651251554489 -0.04877830669283867
v 0.07232623547315598 0.03807651624083519 -0.04678806662559509
v 0.06877636164426804 0.032637011259794235 -0.05168229341506958
v 0.06877636164426804 0.032637011259794235 -0.05168229341506958
v 0.07232623547315598 0.03807651624083519 -0.04678806662559509
v 0.07455627620220184 0.032637011259794235 -0.049970656633377075
v 0.06877636164426804 0.032637011259794235 -0.05168229341506958
v 0.07455627620220184 0.032637011259794235 -0.049970656633377075
v 0.07047122716903687 0.02719750814139843 -0.05410110950469971
v 0.07047122716903687 0.02719750814139843 -0.05410110950469971
v 0.07455627620220184 0.032637011259794235 -0.049970656633377075
v 0.07642391324043274 0.02719751000404358 -0.052636053413152695
v 0.07047122716903687 0.02719750814139843 -0.05410110950469971
v 0.07642391324043274 0.02719751000404358 -0.052636053413152695
v 0.07183220237493515 0.021758006885647774 -0.05604341998696327
v 0.07183220237493515 0.021758006885647774 -0.05604341998696327
v 0.07642391324043274 0.02719751000404358 -0.052636053413152695
v 0.07795310765504837 0.021758006885647774 -0.05481843650341034
v 0.07183220237493515 0.021758006885647774 -0.05604341998696327
v 0.07795310765504837 0.021758006885647774 -0.05481843650341034
v 0.07285751402378082 0.01631850376725197 -0.05750669166445732
v 0.07285751402378082 0.01631850376725197 -0.05750669166445732
v 0.07795310765504837 0.021758006885647774 -0.05481843650341034
v 0.07916580885648727 0.01631850376725197 -0.056549135595560074
v 0.07285751402378082 0.01631850376725197 -0.05750669166445732
v 0.07916580885648727 0.01631850376725197 -0.056549135595560074
v 0.07354990392923355 0.010879000648856163 -0.05849483609199524
v 0.07354990392923355 0.010879000648856163 -0.05849483609199524
v 0.07916580885648727 0.01631850376725197 -0.056549135595560074
v 0.08007189631462097 0.010879001580178738 -0.057842254638671875
v 0.07354990392923355 0.010879000648856163 -0.05849483609199524
v 0.08007189631462097 0.010879001580178738 -0.057842254638671875
v 0.07722148299217224 0.00543949892744422 -0.05875450745224953
v 0.07722148299217224 0.00543949892744422 -0.05875450745224953
v 0.08007189631462097 0.010879001580178738 -0.057842254638671875
v 0.08065909892320633 0.005439499393105507 -0.058680277317762375
v 0.07722148299217224 0.00543949892744422 -0.05875450745224953
v 0.08065909892320633 0.005439499393105507 -0.058680277317762375
v 0.08088293671607971 -3.37173333697649e-09 -0.058999720960855484
v 0.08088293671607971 -3.37173333697649e-09 -0.058999720960855484
v 0.08065909892320633 0.005439499393105507 -0.058680277317762375
v 0.08760771155357361 0.005439499858766794 -0.05863655358552933
v 0.08088293671607971 -3.37173333697649e-09 -0.058999720960855484
v 0.08760771155357361 0.005439499858766794 -0.05863655358552933
v 0.08786232769489288 -2.5480355603235694e-09 -0.0589999184012413
v 0.08786232769489288 -2.5480355603235694e-09 -0.0589999184012413
v 0.08760771155357361 0.005439499858766794 -0.05863655358552933
v 0.10182095319032669 -9.006501100472519e-10 -0.05900008976459503
v 0.08786232769489288 -2.5480355603235694e-09 -0.0589999184012413
v 0.10182095319032669 -9.006501100472519e-10 -0.05900008976459503
v 0.08763859421014786 -0.005439504981040955 -0.05868062376976013
v 0.08763859421014786 -0.005439504981040955 -0.05868062376976013
v 0.10182095319032669 -9.006501100472519e-10 -0.05900008976459503
v 0.10160574316978455 -0.005439503584057093 -0.058692947030067444
v 0.08763859421014786 -0.005439504981040955 -0.05868062376976013
v 0.10160574316978455 -0.005439503584057093 -0.058692947030067444
v 0.08698048442602158 -0.01087900809943676 -0.05774139612913132
v 0.08698048442602158 -0.01087900809943676 -0.05774139612913132
v 0.10160574316978455 -0.005439503584057093 -0.058692947030067444
v 0.10093768686056137 -0.01087900623679161 -0.057739533483982086
v 0.08698048442602158 -0.01087900809943676 -0.05774139612913132
v 0.10093768686056137 -0.01087900623679161 -0.057739533483982086
v 0.08595715463161469 -0.016318511217832565 -0.0562809519469738
v 0.08595715463161469 -0.016318511217832565 -0.0562809519469738
v 0.10093768686056137 -0.01087900623679161 -0.057739533483982086
v 0.09984057396650314 -0.016318509355187416 -0.056173790246248245
v 0.08595715463161469 -0.016318511217832565 -0.0562809519469738
v 0.09984057396650314 -0.016318509355187416 -0.056173790246248245
v 0.09833871573209763 -0.02175801247358322 -0.054030418395996094
v 0.09833871573209763 -0.02175801247358322 -0.054030418395996094
v 0.09984057396650314 -0.016318509355187416 -0.056173790246248245
v 0.1139397844672203 -0.016318507492542267 -0.056374598294496536
v 0.09833871573209763 -0.02175801247358322 -0.054030418395996094
v 0.1139397844672203 -0.016318507492542267 -0.056374598294496536
v 0.11248663812875748 -0.021758010610938072 -0.05430074408650398
v 0.11248663812875748 -0.021758010610938072 -0.05430074408650398
v 0.1139397844672203 -0.016318507492542267 -0.056374598294496536
v 0.12999999523162842 -0.021756352856755257 -0.05484214797616005
v 0.11248663812875748 -0.021758010610938072 -0.05430074408650398
v 0.12999999523162842 -0.021756352856755257 -0.05484214797616005
v 0.12999999523162842 -0.02470092475414276 -0.053580448031425476
v 0.07174188643693924 -0.04772047698497772 0.036029089242219925
v 0.07792381942272186 -0.048999786376953125 0.032356854528188705
v 0.0780097246170044 -0.047713473439216614 0.03467128798365593
v 0.0780097246170044 -0.047713473439216614 0.03467128798365593
v 0.07792381942272186 -0.048999786376953125 0.032356854528188705
v 0.08390884846448898 -0.04900001361966133 0.031737070530653
v 0.0780097246170044 -0.047713473439216614 0.03467128798365593
v 0.08390884846448898 -0.04900001361966133 0.031737070530653
v 0.08437488973140717 -0.047709863632917404 0.034004081040620804
v 0.08437488973140717 -0.047709863632917404 0.034004081040620804
v 0.08390884846448898 -0.04900001361966133 0.031737070530653
v 0.09059183299541473 -0.04899998754262924 0.03169433772563934
v 0.08437488973140717 -0.047709863632917404 0.034004081040620804
v 0.09059183299541473 -0.04899998754262924 0.03169433772563934
v 0.09080368280410767 -0.047713253647089005 0.03393733501434326
v 0.09080368280410767 -0.047713253647089005 0.03393733501434326
v 0.09059183299541473 -0.04899998754262924 0.03169433772563934
v 0.10197698324918747 -0.049000661820173264 0.03206714242696762
v 0.09080368280410767 -0.047713253647089005 0.03393733501434326
v 0.10197698324918747 -0.049000661820173264 0.03206714242696762
v 0.10384634137153625 -0.04768657311797142 0.034250225871801376
v 0.035545360296964645 -0.04900031164288521 0.060477595776319504
v 0.03955787792801857 -0.04900017008185387 0.05506404489278793
v 0.041844695806503296 -0.046178657561540604 0.05802445858716965
v 0.041844695806503296 -0.046178657561540604 0.05802445858716965
v 0.03955787792801857 -0.04900017008185387 0.05506404489278793
v 0.04407577961683273 -0.048999935388565063 0.050020731985569
v 0.038146842271089554 -0.04613741859793663 0.06317555904388428
v 0.034641191363334656 -0.04899964854121208 0.061860956251621246
v 0.035545360296964645 -0.04900031164288521 0.060477595776319504
v 0.09307018667459488 -0.04477959871292114 0.03804676607251167
v 0.10538353770971298 -0.04471570998430252 0.03821057826280594
v 0.10094467550516129 -0.04300004988908768 0.03998050093650818
v 0.10094467550516129 -0.04300004988908768 0.03998050093650818
v 0.10538353770971298 -0.04471570998430252 0.03821057826280594
v 0.12999999523162842 -0.044863950461149216 0.03831743448972702
v 0.10094467550516129 -0.04300004988908768 0.03998050093650818
v 0.12999999523162842 -0.044863950461149216 0.03831743448972702
v 0.12999999523162842 -0.0429999865591526 0.04039803147315979
v 0.04760567843914032 -0.04467535763978958 0.05412779748439789
v 0.0434473417699337 -0.04463576525449753 0.058749694377183914
v 0.041844695806503296 -0.046178657561540604 0.05802445858716965
v 0.04760567843914032 -0.04467535763978958 0.05412779748439789
v 0.046056583523750305 -0.04622657597064972 0.053277697414159775
v 0.052261851727962494 -0.04471346363425255 0.0500108003616333
v 0.052261851727962494 -0.04471346363425255 0.0500108003616333
v 0.046056583523750305 -0.04622657597064972 0.053277697414159775
v 0.05074659734964371 -0.04627181589603424 0.04901481419801712
v 0.057366080582141876 -0.044743821024894714 0.0464642234146595
v 0.05587301030755043 -0.04630620777606964 0.04530081897974014
v 0.06285152584314346 -0.044764235615730286 0.04352883622050285
v 0.06285152584314346 -0.044764235615730286 0.04352883622050285
v 0.05587301030755043 -0.04630620777606964 0.04530081897974014
v 0.06137724593281746 -0.04632653295993805 0.042184099555015564
v 0.06285152584314346 -0.044764235615730286 0.04352883622050285
v 0.06137724593281746 -0.04632653295993805 0.042184099555015564
v 0.0686311423778534 -0.04477476328611374 0.0412217378616333
v 0.0686311423778534 -0.04477476328611374 0.0412217378616333
v 0.06137724593281746 -0.04632653295993805 0.042184099555015564
v 0.06718506664037704 -0.04633381590247154 0.03969345614314079
v 0.0686311423778534 -0.04477476328611374 0.0412217378616333
v 0.06718506664037704 -0.04633381590247154 0.03969345614314079
v 0.07461785525083542 -0.044779352843761444 0.039550118148326874
v 0.07461785525083542 -0.044779352843761444 0.039550118148326874
v 0.06718506664037704 -0.04633381590247154 0.03969345614314079
v 0.07321762293577194 -0.04633320868015289 0.03784690052270889
v 0.07461785525083542 -0.044779352843761444 0.039550118148326874
v 0.07321762293577194 -0.04633320868015289 0.03784690052270889
v 0.08073681592941284 -0.044782232493162155 0.038499850779771805
v 0.08073681592941284 -0.044782232493162155 0.038499850779771805
v 0.07321762293577194 -0.04633320868015289 0.03784690052270889
v 0.07940050959587097 -0.046330470591783524 0.03664647787809372
v 0.08073681592941284 -0.044782232493162155 0.038499850779771805
v 0.07940050959587097 -0.046330470591783524 0.03664647787809372
v 0.0869150459766388 -0.044785890728235245 0.03805148974061012
v 0.0869150459766388 -0.044785890728235245 0.03805148974061012
v 0.07940050959587097 -0.046330470591783524 0.03664647787809372
v 0.08565793186426163 -0.04633050411939621 0.03609219193458557
v 0.0869150459766388 -0.044785890728235245 0.03805148974061012
v 0.08565793186426163 -0.04633050411939621 0.03609219193458557
v 0.09307018667459488 -0.04477959871292114 0.03804676607251167
v 0.09307018667459488 -0.04477959871292114 0.03804676607251167
v 0.08565793186426163 -0.04633050411939621 0.03609219193458557
v 0.09193304926156998 -0.04632856696844101 0.03605630248785019
v 0.09307018667459488 -0.04477959871292114 0.03804676607251167
v 0.09193304926156998 -0.04632856696844101 0.03605630248785019
v 0.10538353770971298 -0.04471570998430252 0.03821057826280594
v 0.10538353770971298 -0.04471570998430252 0.03821057826280594
v 0.09193304926156998 -0.04632856696844101 0.03605630248785019
v 0.10460920631885529 -0.04626818746328354 0.03628290444612503
v 0.10538353770971298 -0.04471570998430252 0.03821057826280594
v 0.10460920631885529 -0.04626818746328354 0.03628290444612503
v 0.12999999523162842 -0.044863950461149216 0.03831743448972702
v 0.08073681592941284 -0.044782232493162155 0.038499850779771805
v 0.07866574823856354 -0.04300001263618469 0.04067350924015045
v 0.07461785525083542 -0.044779352843761444 0.039550118148326874
v 0.07461785525083542 -0.044779352843761444 0.039550118148326874
v 0.07866574823856354 -0.04300001263618469 0.04067350924015045
v 0.07383918762207031 -0.04300008714199066 0.04160151258111
v 0.07461785525083542 -0.044779352843761444 0.039550118148326874
v 0.07383918762207031 -0.04300008714199066 0.04160151258111
v 0.0686311423778534 -0.04477476328611374 0.0412217378616333
v 0.0686311423778534 -0.04477476328611374 0.0412217378616333
v 0.07383918762207031 -0.04300008714199066 0.04160151258111
v 0.06728482991456985 -0.04300016164779663 0.04354313015937805
v 0.0686311423778534 -0.04477476328611374 0.0412217378616333
v 0.06728482991456985 -0.04300016164779663 0.04354313015937805
v 0.06285152584314346 -0.044764235615730286 0.04352883622050285
v 0.0571131631731987 -0.043000005185604095 0.04851507768034935
v 0.057366080582141876 -0.044743821024894714 0.0464642234146595
v 0.06204510107636452 -0.04300008341670036 0.04576154053211212
v 0.06204510107636452 -0.04300008341670036 0.04576154053211212
v 0.057366080582141876 -0.044743821024894714 0.0464642234146595
v 0.06285152584314346 -0.044764235615730286 0.04352883622050285
v 0.06204510107636452 -0.04300008341670036 0.04576154053211212
v 0.06285152584314346 -0.044764235615730286 0.04352883622050285
v 0.06414153426885605 -0.043000124394893646 0.04479505494236946
v 0.06414153426885605 -0.043000124394893646 0.04479505494236946
v 0.06285152584314346 -0.044764235615730286 0.04352883622050285
v 0.06728482991456985 -0.04300016164779663 0.04354313015937805
v 0.04760567843914032 -0.04467535763978958 0.05412779748439789
v 0.041844695806503296 -0.046178657561540604 0.05802445858716965
v 0.046056583523750305 -0.04622657597064972 0.053277697414159775
v 0.046056583523750305 -0.04622657597064972 0.053277697414159775
v 0.041844695806503296 -0.046178657561540604 0.05802445858716965
v 0.04407577961683273 -0.048999935388565063 0.050020731985569
v 0.046056583523750305 -0.04622657597064972 0.053277697414159775
v 0.04407577961683273 -0.048999935388565063 0.050020731985569
v 0.05074659734964371 -0.04627181589603424 0.04901481419801712
v 0.05074659734964371 -0.04627181589603424 0.04901481419801712
v 0.04407577961683273 -0.048999935388565063 0.050020731985569
v 0.04900308698415756 -0.049000244587659836 0.045507900416851044
v 0.05074659734964371 -0.04627181589603424 0.04901481419801712
v 0.04900308698415756 -0.049000244587659836 0.045507900416851044
v 0.054276928305625916 -0.04771549627184868 0.044052641838788986
v 0.054276928305625916 -0.04771549627184868 0.044052641838788986
v 0.04900308698415756 -0.049000244587659836 0.045507900416851044
v 0.05420675501227379 -0.04900006204843521 0.04164334386587143
v 0.054276928305625916 -0.04771549627184868 0.044052641838788986
v 0.05420675501227379 -0.04900006204843521 0.04164334386587143
v 0.0598025880753994 -0.04772559553384781 0.04074180871248245
v 0.0598025880753994 -0.04772559553384781 0.04074180871248245
v 0.05420675501227379 -0.04900006204843521 0.04164334386587143
v 0.059779807925224304 -0.04900023341178894 0.03835124149918556
v 0.0598025880753994 -0.04772559553384781 0.04074180871248245
v 0.059779807925224304 -0.04900023341178894 0.03835124149918556
v 0.06564825773239136 -0.04772599786520004 0.03805820643901825
v 0.06564825773239136 -0.04772599786520004 0.03805820643901825
v 0.059779807925224304 -0.04900023341178894 0.03835124149918556
v 0.06560666114091873 -0.04900011420249939 0.03570370376110077
v 0.06564825773239136 -0.04772599786520004 0.03805820643901825
v 0.06560666114091873 -0.04900011420249939 0.03570370376110077
v 0.07174188643693924 -0.04772047698497772 0.036029089242219925
v 0.07174188643693924 -0.04772047698497772 0.036029089242219925
v 0.06560666114091873 -0.04900011420249939 0.03570370376110077
v 0.0716947689652443 -0.04900050163269043 0.033690545707941055
v 0.07174188643693924 -0.04772047698497772 0.036029089242219925
v 0.0716947689652443 -0.04900050163269043 0.033690545707941055
v 0.07792381942272186 -0.048999786376953125 0.032356854528188705
v 0.10197698324918747 -0.049000661820173264 0.03206714242696762
v 0.11148613691329956 -0.04900099337100983 0.032374292612075806
v 0.10384634137153625 -0.04768657311797142 0.034250225871801376
v 0.10384634137153625 -0.04768657311797142 0.034250225871801376
v 0.11148613691329956 -0.04900099337100983 0.032374292612075806
v 0.1207679957151413 -0.04900044947862625 0.03264404833316803
v 0.10384634137153625 -0.04768657311797142 0.034250225871801376
v 0.1207679957151413 -0.04900044947862625 0.03264404833316803
v 0.12999999523162842 -0.047616422176361084 0.034837860614061356
v 0.12999999523162842 -0.047616422176361084 0.034837860614061356
v 0.1207679957151413 -0.04900044947862625 0.03264404833316803
v 0.12120462208986282 -0.04900049418210983 0.03265552967786789
v 0.12999999523162842 -0.047616422176361084 0.034837860614061356
v 0.12120462208986282 -0.04900049418210983 0.03265552967786789
v 0.12999999523162842 -0.04900002107024193 0.032863326370716095
v 0.05528265982866287 -0.043000005185604095 0.04973634332418442
v 0.053588226437568665 -0.04300002008676529 0.050978709012269974
v 0.052261851727962494 -0.04471346363425255 0.0500108003616333
v 0.052261851727962494 -0.04471346363425255 0.0500108003616333
v 0.053588226437568665 -0.04300002008676529 0.050978709012269974
v 0.05250538885593414 -0.04300003498792648 0.05183366313576698
v 0.052261851727962494 -0.04471346363425255 0.0500108003616333
v 0.05250538885593414 -0.04300003498792648 0.05183366313576698
v 0.04760567843914032 -0.04467535763978958 0.05412779748439789
v 0.04760567843914032 -0.04467535763978958 0.05412779748439789
v 0.05250538885593414 -0.04300003498792648 0.05183366313576698
v 0.04741024225950241 -0.04300007224082947 0.056608960032463074
v 0.04760567843914032 -0.04467535763978958 0.05412779748439789
v 0.04741024225950241 -0.04300007224082947 0.056608960032463074
v 0.0434473417699337 -0.04463576525449753 0.058749694377183914
v 0.0434473417699337 -0.04463576525449753 0.058749694377183914
v 0.04741024225950241 -0.04300007224082947 0.056608960032463074
v 0.044966429471969604 -0.04300004988908768 0.059443239122629166
v 0.0434473417699337 -0.04463576525449753 0.058749694377183914
v 0.044966429471969604 -0.04300004988908768 0.059443239122629166
v 0.044321246445178986 -0.04300004243850708 0.06026546284556389
v 0.035545360296964645 -0.04900031164288521 0.060477595776319504
v 0.041844695806503296 -0.046178657561540604 0.05802445858716965
v 0.038146842271089554 -0.04613741859793663 0.06317555904388428
v 0.038146842271089554 -0.04613741859793663 0.06317555904388428
v 0.041844695806503296 -0.046178657561540604 0.05802445858716965
v 0.0434473417699337 -0.04463576525449753 0.058749694377183914
v 0.038146842271089554 -0.04613741859793663 0.06317555904388428
v 0.0434473417699337 -0.04463576525449753 0.058749694377183914
v 0.03982590511441231 -0.04460233822464943 0.06378895044326782
v 0.03982590511441231 -0.04460233822464943 0.06378895044326782
v 0.0434473417699337 -0.04463576525449753 0.058749694377183914
v 0.044321246445178986 -0.04300004243850708 0.06026546284556389
v 0.03982590511441231 -0.04460233822464943 0.06378895044326782
v 0.044321246445178986 -0.04300004243850708 0.06026546284556389
v 0.04145378991961479 -0.04300030693411827 0.06437250226736069
v 0.10094467550516129 -0.04300004988908768 0.03998050093650818
v 0.0936712771654129 -0.0430000014603138 0.039913278073072433
v 0.09307018667459488 -0.04477959871292114 0.03804676607251167
v 0.09307018667459488 -0.04477959871292114 0.03804676607251167
v 0.0936712771654129 -0.0430000014603138 0.039913278073072433
v 0.09124672412872314 -0.04299994185566902 0.03989579156041145
v 0.09307018667459488 -0.04477959871292114 0.03804676607251167
v 0.09124672412872314 -0.04299994185566902 0.03989579156041145
v 0.0869150459766388 -0.044785890728235245 0.03805148974061012
v 0.0869150459766388 -0.044785890728235245 0.03805148974061012
v 0.09124672412872314 -0.04299994185566902 0.03989579156041145
v 0.08516957610845566 -0.04300002381205559 0.04000762850046158
v 0.0869150459766388 -0.044785890728235245 0.03805148974061012
v 0.08516957610845566 -0.04300002381205559 0.04000762850046158
v 0.08073681592941284 -0.044782232493162155 0.038499850779771805
v 0.08073681592941284 -0.044782232493162155 0.038499850779771805
v 0.08516957610845566 -0.04300002381205559 0.04000762850046158
v 0.08157294988632202 -0.043000005185604095 0.04029736667871475
v 0.08073681592941284 -0.044782232493162155 0.038499850779771805
v 0.08157294988632202 -0.043000005185604095 0.04029736667871475
v 0.07866574823856354 -0.04300001263618469 0.04067350924015045
v 0.12999999523162842 -0.047616422176361084 0.034837860614061356
v 0.12999999523162842 -0.044863950461149216 0.03831743448972702
v 0.10384634137153625 -0.04768657311797142 0.034250225871801376
v 0.10384634137153625 -0.04768657311797142 0.034250225871801376
v 0.12999999523162842 -0.044863950461149216 0.03831743448972702
v 0.10460920631885529 -0.04626818746328354 0.03628290444612503
v 0.10384634137153625 -0.04768657311797142 0.034250225871801376
v 0.10460920631885529 -0.04626818746328354 0.03628290444612503
v 0.09080368280410767 -0.047713253647089005 0.03393733501434326
v 0.09080368280410767 -0.047713253647089005 0.03393733501434326
v 0.10460920631885529 -0.04626818746328354 0.03628290444612503
v 0.09193304926156998 -0.04632856696844101 0.03605630248785019
v 0.09080368280410767 -0.047713253647089005 0.03393733501434326
v 0.09193304926156998 -0.04632856696844101 0.03605630248785019
v 0.08437488973140717 -0.047709863632917404 0.034004081040620804
v 0.08437488973140717 -0.047709863632917404 0.034004081040620804
v 0.09193304926156998 -0.04632856696844101 0.03605630248785019
v 0.08565793186426163 -0.04633050411939621 0.03609219193458557
v 0.08437488973140717 -0.047709863632917404 0.034004081040620804
v 0.08565793186426163 -0.04633050411939621 0.03609219193458557
v 0.0780097246170044 -0.047713473439216614 0.03467128798365593
v 0.0780097246170044 -0.047713473439216614 0.03467128798365593
v 0.08565793186426163 -0.04633050411939621 0.03609219193458557
v 0.07940050959587097 -0.046330470591783524 0.03664647787809372
v 0.0780097246170044 -0.047713473439216614 0.03467128798365593
v 0.07940050959587097 -0.046330470591783524 0.03664647787809372
v 0.07174188643693924 -0.04772047698497772 0.036029089242219925
v 0.07174188643693924 -0.04772047698497772 0.036029089242219925
v 0.07940050959587097 -0.046330470591783524 0.03664647787809372
v 0.07321762293577194 -0.04633320868015289 0.03784690052270889
v 0.07174188643693924 -0.04772047698497772 0.036029089242219925
v 0.07321762293577194 -0.04633320868015289 0.03784690052270889
v 0.06564825773239136 -0.04772599786520004 0.03805820643901825
v 0.06564825773239136 -0.04772599786520004 0.03805820643901825
v 0.07321762293577194 -0.04633320868015289 0.03784690052270889
v 0.06718506664037704 -0.04633381590247154 0.03969345614314079
v 0.06564825773239136 -0.04772599786520004 0.03805820643901825
v 0.06718506664037704 -0.04633381590247154 0.03969345614314079
v 0.0598025880753994 -0.04772559553384781 0.04074180871248245
v 0.0598025880753994 -0.04772559553384781 0.04074180871248245
v 0.06718506664037704 -0.04633381590247154 0.03969345614314079
v 0.06137724593281746 -0.04632653295993805 0.042184099555015564
v 0.0598025880753994 -0.04772559553384781 0.04074180871248245
v 0.06137724593281746 -0.04632653295993805 0.042184099555015564
v 0.054276928305625916 -0.04771549627184868 0.044052641838788986
v 0.054276928305625916 -0.04771549627184868 0.044052641838788986
v 0.06137724593281746 -0.04632653295993805 0.042184099555015564
v 0.05587301030755043 -0.04630620777606964 0.04530081897974014
v 0.054276928305625916 -0.04771549627184868 0.044052641838788986
v 0.05587301030755043 -0.04630620777606964 0.04530081897974014
v 0.05074659734964371 -0.04627181589603424 0.04901481419801712
v 0.05074659734964371 -0.04627181589603424 0.04901481419801712
v 0.05587301030755043 -0.04630620777606964 0.04530081897974014
v 0.057366080582141876 -0.044743821024894714 0.0464642234146595
v 0.05074659734964371 -0.04627181589603424 0.04901481419801712
v 0.057366080582141876 -0.044743821024894714 0.0464642234146595
v 0.052261851727962494 -0.04471346363425255 0.0500108003616333
v 0.052261851727962494 -0.04471346363425255 0.0500108003616333
v 0.057366080582141876 -0.044743821024894714 0.0464642234146595
v 0.0571131631731987 -0.043000005185604095 0.04851507768034935
v 0.052261851727962494 -0.04471346363425255 0.0500108003616333
v 0.0571131631731987 -0.043000005185604095 0.04851507768034935
v 0.05528265982866287 -0.043000005185604095 0.04973634332418442
v 0.1300000250339508 -0.044863976538181305 -0.03831745684146881
v 0.1300000101327896 -0.04615399241447449 -0.03675337880849838
v 0.10198310762643814 -0.04625483602285385 -0.03633458539843559
v 0.1300000101327896 -0.04299997538328171 -0.04039810225367546
v 0.130000039935112 -0.044614601880311966 -0.038607534021139145
v 0.10722629725933075 -0.043000005185604095 -0.03994923457503319
v 0.10722629725933075 -0.043000005185604095 -0.03994923457503319
v 0.130000039935112 -0.044614601880311966 -0.038607534021139145
v 0.10197537392377853 -0.04469052702188492 -0.03817073255777359
v 0.10722629725933075 -0.043000005185604095 -0.03994923457503319
v 0.10197537392377853 -0.04469052702188492 -0.03817073255777359
v 0.10204700380563736 -0.043000008910894394 -0.03987440839409828
v 0.10204700380563736 -0.043000008910894394 -0.03987440839409828
v 0.10197537392377853 -0.04469052702188492 -0.03817073255777359
v 0.0880797952413559 -0.04469806328415871 -0.03817233815789223
v 0.10204700380563736 -0.043000008910894394 -0.03987440839409828
v 0.0880797952413559 -0.04469806328415871 -0.03817233815789223
v 0.09076984226703644 -0.043000008910894394 -0.03980641812086105
v 0.09076984226703644 -0.043000008910894394 -0.03980641812086105
v 0.0880797952413559 -0.04469806328415871 -0.03817233815789223
v 0.0814894437789917 -0.04469229653477669 -0.03884182870388031
v 0.09076984226703644 -0.043000008910894394 -0.03980641812086105
v 0.0814894437789917 -0.04469229653477669 -0.03884182870388031
v 0.08408951014280319 -0.04300001263618469 -0.0402502678334713
v 0.08408951014280319 -0.04300001263618469 -0.0402502678334713
v 0.0814894437789917 -0.04469229653477669 -0.03884182870388031
v 0.07525108754634857 -0.044689200818538666 -0.04013323038816452
v 0.08408951014280319 -0.04300001263618469 -0.0402502678334713
v 0.07525108754634857 -0.044689200818538666 -0.04013323038816452
v 0.07748490571975708 -0.04300001636147499 -0.04135004058480263
v 0.07748490571975708 -0.04300001636147499 -0.04135004058480263
v 0.07525108754634857 -0.044689200818538666 -0.04013323038816452
v 0.06935608386993408 -0.044688332825899124 -0.041988834738731384
v 0.07748490571975708 -0.04300001636147499 -0.04135004058480263
v 0.06935608386993408 -0.044688332825899124 -0.041988834738731384
v 0.07124166935682297 -0.04300001636147499 -0.04306899756193161
v 0.07124166935682297 -0.04300001636147499 -0.04306899756193161
v 0.06935608386993408 -0.044688332825899124 -0.041988834738731384
v 0.06381112337112427 -0.044686492532491684 -0.044390976428985596
v 0.07124166935682297 -0.04300001636147499 -0.04306899756193161
v 0.06381112337112427 -0.044686492532491684 -0.044390976428985596
v 0.06534530967473984 -0.04300002008676529 -0.04540322348475456
v 0.06534530967473984 -0.04300002008676529 -0.04540322348475456
v 0.06381112337112427 -0.044686492532491684 -0.044390976428985596
v 0.058629490435123444 -0.044682327657938004 -0.04732959717512131
v 0.06534530967473984 -0.04300002008676529 -0.04540322348475456
v 0.058629490435123444 -0.044682327657938004 -0.04732959717512131
v 0.05988871306180954 -0.04300002008676529 -0.048320282250642776
v 0.05988871306180954 -0.04300002008676529 -0.048320282250642776
v 0.058629490435123444 -0.044682327657938004 -0.04732959717512131
v 0.053819771856069565 -0.044674940407276154 -0.050793033093214035
v 0.05988871306180954 -0.04300002008676529 -0.048320282250642776
v 0.053819771856069565 -0.044674940407276154 -0.050793033093214035
v 0.05511612072587013 -0.04300002381205559 -0.05163552239537239
v 0.05511612072587013 -0.04300002381205559 -0.05163552239537239
v 0.053819771856069565 -0.044674940407276154 -0.050793033093214035
v 0.050636228173971176 -0.04300002381205559 -0.05560074746608734
v 0.039971765130758286 -0.046173520386219025 -0.06417766958475113
v 0.03549281135201454 -0.04713024944067001 -0.06999999284744263
v 0.03831743821501732 -0.044863954186439514 -0.06999999284744263
v 0.053819771856069565 -0.044674940407276154 -0.050793033093214035
v 0.0478782132267952 -0.04623046889901161 -0.05402981489896774
v 0.050636228173971176 -0.04300002381205559 -0.05560074746608734
v 0.050636228173971176 -0.04300002381205559 -0.05560074746608734
v 0.0478782132267952 -0.04623046889901161 -0.05402981489896774
v 0.04368671029806137 -0.04620200768113136 -0.058851808309555054
v 0.050636228173971176 -0.04300002381205559 -0.05560074746608734
v 0.04368671029806137 -0.04620200768113136 -0.058851808309555054
v 0.04661917686462402 -0.043000027537345886 -0.06011085957288742
v 0.04661917686462402 -0.043000027537345886 -0.06011085957288742
v 0.04368671029806137 -0.04620200768113136 -0.058851808309555054
v 0.039971765130758286 -0.046173520386219025 -0.06417766958475113
v 0.04661917686462402 -0.043000027537345886 -0.06011085957288742
v 0.039971765130758286 -0.046173520386219025 -0.06417766958475113
v 0.04306082800030708 -0.043000027537345886 -0.06518914550542831
v 0.04306082800030708 -0.043000027537345886 -0.06518914550542831
v 0.039971765130758286 -0.046173520386219025 -0.06417766958475113
v 0.03831743821501732 -0.044863954186439514 -0.06999999284744263
v 0.04306082800030708 -0.043000027537345886 -0.06518914550542831
v 0.03831743821501732 -0.044863954186439514 -0.06999999284744263
v 0.04039807617664337 -0.04299996793270111 -0.07000000029802322
v 0.0747298076748848 -0.04770703986287117 -0.03629540652036667
v 0.06624703854322433 -0.04899996146559715 -0.037122808396816254
v 0.06832864135503769 -0.04771525412797928 -0.03837418928742409
v 0.06832864135503769 -0.04771525412797928 -0.03837418928742409
v 0.06624703854322433 -0.04899996146559715 -0.037122808396816254
v 0.06032296270132065 -0.0490000918507576 -0.04002267122268677
v 0.06832864135503769 -0.04771525412797928 -0.03837418928742409
v 0.06032296270132065 -0.0490000918507576 -0.04002267122268677
v 0.06221609562635422 -0.04772060364484787 -0.041139617562294006
v 0.06221609562635422 -0.04772060364484787 -0.041139617562294006
v 0.06032296270132065 -0.0490000918507576 -0.04002267122268677
v 0.054744310677051544 -0.04900066927075386 -0.043535906821489334
v 0.06221609562635422 -0.04772060364484787 -0.041139617562294006
v 0.054744310677051544 -0.04900066927075386 -0.043535906821489334
v 0.05646258592605591 -0.04771784320473671 -0.044570278376340866
v 0.05646258592605591 -0.04771784320473671 -0.044570278376340866
v 0.054744310677051544 -0.04900066927075386 -0.043535906821489334
v 0.049454834312200546 -0.049000002443790436 -0.047719042748212814
v 0.05646258592605591 -0.04771784320473671 -0.044570278376340866
v 0.049454834312200546 -0.049000002443790436 -0.047719042748212814
v 0.05113043263554573 -0.0477047860622406 -0.048623330891132355
v 0.05113043263554573 -0.0477047860622406 -0.048623330891132355
v 0.049454834312200546 -0.049000002443790436 -0.047719042748212814
v 0.044634122401475906 -0.04900049418210983 -0.0524425208568573
v 0.05113043263554573 -0.0477047860622406 -0.048623330891132355
v 0.044634122401475906 -0.04900049418210983 -0.0524425208568573
v 0.046270936727523804 -0.04768221825361252 -0.05324995517730713
v 0.046270936727523804 -0.04768221825361252 -0.05324995517730713
v 0.044634122401475906 -0.04900049418210983 -0.0524425208568573
v 0.04048428311944008 -0.049000032246112823 -0.05742280185222626
v 0.046270936727523804 -0.04768221825361252 -0.05324995517730713
v 0.04048428311944008 -0.049000032246112823 -0.05742280185222626
v 0.041923556476831436 -0.047654587775468826 -0.05839192122220993
v 0.041923556476831436 -0.047654587775468826 -0.05839192122220993
v 0.04048428311944008 -0.049000032246112823 -0.05742280185222626
v 0.036445800215005875 -0.04899802431464195 -0.06338950991630554
v 0.041923556476831436 -0.047654587775468826 -0.05839192122220993
v 0.036445800215005875 -0.04899802431464195 -0.06338950991630554
v 0.038111358880996704 -0.04762953147292137 -0.06399252265691757
v 0.08134239166975021 -0.04770053178071976 -0.03491128981113434
v 0.07783852517604828 -0.04900022968649864 -0.03347714617848396
v 0.0747298076748848 -0.04770703986287117 -0.03629540652036667
v 0.0747298076748848 -0.04770703986287117 -0.03629540652036667
v 0.07783852517604828 -0.04900022968649864 -0.03347714617848396
v 0.07244477421045303 -0.049000054597854614 -0.034870825707912445
v 0.0747298076748848 -0.04770703986287117 -0.03629540652036667
v 0.07244477421045303 -0.049000054597854614 -0.034870825707912445
v 0.06624703854322433 -0.04899996146559715 -0.037122808396816254
v 0.08789443969726562 -0.04899999126791954 -0.03222860395908356
v 0.08734922111034393 -0.04899997264146805 -0.03225226700305939
v 0.0881054475903511 -0.0477009192109108 -0.03427797928452492
v 0.0881054475903511 -0.0477009192109108 -0.03427797928452492
v 0.08734922111034393 -0.04899997264146805 -0.03225226700305939
v 0.08535342663526535 -0.048998914659023285 -0.03237943723797798
v 0.0881054475903511 -0.0477009192109108 -0.03427797928452492
v 0.08535342663526535 -0.048998914659023285 -0.03237943723797798
v 0.08134239166975021 -0.04770053178071976 -0.03491128981113434
v 0.08134239166975021 -0.04770053178071976 -0.03491128981113434
v 0.08535342663526535 -0.048998914659023285 -0.03237943723797798
v 0.07885967940092087 -0.049000151455402374 -0.03326962888240814
v 0.08134239166975021 -0.04770053178071976 -0.03491128981113434
v 0.07885967940092087 -0.049000151455402374 -0.03326962888240814
v 0.07783852517604828 -0.04900022968649864 -0.03347714617848396
v 0.08789443969726562 -0.04899999126791954 -0.03222860395908356
v 0.0881054475903511 -0.0477009192109108 -0.03427797928452492
v 0.09175220131874084 -0.04899991676211357 -0.032173845916986465
v 0.09175220131874084 -0.04899991676211357 -0.032173845916986465
v 0.0881054475903511 -0.0477009192109108 -0.03427797928452492
v 0.10199330747127533 -0.04769172519445419 -0.03439360857009888
v 0.09175220131874084 -0.04899991676211357 -0.032173845916986465
v 0.10199330747127533 -0.04769172519445419 -0.03439360857009888
v 0.12056128680706024 -0.049000393599271774 -0.032709259539842606
v 0.1300000101327896 -0.04615399241447449 -0.03675337880849838
v 0.12999999523162842 -0.04899998754262924 -0.032863371074199677
v 0.12056128680706024 -0.049000393599271774 -0.032709259539842606
v 0.130000039935112 -0.044614601880311966 -0.038607534021139145
v 0.1300000250339508 -0.044863976538181305 -0.03831745684146881
v 0.10197537392377853 -0.04469052702188492 -0.03817073255777359
v 0.10197537392377853 -0.04469052702188492 -0.03817073255777359
v 0.1300000250339508 -0.044863976538181305 -0.03831745684146881
v 0.10198310762643814 -0.04625483602285385 -0.03633458539843559
v 0.10197537392377853 -0.04469052702188492 -0.03817073255777359
v 0.10198310762643814 -0.04625483602285385 -0.03633458539843559
v 0.0880797952413559 -0.04469806328415871 -0.03817233815789223
v 0.0880797952413559 -0.04469806328415871 -0.03817233815789223
v 0.10198310762643814 -0.04625483602285385 -0.03633458539843559
v 0.08809591084718704 -0.046265989542007446 -0.03627914562821388
v 0.0880797952413559 -0.04469806328415871 -0.03817233815789223
v 0.08809591084718704 -0.046265989542007446 -0.03627914562821388
v 0.0814894437789917 -0.04469229653477669 -0.03884182870388031
v 0.0814894437789917 -0.04469229653477669 -0.03884182870388031
v 0.08809591084718704 -0.046265989542007446 -0.03627914562821388
v 0.0814310610294342 -0.04626188427209854 -0.03692623972892761
v 0.0814894437789917 -0.04469229653477669 -0.03884182870388031
v 0.0814310610294342 -0.04626188427209854 -0.03692623972892761
v 0.07525108754634857 -0.044689200818538666 -0.04013323038816452
v 0.07525108754634857 -0.044689200818538666 -0.04013323038816452
v 0.0814310610294342 -0.04626188427209854 -0.03692623972892761
v 0.07501529157161713 -0.0462641604244709 -0.03826020285487175
v 0.07525108754634857 -0.044689200818538666 -0.04013323038816452
v 0.07501529157161713 -0.0462641604244709 -0.03826020285487175
v 0.06935608386993408 -0.044688332825899124 -0.041988834738731384
v 0.06935608386993408 -0.044688332825899124 -0.041988834738731384
v 0.07501529157161713 -0.0462641604244709 -0.03826020285487175
v 0.06887563318014145 -0.04626905918121338 -0.04022369906306267
v 0.06935608386993408 -0.044688332825899124 -0.041988834738731384
v 0.06887563318014145 -0.04626905918121338 -0.04022369906306267
v 0.06381112337112427 -0.044686492532491684 -0.044390976428985596
v 0.06381112337112427 -0.044686492532491684 -0.044390976428985596
v 0.06887563318014145 -0.04626905918121338 -0.04022369906306267
v 0.06305407732725143 -0.04627139866352081 -0.04280281066894531
v 0.06381112337112427 -0.044686492532491684 -0.044390976428985596
v 0.06305407732725143 -0.04627139866352081 -0.04280281066894531
v 0.058629490435123444 -0.044682327657938004 -0.04732959717512131
v 0.058629490435123444 -0.044682327657938004 -0.04732959717512131
v 0.06305407732725143 -0.04627139866352081 -0.04280281066894531
v 0.057591576129198074 -0.04626677930355072 -0.045981474220752716
v 0.058629490435123444 -0.044682327657938004 -0.04732959717512131
v 0.057591576129198074 -0.04626677930355072 -0.045981474220752716
v 0.053819771856069565 -0.044674940407276154 -0.050793033093214035
v 0.053819771856069565 -0.044674940407276154 -0.050793033093214035
v 0.057591576129198074 -0.04626677930355072 -0.045981474220752716
v 0.052522994577884674 -0.04625314846634865 -0.04973188787698746
v 0.053819771856069565 -0.044674940407276154 -0.050793033093214035
v 0.052522994577884674 -0.04625314846634865 -0.04973188787698746
v 0.0478782132267952 -0.04623046889901161 -0.05402981489896774
v 0.1300000101327896 -0.04615399241447449 -0.03675337880849838
v 0.12056128680706024 -0.049000393599271774 -0.032709259539842606
v 0.10198310762643814 -0.04625483602285385 -0.03633458539843559
v 0.10198310762643814 -0.04625483602285385 -0.03633458539843559
v 0.12056128680706024 -0.049000393599271774 -0.032709259539842606
v 0.10199330747127533 -0.04769172519445419 -0.03439360857009888
v 0.10198310762643814 -0.04625483602285385 -0.03633458539843559
v 0.10199330747127533 -0.04769172519445419 -0.03439360857009888
v 0.08809591084718704 -0.046265989542007446 -0.03627914562821388
v 0.08809591084718704 -0.046265989542007446 -0.03627914562821388
v 0.10199330747127533 -0.04769172519445419 -0.03439360857009888
v 0.0881054475903511 -0.0477009192109108 -0.03427797928452492
v 0.08809591084718704 -0.046265989542007446 -0.03627914562821388
v 0.0881054475903511 -0.0477009192109108 -0.03427797928452492
v 0.0814310610294342 -0.04626188427209854 -0.03692623972892761
v 0.0814310610294342 -0.04626188427209854 -0.03692623972892761
v 0.0881054475903511 -0.0477009192109108 -0.03427797928452492
v 0.08134239166975021 -0.04770053178071976 -0.03491128981113434
v 0.0814310610294342 -0.04626188427209854 -0.03692623972892761
v 0.08134239166975021 -0.04770053178071976 -0.03491128981113434
v 0.07501529157161713 -0.0462641604244709 -0.03826020285487175
v 0.07501529157161713 -0.0462641604244709 -0.03826020285487175
v 0.08134239166975021 -0.04770053178071976 -0.03491128981113434
v 0.0747298076748848 -0.04770703986287117 -0.03629540652036667
v 0.07501529157161713 -0.0462641604244709 -0.03826020285487175
v 0.0747298076748848 -0.04770703986287117 -0.03629540652036667
v 0.06887563318014145 -0.04626905918121338 -0.04022369906306267
v 0.06887563318014145 -0.04626905918121338 -0.04022369906306267
v 0.0747298076748848 -0.04770703986287117 -0.03629540652036667
v 0.06832864135503769 -0.04771525412797928 -0.03837418928742409
v 0.06887563318014145 -0.04626905918121338 -0.04022369906306267
v 0.06832864135503769 -0.04771525412797928 -0.03837418928742409
v 0.06305407732725143 -0.04627139866352081 -0.04280281066894531
v 0.06305407732725143 -0.04627139866352081 -0.04280281066894531
v 0.06832864135503769 -0.04771525412797928 -0.03837418928742409
v 0.06221609562635422 -0.04772060364484787 -0.041139617562294006
v 0.06305407732725143 -0.04627139866352081 -0.04280281066894531
v 0.06221609562635422 -0.04772060364484787 -0.041139617562294006
v 0.057591576129198074 -0.04626677930355072 -0.045981474220752716
v 0.057591576129198074 -0.04626677930355072 -0.045981474220752716
v 0.06221609562635422 -0.04772060364484787 -0.041139617562294006
v 0.05646258592605591 -0.04771784320473671 -0.044570278376340866
v 0.057591576129198074 -0.04626677930355072 -0.045981474220752716
v 0.05646258592605591 -0.04771784320473671 -0.044570278376340866
v 0.052522994577884674 -0.04625314846634865 -0.04973188787698746
v 0.052522994577884674 -0.04625314846634865 -0.04973188787698746
v 0.05646258592605591 -0.04771784320473671 -0.044570278376340866
v 0.05113043263554573 -0.0477047860622406 -0.048623330891132355
v 0.052522994577884674 -0.04625314846634865 -0.04973188787698746
v 0.05113043263554573 -0.0477047860622406 -0.048623330891132355
v 0.0478782132267952 -0.04623046889901161 -0.05402981489896774
v 0.0478782132267952 -0.04623046889901161 -0.05402981489896774
v 0.05113043263554573 -0.0477047860622406 -0.048623330891132355
v 0.046270936727523804 -0.04768221825361252 -0.05324995517730713
v 0.0478782132267952 -0.04623046889901161 -0.05402981489896774
v 0.046270936727523804 -0.04768221825361252 -0.05324995517730713
v 0.04368671029806137 -0.04620200768113136 -0.058851808309555054
v 0.04368671029806137 -0.04620200768113136 -0.058851808309555054
v 0.046270936727523804 -0.04768221825361252 -0.05324995517730713
v 0.041923556476831436 -0.047654587775468826 -0.05839192122220993
v 0.04368671029806137 -0.04620200768113136 -0.058851808309555054
v 0.041923556476831436 -0.047654587775468826 -0.05839192122220993
v 0.039971765130758286 -0.046173520386219025 -0.06417766958475113
v 0.039971765130758286 -0.046173520386219025 -0.06417766958475113
v 0.041923556476831436 -0.047654587775468826 -0.05839192122220993
v 0.038111358880996704 -0.04762953147292137 -0.06399252265691757
v 0.039971765130758286 -0.046173520386219025 -0.06417766958475113
v 0.038111358880996704 -0.04762953147292137 -0.06399252265691757
v 0.03549281135201454 -0.04713024944067001 -0.06999999284744263
v 0.03549281135201454 -0.04713024944067001 -0.06999999284744263
v 0.038111358880996704 -0.04762953147292137 -0.06399252265691757
v 0.036445800215005875 -0.04899802431464195 -0.06338950991630554
v 0.03549281135201454 -0.04713024944067001 -0.06999999284744263
v 0.036445800215005875 -0.04899802431464195 -0.06338950991630554
v 0.03286328166723251 -0.049000028520822525 -0.06999998539686203
v 0.07723843306303024 -0.05713454261422157 0.014092124998569489
v 0.07922767102718353 -0.05910263583064079 0.006195161025971174
v 0.09770716726779938 -0.05794811621308327 0.010475446470081806
v 0.08434878289699554 -0.052846167236566544 0.0241331085562706
v 0.07517218589782715 -0.05420872941613197 0.021991217508912086
v 0.07723843306303024 -0.05713454261422157 0.014092124998569489
v 0.04962730035185814 -0.06021074950695038 0.007668706588447094
v 0.04040559381246567 -0.06101243570446968 0.005528064910322428
v 0.04225657880306244 -0.06126141548156738 -0.0023650748189538717
v 0.041810717433691025 -0.05408358946442604 0.03925267979502678
v 0.04378895461559296 -0.05591495335102081 0.03135601803660393
v 0.05283575505018234 -0.05293838307261467 0.03350149840116501
v 0.025011099874973297 -0.05662659928202629 -0.05612685903906822
v 0.034054044634103775 -0.05360206589102745 -0.053981270641088486
v 0.03245183452963829 -0.05644657835364342 -0.04609501361846924
v 0.03245183452963829 -0.05644657835364342 -0.04609501361846924
v 0.034054044634103775 -0.05360206589102745 -0.053981270641088486
v 0.04153142124414444 -0.05387764424085617 -0.04395044222474098
v 0.06167346611618996 -0.060379285365343094 -0.002031688578426838
v 0.06257305294275284 -0.060181625187397 -0.0059775421395897865
v 0.08110620081424713 -0.05969417095184326 -0.0016987405251711607
v 0.08110620081424713 -0.05969417095184326 -0.0016987405251711607
v 0.06257305294275284 -0.060181625187397 -0.0059775421395897865
v 0.08199810981750488 -0.059401094913482666 -0.005644381511956453
v 0.10315719991922379 -0.057415202260017395 -0.013201126828789711
v 0.10145000368356705 -0.058954205363988876 -0.005311963614076376
v 0.0828591138124466 -0.05872362479567528 -0.00958916824311018
v 0.09770716726779938 -0.05794811621308327 0.010475446470081806
v 0.07922767102718353 -0.05910263583064079 0.006195161025971174
v 0.09868592768907547 -0.05873499810695648 0.006527403369545937
v 0.027812408283352852 -0.052033357322216034 -0.06999998539686203
v 0.02744605392217636 -0.0527532622218132 -0.06795712560415268
v 0.01885860785841942 -0.05590485781431198 -0.06999998539686203
v 0.04048428311944008 -0.049000032246112823 -0.05742280185222626
v 0.035603370517492294 -0.0500999353826046 -0.061866067349910736
v 0.036445800215005875 -0.04899802431464195 -0.06338950991630554
v 0.049454834312200546 -0.049000002443790436 -0.047719042748212814
v 0.04305760934948921 -0.05008779838681221 -0.0518345981836319
v 0.044634122401475906 -0.04900049418210983 -0.0524425208568573
v 0.12056128680706024 -0.049000393599271774 -0.032709259539842606
v 0.12655723094940186 -0.04914355278015137 -0.03258277103304863
v 0.1250757873058319 -0.053489793092012405 -0.024699850007891655
v 0.12655723094940186 -0.04914355278015137 -0.03258277103304863
v 0.12056128680706024 -0.049000393599271774 -0.032709259539842606
v 0.12999999523162842 -0.04899998754262924 -0.032863371074199677
v 0.11148613691329956 -0.04900099337100983 0.032374292612075806
v 0.11198597401380539 -0.05009392648935318 0.030555805191397667
v 0.1207679957151413 -0.04900044947862625 0.03264404833316803
v -5.982037087903791e-11 -0.06141343712806702 -0.049395643174648285
v 1.0648115722489138e-10 -0.06002580374479294 -0.06195454299449921
v 0.006705066189169884 -0.05993817746639252 -0.06041194126009941
v 0.006705066189169884 -0.05993817746639252 -0.06041194126009941
v 1.0648115722489138e-10 -0.06002580374479294 -0.06195454299449921
v 6.583622536027178e-14 -0.05900000408291817 -0.06999998539686203
v -5.982037087903791e-11 -0.06141343712806702 -0.049395643174648285
v 0.004958801437169313 -0.060991376638412476 -0.05252169817686081
v -4.69059235896907e-11 -0.06178133562207222 -0.04536399990320206
v -4.69059235896907e-11 -0.06178133562207222 -0.04536399990320206
v 0.004958801437169313 -0.060991376638412476 -0.05252169817686081
v 0.003194923512637615 -0.061825551092624664 -0.04463096708059311
v -4.69059235896907e-11 -0.06178133562207222 -0.04536399990320206
v 0.003194923512637615 -0.061825551092624664 -0.04463096708059311
v 1.262989712813578e-12 -0.06214827671647072 -0.04092156141996384
v 1.262989712813578e-12 -0.06214827671647072 -0.04092156141996384
v 0.003194923512637615 -0.061825551092624664 -0.04463096708059311
v 1.4473555687288808e-10 -0.06285498291254044 -0.030590210109949112
v 0.0016405596397817135 -0.06363147497177124 0.004859391134232283
v -1.062853138833475e-10 -0.06364821642637253 0.004485235083848238
v 9.221967633976647e-11 -0.06358008831739426 -0.01214373204857111
v 0.007211216259747744 -0.0629650354385376 0.022784903645515442
v 0.0034769391641020775 -0.062065303325653076 0.038572076708078384
v 1.1378809006146184e-10 -0.062135208398103714 0.037773240357637405
v -1.7129031526508243e-10 -0.06350252032279968 0.011856596916913986
v 0.01088223047554493 -0.06307809054851532 0.006999480538070202
v -1.875798405492901e-10 -0.0633961409330368 0.015343342907726765
v -1.875798405492901e-10 -0.0633961409330368 0.015343342907726765
v 0.01088223047554493 -0.06307809054851532 0.006999480538070202
v 0.007211216259747744 -0.0629650354385376 0.022784903645515442
v -1.875798405492901e-10 -0.0633961409330368 0.015343342907726765
v 0.007211216259747744 -0.0629650354385376 0.022784903645515442
v -4.904310291209413e-11 -0.06254739314317703 0.032142359763383865
v -4.904310291209413e-11 -0.06254739314317703 0.032142359763383865
v 0.007211216259747744 -0.0629650354385376 0.022784903645515442
v 1.1378809006146184e-10 -0.062135208398103714 0.037773240357637405
v 0.012686630710959435 -0.06111425906419754 0.040713053196668625
v 0.010165090672671795 -0.06015099957585335 0.051229313015937805
v 0.006321358028799295 -0.06083130091428757 0.04931811988353729
v 0.010165090672671795 -0.06015099957585335 0.051229313015937805
v 0.012686630710959435 -0.06111425906419754 0.040713053196668625
v 0.012419293634593487 -0.05963332951068878 0.05231846868991852
v 0.012419293634593487 -0.05963332951068878 0.05231846868991852
v 0.012686630710959435 -0.06111425906419754 0.040713053196668625
v 0.021811209619045258 -0.05910482257604599 0.042856380343437195
v 0.012419293634593487 -0.05963332951068878 0.05231846868991852
v 0.021811209619045258 -0.05910482257604599 0.042856380343437195
v 0.0186602845788002 -0.05771861970424652 0.05521438643336296
v 0.0186602845788002 -0.05771861970424652 0.05521438643336296
v 0.021811209619045258 -0.05910482257604599 0.042856380343437195
v 0.024230169132351875 -0.05536345764994621 0.05765431001782417
v 0.024230169132351875 -0.05536345764994621 0.05765431001782417
v 0.021811209619045258 -0.05910482257604599 0.042856380343437195
v 0.030855126678943634 -0.05609237775206566 0.04500193893909454
v 0.024230169132351875 -0.05536345764994621 0.05765431001782417
v 0.030855126678943634 -0.05609237775206566 0.04500193893909454
v 0.026817260310053825 -0.054039910435676575 0.058742161840200424
v 0.034641191363334656 -0.04899964854121208 0.061860956251621246
v 0.029484862461686134 -0.05250687897205353 0.059834159910678864
v 0.035545360296964645 -0.04900031164288521 0.060477595776319504
v 0.035545360296964645 -0.04900031164288521 0.060477595776319504
v 0.029484862461686134 -0.05250687897205353 0.059834159910678864
v 0.03534665331244469 -0.05420774221420288 0.04607556015253067
v 0.04407577961683273 -0.048999935388565063 0.050020731985569
v 0.03955787792801857 -0.04900017008185387 0.05506404489278793
v 0.039818357676267624 -0.05207660049200058 0.04714972898364067
v 0.059779807925224304 -0.04900023341178894 0.03835124149918556
v 0.061871230602264404 -0.04982095956802368 0.03564729169011116
v 0.06560666114091873 -0.04900011420249939 0.03570370376110077
v 0.06560666114091873 -0.04900011420249939 0.03570370376110077
v 0.061871230602264404 -0.04982095956802368 0.03564729169011116
v 0.06395739316940308 -0.05299432948231697 0.02774764597415924
v 0.06560666114091873 -0.04900011420249939 0.03570370376110077
v 0.06395739316940308 -0.05299432948231697 0.02774764597415924
v 0.0716947689652443 -0.04900050163269043 0.033690545707941055
v 0.0716947689652443 -0.04900050163269043 0.033690545707941055
v 0.07306251674890518 -0.05074301362037659 0.029891513288021088
v 0.07792381942272186 -0.048999786376953125 0.032356854528188705
v 0.07792381942272186 -0.048999786376953125 0.032356854528188705
v 0.07306251674890518 -0.05074301362037659 0.029891513288021088
v 0.08390884846448898 -0.04900001361966133 0.031737070530653
v 0.11148613691329956 -0.04900099337100983 0.032374292612075806
v 0.10197698324918747 -0.049000661820173264 0.03206714242696762
v 0.09355654567480087 -0.05187109485268593 0.02627413533627987
v 0.09355654567480087 -0.05187109485268593 0.02627413533627987
v 0.10197698324918747 -0.049000661820173264 0.03206714242696762
v 0.09059183299541473 -0.04899998754262924 0.03169433772563934
v 0.09355654567480087 -0.05187109485268593 0.02627413533627987
v 0.09059183299541473 -0.04899998754262924 0.03169433772563934
v 0.08390884846448898 -0.04900001361966133 0.031737070530653
v 0.1233692467212677 -0.05340335890650749 0.024794716387987137
v 0.12999999523162842 -0.05279519408941269 0.02633756585419178
v 0.12999999523162842 -0.052033353596925735 0.027812406420707703
v 0.11148613691329956 -0.04900099337100983 0.032374292612075806
v 0.09355654567480087 -0.05187109485268593 0.02627413533627987
v 0.11198597401380539 -0.05009392648935318 0.030555805191397667
v 0.11198597401380539 -0.05009392648935318 0.030555805191397667
v 0.09355654567480087 -0.05187109485268593 0.02627413533627987
v 0.11414193361997604 -0.05413530394434929 0.022654229775071144
v 0.11198597401380539 -0.05009392648935318 0.030555805191397667
v 0.11414193361997604 -0.05413530394434929 0.022654229775071144
v 0.1207679957151413 -0.04900044947862625 0.03264404833316803
v 0.1207679957151413 -0.04900044947862625 0.03264404833316803
v 0.11414193361997604 -0.05413530394434929 0.022654229775071144
v 0.1233692467212677 -0.05340335890650749 0.024794716387987137
v 0.1207679957151413 -0.04900044947862625 0.03264404833316803
v 0.1233692467212677 -0.05340335890650749 0.024794716387987137
v 0.12120462208986282 -0.04900049418210983 0.03265552967786789
v 0.12120462208986282 -0.04900049418210983 0.03265552967786789
v 0.1233692467212677 -0.05340335890650749 0.024794716387987137
v 0.12999999523162842 -0.052033353596925735 0.027812406420707703
v 0.12120462208986282 -0.04900049418210983 0.03265552967786789
v 0.12999999523162842 -0.052033353596925735 0.027812406420707703
v 0.12999999523162842 -0.04900002107024193 0.032863326370716095
v 0.12999999523162842 -0.05620216950774193 0.017953164875507355
v 0.11620166897773743 -0.056980036199092865 0.014755317009985447
v 0.12999999523162842 -0.05678485706448555 0.016014985740184784
v 0.12999999523162842 -0.05678485706448555 0.016014985740184784
v 0.11620166897773743 -0.056980036199092865 0.014755317009985447
v 0.11816300451755524 -0.058601319789886475 0.006859124638140202
v 0.12999999523162842 -0.05678485706448555 0.016014985740184784
v 0.11816300451755524 -0.058601319789886475 0.006859124638140202
v 0.12999999523162842 -0.058213867247104645 0.009599254466593266
v 0.12002747505903244 -0.059018004685640335 -0.0010343880858272314
v 0.12999999523162842 -0.058986466377973557 0.0012636480387300253
v 0.11816300451755524 -0.058601319789886475 0.006859124638140202
v 0.11816300451755524 -0.058601319789886475 0.006859124638140202
v 0.12999999523162842 -0.058986466377973557 0.0012636480387300253
v 0.12999999523162842 -0.05889767035841942 0.0034733773209154606
v 0.12999999523162842 -0.05889767035841942 0.0034733773209154606
v 0.12999999523162842 -0.05885744467377663 0.0040991599671542645
v 0.11816300451755524 -0.058601319789886475 0.006859124638140202
v 0.11816300451755524 -0.058601319789886475 0.006859124638140202
v 0.12999999523162842 -0.05885744467377663 0.0040991599671542645
v 0.12999999523162842 -0.05885283648967743 0.004165438003838062
v 0.11816300451755524 -0.058601319789886475 0.006859124638140202
v 0.12999999523162842 -0.05885283648967743 0.004165438003838062
v 0.12999999523162842 -0.058213867247104645 0.009599254466593266
v 0.12999999523162842 -0.04899998754262924 -0.032863371074199677
v 0.12999999523162842 -0.052033353596925735 -0.027812406420707703
v 0.12655723094940186 -0.04914355278015137 -0.03258277103304863
v 0.12655723094940186 -0.04914355278015137 -0.03258277103304863
v 0.12999999523162842 -0.052033353596925735 -0.027812406420707703
v 0.12999999523162842 -0.05408681929111481 -0.02357150800526142
v 0.12655723094940186 -0.04914355278015137 -0.03258277103304863
v 0.12999999523162842 -0.05408681929111481 -0.02357150800526142
v 0.1250757873058319 -0.053489793092012405 -0.024699850007891655
v 0.1250757873058319 -0.053489793092012405 -0.024699850007891655
v 0.12999999523162842 -0.05408681929111481 -0.02357150800526142
v 0.12999999523162842 -0.05678485706448555 -0.016014985740184784
v 0.1250757873058319 -0.053489793092012405 -0.024699850007891655
v 0.12999999523162842 -0.05678485706448555 -0.016014985740184784
v 0.12348416447639465 -0.05646588280797005 -0.016813883557915688
v 0.12348416447639465 -0.05646588280797005 -0.016813883557915688
v 0.12999999523162842 -0.05678485706448555 -0.016014985740184784
v 0.12999999523162842 -0.05857878923416138 -0.0070374286733567715
v 0.12348416447639465 -0.05646588280797005 -0.016813883557915688
v 0.12999999523162842 -0.05857878923416138 -0.0070374286733567715
v 0.12180004268884659 -0.05829183757305145 -0.008925358764827251
v 0.12180004268884659 -0.05829183757305145 -0.008925358764827251
v 0.12999999523162842 -0.05857878923416138 -0.0070374286733567715
v 0.12999999523162842 -0.05889767035841942 -0.0034733773209154606
v 0.12180004268884659 -0.05829183757305145 -0.008925358764827251
v 0.12999999523162842 -0.05889767035841942 -0.0034733773209154606
v 0.12002747505903244 -0.059018004685640335 -0.0010343880858272314
v 0.12002747505903244 -0.059018004685640335 -0.0010343880858272314
v 0.12999999523162842 -0.05889767035841942 -0.0034733773209154606
v 0.12999999523162842 -0.05900000035762787 1.223683426723049e-13
v 0.12002747505903244 -0.059018004685640335 -0.0010343880858272314
v 0.12999999523162842 -0.05900000035762787 1.223683426723049e-13
v 0.12999999523162842 -0.058986466377973557 0.0012636480387300253
v 0.08535342663526535 -0.048998914659023285 -0.03237943723797798
v 0.08734922111034393 -0.04899997264146805 -0.03225226700305939
v 0.08604589104652405 -0.05281522870063782 -0.02536119893193245
v 0.08604589104652405 -0.05281522870063782 -0.02536119893193245
v 0.08734922111034393 -0.04899997264146805 -0.03225226700305939
v 0.08789443969726562 -0.04899999126791954 -0.03222860395908356
v 0.08604589104652405 -0.05281522870063782 -0.02536119893193245
v 0.08789443969726562 -0.04899999126791954 -0.03222860395908356
v 0.09175220131874084 -0.04899991676211357 -0.032173845916986465
v 0.07672715187072754 -0.05241035297513008 -0.027499156072735786
v 0.07783852517604828 -0.04900022968649864 -0.03347714617848396
v 0.07885967940092087 -0.049000151455402374 -0.03326962888240814
v 0.07244477421045303 -0.049000054597854614 -0.034870825707912445
v 0.0674629732966423 -0.05268382653594017 -0.02963862381875515
v 0.06624703854322433 -0.04899996146559715 -0.037122808396816254
v 0.06624703854322433 -0.04899996146559715 -0.037122808396816254
v 0.0674629732966423 -0.05268382653594017 -0.02963862381875515
v 0.058250490576028824 -0.053600143641233444 -0.03177952021360397
v 0.06624703854322433 -0.04899996146559715 -0.037122808396816254
v 0.058250490576028824 -0.053600143641233444 -0.03177952021360397
v 0.05974176526069641 -0.04937615618109703 -0.03966271132230759
v 0.044634122401475906 -0.04900049418210983 -0.0524425208568573
v 0.04305760934948921 -0.05008779838681221 -0.0518345981836319
v 0.04048428311944008 -0.049000032246112823 -0.05742280185222626
v 0.04048428311944008 -0.049000032246112823 -0.05742280185222626
v 0.04305760934948921 -0.05008779838681221 -0.0518345981836319
v 0.03483530133962631 -0.05193300172686577 -0.057923853397369385
v 0.04048428311944008 -0.049000032246112823 -0.05742280185222626
v 0.03483530133962631 -0.05193300172686577 -0.057923853397369385
v 0.035603370517492294 -0.0500999353826046 -0.061866067349910736
v 0.036445800215005875 -0.04899802431464195 -0.06338950991630554
v 0.03113359585404396 -0.0522550493478775 -0.06294029206037521
v 0.03286328166723251 -0.049000028520822525 -0.06999998539686203
v 0.03286328166723251 -0.049000028520822525 -0.06999998539686203
v 0.03113359585404396 -0.0522550493478775 -0.06294029206037521
v 0.02664201892912388 -0.05413908138871193 -0.06401391327381134
v 0.027812408283352852 -0.052033357322216034 -0.06999998539686203
v 0.03286328166723251 -0.049000028520822525 -0.06999998539686203
v 0.02744605392217636 -0.0527532622218132 -0.06795712560415268
v 0.02744605392217636 -0.0527532622218132 -0.06795712560415268
v 0.03286328166723251 -0.049000028520822525 -0.06999998539686203
v 0.02664201892912388 -0.05413908138871193 -0.06401391327381134
v 0.02744605392217636 -0.0527532622218132 -0.06795712560415268
v 0.02664201892912388 -0.05413908138871193 -0.06401391327381134
v 0.01885860785841942 -0.05590485781431198 -0.06999998539686203
v 0.01885860785841942 -0.05590485781431198 -0.06999998539686203
v 0.02664201892912388 -0.05413908138871193 -0.06401391327381134
v 0.01758747547864914 -0.05701938644051552 -0.06615917384624481
v 0.01885860785841942 -0.05590485781431198 -0.06999998539686203
v 0.01758747547864914 -0.05701938644051552 -0.06615917384624481
v 0.01840168982744217 -0.0560569167137146 -0.06999998539686203
v 6.583622536027178e-14 -0.05900000408291817 -0.06999998539686203
v 0.0034733775537461042 -0.05889767408370972 -0.06999998539686203
v 0.00843224860727787 -0.058647699654102325 -0.06830165535211563
v 0.00843224860727787 -0.058647699654102325 -0.06830165535211563
v 0.0034733775537461042 -0.05889767408370972 -0.06999998539686203
v 0.008801794610917568 -0.05833977088332176 -0.06999998539686203
v 0.00843224860727787 -0.058647699654102325 -0.06830165535211563
v 0.008801794610917568 -0.05833977088332176 -0.06999998539686203
v 0.01758747547864914 -0.05701938644051552 -0.06615917384624481
v 0.01758747547864914 -0.05701938644051552 -0.06615917384624481
v 0.008801794610917568 -0.05833977088332176 -0.06999998539686203
v 0.016014987602829933 -0.05678486078977585 -0.06999998539686203
v 0.01758747547864914 -0.05701938644051552 -0.06615917384624481
v 0.016014987602829933 -0.05678486078977585 -0.06999998539686203
v 0.01840168982744217 -0.0560569167137146 -0.06999998539686203
v 0.0828591138124466 -0.05872362479567528 -0.00958916824311018
v 0.10145000368356705 -0.058954205363988876 -0.005311963614076376
v 0.08199810981750488 -0.059401094913482666 -0.005644381511956453
v 0.08199810981750488 -0.059401094913482666 -0.005644381511956453
v 0.10145000368356705 -0.058954205363988876 -0.005311963614076376
v 0.100557342171669 -0.059238001704216 -0.0013663016725331545
v 0.08199810981750488 -0.059401094913482666 -0.005644381511956453
v 0.100557342171669 -0.059238001704216 -0.0013663016725331545
v 0.08110620081424713 -0.05969417095184326 -0.0016987405251711607
v 0.06344708055257797 -0.059666138142347336 -0.009922688826918602
v 0.06429572403430939 -0.05883503332734108 -0.013867133297026157
v 0.07357031852006912 -0.05869108811020851 -0.011727954261004925
v 0.07357031852006912 -0.05869108811020851 -0.011727954261004925
v 0.06429572403430939 -0.05883503332734108 -0.013867133297026157
v 0.07519333809614182 -0.056105297058820724 -0.01961478963494301
v 0.07357031852006912 -0.05869108811020851 -0.011727954261004925
v 0.07519333809614182 -0.056105297058820724 -0.01961478963494301
v 0.08449811488389969 -0.056336648762226105 -0.01747644506394863
v 0.08449811488389969 -0.056336648762226105 -0.01747644506394863
v 0.07519333809614182 -0.056105297058820724 -0.01961478963494301
v 0.08604589104652405 -0.05281522870063782 -0.02536119893193245
v 0.08449811488389969 -0.056336648762226105 -0.01747644506394863
v 0.08604589104652405 -0.05281522870063782 -0.02536119893193245
v 0.10477375984191895 -0.05474916473031044 -0.021087782457470894
v 0.10477375984191895 -0.05474916473031044 -0.021087782457470894
v 0.08604589104652405 -0.05281522870063782 -0.02536119893193245
v 0.09175220131874084 -0.04899991676211357 -0.032173845916986465
v 0.10477375984191895 -0.05474916473031044 -0.021087782457470894
v 0.09175220131874084 -0.04899991676211357 -0.032173845916986465
v 0.10630585998296738 -0.05103282630443573 -0.02897210232913494
v 0.04747399315237999 -0.05783596634864807 -0.026035213842988014
v 0.06429572403430939 -0.05883503332734108 -0.013867133297026157
v 0.04579957202076912 -0.059782542288303375 -0.018146958202123642
v 0.04579957202076912 -0.059782542288303375 -0.018146958202123642
v 0.06429572403430939 -0.05883503332734108 -0.013867133297026157
v 0.06344708055257797 -0.059666138142347336 -0.009922688826918602
v 0.04579957202076912 -0.059782542288303375 -0.018146958202123642
v 0.06344708055257797 -0.059666138142347336 -0.009922688826918602
v 0.04405871033668518 -0.060902927070856094 -0.010256863199174404
v 0.04747399315237999 -0.05783596634864807 -0.026035213842988014
v 0.05668341740965843 -0.05688159540295601 -0.023894231766462326
v 0.06429572403430939 -0.05883503332734108 -0.013867133297026157
v 0.06429572403430939 -0.05883503332734108 -0.013867133297026157
v 0.05668341740965843 -0.05688159540295601 -0.023894231766462326
v 0.06592157483100891 -0.05628453940153122 -0.02175404690206051
v 0.06429572403430939 -0.05883503332734108 -0.013867133297026157
v 0.06592157483100891 -0.05628453940153122 -0.02175404690206051
v 0.07519333809614182 -0.056105297058820724 -0.01961478963494301
v 0.07519333809614182 -0.056105297058820724 -0.01961478963494301
v 0.06592157483100891 -0.05628453940153122 -0.02175404690206051
v 0.07672715187072754 -0.05241035297513008 -0.027499156072735786
v 0.07519333809614182 -0.056105297058820724 -0.01961478963494301
v 0.07672715187072754 -0.05241035297513008 -0.027499156072735786
v 0.08604589104652405 -0.05281522870063782 -0.02536119893193245
v 0.08604589104652405 -0.05281522870063782 -0.02536119893193245
v 0.07672715187072754 -0.05241035297513008 -0.027499156072735786
v 0.07885967940092087 -0.049000151455402374 -0.03326962888240814
v 0.08604589104652405 -0.05281522870063782 -0.02536119893193245
v 0.07885967940092087 -0.049000151455402374 -0.03326962888240814
v 0.08535342663526535 -0.048998914659023285 -0.03237943723797798
v 0.025577884167432785 -0.062040962278842926 -0.014537111856043339
v 0.018139105290174484 -0.06224532797932625 -0.024569010362029076
v 0.02735801413655281 -0.061408888548612595 -0.022428292781114578
v 0.02735801413655281 -0.061408888548612595 -0.022428292781114578
v 0.018139105290174484 -0.06224532797932625 -0.024569010362029076
v 0.019906193017959595 -0.06145106628537178 -0.03245982900261879
v 0.02735801413655281 -0.061408888548612595 -0.022428292781114578
v 0.019906193017959595 -0.06145106628537178 -0.03245982900261879
v 0.029099972918629646 -0.06030214950442314 -0.03031841665506363
v 0.029099972918629646 -0.06030214950442314 -0.03031841665506363
v 0.019906193017959595 -0.06145106628537178 -0.03245982900261879
v 0.02164248190820217 -0.06027381494641304 -0.040349796414375305
v 0.05974176526069641 -0.04937615618109703 -0.03966271132230759
v 0.058250490576028824 -0.053600143641233444 -0.03177952021360397
v 0.0506170280277729 -0.051383618265390396 -0.04180603474378586
v 0.0506170280277729 -0.051383618265390396 -0.04180603474378586
v 0.058250490576028824 -0.053600143641233444 -0.03177952021360397
v 0.04908084124326706 -0.055049121379852295 -0.03392160311341286
v 0.0506170280277729 -0.051383618265390396 -0.04180603474378586
v 0.04908084124326706 -0.055049121379852295 -0.03392160311341286
v 0.04153142124414444 -0.05387764424085617 -0.04395044222474098
v 0.04153142124414444 -0.05387764424085617 -0.04395044222474098
v 0.04908084124326706 -0.055049121379852295 -0.03392160311341286
v 0.039937619119882584 -0.05682671442627907 -0.03606441244482994
v 0.04153142124414444 -0.05387764424085617 -0.04395044222474098
v 0.039937619119882584 -0.05682671442627907 -0.03606441244482994
v 0.03245183452963829 -0.05644657835364342 -0.04609501361846924
v 0.004958801437169313 -0.060991376638412476 -0.05252169817686081
v 0.014186016283929348 -0.060258228331804276 -0.05038120970129967
v 0.003194923512637615 -0.061825551092624664 -0.04463096708059311
v 0.003194923512637615 -0.061825551092624664 -0.04463096708059311
v 0.014186016283929348 -0.060258228331804276 -0.05038120970129967
v 0.012446884997189045 -0.06140013411641121 -0.042491160333156586
v 0.003194923512637615 -0.061825551092624664 -0.04463096708059311
v 0.012446884997189045 -0.06140013411641121 -0.042491160333156586
v 1.4473555687288808e-10 -0.06285498291254044 -0.030590210109949112
v 1.4473555687288808e-10 -0.06285498291254044 -0.030590210109949112
v 0.012446884997189045 -0.06140013411641121 -0.042491160333156586
v 0.010684340260922909 -0.06225088611245155 -0.03460046648979187
v 1.4473555687288808e-10 -0.06285498291254044 -0.030590210109949112
v 0.010684340260922909 -0.06225088611245155 -0.03460046648979187
v 1.5672196873595112e-10 -0.06295788288116455 -0.028757408261299133
v 1.5672196873595112e-10 -0.06295788288116455 -0.028757408261299133
v 0.010684340260922909 -0.06225088611245155 -0.03460046648979187
v 0.008901463821530342 -0.06284882128238678 -0.026709211990237236
v 1.5672196873595112e-10 -0.06295788288116455 -0.028757408261299133
v 0.008901463821530342 -0.06284882128238678 -0.026709211990237236
v 1.3689505085068276e-10 -0.06345284730195999 -0.01709752529859543
v 1.3689505085068276e-10 -0.06345284730195999 -0.01709752529859543
v 0.008901463821530342 -0.06284882128238678 -0.026709211990237236
v 0.0071017504669725895 -0.06323738396167755 -0.018817489966750145
v 1.3689505085068276e-10 -0.06345284730195999 -0.01709752529859543
v 0.0071017504669725895 -0.06323738396167755 -0.018817489966750145
v 9.221967633976647e-11 -0.06358008831739426 -0.01214373204857111
v 9.221967633976647e-11 -0.06358008831739426 -0.01214373204857111
v 0.0071017504669725895 -0.06323738396167755 -0.018817489966750145
v 0.005289063788950443 -0.06346461921930313 -0.010925409384071827
v 9.221967633976647e-11 -0.06358008831739426 -0.01214373204857111
v 0.005289063788950443 -0.06346461921930313 -0.010925409384071827
v 0.0016405596397817135 -0.06363147497177124 0.004859391134232283
v 0.015899481251835823 -0.058797162026166916 -0.058270543813705444
v 0.025011099874973297 -0.05662659928202629 -0.05612685903906822
v 0.02334483154118061 -0.05867453292012215 -0.04823882877826691
v 0.02334483154118061 -0.05867453292012215 -0.04823882877826691
v 0.025011099874973297 -0.05662659928202629 -0.05612685903906822
v 0.03245183452963829 -0.05644657835364342 -0.04609501361846924
v 0.02334483154118061 -0.05867453292012215 -0.04823882877826691
v 0.03245183452963829 -0.05644657835364342 -0.04609501361846924
v 0.03079916164278984 -0.058663561940193176 -0.03820735961198807
v 0.03079916164278984 -0.058663561940193176 -0.03820735961198807
v 0.03245183452963829 -0.05644657835364342 -0.04609501361846924
v 0.039937619119882584 -0.05682671442627907 -0.03606441244482994
v 0.03079916164278984 -0.058663561940193176 -0.03820735961198807
v 0.039937619119882584 -0.05682671442627907 -0.03606441244482994
v 0.04747399315237999 -0.05783596634864807 -0.026035213842988014
v 0.04747399315237999 -0.05783596634864807 -0.026035213842988014
v 0.039937619119882584 -0.05682671442627907 -0.03606441244482994
v 0.04908084124326706 -0.055049121379852295 -0.03392160311341286
v 0.04747399315237999 -0.05783596634864807 -0.026035213842988014
v 0.04908084124326706 -0.055049121379852295 -0.03392160311341286
v 0.05668341740965843 -0.05688159540295601 -0.023894231766462326
v 0.05668341740965843 -0.05688159540295601 -0.023894231766462326
v 0.04908084124326706 -0.055049121379852295 -0.03392160311341286
v 0.058250490576028824 -0.053600143641233444 -0.03177952021360397
v 0.05668341740965843 -0.05688159540295601 -0.023894231766462326
v 0.058250490576028824 -0.053600143641233444 -0.03177952021360397
v 0.06592157483100891 -0.05628453940153122 -0.02175404690206051
v 0.06592157483100891 -0.05628453940153122 -0.02175404690206051
v 0.058250490576028824 -0.053600143641233444 -0.03177952021360397
v 0.0674629732966423 -0.05268382653594017 -0.02963862381875515
v 0.06592157483100891 -0.05628453940153122 -0.02175404690206051
v 0.0674629732966423 -0.05268382653594017 -0.02963862381875515
v 0.07672715187072754 -0.05241035297513008 -0.027499156072735786
v 0.07672715187072754 -0.05241035297513008 -0.027499156072735786
v 0.0674629732966423 -0.05268382653594017 -0.02963862381875515
v 0.07244477421045303 -0.049000054597854614 -0.034870825707912445
v 0.07672715187072754 -0.05241035297513008 -0.027499156072735786
v 0.07244477421045303 -0.049000054597854614 -0.034870825707912445
v 0.07783852517604828 -0.04900022968649864 -0.03347714617848396
v 0.036445800215005875 -0.04899802431464195 -0.06338950991630554
v 0.035603370517492294 -0.0500999353826046 -0.061866067349910736
v 0.03113359585404396 -0.0522550493478775 -0.06294029206037521
v 0.03113359585404396 -0.0522550493478775 -0.06294029206037521
v 0.035603370517492294 -0.0500999353826046 -0.061866067349910736
v 0.03483530133962631 -0.05193300172686577 -0.057923853397369385
v 0.03113359585404396 -0.0522550493478775 -0.06294029206037521
v 0.03483530133962631 -0.05193300172686577 -0.057923853397369385
v 0.02664201892912388 -0.05413908138871193 -0.06401391327381134
v 0.02664201892912388 -0.05413908138871193 -0.06401391327381134
v 0.03483530133962631 -0.05193300172686577 -0.057923853397369385
v 0.025830712169408798 -0.05543447285890579 -0.060070499777793884
v 0.02664201892912388 -0.05413908138871193 -0.06401391327381134
v 0.025830712169408798 -0.05543447285890579 -0.060070499777793884
v 0.01758747547864914 -0.05701938644051552 -0.06615917384624481
v 6.583622536027178e-14 -0.05900000408291817 -0.06999998539686203
v 0.00843224860727787 -0.058647699654102325 -0.06830165535211563
v 0.006705066189169884 -0.05993817746639252 -0.06041194126009941
v 0.006705066189169884 -0.05993817746639252 -0.06041194126009941
v 0.00843224860727787 -0.058647699654102325 -0.06830165535211563
v 0.01758747547864914 -0.05701938644051552 -0.06615917384624481
v 0.006705066189169884 -0.05993817746639252 -0.06041194126009941
v 0.01758747547864914 -0.05701938644051552 -0.06615917384624481
v 0.015899481251835823 -0.058797162026166916 -0.058270543813705444
v 0.015899481251835823 -0.058797162026166916 -0.058270543813705444
v 0.01758747547864914 -0.05701938644051552 -0.06615917384624481
v 0.025830712169408798 -0.05543447285890579 -0.060070499777793884
v 0.015899481251835823 -0.058797162026166916 -0.058270543813705444
v 0.025830712169408798 -0.05543447285890579 -0.060070499777793884
v 0.025011099874973297 -0.05662659928202629 -0.05612685903906822
v 0.025011099874973297 -0.05662659928202629 -0.05612685903906822
v 0.025830712169408798 -0.05543447285890579 -0.060070499777793884
v 0.03483530133962631 -0.05193300172686577 -0.057923853397369385
v 0.025011099874973297 -0.05662659928202629 -0.05612685903906822
v 0.03483530133962631 -0.05193300172686577 -0.057923853397369385
v 0.034054044634103775 -0.05360206589102745 -0.053981270641088486
v 0.034054044634103775 -0.05360206589102745 -0.053981270641088486
v 0.03483530133962631 -0.05193300172686577 -0.057923853397369385
v 0.04305760934948921 -0.05008779838681221 -0.0518345981836319
v 0.034054044634103775 -0.05360206589102745 -0.053981270641088486
v 0.04305760934948921 -0.05008779838681221 -0.0518345981836319
v 0.04153142124414444 -0.05387764424085617 -0.04395044222474098
v 0.04153142124414444 -0.05387764424085617 -0.04395044222474098
v 0.04305760934948921 -0.05008779838681221 -0.0518345981836319
v 0.049454834312200546 -0.049000002443790436 -0.047719042748212814
v 0.04153142124414444 -0.05387764424085617 -0.04395044222474098
v 0.049454834312200546 -0.049000002443790436 -0.047719042748212814
v 0.0506170280277729 -0.051383618265390396 -0.04180603474378586
v 0.0506170280277729 -0.051383618265390396 -0.04180603474378586
v 0.049454834312200546 -0.049000002443790436 -0.047719042748212814
v 0.054744310677051544 -0.04900066927075386 -0.043535906821489334
v 0.0506170280277729 -0.051383618265390396 -0.04180603474378586
v 0.054744310677051544 -0.04900066927075386 -0.043535906821489334
v 0.05974176526069641 -0.04937615618109703 -0.03966271132230759
v 0.05974176526069641 -0.04937615618109703 -0.03966271132230759
v 0.054744310677051544 -0.04900066927075386 -0.043535906821489334
v 0.06032296270132065 -0.0490000918507576 -0.04002267122268677
v 0.05974176526069641 -0.04937615618109703 -0.03966271132230759
v 0.06032296270132065 -0.0490000918507576 -0.04002267122268677
v 0.06624703854322433 -0.04899996146559715 -0.037122808396816254
v 0.04900308698415756 -0.049000244587659836 0.045507900416851044
v 0.04407577961683273 -0.048999935388565063 0.050020731985569
v 0.044272471219301224 -0.049726735800504684 0.04822438582777977
v 0.044272471219301224 -0.049726735800504684 0.04822438582777977
v 0.04407577961683273 -0.048999935388565063 0.050020731985569
v 0.039818357676267624 -0.05207660049200058 0.04714972898364067
v 0.044272471219301224 -0.049726735800504684 0.04822438582777977
v 0.039818357676267624 -0.05207660049200058 0.04714972898364067
v 0.04900308698415756 -0.049000244587659836 0.045507900416851044
v 0.04900308698415756 -0.049000244587659836 0.045507900416851044
v 0.039818357676267624 -0.05207660049200058 0.04714972898364067
v 0.041810717433691025 -0.05408358946442604 0.03925267979502678
v 0.04900308698415756 -0.049000244587659836 0.045507900416851044
v 0.041810717433691025 -0.05408358946442604 0.03925267979502678
v 0.050788648426532745 -0.05025063082575798 0.041400063782930374
v 0.050788648426532745 -0.05025063082575798 0.041400063782930374
v 0.041810717433691025 -0.05408358946442604 0.03925267979502678
v 0.05283575505018234 -0.05293838307261467 0.03350149840116501
v 0.0255892351269722 -0.0605485662817955 0.027067996561527252
v 0.03470992669463158 -0.05849079787731171 0.029211431741714478
v 0.02370632439851761 -0.05990257486701012 0.03496202081441879
v 0.02370632439851761 -0.05990257486701012 0.03496202081441879
v 0.03470992669463158 -0.05849079787731171 0.029211431741714478
v 0.03278770297765732 -0.057355981320142746 0.03710654005408287
v 0.03470992669463158 -0.05849079787731171 0.029211431741714478
v 0.04378895461559296 -0.05591495335102081 0.03135601803660393
v 0.03278770297765732 -0.057355981320142746 0.03710654005408287
v 0.03278770297765732 -0.057355981320142746 0.03710654005408287
v 0.04378895461559296 -0.05591495335102081 0.03135601803660393
v 0.041810717433691025 -0.05408358946442604 0.03925267979502678
v 0.03278770297765732 -0.057355981320142746 0.03710654005408287
v 0.041810717433691025 -0.05408358946442604 0.03925267979502678
v 0.03534665331244469 -0.05420774221420288 0.04607556015253067
v 0.03534665331244469 -0.05420774221420288 0.04607556015253067
v 0.041810717433691025 -0.05408358946442604 0.03925267979502678
v 0.039818357676267624 -0.05207660049200058 0.04714972898364067
v 0.03534665331244469 -0.05420774221420288 0.04607556015253067
v 0.039818357676267624 -0.05207660049200058 0.04714972898364067
v 0.035545360296964645 -0.04900031164288521 0.060477595776319504
v 0.035545360296964645 -0.04900031164288521 0.060477595776319504
v 0.039818357676267624 -0.05207660049200058 0.04714972898364067
v 0.03955787792801857 -0.04900017008185387 0.05506404489278793
v 0.05686667189002037 -0.05752681940793991 0.017706120386719704
v 0.05486152321100235 -0.05536077171564102 0.0256035253405571
v 0.04575403407216072 -0.05758269876241684 0.023459723219275475
v 0.03852266073226929 -0.060366153717041016 0.013422088697552681
v 0.04040559381246567 -0.06101243570446968 0.005528064910322428
v 0.04770386591553688 -0.059060852974653244 0.015563850291073322
v 0.04770386591553688 -0.059060852974653244 0.015563850291073322
v 0.04040559381246567 -0.06101243570446968 0.005528064910322428
v 0.04962730035185814 -0.06021074950695038 0.007668706588447094
v 0.04770386591553688 -0.059060852974653244 0.015563850291073322
v 0.04962730035185814 -0.06021074950695038 0.007668706588447094
v 0.05686667189002037 -0.05752681940793991 0.017706120386719704
v 0.05686667189002037 -0.05752681940793991 0.017706120386719704
v 0.04575403407216072 -0.05758269876241684 0.023459723219275475
v 0.04770386591553688 -0.059060852974653244 0.015563850291073322
v 0.04770386591553688 -0.059060852974653244 0.015563850291073322
v 0.04575403407216072 -0.05758269876241684 0.023459723219275475
v 0.036621883511543274 -0.05949796363711357 0.02131660468876362
v 0.04770386591553688 -0.059060852974653244 0.015563850291073322
v 0.036621883511543274 -0.05949796363711357 0.02131660468876362
v 0.03852266073226929 -0.060366153717041016 0.013422088697552681
v 0.021940011531114578 -0.06234002858400345 0.0012473948299884796
v 0.029322758316993713 -0.061438918113708496 0.011280843988060951
v 0.02010771445930004 -0.0623234286904335 0.009140017442405224
v 0.02010771445930004 -0.0623234286904335 0.009140017442405224
v 0.029322758316993713 -0.061438918113708496 0.011280843988060951
v 0.0255892351269722 -0.0605485662817955 0.027067996561527252
v 0.10477375984191895 -0.05474916473031044 -0.021087782457470894
v 0.10315719991922379 -0.057415202260017395 -0.013201126828789711
v 0.08449811488389969 -0.056336648762226105 -0.01747644506394863
v 0.08449811488389969 -0.056336648762226105 -0.01747644506394863
v 0.10315719991922379 -0.057415202260017395 -0.013201126828789711
v 0.0828591138124466 -0.05872362479567528 -0.00958916824311018
v 0.08449811488389969 -0.056336648762226105 -0.01747644506394863
v 0.0828591138124466 -0.05872362479567528 -0.00958916824311018
v 0.07357031852006912 -0.05869108811020851 -0.011727954261004925
v 0.07357031852006912 -0.05869108811020851 -0.011727954261004925
v 0.0828591138124466 -0.05872362479567528 -0.00958916824311018
v 0.08199810981750488 -0.059401094913482666 -0.005644381511956453
v 0.07357031852006912 -0.05869108811020851 -0.011727954261004925
v 0.08199810981750488 -0.059401094913482666 -0.005644381511956453
v 0.06344708055257797 -0.059666138142347336 -0.009922688826918602
v 0.06344708055257797 -0.059666138142347336 -0.009922688826918602
v 0.08199810981750488 -0.059401094913482666 -0.005644381511956453
v 0.06257305294275284 -0.060181625187397 -0.0059775421395897865
v 0.06344708055257797 -0.059666138142347336 -0.009922688826918602
v 0.06257305294275284 -0.060181625187397 -0.0059775421395897865
v 0.04405871033668518 -0.060902927070856094 -0.010256863199174404
v 0.04405871033668518 -0.060902927070856094 -0.010256863199174404
v 0.06257305294275284 -0.060181625187397 -0.0059775421395897865
v 0.06167346611618996 -0.060379285365343094 -0.002031688578426838
v 0.04405871033668518 -0.060902927070856094 -0.010256863199174404
v 0.06167346611618996 -0.060379285365343094 -0.002031688578426838
v 0.04225657880306244 -0.06126141548156738 -0.0023650748189538717
v 0.04225657880306244 -0.06126141548156738 -0.0023650748189538717
v 0.06167346611618996 -0.060379285365343094 -0.002031688578426838
v 0.06074933335185051 -0.06027168780565262 0.0019148438004776835
v 0.04225657880306244 -0.06126141548156738 -0.0023650748189538717
v 0.06074933335185051 -0.06027168780565262 0.0019148438004776835
v 0.04962730035185814 -0.06021074950695038 0.007668706588447094
v 0.04962730035185814 -0.06021074950695038 0.007668706588447094
v 0.06074933335185051 -0.06027168780565262 0.0019148438004776835
v 0.05883798003196716 -0.05927201360464096 0.009809653274714947
v 0.04962730035185814 -0.06021074950695038 0.007668706588447094
v 0.05883798003196716 -0.05927201360464096 0.009809653274714947
v 0.05686667189002037 -0.05752681940793991 0.017706120386719704
v -1.609908366617674e-07 -0.06141279637813568 0.046023640781641006
v 1.1378809006146184e-10 -0.062135208398103714 0.037773240357637405
v 0.006321358028799295 -0.06083130091428757 0.04931811988353729
v 0.006321358028799295 -0.06083130091428757 0.04931811988353729
v 1.1378809006146184e-10 -0.062135208398103714 0.037773240357637405
v 0.0034769391641020775 -0.062065303325653076 0.038572076708078384
v 0.006321358028799295 -0.06083130091428757 0.04931811988353729
v 0.0034769391641020775 -0.062065303325653076 0.038572076708078384
v 0.012686630710959435 -0.06111425906419754 0.040713053196668625
v 0.012686630710959435 -0.06111425906419754 0.040713053196668625
v 0.0034769391641020775 -0.062065303325653076 0.038572076708078384
v 0.007211216259747744 -0.0629650354385376 0.022784903645515442
v 0.012686630710959435 -0.06111425906419754 0.040713053196668625
v 0.007211216259747744 -0.0629650354385376 0.022784903645515442
v 0.016424279659986496 -0.06205591931939125 0.02492578513920307
v 0.016424279659986496 -0.06205591931939125 0.02492578513920307
v 0.007211216259747744 -0.0629650354385376 0.022784903645515442
v 0.01088223047554493 -0.06307809054851532 0.006999480538070202
v 0.029484862461686134 -0.05250687897205353 0.059834159910678864
v 0.026817260310053825 -0.054039910435676575 0.058742161840200424
v 0.03534665331244469 -0.05420774221420288 0.04607556015253067
v 0.03534665331244469 -0.05420774221420288 0.04607556015253067
v 0.026817260310053825 -0.054039910435676575 0.058742161840200424
v 0.030855126678943634 -0.05609237775206566 0.04500193893909454
v 0.03534665331244469 -0.05420774221420288 0.04607556015253067
v 0.030855126678943634 -0.05609237775206566 0.04500193893909454
v 0.03278770297765732 -0.057355981320142746 0.03710654005408287
v 0.03278770297765732 -0.057355981320142746 0.03710654005408287
v 0.030855126678943634 -0.05609237775206566 0.04500193893909454
v 0.021811209619045258 -0.05910482257604599 0.042856380343437195
v 0.03278770297765732 -0.057355981320142746 0.03710654005408287
v 0.021811209619045258 -0.05910482257604599 0.042856380343437195
v 0.02370632439851761 -0.05990257486701012 0.03496202081441879
v 0.02370632439851761 -0.05990257486701012 0.03496202081441879
v 0.021811209619045258 -0.05910482257604599 0.042856380343437195
v 0.012686630710959435 -0.06111425906419754 0.040713053196668625
v 0.02370632439851761 -0.05990257486701012 0.03496202081441879
v 0.012686630710959435 -0.06111425906419754 0.040713053196668625
v 0.0255892351269722 -0.0605485662817955 0.027067996561527252
v 0.0255892351269722 -0.0605485662817955 0.027067996561527252
v 0.012686630710959435 -0.06111425906419754 0.040713053196668625
v 0.016424279659986496 -0.06205591931939125 0.02492578513920307
v 0.0255892351269722 -0.0605485662817955 0.027067996561527252
v 0.016424279659986496 -0.06205591931939125 0.02492578513920307
v 0.02010771445930004 -0.0623234286904335 0.009140017442405224
v 0.02010771445930004 -0.0623234286904335 0.009140017442405224
v 0.016424279659986496 -0.06205591931939125 0.02492578513920307
v 0.01088223047554493 -0.06307809054851532 0.006999480538070202
v 0.02010771445930004 -0.0623234286904335 0.009140017442405224
v 0.01088223047554493 -0.06307809054851532 0.006999480538070202
v 0.021940011531114578 -0.06234002858400345 0.0012473948299884796
v 0.021940011531114578 -0.06234002858400345 0.0012473948299884796
v 0.01088223047554493 -0.06307809054851532 0.006999480538070202
v 0.01452991645783186 -0.06290106475353241 -0.008785298094153404
v 0.021940011531114578 -0.06234002858400345 0.0012473948299884796
v 0.01452991645783186 -0.06290106475353241 -0.008785298094153404
v 0.023767584934830666 -0.06229791417717934 -0.0066450973972678185
v 0.023767584934830666 -0.06229791417717934 -0.0066450973972678185
v 0.01452991645783186 -0.06290106475353241 -0.008785298094153404
v 0.025577884167432785 -0.062040962278842926 -0.014537111856043339
v 0.014186016283929348 -0.060258228331804276 -0.05038120970129967
v 0.02164248190820217 -0.06027381494641304 -0.040349796414375305
v 0.012446884997189045 -0.06140013411641121 -0.042491160333156586
v 0.012446884997189045 -0.06140013411641121 -0.042491160333156586
v 0.02164248190820217 -0.06027381494641304 -0.040349796414375305
v 0.019906193017959595 -0.06145106628537178 -0.03245982900261879
v 0.012446884997189045 -0.06140013411641121 -0.042491160333156586
v 0.019906193017959595 -0.06145106628537178 -0.03245982900261879
v 0.010684340260922909 -0.06225088611245155 -0.03460046648979187
v 0.010684340260922909 -0.06225088611245155 -0.03460046648979187
v 0.019906193017959595 -0.06145106628537178 -0.03245982900261879
v 0.018139105290174484 -0.06224532797932625 -0.024569010362029076
v 0.010684340260922909 -0.06225088611245155 -0.03460046648979187
v 0.018139105290174484 -0.06224532797932625 -0.024569010362029076
v 0.008901463821530342 -0.06284882128238678 -0.026709211990237236
v 0.008901463821530342 -0.06284882128238678 -0.026709211990237236
v 0.018139105290174484 -0.06224532797932625 -0.024569010362029076
v 0.025577884167432785 -0.062040962278842926 -0.014537111856043339
v 0.008901463821530342 -0.06284882128238678 -0.026709211990237236
v 0.025577884167432785 -0.062040962278842926 -0.014537111856043339
v 0.0071017504669725895 -0.06323738396167755 -0.018817489966750145
v 0.0071017504669725895 -0.06323738396167755 -0.018817489966750145
v 0.025577884167432785 -0.062040962278842926 -0.014537111856043339
v 0.01452991645783186 -0.06290106475353241 -0.008785298094153404
v 0.0071017504669725895 -0.06323738396167755 -0.018817489966750145
v 0.01452991645783186 -0.06290106475353241 -0.008785298094153404
v 0.005289063788950443 -0.06346461921930313 -0.010925409384071827
v 0.005289063788950443 -0.06346461921930313 -0.010925409384071827
v 0.01452991645783186 -0.06290106475353241 -0.008785298094153404
v 0.01088223047554493 -0.06307809054851532 0.006999480538070202
v 0.005289063788950443 -0.06346461921930313 -0.010925409384071827
v 0.01088223047554493 -0.06307809054851532 0.006999480538070202
v 0.0016405596397817135 -0.06363147497177124 0.004859391134232283
v 0.0016405596397817135 -0.06363147497177124 0.004859391134232283
v 0.01088223047554493 -0.06307809054851532 0.006999480538070202
v -1.7129031526508243e-10 -0.06350252032279968 0.011856596916913986
v 0.0016405596397817135 -0.06363147497177124 0.004859391134232283
v -1.7129031526508243e-10 -0.06350252032279968 0.011856596916913986
v -1.062853138833475e-10 -0.06364821642637253 0.004485235083848238
v -5.982037087903791e-11 -0.06141343712806702 -0.049395643174648285
v 0.006705066189169884 -0.05993817746639252 -0.06041194126009941
v 0.004958801437169313 -0.060991376638412476 -0.05252169817686081
v 0.004958801437169313 -0.060991376638412476 -0.05252169817686081
v 0.006705066189169884 -0.05993817746639252 -0.06041194126009941
v 0.015899481251835823 -0.058797162026166916 -0.058270543813705444
v 0.004958801437169313 -0.060991376638412476 -0.05252169817686081
v 0.015899481251835823 -0.058797162026166916 -0.058270543813705444
v 0.014186016283929348 -0.060258228331804276 -0.05038120970129967
v 0.014186016283929348 -0.060258228331804276 -0.05038120970129967
v 0.015899481251835823 -0.058797162026166916 -0.058270543813705444
v 0.02334483154118061 -0.05867453292012215 -0.04823882877826691
v 0.014186016283929348 -0.060258228331804276 -0.05038120970129967
v 0.02334483154118061 -0.05867453292012215 -0.04823882877826691
v 0.02164248190820217 -0.06027381494641304 -0.040349796414375305
v 0.02164248190820217 -0.06027381494641304 -0.040349796414375305
v 0.02334483154118061 -0.05867453292012215 -0.04823882877826691
v 0.03079916164278984 -0.058663561940193176 -0.03820735961198807
v 0.02164248190820217 -0.06027381494641304 -0.040349796414375305
v 0.03079916164278984 -0.058663561940193176 -0.03820735961198807
v 0.029099972918629646 -0.06030214950442314 -0.03031841665506363
v 0.029099972918629646 -0.06030214950442314 -0.03031841665506363
v 0.03079916164278984 -0.058663561940193176 -0.03820735961198807
v 0.04747399315237999 -0.05783596634864807 -0.026035213842988014
v 0.029099972918629646 -0.06030214950442314 -0.03031841665506363
v 0.04747399315237999 -0.05783596634864807 -0.026035213842988014
v 0.02735801413655281 -0.061408888548612595 -0.022428292781114578
v 0.02735801413655281 -0.061408888548612595 -0.022428292781114578
v 0.04747399315237999 -0.05783596634864807 -0.026035213842988014
v 0.04579957202076912 -0.059782542288303375 -0.018146958202123642
v 0.02735801413655281 -0.061408888548612595 -0.022428292781114578
v 0.04579957202076912 -0.059782542288303375 -0.018146958202123642
v 0.025577884167432785 -0.062040962278842926 -0.014537111856043339
v 0.025577884167432785 -0.062040962278842926 -0.014537111856043339
v 0.04579957202076912 -0.059782542288303375 -0.018146958202123642
v 0.04405871033668518 -0.060902927070856094 -0.010256863199174404
v 0.025577884167432785 -0.062040962278842926 -0.014537111856043339
v 0.04405871033668518 -0.060902927070856094 -0.010256863199174404
v 0.023767584934830666 -0.06229791417717934 -0.0066450973972678185
v 0.023767584934830666 -0.06229791417717934 -0.0066450973972678185
v 0.04405871033668518 -0.060902927070856094 -0.010256863199174404
v 0.04225657880306244 -0.06126141548156738 -0.0023650748189538717
v 0.023767584934830666 -0.06229791417717934 -0.0066450973972678185
v 0.04225657880306244 -0.06126141548156738 -0.0023650748189538717
v 0.021940011531114578 -0.06234002858400345 0.0012473948299884796
v 0.021940011531114578 -0.06234002858400345 0.0012473948299884796
v 0.04225657880306244 -0.06126141548156738 -0.0023650748189538717
v 0.04040559381246567 -0.06101243570446968 0.005528064910322428
v 0.021940011531114578 -0.06234002858400345 0.0012473948299884796
v 0.04040559381246567 -0.06101243570446968 0.005528064910322428
v 0.029322758316993713 -0.061438918113708496 0.011280843988060951
v 0.029322758316993713 -0.061438918113708496 0.011280843988060951
v 0.04040559381246567 -0.06101243570446968 0.005528064910322428
v 0.03852266073226929 -0.060366153717041016 0.013422088697552681
v 0.029322758316993713 -0.061438918113708496 0.011280843988060951
v 0.03852266073226929 -0.060366153717041016 0.013422088697552681
v 0.0255892351269722 -0.0605485662817955 0.027067996561527252
v 0.0255892351269722 -0.0605485662817955 0.027067996561527252
v 0.03852266073226929 -0.060366153717041016 0.013422088697552681
v 0.036621883511543274 -0.05949796363711357 0.02131660468876362
v 0.0255892351269722 -0.0605485662817955 0.027067996561527252
v 0.036621883511543274 -0.05949796363711357 0.02131660468876362
v 0.03470992669463158 -0.05849079787731171 0.029211431741714478
v 0.03470992669463158 -0.05849079787731171 0.029211431741714478
v 0.036621883511543274 -0.05949796363711357 0.02131660468876362
v 0.04575403407216072 -0.05758269876241684 0.023459723219275475
v 0.03470992669463158 -0.05849079787731171 0.029211431741714478
v 0.04575403407216072 -0.05758269876241684 0.023459723219275475
v 0.04378895461559296 -0.05591495335102081 0.03135601803660393
v 0.04378895461559296 -0.05591495335102081 0.03135601803660393
v 0.04575403407216072 -0.05758269876241684 0.023459723219275475
v 0.05486152321100235 -0.05536077171564102 0.0256035253405571
v 0.04378895461559296 -0.05591495335102081 0.03135601803660393
v 0.05486152321100235 -0.05536077171564102 0.0256035253405571
v 0.05283575505018234 -0.05293838307261467 0.03350149840116501
v 0.07517218589782715 -0.05420872941613197 0.021991217508912086
v 0.0680391788482666 -0.05821537598967552 0.011950861662626266
v 0.07723843306303024 -0.05713454261422157 0.014092124998569489
v 0.07723843306303024 -0.05713454261422157 0.014092124998569489
v 0.0680391788482666 -0.05821537598967552 0.011950861662626266
v 0.06999038904905319 -0.05971062555909157 0.004054950550198555
v 0.07723843306303024 -0.05713454261422157 0.014092124998569489
v 0.06999038904905319 -0.05971062555909157 0.004054950550198555
v 0.07922767102718353 -0.05910263583064079 0.006195161025971174
v 0.07922767102718353 -0.05910263583064079 0.006195161025971174
v 0.06999038904905319 -0.05971062555909157 0.004054950550198555
v 0.08018238842487335 -0.05959059298038483 0.00224778288975358
v 0.07922767102718353 -0.05910263583064079 0.006195161025971174
v 0.08018238842487335 -0.05959059298038483 0.00224778288975358
v 0.09868592768907547 -0.05873499810695648 0.006527403369545937
v 0.09868592768907547 -0.05873499810695648 0.006527403369545937
v 0.08018238842487335 -0.05959059298038483 0.00224778288975358
v 0.09963620454072952 -0.05916766822338104 0.002580147935077548
v 0.08434878289699554 -0.052846167236566544 0.0241331085562706
v 0.07723843306303024 -0.05713454261422157 0.014092124998569489
v 0.09567268192768097 -0.05541728809475899 0.018373660743236542
v 0.09567268192768097 -0.05541728809475899 0.018373660743236542
v 0.07723843306303024 -0.05713454261422157 0.014092124998569489
v 0.09770716726779938 -0.05794811621308327 0.010475446470081806
v 0.09567268192768097 -0.05541728809475899 0.018373660743236542
v 0.09770716726779938 -0.05794811621308327 0.010475446470081806
v 0.11620166897773743 -0.056980036199092865 0.014755317009985447
v 0.11620166897773743 -0.056980036199092865 0.014755317009985447
v 0.09770716726779938 -0.05794811621308327 0.010475446470081806
v 0.09868592768907547 -0.05873499810695648 0.006527403369545937
v 0.11620166897773743 -0.056980036199092865 0.014755317009985447
v 0.09868592768907547 -0.05873499810695648 0.006527403369545937
v 0.11816300451755524 -0.058601319789886475 0.006859124638140202
v 0.11816300451755524 -0.058601319789886475 0.006859124638140202
v 0.09868592768907547 -0.05873499810695648 0.006527403369545937
v 0.09963620454072952 -0.05916766822338104 0.002580147935077548
v 0.11816300451755524 -0.058601319789886475 0.006859124638140202
v 0.09963620454072952 -0.05916766822338104 0.002580147935077548
v 0.12002747505903244 -0.059018004685640335 -0.0010343880858272314
v 0.0716947689652443 -0.04900050163269043 0.033690545707941055
v 0.06395739316940308 -0.05299432948231697 0.02774764597415924
v 0.07306251674890518 -0.05074301362037659 0.029891513288021088
v 0.07306251674890518 -0.05074301362037659 0.029891513288021088
v 0.06395739316940308 -0.05299432948231697 0.02774764597415924
v 0.07517218589782715 -0.05420872941613197 0.021991217508912086
v 0.07306251674890518 -0.05074301362037659 0.029891513288021088
v 0.07517218589782715 -0.05420872941613197 0.021991217508912086
v 0.08390884846448898 -0.04900001361966133 0.031737070530653
v 0.08390884846448898 -0.04900001361966133 0.031737070530653
v 0.07517218589782715 -0.05420872941613197 0.021991217508912086
v 0.08434878289699554 -0.052846167236566544 0.0241331085562706
v 0.08390884846448898 -0.04900001361966133 0.031737070530653
v 0.08434878289699554 -0.052846167236566544 0.0241331085562706
v 0.09355654567480087 -0.05187109485268593 0.02627413533627987
v 0.09355654567480087 -0.05187109485268593 0.02627413533627987
v 0.08434878289699554 -0.052846167236566544 0.0241331085562706
v 0.09567268192768097 -0.05541728809475899 0.018373660743236542
v 0.09355654567480087 -0.05187109485268593 0.02627413533627987
v 0.09567268192768097 -0.05541728809475899 0.018373660743236542
v 0.11414193361997604 -0.05413530394434929 0.022654229775071144
v 0.11414193361997604 -0.05413530394434929 0.022654229775071144
v 0.09567268192768097 -0.05541728809475899 0.018373660743236542
v 0.11620166897773743 -0.056980036199092865 0.014755317009985447
v 0.11414193361997604 -0.05413530394434929 0.022654229775071144
v 0.11620166897773743 -0.056980036199092865 0.014755317009985447
v 0.1233692467212677 -0.05340335890650749 0.024794716387987137
v 0.1233692467212677 -0.05340335890650749 0.024794716387987137
v 0.11620166897773743 -0.056980036199092865 0.014755317009985447
v 0.12999999523162842 -0.05620216950774193 0.017953164875507355
v 0.1233692467212677 -0.05340335890650749 0.024794716387987137
v 0.12999999523162842 -0.05620216950774193 0.017953164875507355
v 0.12999999523162842 -0.05279519408941269 0.02633756585419178
v 0.09175220131874084 -0.04899991676211357 -0.032173845916986465
v 0.12056128680706024 -0.049000393599271774 -0.032709259539842606
v 0.10630585998296738 -0.05103282630443573 -0.02897210232913494
v 0.10630585998296738 -0.05103282630443573 -0.02897210232913494
v 0.12056128680706024 -0.049000393599271774 -0.032709259539842606
v 0.1250757873058319 -0.053489793092012405 -0.024699850007891655
v 0.10630585998296738 -0.05103282630443573 -0.02897210232913494
v 0.1250757873058319 -0.053489793092012405 -0.024699850007891655
v 0.10477375984191895 -0.05474916473031044 -0.021087782457470894
v 0.10477375984191895 -0.05474916473031044 -0.021087782457470894
v 0.1250757873058319 -0.053489793092012405 -0.024699850007891655
v 0.12348416447639465 -0.05646588280797005 -0.016813883557915688
v 0.10477375984191895 -0.05474916473031044 -0.021087782457470894
v 0.12348416447639465 -0.05646588280797005 -0.016813883557915688
v 0.10315719991922379 -0.057415202260017395 -0.013201126828789711
v 0.10315719991922379 -0.057415202260017395 -0.013201126828789711
v 0.12348416447639465 -0.05646588280797005 -0.016813883557915688
v 0.12180004268884659 -0.05829183757305145 -0.008925358764827251
v 0.10315719991922379 -0.057415202260017395 -0.013201126828789711
v 0.12180004268884659 -0.05829183757305145 -0.008925358764827251
v 0.10145000368356705 -0.058954205363988876 -0.005311963614076376
v 0.10145000368356705 -0.058954205363988876 -0.005311963614076376
v 0.12180004268884659 -0.05829183757305145 -0.008925358764827251
v 0.12002747505903244 -0.059018004685640335 -0.0010343880858272314
v 0.10145000368356705 -0.058954205363988876 -0.005311963614076376
v 0.12002747505903244 -0.059018004685640335 -0.0010343880858272314
v 0.100557342171669 -0.059238001704216 -0.0013663016725331545
v 0.100557342171669 -0.059238001704216 -0.0013663016725331545
v 0.12002747505903244 -0.059018004685640335 -0.0010343880858272314
v 0.09963620454072952 -0.05916766822338104 0.002580147935077548
v 0.100557342171669 -0.059238001704216 -0.0013663016725331545
v 0.09963620454072952 -0.05916766822338104 0.002580147935077548
v 0.08110620081424713 -0.05969417095184326 -0.0016987405251711607
v 0.08110620081424713 -0.05969417095184326 -0.0016987405251711607
v 0.09963620454072952 -0.05916766822338104 0.002580147935077548
v 0.08018238842487335 -0.05959059298038483 0.00224778288975358
v 0.08110620081424713 -0.05969417095184326 -0.0016987405251711607
v 0.08018238842487335 -0.05959059298038483 0.00224778288975358
v 0.06167346611618996 -0.060379285365343094 -0.002031688578426838
v 0.06167346611618996 -0.060379285365343094 -0.002031688578426838
v 0.08018238842487335 -0.05959059298038483 0.00224778288975358
v 0.06999038904905319 -0.05971062555909157 0.004054950550198555
v 0.06167346611618996 -0.060379285365343094 -0.002031688578426838
v 0.06999038904905319 -0.05971062555909157 0.004054950550198555
v 0.06074933335185051 -0.06027168780565262 0.0019148438004776835
v 0.06074933335185051 -0.06027168780565262 0.0019148438004776835
v 0.06999038904905319 -0.05971062555909157 0.004054950550198555
v 0.0680391788482666 -0.05821537598967552 0.011950861662626266
v 0.06074933335185051 -0.06027168780565262 0.0019148438004776835
v 0.0680391788482666 -0.05821537598967552 0.011950861662626266
v 0.05883798003196716 -0.05927201360464096 0.009809653274714947
v 0.05883798003196716 -0.05927201360464096 0.009809653274714947
v 0.0680391788482666 -0.05821537598967552 0.011950861662626266
v 0.07517218589782715 -0.05420872941613197 0.021991217508912086
v 0.05883798003196716 -0.05927201360464096 0.009809653274714947
v 0.07517218589782715 -0.05420872941613197 0.021991217508912086
v 0.05686667189002037 -0.05752681940793991 0.017706120386719704
v 0.05686667189002037 -0.05752681940793991 0.017706120386719704
v 0.07517218589782715 -0.05420872941613197 0.021991217508912086
v 0.06395739316940308 -0.05299432948231697 0.02774764597415924
v 0.05686667189002037 -0.05752681940793991 0.017706120386719704
v 0.06395739316940308 -0.05299432948231697 0.02774764597415924
v 0.05486152321100235 -0.05536077171564102 0.0256035253405571
v 0.05486152321100235 -0.05536077171564102 0.0256035253405571
v 0.06395739316940308 -0.05299432948231697 0.02774764597415924
v 0.061871230602264404 -0.04982095956802368 0.03564729169011116
v 0.05486152321100235 -0.05536077171564102 0.0256035253405571
v 0.061871230602264404 -0.04982095956802368 0.03564729169011116
v 0.05283575505018234 -0.05293838307261467 0.03350149840116501
v 0.05283575505018234 -0.05293838307261467 0.03350149840116501
v 0.061871230602264404 -0.04982095956802368 0.03564729169011116
v 0.059779807925224304 -0.04900023341178894 0.03835124149918556
v 0.05283575505018234 -0.05293838307261467 0.03350149840116501
v 0.059779807925224304 -0.04900023341178894 0.03835124149918556
v 0.050788648426532745 -0.05025063082575798 0.041400063782930374
v 0.050788648426532745 -0.05025063082575798 0.041400063782930374
v 0.059779807925224304 -0.04900023341178894 0.03835124149918556
v 0.05420675501227379 -0.04900006204843521 0.04164334386587143
v 0.050788648426532745 -0.05025063082575798 0.041400063782930374
v 0.05420675501227379 -0.04900006204843521 0.04164334386587143
v 0.04900308698415756 -0.049000244587659836 0.045507900416851044
v -0.06362340599298477 1.5451105185225017e-16 -0.017347630113363266
v -0.06248874589800835 6.900179886685792e-19 -0.037864502519369125
v -0.06233440712094307 -0.006408269517123699 -0.034673482179641724
v -0.011650104075670242 -0.061597056686878204 0.026307057589292526
v -0.012746293097734451 -0.06059609726071358 0.0387800894677639
v -0.019023483619093895 -0.05918903276324272 0.03490107133984566
v -0.04704191908240318 -0.03560980036854744 -0.06999999284744263
v -0.04652305319905281 -0.03953300788998604 -0.048668790608644485
v -0.05016561970114708 -0.034656185656785965 -0.049491025507450104
v -0.029193347319960594 -0.05127133056521416 -0.06999999284744263
v -0.028364893049001694 -0.054477669298648834 -0.04532542824745178
v -0.03340785950422287 -0.04863039404153824 -0.06999999284744263
v -0.03340785950422287 -0.04863039404153824 -0.06999999284744263
v -0.028364893049001694 -0.054477669298648834 -0.04532542824745178
v -0.033381443470716476 -0.05144866183400154 -0.04618192836642265
v -0.03340785950422287 -0.04863039404153824 -0.06999999284744263
v -0.033381443470716476 -0.05144866183400154 -0.04618192836642265
v -0.03808634355664253 -0.04797649383544922 -0.04699702560901642
v -0.04704191908240318 -0.03560980036854744 -0.06999999284744263
v -0.05016561970114708 -0.034656185656785965 -0.049491025507450104
v -0.04939711093902588 -0.03226338326931 -0.06999999284744263
v -0.04939711093902588 -0.03226338326931 -0.06999999284744263
v -0.05016561970114708 -0.034656185656785965 -0.049491025507450104
v -0.05336452275514603 -0.029414959251880646 -0.05027144402265549
v -0.04939711093902588 -0.03226338326931 -0.06999999284744263
v -0.05336452275514603 -0.029414959251880646 -0.05027144402265549
v -0.051314081996679306 -0.029118143022060394 -0.06999999284744263
v -0.051314081996679306 -0.029118143022060394 -0.06999999284744263
v -0.05336452275514603 -0.029414959251880646 -0.05027144402265549
v -0.056074295192956924 -0.023866791278123856 -0.05098184943199158
v -0.051314081996679306 -0.029118143022060394 -0.06999999284744263
v -0.056074295192956924 -0.023866791278123856 -0.05098184943199158
v -0.053580448031425476 -0.02470092475414276 -0.06999999284744263
v -0.053580448031425476 -0.02470092475414276 -0.06999999284744263
v -0.056074295192956924 -0.023866791278123856 -0.05098184943199158
v -0.05825080722570419 -0.018074799329042435 -0.051589928567409515
v -0.053580448031425476 -0.02470092475414276 -0.06999999284744263
v -0.05825080722570419 -0.018074799329042435 -0.051589928567409515
v -0.05655782297253609 -0.01679919846355915 -0.06999999284744263
v -0.0608314648270607 -0.006053962279111147 -0.052362408488988876
v -0.06116357445716858 6.583547943650593e-20 -0.052466731518507004
v -0.06113024801015854 5.753114831079613e-20 -0.0527813658118248
v -0.05655782297253609 -0.01679919846355915 -0.06999999284744263
v -0.05825080722570419 -0.018074799329042435 -0.051589928567409515
v -0.057629190385341644 -0.012644240632653236 -0.06999999284744263
v -0.057629190385341644 -0.012644240632653236 -0.06999999284744263
v -0.05825080722570419 -0.018074799329042435 -0.051589928567409515
v -0.05984993651509285 -0.012109954841434956 -0.05206119641661644
v -0.057629190385341644 -0.012644240632653236 -0.06999999284744263
v -0.05984993651509285 -0.012109954841434956 -0.05206119641661644
v -0.0580693818628788 -0.010437806136906147 -0.06999999284744263
v -0.0580693818628788 -0.010437806136906147 -0.06999999284744263
v -0.05984993651509285 -0.012109954841434956 -0.05206119641661644
v -0.0608314648270607 -0.006053962279111147 -0.052362408488988876
v -0.0580693818628788 -0.010437806136906147 -0.06999999284744263
v -0.0608314648270607 -0.006053962279111147 -0.052362408488988876
v -0.05872727558016777 -0.005666334182024002 -0.06999999284744263
v -0.05872727558016777 -0.005666334182024002 -0.06999999284744263
v -0.0608314648270607 -0.006053962279111147 -0.052362408488988876
v -0.06113024801015854 5.753114831079613e-20 -0.0527813658118248
v -0.05872727558016777 -0.005666334182024002 -0.06999999284744263
v -0.06113024801015854 5.753114831079613e-20 -0.0527813658118248
v -0.05900000035762787 3.612708016602898e-18 -0.06999999284744263
v -0.06382173299789429 -0.003545639105141163 9.673893509898335e-05
v -0.06392435729503632 -1.8711121541059583e-09 6.268631125294633e-08
v -0.06323231756687164 -0.006731128320097923 -0.01694793626666069
v -0.06323231756687164 -0.006731128320097923 -0.01694793626666069
v -0.06392435729503632 -1.8711121541059583e-09 6.268631125294633e-08
v -0.06382568180561066 1.6036876484431563e-14 -0.009904361329972744
v -0.06323231756687164 -0.006731128320097923 -0.01694793626666069
v -0.06382568180561066 1.6036876484431563e-14 -0.009904361329972744
v -0.06362704187631607 3.0985966047065723e-16 -0.01724223792552948
v -0.062056779861450195 -0.015035571530461311 0.001744776382111013
v -0.06291010975837708 -0.01111937128007412 0.0009512238902971148
v -0.06207314133644104 -0.013400662690401077 -0.01609162613749504
v -0.06207314133644104 -0.013400662690401077 -0.01609162613749504
v -0.06291010975837708 -0.01111937128007412 0.0009512238902971148
v -0.06322189420461655 -0.009266424924135208 0.0006597007741220295
v -0.06207314133644104 -0.013400662690401077 -0.01609162613749504
v -0.06322189420461655 -0.009266424924135208 0.0006597007741220295
v -0.06323231756687164 -0.006731128320097923 -0.01694793626666069
v -0.06323231756687164 -0.006731128320097923 -0.01694793626666069
v -0.06322189420461655 -0.009266424924135208 0.0006597007741220295
v -0.06352244317531586 -0.007017027586698532 0.00037798931589350104
v -0.06323231756687164 -0.006731128320097923 -0.01694793626666069
v -0.06352244317531586 -0.007017027586698532 0.00037798931589350104
v -0.06382173299789429 -0.003545639105141163 9.673893509898335e-05
v -0.062056779861450195 -0.015035571530461311 0.001744776382111013
v -0.06207314133644104 -0.013400662690401077 -0.01609162613749504
v -0.06122346222400665 -0.018019644543528557 0.0025137076154351234
v -0.06122346222400665 -0.018019644543528557 0.0025137076154351234
v -0.06207314133644104 -0.013400662690401077 -0.01609162613749504
v -0.060207631438970566 -0.019871819764375687 -0.014739997684955597
v -0.06122346222400665 -0.018019644543528557 0.0025137076154351234
v -0.060207631438970566 -0.019871819764375687 -0.014739997684955597
v -0.060291942209005356 -0.02081601321697235 0.003366402816027403
v -0.060291942209005356 -0.02081601321697235 0.003366402816027403
v -0.060207631438970566 -0.019871819764375687 -0.014739997684955597
v -0.05881554260849953 -0.024533506482839584 0.004703246522694826
v -0.05881554260849953 -0.024533506482839584 0.004703246522694826
v -0.060207631438970566 -0.019871819764375687 -0.014739997684955597
v -0.057709794491529465 -0.026040559634566307 -0.012979112565517426
v -0.05881554260849953 -0.024533506482839584 0.004703246522694826
v -0.057709794491529465 -0.026040559634566307 -0.012979112565517426
v -0.057896096259355545 -0.026545608416199684 0.005526866298168898
v -0.057896096259355545 -0.026545608416199684 0.005526866298168898
v -0.057709794491529465 -0.026040559634566307 -0.012979112565517426
v -0.05465671420097351 -0.031833674758672714 -0.010898747481405735
v -0.057896096259355545 -0.026545608416199684 0.005526866298168898
v -0.05465671420097351 -0.031833674758672714 -0.010898747481405735
v -0.05485999211668968 -0.03212559223175049 0.008198745548725128
v -0.05485999211668968 -0.03212559223175049 0.008198745548725128
v -0.05465671420097351 -0.031833674758672714 -0.010898747481405735
v -0.051120296120643616 -0.03719988465309143 -0.00858216267079115
v -0.05485999211668968 -0.03212559223175049 0.008198745548725128
v -0.051120296120643616 -0.03719988465309143 -0.00858216267079115
v -0.05118848383426666 -0.03746134042739868 0.011334425769746304
v -0.05118848383426666 -0.03746134042739868 0.011334425769746304
v -0.051120296120643616 -0.03719988465309143 -0.00858216267079115
v -0.04716440662741661 -0.04210088402032852 -0.006100293714553118
v -0.05118848383426666 -0.03746134042739868 0.011334425769746304
v -0.04716440662741661 -0.04210088402032852 -0.006100293714553118
v -0.0469142384827137 -0.042444877326488495 0.01485958881676197
v -0.0469142384827137 -0.042444877326488495 0.01485958881676197
v -0.04716440662741661 -0.04210088402032852 -0.006100293714553118
v -0.04284677281975746 -0.046504948288202286 -0.003516254248097539
v -0.0469142384827137 -0.042444877326488495 0.01485958881676197
v -0.04284677281975746 -0.046504948288202286 -0.003516254248097539
v -0.04211084917187691 -0.0469641238451004 0.018665729090571404
v -0.04211084917187691 -0.0469641238451004 0.018665729090571404
v -0.04284677281975746 -0.046504948288202286 -0.003516254248097539
v -0.03821795806288719 -0.05038151517510414 -0.0008804476819932461
v -0.04211084917187691 -0.0469641238451004 0.018665729090571404
v -0.03821795806288719 -0.05038151517510414 -0.0008804476819932461
v -0.03682546317577362 -0.05095875635743141 0.02267444133758545
v -0.03682546317577362 -0.05095875635743141 0.02267444133758545
v -0.03821795806288719 -0.05038151517510414 -0.0008804476819932461
v -0.03332473337650299 -0.05370756983757019 0.001767945010215044
v -0.03682546317577362 -0.05095875635743141 0.02267444133758545
v -0.03332473337650299 -0.05370756983757019 0.001767945010215044
v -0.031143521890044212 -0.05435961112380028 0.026783708482980728
v -0.031143521890044212 -0.05435961112380028 0.026783708482980728
v -0.03332473337650299 -0.05370756983757019 0.001767945010215044
v -0.028198430314660072 -0.05655422434210777 0.004455373156815767
v -0.031143521890044212 -0.05435961112380028 0.026783708482980728
v -0.028198430314660072 -0.05655422434210777 0.004455373156815767
v -0.025182411074638367 -0.05710858479142189 0.03088289499282837
v -1.062853138833475e-10 -0.06364821642637253 0.004485235083848238
v -1.7129031526508243e-10 -0.06350252032279968 0.011856596916913986
v -0.005881026852875948 -0.06303945183753967 0.015077711082994938
v -0.005881026852875948 -0.06303945183753967 0.015077711082994938
v -1.7129031526508243e-10 -0.06350252032279968 0.011856596916913986
v -1.875798405492901e-10 -0.0633961409330368 0.015343342907726765
v -0.005881026852875948 -0.06303945183753967 0.015077711082994938
v -1.875798405492901e-10 -0.0633961409330368 0.015343342907726765
v -4.904310291209413e-11 -0.06254739314317703 0.032142359763383865
v -0.011826670728623867 -0.059431951493024826 -0.05632506310939789
v -0.0034733775537461042 -0.05889767408370972 -0.06999998539686203
v -0.005949259735643864 -0.060403574258089066 -0.055889103561639786
v -0.005949259735643864 -0.060403574258089066 -0.055889103561639786
v -0.0034733775537461042 -0.05889767408370972 -0.06999998539686203
v 6.583622536027178e-14 -0.05900000408291817 -0.06999998539686203
v -0.005949259735643864 -0.060403574258089066 -0.055889103561639786
v 6.583622536027178e-14 -0.05900000408291817 -0.06999998539686203
v 1.0648115722489138e-10 -0.06002580374479294 -0.06195454299449921
v -0.029193347319960594 -0.05127133056521416 -0.06999999284744263
v -0.027812408283352852 -0.052033357322216034 -0.06999999284744263
v -0.028364893049001694 -0.054477669298648834 -0.04532542824745178
v -0.028364893049001694 -0.054477669298648834 -0.04532542824745178
v -0.027812408283352852 -0.052033357322216034 -0.06999999284744263
v -0.023157520219683647 -0.05426536127924919 -0.06999999284744263
v -0.028364893049001694 -0.054477669298648834 -0.04532542824745178
v -0.023157520219683647 -0.05426536127924919 -0.06999999284744263
v -0.023113369941711426 -0.055812589824199677 -0.05723579600453377
v -0.023113369941711426 -0.055812589824199677 -0.05723579600453377
v -0.023157520219683647 -0.05426536127924919 -0.06999999284744263
v -0.01657494343817234 -0.05662395432591438 -0.06999999284744263
v -0.023113369941711426 -0.055812589824199677 -0.05723579600453377
v -0.01657494343817234 -0.05662395432591438 -0.06999999284744263
v -0.017568299546837807 -0.05789225175976753 -0.0567784309387207
v -0.017568299546837807 -0.05789225175976753 -0.0567784309387207
v -0.01657494343817234 -0.05662395432591438 -0.06999999284744263
v -0.016014987602829933 -0.05678486078977585 -0.06999998539686203
v -0.017568299546837807 -0.05789225175976753 -0.0567784309387207
v -0.016014987602829933 -0.05678486078977585 -0.06999998539686203
v -0.011826670728623867 -0.059431951493024826 -0.05632506310939789
v -0.011826670728623867 -0.059431951493024826 -0.05632506310939789
v -0.016014987602829933 -0.05678486078977585 -0.06999998539686203
v -0.011853967793285847 -0.057796917855739594 -0.06999998539686203
v -0.011826670728623867 -0.059431951493024826 -0.05632506310939789
v -0.011853967793285847 -0.057796917855739594 -0.06999998539686203
v -0.0034733775537461042 -0.05889767408370972 -0.06999998539686203
v -0.01167475525289774 -0.06219933182001114 0.012508293613791466
v -0.005881026852875948 -0.06303945183753967 0.015077711082994938
v -0.005868563894182444 -0.06233726069331169 0.029282066971063614
v -0.005868563894182444 -0.06233726069331169 0.029282066971063614
v -0.005881026852875948 -0.06303945183753967 0.015077711082994938
v -4.904310291209413e-11 -0.06254739314317703 0.032142359763383865
v -0.005868563894182444 -0.06233726069331169 0.029282066971063614
v -4.904310291209413e-11 -0.06254739314317703 0.032142359763383865
v -0.006414164789021015 -0.06133519485592842 0.04248160868883133
v -0.006414164789021015 -0.06133519485592842 0.04248160868883133
v -4.904310291209413e-11 -0.06254739314317703 0.032142359763383865
v 1.1378809006146184e-10 -0.062135208398103714 0.037773240357637405
v -0.006414164789021015 -0.06133519485592842 0.04248160868883133
v 1.1378809006146184e-10 -0.062135208398103714 0.037773240357637405
v -1.609908366617674e-07 -0.06141279637813568 0.046023640781641006
v -0.022863289341330528 -0.058932527899742126 0.007164410315454006
v -0.022907426580786705 -0.05898427963256836 -0.005775525234639645
v -0.017345953732728958 -0.06082190200686455 0.009859828278422356
v -0.017345953732728958 -0.06082190200686455 0.009859828278422356
v -0.022907426580786705 -0.05898427963256836 -0.005775525234639645
v -0.017386414110660553 -0.06098492816090584 -0.0035174184013158083
v -0.017345953732728958 -0.06082190200686455 0.009859828278422356
v -0.017386414110660553 -0.06098492816090584 -0.0035174184013158083
v -0.01167475525289774 -0.06219933182001114 0.012508293613791466
v -0.01167475525289774 -0.06219933182001114 0.012508293613791466
v -0.017386414110660553 -0.06098492816090584 -0.0035174184013158083
v -0.01170364860445261 -0.06245956942439079 -0.001292969100177288
v -0.01167475525289774 -0.06219933182001114 0.012508293613791466
v -0.01170364860445261 -0.06245956942439079 -0.001292969100177288
v -0.005881026852875948 -0.06303945183753967 0.015077711082994938
v -0.005881026852875948 -0.06303945183753967 0.015077711082994938
v -0.01170364860445261 -0.06245956942439079 -0.001292969100177288
v -0.005894977133721113 -0.06336642056703568 0.0008626944618299603
v -0.005881026852875948 -0.06303945183753967 0.015077711082994938
v -0.005894977133721113 -0.06336642056703568 0.0008626944618299603
v -1.062853138833475e-10 -0.06364821642637253 0.004485235083848238
v -0.006414164789021015 -0.06133519485592842 0.04248160868883133
v -0.012746293097734451 -0.06059609726071358 0.0387800894677639
v -0.005868563894182444 -0.06233726069331169 0.029282066971063614
v -0.005868563894182444 -0.06233726069331169 0.029282066971063614
v -0.012746293097734451 -0.06059609726071358 0.0387800894677639
v -0.011650104075670242 -0.061597056686878204 0.026307057589292526
v -0.005868563894182444 -0.06233726069331169 0.029282066971063614
v -0.011650104075670242 -0.061597056686878204 0.026307057589292526
v -0.01167475525289774 -0.06219933182001114 0.012508293613791466
v -0.01167475525289774 -0.06219933182001114 0.012508293613791466
v -0.011650104075670242 -0.061597056686878204 0.026307057589292526
v -0.019023483619093895 -0.05918903276324272 0.03490107133984566
v -0.01167475525289774 -0.06219933182001114 0.012508293613791466
v -0.019023483619093895 -0.05918903276324272 0.03490107133984566
v -0.017345953732728958 -0.06082190200686455 0.009859828278422356
v -0.017345953732728958 -0.06082190200686455 0.009859828278422356
v -0.019023483619093895 -0.05918903276324272 0.03490107133984566
v -0.025182411074638367 -0.05710858479142189 0.03088289499282837
v -0.017345953732728958 -0.06082190200686455 0.009859828278422356
v -0.025182411074638367 -0.05710858479142189 0.03088289499282837
v -0.022863289341330528 -0.058932527899742126 0.007164410315454006
v -0.022863289341330528 -0.058932527899742126 0.007164410315454006
v -0.025182411074638367 -0.05710858479142189 0.03088289499282837
v -0.028198430314660072 -0.05655422434210777 0.004455373156815767
v -0.022863289341330528 -0.058932527899742126 0.007164410315454006
v -0.028198430314660072 -0.05655422434210777 0.004455373156815767
v -0.022907426580786705 -0.05898427963256836 -0.005775525234639645
v -0.022907426580786705 -0.05898427963256836 -0.005775525234639645
v -0.028198430314660072 -0.05655422434210777 0.004455373156815767
v -0.02295781299471855 -0.058682333678007126 -0.018693843856453896
v -0.022907426580786705 -0.05898427963256836 -0.005775525234639645
v -0.02295781299471855 -0.058682333678007126 -0.018693843856453896
v -0.017386414110660553 -0.06098492816090584 -0.0035174184013158083
v -0.017386414110660553 -0.06098492816090584 -0.0035174184013158083
v -0.02295781299471855 -0.058682333678007126 -0.018693843856453896
v -0.01743120327591896 -0.06075159087777138 -0.01688043214380741
v -0.017386414110660553 -0.06098492816090584 -0.0035174184013158083
v -0.01743120327591896 -0.06075159087777138 -0.01688043214380741
v -0.01170364860445261 -0.06245956942439079 -0.001292969100177288
v -0.01170364860445261 -0.06245956942439079 -0.001292969100177288
v -0.01743120327591896 -0.06075159087777138 -0.01688043214380741
v -0.011734242551028728 -0.06228995323181152 -0.015089321881532669
v -0.01170364860445261 -0.06245956942439079 -0.001292969100177288
v -0.011734242551028728 -0.06228995323181152 -0.015089321881532669
v -0.005894977133721113 -0.06336642056703568 0.0008626944618299603
v -0.005894977133721113 -0.06336642056703568 0.0008626944618299603
v -0.011734242551028728 -0.06228995323181152 -0.015089321881532669
v -0.00590871274471283 -0.0632503405213356 -0.013354671187698841
v -0.005894977133721113 -0.06336642056703568 0.0008626944618299603
v -0.00590871274471283 -0.0632503405213356 -0.013354671187698841
v -1.062853138833475e-10 -0.06364821642637253 0.004485235083848238
v -1.062853138833475e-10 -0.06364821642637253 0.004485235083848238
v -0.00590871274471283 -0.0632503405213356 -0.013354671187698841
v 9.221967633976647e-11 -0.06358008831739426 -0.01214373204857111
v -5.982037087903791e-11 -0.06141343712806702 -0.049395643174648285
v -4.69059235896907e-11 -0.06178133562207222 -0.04536399990320206
v -0.005936064291745424 -0.06171915680170059 -0.04173816740512848
v 1.262989712813578e-12 -0.06214827671647072 -0.04092156141996384
v 1.4473555687288808e-10 -0.06285498291254044 -0.030590210109949112
v -0.005922442767769098 -0.06266900897026062 -0.02755790203809738
v -0.005922442767769098 -0.06266900897026062 -0.02755790203809738
v 1.4473555687288808e-10 -0.06285498291254044 -0.030590210109949112
v 1.5672196873595112e-10 -0.06295788288116455 -0.028757408261299133
v -0.005922442767769098 -0.06266900897026062 -0.02755790203809738
v 1.5672196873595112e-10 -0.06295788288116455 -0.028757408261299133
v 1.3689505085068276e-10 -0.06345284730195999 -0.01709752529859543
v -4.69059235896907e-11 -0.06178133562207222 -0.04536399990320206
v 1.262989712813578e-12 -0.06214827671647072 -0.04092156141996384
v -0.005936064291745424 -0.06171915680170059 -0.04173816740512848
v -0.005936064291745424 -0.06171915680170059 -0.04173816740512848
v 1.262989712813578e-12 -0.06214827671647072 -0.04092156141996384
v -0.005922442767769098 -0.06266900897026062 -0.02755790203809738
v -0.005936064291745424 -0.06171915680170059 -0.04173816740512848
v -0.005922442767769098 -0.06266900897026062 -0.02755790203809738
v -0.01179695688188076 -0.060710396617650986 -0.042610567063093185
v -0.01179695688188076 -0.060710396617650986 -0.042610567063093185
v -0.005922442767769098 -0.06266900897026062 -0.02755790203809738
v -0.011765697039663792 -0.06166377291083336 -0.028863999992609024
v -0.01179695688188076 -0.060710396617650986 -0.042610567063093185
v -0.011765697039663792 -0.06166377291083336 -0.028863999992609024
v -0.01752452924847603 -0.05914604663848877 -0.043515197932720184
v -0.01752452924847603 -0.05914604663848877 -0.043515197932720184
v -0.011765697039663792 -0.06166377291083336 -0.028863999992609024
v -0.017477989196777344 -0.06009989231824875 -0.030214669182896614
v -0.01752452924847603 -0.05914604663848877 -0.043515197932720184
v -0.017477989196777344 -0.06009989231824875 -0.030214669182896614
v -0.023063937202095985 -0.05705657973885536 -0.044428229331970215
v -0.023063937202095985 -0.05705657973885536 -0.044428229331970215
v -0.017477989196777344 -0.06009989231824875 -0.030214669182896614
v -0.02301100082695484 -0.05801396816968918 -0.031579483300447464
v -0.023063937202095985 -0.05705657973885536 -0.044428229331970215
v -0.02301100082695484 -0.05801396816968918 -0.031579483300447464
v -0.02827606163918972 -0.05613069608807564 -0.020494569092988968
v -0.06362704187631607 3.0985966047065723e-16 -0.01724223792552948
v -0.06362340599298477 1.5451105185225017e-16 -0.017347630113363266
v -0.06323231756687164 -0.006731128320097923 -0.01694793626666069
v -0.06323231756687164 -0.006731128320097923 -0.01694793626666069
v -0.06362340599298477 1.5451105185225017e-16 -0.017347630113363266
v -0.06233440712094307 -0.006408269517123699 -0.034673482179641724
v -0.06323231756687164 -0.006731128320097923 -0.01694793626666069
v -0.06233440712094307 -0.006408269517123699 -0.034673482179641724
v -0.06207314133644104 -0.013400662690401077 -0.01609162613749504
v -0.06207314133644104 -0.013400662690401077 -0.01609162613749504
v -0.06233440712094307 -0.006408269517123699 -0.034673482179641724
v -0.06124057620763779 -0.012813718989491463 -0.03408586233854294
v -0.06207314133644104 -0.013400662690401077 -0.01609162613749504
v -0.06124057620763779 -0.012813718989491463 -0.03408586233854294
v -0.060207631438970566 -0.019871819764375687 -0.014739997684955597
v -0.060207631438970566 -0.019871819764375687 -0.014739997684955597
v -0.06124057620763779 -0.012813718989491463 -0.03408586233854294
v -0.05947362259030342 -0.019094640389084816 -0.033162668347358704
v -0.060207631438970566 -0.019871819764375687 -0.014739997684955597
v -0.05947362259030342 -0.019094640389084816 -0.033162668347358704
v -0.057709794491529465 -0.026040559634566307 -0.012979112565517426
v -0.057709794491529465 -0.026040559634566307 -0.012979112565517426
v -0.05947362259030342 -0.019094640389084816 -0.033162668347358704
v -0.057094331830739975 -0.025151429697871208 -0.031966015696525574
v -0.057709794491529465 -0.026040559634566307 -0.012979112565517426
v -0.057094331830739975 -0.025151429697871208 -0.031966015696525574
v -0.05465671420097351 -0.031833674758672714 -0.010898747481405735
v -0.05465671420097351 -0.031833674758672714 -0.010898747481405735
v -0.057094331830739975 -0.025151429697871208 -0.031966015696525574
v -0.054166994988918304 -0.03090526908636093 -0.030560504645109177
v -0.05465671420097351 -0.031833674758672714 -0.010898747481405735
v -0.054166994988918304 -0.03090526908636093 -0.030560504645109177
v -0.051120296120643616 -0.03719988465309143 -0.00858216267079115
v -0.051120296120643616 -0.03719988465309143 -0.00858216267079115
v -0.054166994988918304 -0.03090526908636093 -0.030560504645109177
v -0.05075329914689064 -0.03629223257303238 -0.029006384313106537
v -0.051120296120643616 -0.03719988465309143 -0.00858216267079115
v -0.05075329914689064 -0.03629223257303238 -0.029006384313106537
v -0.04716440662741661 -0.04210088402032852 -0.006100293714553118
v -0.04716440662741661 -0.04210088402032852 -0.006100293714553118
v -0.05075329914689064 -0.03629223257303238 -0.029006384313106537
v -0.04691160097718239 -0.04125770553946495 -0.02735568955540657
v -0.04716440662741661 -0.04210088402032852 -0.006100293714553118
v -0.04691160097718239 -0.04125770553946495 -0.02735568955540657
v -0.04284677281975746 -0.046504948288202286 -0.003516254248097539
v -0.04284677281975746 -0.046504948288202286 -0.003516254248097539
v -0.04691160097718239 -0.04125770553946495 -0.02735568955540657
v -0.042696669697761536 -0.04575167968869209 -0.025655241683125496
v -0.04284677281975746 -0.046504948288202286 -0.003516254248097539
v -0.042696669697761536 -0.04575167968869209 -0.025655241683125496
v -0.03821795806288719 -0.05038151517510414 -0.0008804476819932461
v -0.03821795806288719 -0.05038151517510414 -0.0008804476819932461
v -0.042696669697761536 -0.04575167968869209 -0.025655241683125496
v -0.03816045820713043 -0.04972592741250992 -0.02394338883459568
v -0.03821795806288719 -0.05038151517510414 -0.0008804476819932461
v -0.03816045820713043 -0.04972592741250992 -0.02394338883459568
v -0.03332473337650299 -0.05370756983757019 0.001767945010215044
v -0.03332473337650299 -0.05370756983757019 0.001767945010215044
v -0.03816045820713043 -0.04972592741250992 -0.02394338883459568
v -0.033350955694913864 -0.05314580351114273 -0.022246360778808594
v -0.03332473337650299 -0.05370756983757019 0.001767945010215044
v -0.033350955694913864 -0.05314580351114273 -0.022246360778808594
v -0.028198430314660072 -0.05655422434210777 0.004455373156815767
v -0.028198430314660072 -0.05655422434210777 0.004455373156815767
v -0.033350955694913864 -0.05314580351114273 -0.022246360778808594
v -0.02827606163918972 -0.05613069608807564 -0.020494569092988968
v -0.028198430314660072 -0.05655422434210777 0.004455373156815767
v -0.02827606163918972 -0.05613069608807564 -0.020494569092988968
v -0.02295781299471855 -0.058682333678007126 -0.018693843856453896
v -0.02295781299471855 -0.058682333678007126 -0.018693843856453896
v -0.02827606163918972 -0.05613069608807564 -0.020494569092988968
v -0.02301100082695484 -0.05801396816968918 -0.031579483300447464
v -0.02295781299471855 -0.058682333678007126 -0.018693843856453896
v -0.02301100082695484 -0.05801396816968918 -0.031579483300447464
v -0.01743120327591896 -0.06075159087777138 -0.01688043214380741
v -0.01743120327591896 -0.06075159087777138 -0.01688043214380741
v -0.02301100082695484 -0.05801396816968918 -0.031579483300447464
v -0.017477989196777344 -0.06009989231824875 -0.030214669182896614
v -0.01743120327591896 -0.06075159087777138 -0.01688043214380741
v -0.017477989196777344 -0.06009989231824875 -0.030214669182896614
v -0.011734242551028728 -0.06228995323181152 -0.015089321881532669
v -0.011734242551028728 -0.06228995323181152 -0.015089321881532669
v -0.017477989196777344 -0.06009989231824875 -0.030214669182896614
v -0.011765697039663792 -0.06166377291083336 -0.028863999992609024
v -0.011734242551028728 -0.06228995323181152 -0.015089321881532669
v -0.011765697039663792 -0.06166377291083336 -0.028863999992609024
v -0.00590871274471283 -0.0632503405213356 -0.013354671187698841
v -0.00590871274471283 -0.0632503405213356 -0.013354671187698841
v -0.011765697039663792 -0.06166377291083336 -0.028863999992609024
v -0.005922442767769098 -0.06266900897026062 -0.02755790203809738
v -0.00590871274471283 -0.0632503405213356 -0.013354671187698841
v -0.005922442767769098 -0.06266900897026062 -0.02755790203809738
v 9.221967633976647e-11 -0.06358008831739426 -0.01214373204857111
v 9.221967633976647e-11 -0.06358008831739426 -0.01214373204857111
v -0.005922442767769098 -0.06266900897026062 -0.02755790203809738
v 1.3689505085068276e-10 -0.06345284730195999 -0.01709752529859543
v -0.04652305319905281 -0.03953300788998604 -0.048668790608644485
v -0.04704191908240318 -0.03560980036854744 -0.06999999284744263
v -0.042481306940317154 -0.043990589678287506 -0.04783033952116966
v -0.042481306940317154 -0.043990589678287506 -0.04783033952116966
v -0.04704191908240318 -0.03560980036854744 -0.06999999284744263
v -0.04223266988992691 -0.041199538856744766 -0.06999999284744263
v -0.042481306940317154 -0.043990589678287506 -0.04783033952116966
v -0.04223266988992691 -0.041199538856744766 -0.06999999284744263
v -0.03808634355664253 -0.04797649383544922 -0.04699702560901642
v -0.03808634355664253 -0.04797649383544922 -0.04699702560901642
v -0.04223266988992691 -0.041199538856744766 -0.06999999284744263
v -0.03831743821501732 -0.044863954186439514 -0.06999999284744263
v -0.03808634355664253 -0.04797649383544922 -0.04699702560901642
v -0.03831743821501732 -0.044863954186439514 -0.06999999284744263
v -0.03340785950422287 -0.04863039404153824 -0.06999999284744263
v -0.06248874589800835 6.900179886685792e-19 -0.037864502519369125
v -0.06116357445716858 6.583547943650593e-20 -0.052466731518507004
v -0.06233440712094307 -0.006408269517123699 -0.034673482179641724
v -0.06233440712094307 -0.006408269517123699 -0.034673482179641724
v -0.06116357445716858 6.583547943650593e-20 -0.052466731518507004
v -0.0608314648270607 -0.006053962279111147 -0.052362408488988876
v -0.06233440712094307 -0.006408269517123699 -0.034673482179641724
v -0.0608314648270607 -0.006053962279111147 -0.052362408488988876
v -0.06124057620763779 -0.012813718989491463 -0.03408586233854294
v -0.06124057620763779 -0.012813718989491463 -0.03408586233854294
v -0.0608314648270607 -0.006053962279111147 -0.052362408488988876
v -0.05984993651509285 -0.012109954841434956 -0.05206119641661644
v -0.06124057620763779 -0.012813718989491463 -0.03408586233854294
v -0.05984993651509285 -0.012109954841434956 -0.05206119641661644
v -0.05947362259030342 -0.019094640389084816 -0.033162668347358704
v -0.05947362259030342 -0.019094640389084816 -0.033162668347358704
v -0.05984993651509285 -0.012109954841434956 -0.05206119641661644
v -0.05825080722570419 -0.018074799329042435 -0.051589928567409515
v -0.05947362259030342 -0.019094640389084816 -0.033162668347358704
v -0.05825080722570419 -0.018074799329042435 -0.051589928567409515
v -0.057094331830739975 -0.025151429697871208 -0.031966015696525574
v -0.057094331830739975 -0.025151429697871208 -0.031966015696525574
v -0.05825080722570419 -0.018074799329042435 -0.051589928567409515
v -0.056074295192956924 -0.023866791278123856 -0.05098184943199158
v -0.057094331830739975 -0.025151429697871208 -0.031966015696525574
v -0.056074295192956924 -0.023866791278123856 -0.05098184943199158
v -0.054166994988918304 -0.03090526908636093 -0.030560504645109177
v -0.054166994988918304 -0.03090526908636093 -0.030560504645109177
v -0.056074295192956924 -0.023866791278123856 -0.05098184943199158
v -0.05336452275514603 -0.029414959251880646 -0.05027144402265549
v -0.054166994988918304 -0.03090526908636093 -0.030560504645109177
v -0.05336452275514603 -0.029414959251880646 -0.05027144402265549
v -0.05075329914689064 -0.03629223257303238 -0.029006384313106537
v -0.05075329914689064 -0.03629223257303238 -0.029006384313106537
v -0.05336452275514603 -0.029414959251880646 -0.05027144402265549
v -0.05016561970114708 -0.034656185656785965 -0.049491025507450104
v -0.05075329914689064 -0.03629223257303238 -0.029006384313106537
v -0.05016561970114708 -0.034656185656785965 -0.049491025507450104
v -0.04691160097718239 -0.04125770553946495 -0.02735568955540657
v -0.04691160097718239 -0.04125770553946495 -0.02735568955540657
v -0.05016561970114708 -0.034656185656785965 -0.049491025507450104
v -0.04652305319905281 -0.03953300788998604 -0.048668790608644485
v -0.04691160097718239 -0.04125770553946495 -0.02735568955540657
v -0.04652305319905281 -0.03953300788998604 -0.048668790608644485
v -0.042696669697761536 -0.04575167968869209 -0.025655241683125496
v -0.042696669697761536 -0.04575167968869209 -0.025655241683125496
v -0.04652305319905281 -0.03953300788998604 -0.048668790608644485
v -0.042481306940317154 -0.043990589678287506 -0.04783033952116966
v -0.042696669697761536 -0.04575167968869209 -0.025655241683125496
v -0.042481306940317154 -0.043990589678287506 -0.04783033952116966
v -0.03816045820713043 -0.04972592741250992 -0.02394338883459568
v -0.03816045820713043 -0.04972592741250992 -0.02394338883459568
v -0.042481306940317154 -0.043990589678287506 -0.04783033952116966
v -0.03808634355664253 -0.04797649383544922 -0.04699702560901642
v -0.03816045820713043 -0.04972592741250992 -0.02394338883459568
v -0.03808634355664253 -0.04797649383544922 -0.04699702560901642
v -0.033350955694913864 -0.05314580351114273 -0.022246360778808594
v -0.033350955694913864 -0.05314580351114273 -0.022246360778808594
v -0.03808634355664253 -0.04797649383544922 -0.04699702560901642
v -0.033381443470716476 -0.05144866183400154 -0.04618192836642265
v -0.033350955694913864 -0.05314580351114273 -0.022246360778808594
v -0.033381443470716476 -0.05144866183400154 -0.04618192836642265
v -0.02827606163918972 -0.05613069608807564 -0.020494569092988968
v -0.02827606163918972 -0.05613069608807564 -0.020494569092988968
v -0.033381443470716476 -0.05144866183400154 -0.04618192836642265
v -0.028364893049001694 -0.054477669298648834 -0.04532542824745178
v -0.02827606163918972 -0.05613069608807564 -0.020494569092988968
v -0.028364893049001694 -0.054477669298648834 -0.04532542824745178
v -0.023063937202095985 -0.05705657973885536 -0.044428229331970215
v -0.023063937202095985 -0.05705657973885536 -0.044428229331970215
v -0.028364893049001694 -0.054477669298648834 -0.04532542824745178
v -0.023113369941711426 -0.055812589824199677 -0.05723579600453377
v -0.023063937202095985 -0.05705657973885536 -0.044428229331970215
v -0.023113369941711426 -0.055812589824199677 -0.05723579600453377
v -0.01752452924847603 -0.05914604663848877 -0.043515197932720184
v -0.01752452924847603 -0.05914604663848877 -0.043515197932720184
v -0.023113369941711426 -0.055812589824199677 -0.05723579600453377
v -0.017568299546837807 -0.05789225175976753 -0.0567784309387207
v -0.01752452924847603 -0.05914604663848877 -0.043515197932720184
v -0.017568299546837807 -0.05789225175976753 -0.0567784309387207
v -0.01179695688188076 -0.060710396617650986 -0.042610567063093185
v -0.01179695688188076 -0.060710396617650986 -0.042610567063093185
v -0.017568299546837807 -0.05789225175976753 -0.0567784309387207
v -0.011826670728623867 -0.059431951493024826 -0.05632506310939789
v -0.01179695688188076 -0.060710396617650986 -0.042610567063093185
v -0.011826670728623867 -0.059431951493024826 -0.05632506310939789
v -0.005936064291745424 -0.06171915680170059 -0.04173816740512848
v -0.005936064291745424 -0.06171915680170059 -0.04173816740512848
v -0.011826670728623867 -0.059431951493024826 -0.05632506310939789
v -0.005949259735643864 -0.060403574258089066 -0.055889103561639786
v -0.005936064291745424 -0.06171915680170059 -0.04173816740512848
v -0.005949259735643864 -0.060403574258089066 -0.055889103561639786
v -5.982037087903791e-11 -0.06141343712806702 -0.049395643174648285
v -5.982037087903791e-11 -0.06141343712806702 -0.049395643174648285
v -0.005949259735643864 -0.060403574258089066 -0.055889103561639786
v 1.0648115722489138e-10 -0.06002580374479294 -0.06195454299449921
v -0.06116357445716858 6.583547943650593e-20 -0.052466731518507004
v -0.06248874589800835 6.900179886685792e-19 -0.037864502519369125
v -0.06231999397277832 0.006404229439795017 -0.03488495945930481
v 1.0244749493182326e-10 0.0593763142824173 -0.06708735972642899
v 2.1332335897739085e-10 0.05900000408291817 -0.06999999284744263
v -0.0034733775537461042 0.05889767408370972 -0.06999999284744263
v -0.060968007892370224 0.018832379952073097 0.002748144092038274
v -0.060204729437828064 0.01986786723136902 -0.014849953353404999
v -0.06206982582807541 0.013397490605711937 -0.01619908958673477
v -0.011650255881249905 0.06160248816013336 0.02622479386627674
v -0.011675125919282436 0.06220749393105507 0.012343641370534897
v -0.017346462234854698 0.06082860007882118 0.009700176306068897
v -3.9721781419643776e-11 0.06280690431594849 0.028029026463627815
v -3.3524183429278764e-11 0.06316829472780228 0.021098168566823006
v -0.005881226621568203 0.06304822862148285 0.014908131211996078
v -0.01736547239124775 0.05962792783975601 0.035946156829595566
v -0.010445818305015564 0.060941338539123535 0.040148623287677765
v -0.011650255881249905 0.06160248816013336 0.02622479386627674
v -0.011650255881249905 0.06160248816013336 0.02622479386627674
v -0.010445818305015564 0.060941338539123535 0.040148623287677765
v -0.006155461072921753 0.061351336538791656 0.04262809082865715
v -0.011650255881249905 0.06160248816013336 0.02622479386627674
v -0.006155461072921753 0.061351336538791656 0.04262809082865715
v -0.0058686500415205956 0.062343597412109375 0.029197392985224724
v -0.011650255881249905 0.06160248816013336 0.02622479386627674
v -0.017346462234854698 0.06082860007882118 0.009700176306068897
v -0.01736547239124775 0.05962792783975601 0.035946156829595566
v -0.01736547239124775 0.05962792783975601 0.035946156829595566
v -0.017346462234854698 0.06082860007882118 0.009700176306068897
v -0.022863859310746193 0.05893699452280998 0.007009874563664198
v -0.01736547239124775 0.05962792783975601 0.035946156829595566
v -0.022863859310746193 0.05893699452280998 0.007009874563664198
v -0.02246766723692417 0.05811548978090286 0.03268028423190117
v -0.02246766723692417 0.05811548978090286 0.03268028423190117
v -0.022863859310746193 0.05893699452280998 0.007009874563664198
v -0.02819892019033432 0.05655626207590103 0.004306156188249588
v -0.02246766723692417 0.05811548978090286 0.03268028423190117
v -0.02819892019033432 0.05655626207590103 0.004306156188249588
v -0.027870843186974525 0.05596444755792618 0.029060158878564835
v -0.027870843186974525 0.05596444755792618 0.029060158878564835
v -0.02819892019033432 0.05655626207590103 0.004306156188249588
v -0.033324915915727615 0.05370771512389183 0.0016243805876001716
v -0.027870843186974525 0.05596444755792618 0.029060158878564835
v -0.033324915915727615 0.05370771512389183 0.0016243805876001716
v -0.0336344838142395 0.052970580756664276 0.02500690147280693
v -0.0336344838142395 0.052970580756664276 0.02500690147280693
v -0.033324915915727615 0.05370771512389183 0.0016243805876001716
v -0.038217693567276 0.05038068816065788 -0.0010181305697187781
v -0.0336344838142395 0.052970580756664276 0.02500690147280693
v -0.038217693567276 0.05038068816065788 -0.0010181305697187781
v -0.037324342876672745 0.05061864107847214 0.022303614765405655
v -0.04284629970788956 0.04650352522730827 -0.003648475743830204
v -0.042906854301691055 0.04628053680062294 0.018045712262392044
v -0.038217693567276 0.05038068816065788 -0.0010181305697187781
v -0.038217693567276 0.05038068816065788 -0.0010181305697187781
v -0.042906854301691055 0.04628053680062294 0.018045712262392044
v -0.03880494832992554 0.049566589295864105 0.021194245666265488
v -0.038217693567276 0.05038068816065788 -0.0010181305697187781
v -0.03880494832992554 0.049566589295864105 0.021194245666265488
v -0.037324342876672745 0.05061864107847214 0.022303614765405655
v -0.052356258034706116 0.03589114919304848 0.010347936302423477
v -0.048128023743629456 0.041136614978313446 0.01387176662683487
v -0.04716354236006737 0.04209861159324646 -0.00622716685757041
v -0.04716354236006737 0.04209861159324646 -0.00622716685757041
v -0.048128023743629456 0.041136614978313446 0.01387176662683487
v -0.047251325100660324 0.042089492082595825 0.014586150646209717
v -0.04716354236006737 0.04209861159324646 -0.00622716685757041
v -0.047251325100660324 0.042089492082595825 0.014586150646209717
v -0.04284629970788956 0.04650352522730827 -0.003648475743830204
v -0.04284629970788956 0.04650352522730827 -0.003648475743830204
v -0.047251325100660324 0.042089492082595825 0.014586150646209717
v -0.04582936689257622 0.04355335608124733 0.015733109787106514
v -0.04284629970788956 0.04650352522730827 -0.003648475743830204
v -0.04582936689257622 0.04355335608124733 0.015733109787106514
v -0.042906854301691055 0.04628053680062294 0.018045712262392044
v -0.04716354236006737 0.04209861159324646 -0.00622716685757041
v -0.051118798553943634 0.03719652071595192 -0.00870385393500328
v -0.052356258034706116 0.03589114919304848 0.010347936302423477
v -0.052356258034706116 0.03589114919304848 0.010347936302423477
v -0.051118798553943634 0.03719652071595192 -0.00870385393500328
v -0.05465482175350189 0.03182977810502052 -0.011016014032065868
v -0.052356258034706116 0.03589114919304848 0.010347936302423477
v -0.05465482175350189 0.03182977810502052 -0.011016014032065868
v -0.05577685683965683 0.030579915270209312 0.007399413734674454
v -0.060204729437828064 0.01986786723136902 -0.014849953353404999
v -0.060968007892370224 0.018832379952073097 0.002748144092038274
v -0.05770740658044815 0.026036417111754417 -0.013092400506138802
v -0.060968007892370224 0.018832379952073097 0.002748144092038274
v -0.058815550059080124 0.024533497169613838 0.00470312125980854
v -0.05770740658044815 0.026036417111754417 -0.013092400506138802
v -0.05770740658044815 0.026036417111754417 -0.013092400506138802
v -0.058815550059080124 0.024533497169613838 0.00470312125980854
v -0.057899702340364456 0.026538174599409103 0.005523523315787315
v -0.05770740658044815 0.026036417111754417 -0.013092400506138802
v -0.057899702340364456 0.026538174599409103 0.005523523315787315
v -0.05465482175350189 0.03182977810502052 -0.011016014032065868
v -0.05465482175350189 0.03182977810502052 -0.011016014032065868
v -0.057899702340364456 0.026538174599409103 0.005523523315787315
v -0.05737857148051262 0.027600372210144997 0.005987345241010189
v -0.05465482175350189 0.03182977810502052 -0.011016014032065868
v -0.05737857148051262 0.027600372210144997 0.005987345241010189
v -0.05577685683965683 0.030579915270209312 0.007399413734674454
v -0.0631679967045784 0.009612861089408398 0.0007100549410097301
v -0.06291007995605469 0.011119347997009754 0.0009511462994851172
v -0.06206982582807541 0.013397490605711937 -0.01619908958673477
v -0.06206982582807541 0.013397490605711937 -0.01619908958673477
v -0.06291007995605469 0.011119347997009754 0.0009511462994851172
v -0.06233993545174599 0.013864715583622456 0.0014820484211668372
v -0.06206982582807541 0.013397490605711937 -0.01619908958673477
v -0.06233993545174599 0.013864715583622456 0.0014820484211668372
v -0.060968007892370224 0.018832379952073097 0.002748144092038274
v -0.06362340599298477 1.5451105185225017e-16 -0.017347630113363266
v -0.06362704187631607 3.0985966047065723e-16 -0.01724223792552948
v -0.06322872638702393 0.006729291286319494 -0.01705382950603962
v -0.06322872638702393 0.006729291286319494 -0.01705382950603962
v -0.06362704187631607 3.0985966047065723e-16 -0.01724223792552948
v -0.06382568180561066 1.6036876484431563e-14 -0.009904361329972744
v -0.0631679967045784 0.009612861089408398 0.0007100549410097301
v -0.06206982582807541 0.013397490605711937 -0.01619908958673477
v -0.06352240592241287 0.007017027586698532 0.0003779268590733409
v -0.06352240592241287 0.007017027586698532 0.0003779268590733409
v -0.06206982582807541 0.013397490605711937 -0.01619908958673477
v -0.06322872638702393 0.006729291286319494 -0.01705382950603962
v -0.06352240592241287 0.007017027586698532 0.0003779268590733409
v -0.06322872638702393 0.006729291286319494 -0.01705382950603962
v -0.06379654258489609 0.003956992644816637 0.00012034987594233826
v -0.06379654258489609 0.003956992644816637 0.00012034987594233826
v -0.06322872638702393 0.006729291286319494 -0.01705382950603962
v -0.06382568180561066 1.6036876484431563e-14 -0.009904361329972744
v -0.06379654258489609 0.003956992644816637 0.00012034987594233826
v -0.06382568180561066 1.6036876484431563e-14 -0.009904361329972744
v -0.06392435729503632 -1.8711121541059583e-09 6.268631125294633e-08
v -0.059819575399160385 0.012096240185201168 -0.05238289013504982
v -0.05872727558016777 0.00566633278504014 -0.06999999284744263
v -0.06079857051372528 0.006047316826879978 -0.05267881229519844
v -0.06079857051372528 0.006047316826879978 -0.05267881229519844
v -0.05872727558016777 0.00566633278504014 -0.06999999284744263
v -0.05900000035762787 3.612708016602898e-18 -0.06999999284744263
v -0.06079857051372528 0.006047316826879978 -0.05267881229519844
v -0.05900000035762787 3.612708016602898e-18 -0.06999999284744263
v -0.06113024801015854 5.753114831079613e-20 -0.0527813658118248
v -0.05655782297253609 0.016799192875623703 -0.06999999284744263
v -0.057629190385341644 0.012644240632653236 -0.06999999284744263
v -0.059819575399160385 0.012096240185201168 -0.05238289013504982
v -0.059819575399160385 0.012096240185201168 -0.05238289013504982
v -0.057629190385341644 0.012644240632653236 -0.06999999284744263
v -0.0580693781375885 0.010437804274260998 -0.06999999284744263
v -0.059819575399160385 0.012096240185201168 -0.05238289013504982
v -0.0580693781375885 0.010437804274260998 -0.06999999284744263
v -0.05872727558016777 0.00566633278504014 -0.06999999284744263
v -0.027812408283352852 0.052033357322216034 -0.0700005292892456
v -0.02919336035847664 0.05127132311463356 -0.06999999284744263
v -0.028366483747959137 0.05443906784057617 -0.045769013464450836
v -0.028366483747959137 0.05443906784057617 -0.045769013464450836
v -0.02919336035847664 0.05127132311463356 -0.06999999284744263
v -0.03340786695480347 0.04863039031624794 -0.06999999284744263
v -0.028366483747959137 0.05443906784057617 -0.045769013464450836
v -0.03340786695480347 0.04863039031624794 -0.06999999284744263
v -0.03338199481368065 0.05140812695026398 -0.04660976678133011
v -0.03338199481368065 0.05140812695026398 -0.04660976678133011
v -0.03340786695480347 0.04863039031624794 -0.06999999284744263
v -0.03831743821501732 0.044863954186439514 -0.06999999284744263
v -0.03338199481368065 0.05140812695026398 -0.04660976678133011
v -0.03831743821501732 0.044863954186439514 -0.06999999284744263
v -0.0380849726498127 0.04793507233262062 -0.047409702092409134
v -0.0380849726498127 0.04793507233262062 -0.047409702092409134
v -0.03831743821501732 0.044863954186439514 -0.06999999284744263
v -0.04223267361521721 0.04119953140616417 -0.06999999284744263
v -0.0380849726498127 0.04793507233262062 -0.047409702092409134
v -0.04223267361521721 0.04119953140616417 -0.06999999284744263
v -0.042477093636989594 0.043949756771326065 -0.04822776839137077
v -0.042477093636989594 0.043949756771326065 -0.04822776839137077
v -0.04223267361521721 0.04119953140616417 -0.06999999284744263
v -0.04704191908240318 0.03560980036854744 -0.06999999284744263
v -0.042477093636989594 0.043949756771326065 -0.04822776839137077
v -0.04704191908240318 0.03560980036854744 -0.06999999284744263
v -0.046515095978975296 0.039493974298238754 -0.04905098304152489
v -0.046515095978975296 0.039493974298238754 -0.04905098304152489
v -0.04704191908240318 0.03560980036854744 -0.06999999284744263
v -0.04939711466431618 0.0322633758187294 -0.06999999284744263
v -0.046515095978975296 0.039493974298238754 -0.04905098304152489
v -0.04939711466431618 0.0322633758187294 -0.06999999284744263
v -0.05015318840742111 0.034620046615600586 -0.049858346581459045
v -0.05015318840742111 0.034620046615600586 -0.049858346581459045
v -0.04939711466431618 0.0322633758187294 -0.06999999284744263
v -0.051314085721969604 0.029118141159415245 -0.06999999284744263
v -0.05015318840742111 0.034620046615600586 -0.049858346581459045
v -0.051314085721969604 0.029118141159415245 -0.06999999284744263
v -0.053347326815128326 0.029382992535829544 -0.050624847412109375
v -0.053347326815128326 0.029382992535829544 -0.050624847412109375
v -0.051314085721969604 0.029118141159415245 -0.06999999284744263
v -0.053580448031425476 0.02470092475414276 -0.06999999284744263
v -0.053347326815128326 0.029382992535829544 -0.050624847412109375
v -0.053580448031425476 0.02470092475414276 -0.06999999284744263
v -0.05605223402380943 0.02384006232023239 -0.05132262036204338
v -0.05605223402380943 0.02384006232023239 -0.05132262036204338
v -0.053580448031425476 0.02470092475414276 -0.06999999284744263
v -0.05655782297253609 0.016799192875623703 -0.06999999284744263
v -0.05605223402380943 0.02384006232023239 -0.05132262036204338
v -0.05655782297253609 0.016799192875623703 -0.06999999284744263
v -0.05822420492768288 0.018054233863949776 -0.051919929683208466
v -0.05822420492768288 0.018054233863949776 -0.051919929683208466
v -0.05655782297253609 0.016799192875623703 -0.06999999284744263
v -0.059819575399160385 0.012096240185201168 -0.05238289013504982
v -0.01185397244989872 0.057796917855739594 -0.06999999284744263
v -0.016014987602829933 0.05678486078977585 -0.06999999284744263
v -0.017570069059729576 0.057834696024656296 -0.05733218044042587
v -0.017570069059729576 0.057834696024656296 -0.05733218044042587
v -0.016014987602829933 0.05678486078977585 -0.06999999284744263
v -0.016574885696172714 0.056623972952365875 -0.06999999284744263
v -0.017570069059729576 0.057834696024656296 -0.05733218044042587
v -0.016574885696172714 0.056623972952365875 -0.06999999284744263
v -0.023115357384085655 0.055755361914634705 -0.05777038633823395
v -0.023115357384085655 0.055755361914634705 -0.05777038633823395
v -0.016574885696172714 0.056623972952365875 -0.06999999284744263
v -0.0205552838742733 0.055303532630205154 -0.07000003010034561
v -0.023115357384085655 0.055755361914634705 -0.05777038633823395
v -0.0205552838742733 0.055303532630205154 -0.07000003010034561
v -0.0234567578881979 0.05413668602705002 -0.06999964267015457
v -0.017570069059729576 0.057834696024656296 -0.05733218044042587
v -0.01182788796722889 0.059372734278440475 -0.056897733360528946
v -0.01185397244989872 0.057796917855739594 -0.06999999284744263
v -0.01185397244989872 0.057796917855739594 -0.06999999284744263
v -0.01182788796722889 0.059372734278440475 -0.056897733360528946
v -0.0059498148038983345 0.06034115329384804 -0.056479908525943756
v -0.01185397244989872 0.057796917855739594 -0.06999999284744263
v -0.0059498148038983345 0.06034115329384804 -0.056479908525943756
v -0.0034733775537461042 0.05889767408370972 -0.06999999284744263
v -0.0034733775537461042 0.05889767408370972 -0.06999999284744263
v -0.0059498148038983345 0.06034115329384804 -0.056479908525943756
v 1.0843748121658336e-10 0.06002308055758476 -0.06197674572467804
v -0.0034733775537461042 0.05889767408370972 -0.06999999284744263
v 1.0843748121658336e-10 0.06002308055758476 -0.06197674572467804
v 1.0244749493182326e-10 0.0593763142824173 -0.06708735972642899
v -0.011675125919282436 0.06220749393105507 0.012343641370534897
v -0.011650255881249905 0.06160248816013336 0.02622479386627674
v -0.005881226621568203 0.06304822862148285 0.014908131211996078
v -0.005881226621568203 0.06304822862148285 0.014908131211996078
v -0.011650255881249905 0.06160248816013336 0.02622479386627674
v -0.0058686500415205956 0.062343597412109375 0.029197392985224724
v -0.005881226621568203 0.06304822862148285 0.014908131211996078
v -0.0058686500415205956 0.062343597412109375 0.029197392985224724
v -3.9721781419643776e-11 0.06280690431594849 0.028029026463627815
v -3.9721781419643776e-11 0.06280690431594849 0.028029026463627815
v -0.0058686500415205956 0.062343597412109375 0.029197392985224724
v -0.006155461072921753 0.061351336538791656 0.04262809082865715
v -3.9721781419643776e-11 0.06280690431594849 0.028029026463627815
v -0.006155461072921753 0.061351336538791656 0.04262809082865715
v -1.699901872598275e-07 0.06141315773129463 0.046023666858673096
v 4.960931665465296e-11 0.06358572095632553 0.008337698876857758
v 2.0419910207181147e-10 0.06361191719770432 -0.010481229051947594
v -0.0058952150866389275 0.06336920708417892 0.0006080046878196299
v -0.0058952150866389275 0.06336920708417892 0.0006080046878196299
v 2.0419910207181147e-10 0.06361191719770432 -0.010481229051947594
v -0.005909031257033348 0.06324495375156403 -0.013694203458726406
v -0.0058952150866389275 0.06336920708417892 0.0006080046878196299
v -0.005909031257033348 0.06324495375156403 -0.013694203458726406
v -0.01170416735112667 0.062461186200380325 -0.0015401802957057953
v -0.01170416735112667 0.062461186200380325 -0.0015401802957057953
v -0.005909031257033348 0.06324495375156403 -0.013694203458726406
v -0.011734971776604652 0.06228405982255936 -0.015418721362948418
v -0.01170416735112667 0.062461186200380325 -0.0015401802957057953
v -0.011734971776604652 0.06228405982255936 -0.015418721362948418
v -0.017387187108397484 0.060985151678323746 -0.00375694059766829
v -0.017387187108397484 0.060985151678323746 -0.00375694059766829
v -0.011734971776604652 0.06228405982255936 -0.015418721362948418
v -0.017432305961847305 0.06074432656168938 -0.01719936542212963
v -0.017387187108397484 0.060985151678323746 -0.00375694059766829
v -0.017432305961847305 0.06074432656168938 -0.01719936542212963
v -0.022908324375748634 0.0589827261865139 -0.006007159594446421
v -0.022908324375748634 0.0589827261865139 -0.006007159594446421
v -0.017432305961847305 0.06074432656168938 -0.01719936542212963
v -0.022959094494581223 0.058672986924648285 -0.019002078101038933
v -0.022908324375748634 0.0589827261865139 -0.006007159594446421
v -0.022959094494581223 0.058672986924648285 -0.019002078101038933
v -0.028234999626874924 0.05649549514055252 -0.00825465377420187
v -0.028234999626874924 0.05649549514055252 -0.00825465377420187
v -0.022959094494581223 0.058672986924648285 -0.019002078101038933
v -0.028277164325118065 0.05611906200647354 -0.020791945978999138
v -0.028234999626874924 0.05649549514055252 -0.00825465377420187
v -0.028277164325118065 0.05611906200647354 -0.020791945978999138
v -0.03333697468042374 0.05356428772211075 -0.010461626574397087
v -0.03333697468042374 0.05356428772211075 -0.010461626574397087
v -0.028277164325118065 0.05611906200647354 -0.020791945978999138
v -0.0333513505756855 0.0531323105096817 -0.02253277599811554
v -0.03333697468042374 0.05356428772211075 -0.010461626574397087
v -0.0333513505756855 0.0531323105096817 -0.02253277599811554
v -0.03815963864326477 0.049711424857378006 -0.024218862876296043
v -0.06248874589800835 6.900179886685792e-19 -0.037864502519369125
v -0.06362340599298477 1.5451105185225017e-16 -0.017347630113363266
v -0.06231999397277832 0.006404229439795017 -0.03488495945930481
v -0.06231999397277832 0.006404229439795017 -0.03488495945930481
v -0.06362340599298477 1.5451105185225017e-16 -0.017347630113363266
v -0.06322872638702393 0.006729291286319494 -0.01705382950603962
v -0.06231999397277832 0.006404229439795017 -0.03488495945930481
v -0.06322872638702393 0.006729291286319494 -0.01705382950603962
v -0.0612272210419178 0.012806020677089691 -0.034300677478313446
v -0.0612272210419178 0.012806020677089691 -0.034300677478313446
v -0.06322872638702393 0.006729291286319494 -0.01705382950603962
v -0.06206982582807541 0.013397490605711937 -0.01619908958673477
v -0.0612272210419178 0.012806020677089691 -0.034300677478313446
v -0.06206982582807541 0.013397490605711937 -0.01619908958673477
v -0.05946185439825058 0.01908392272889614 -0.033382754772901535
v -0.05946185439825058 0.01908392272889614 -0.033382754772901535
v -0.06206982582807541 0.013397490605711937 -0.01619908958673477
v -0.060204729437828064 0.01986786723136902 -0.014849953353404999
v -0.05946185439825058 0.01908392272889614 -0.033382754772901535
v -0.060204729437828064 0.01986786723136902 -0.014849953353404999
v -0.057084497064352036 0.025138497352600098 -0.032193027436733246
v -0.057084497064352036 0.025138497352600098 -0.032193027436733246
v -0.060204729437828064 0.01986786723136902 -0.014849953353404999
v -0.05770740658044815 0.026036417111754417 -0.013092400506138802
v -0.057084497064352036 0.025138497352600098 -0.032193027436733246
v -0.05770740658044815 0.026036417111754417 -0.013092400506138802
v -0.05415920168161392 0.030890874564647675 -0.030795719474554062
v -0.05415920168161392 0.030890874564647675 -0.030795719474554062
v -0.05770740658044815 0.026036417111754417 -0.013092400506138802
v -0.05465482175350189 0.03182977810502052 -0.011016014032065868
v -0.05415920168161392 0.030890874564647675 -0.030795719474554062
v -0.05465482175350189 0.03182977810502052 -0.011016014032065868
v -0.050747472792863846 0.03627703711390495 -0.029250724241137505
v -0.050747472792863846 0.03627703711390495 -0.029250724241137505
v -0.05465482175350189 0.03182977810502052 -0.011016014032065868
v -0.051118798553943634 0.03719652071595192 -0.00870385393500328
v -0.050747472792863846 0.03627703711390495 -0.029250724241137505
v -0.051118798553943634 0.03719652071595192 -0.00870385393500328
v -0.04690778627991676 0.04124252125620842 -0.027610091492533684
v -0.04690778627991676 0.04124252125620842 -0.027610091492533684
v -0.051118798553943634 0.03719652071595192 -0.00870385393500328
v -0.04716354236006737 0.04209861159324646 -0.00622716685757041
v -0.04690778627991676 0.04124252125620842 -0.027610091492533684
v -0.04716354236006737 0.04209861159324646 -0.00622716685757041
v -0.04269452765583992 0.04573674127459526 -0.0259200781583786
v -0.04269452765583992 0.04573674127459526 -0.0259200781583786
v -0.04716354236006737 0.04209861159324646 -0.00622716685757041
v -0.04284629970788956 0.04650352522730827 -0.003648475743830204
v -0.04269452765583992 0.04573674127459526 -0.0259200781583786
v -0.04284629970788956 0.04650352522730827 -0.003648475743830204
v -0.03815963864326477 0.049711424857378006 -0.024218862876296043
v -0.03815963864326477 0.049711424857378006 -0.024218862876296043
v -0.04284629970788956 0.04650352522730827 -0.003648475743830204
v -0.038217693567276 0.05038068816065788 -0.0010181305697187781
v -0.03815963864326477 0.049711424857378006 -0.024218862876296043
v -0.038217693567276 0.05038068816065788 -0.0010181305697187781
v -0.03333697468042374 0.05356428772211075 -0.010461626574397087
v -0.03333697468042374 0.05356428772211075 -0.010461626574397087
v -0.038217693567276 0.05038068816065788 -0.0010181305697187781
v -0.033324915915727615 0.05370771512389183 0.0016243805876001716
v -0.03333697468042374 0.05356428772211075 -0.010461626574397087
v -0.033324915915727615 0.05370771512389183 0.0016243805876001716
v -0.028234999626874924 0.05649549514055252 -0.00825465377420187
v -0.028234999626874924 0.05649549514055252 -0.00825465377420187
v -0.033324915915727615 0.05370771512389183 0.0016243805876001716
v -0.02819892019033432 0.05655626207590103 0.004306156188249588
v -0.028234999626874924 0.05649549514055252 -0.00825465377420187
v -0.02819892019033432 0.05655626207590103 0.004306156188249588
v -0.022908324375748634 0.0589827261865139 -0.006007159594446421
v -0.022908324375748634 0.0589827261865139 -0.006007159594446421
v -0.02819892019033432 0.05655626207590103 0.004306156188249588
v -0.022863859310746193 0.05893699452280998 0.007009874563664198
v -0.022908324375748634 0.0589827261865139 -0.006007159594446421
v -0.022863859310746193 0.05893699452280998 0.007009874563664198
v -0.017387187108397484 0.060985151678323746 -0.00375694059766829
v -0.017387187108397484 0.060985151678323746 -0.00375694059766829
v -0.022863859310746193 0.05893699452280998 0.007009874563664198
v -0.017346462234854698 0.06082860007882118 0.009700176306068897
v -0.017387187108397484 0.060985151678323746 -0.00375694059766829
v -0.017346462234854698 0.06082860007882118 0.009700176306068897
v -0.01170416735112667 0.062461186200380325 -0.0015401802957057953
v -0.01170416735112667 0.062461186200380325 -0.0015401802957057953
v -0.017346462234854698 0.06082860007882118 0.009700176306068897
v -0.011675125919282436 0.06220749393105507 0.012343641370534897
v -0.01170416735112667 0.062461186200380325 -0.0015401802957057953
v -0.011675125919282436 0.06220749393105507 0.012343641370534897
v -0.0058952150866389275 0.06336920708417892 0.0006080046878196299
v -0.0058952150866389275 0.06336920708417892 0.0006080046878196299
v -0.011675125919282436 0.06220749393105507 0.012343641370534897
v -0.005881226621568203 0.06304822862148285 0.014908131211996078
v -0.0058952150866389275 0.06336920708417892 0.0006080046878196299
v -0.005881226621568203 0.06304822862148285 0.014908131211996078
v 4.960931665465296e-11 0.06358572095632553 0.008337698876857758
v 4.960931665465296e-11 0.06358572095632553 0.008337698876857758
v -0.005881226621568203 0.06304822862148285 0.014908131211996078
v -3.3524183429278764e-11 0.06316829472780228 0.021098168566823006
v -0.023115357384085655 0.055755361914634705 -0.05777038633823395
v -0.0230658408254385 0.057020094245672226 -0.04488806799054146
v -0.017570069059729576 0.057834696024656296 -0.05733218044042587
v -0.017570069059729576 0.057834696024656296 -0.05733218044042587
v -0.0230658408254385 0.057020094245672226 -0.04488806799054146
v -0.01752621680498123 0.05911104381084442 -0.04399142414331436
v -0.017570069059729576 0.057834696024656296 -0.05733218044042587
v -0.01752621680498123 0.05911104381084442 -0.04399142414331436
v -0.01182788796722889 0.059372734278440475 -0.056897733360528946
v -0.01182788796722889 0.059372734278440475 -0.056897733360528946
v -0.01752621680498123 0.05911104381084442 -0.04399142414331436
v -0.011798115447163582 0.060675524175167084 -0.043102942407131195
v -0.01182788796722889 0.059372734278440475 -0.056897733360528946
v -0.011798115447163582 0.060675524175167084 -0.043102942407131195
v -0.0059498148038983345 0.06034115329384804 -0.056479908525943756
v -0.0059498148038983345 0.06034115329384804 -0.056479908525943756
v -0.011798115447163582 0.060675524175167084 -0.043102942407131195
v -0.005936593282967806 0.0616825632750988 -0.04224605858325958
v -0.0059498148038983345 0.06034115329384804 -0.056479908525943756
v -0.005936593282967806 0.0616825632750988 -0.04224605858325958
v 1.0843748121658336e-10 0.06002308055758476 -0.06197674572467804
v 1.0843748121658336e-10 0.06002308055758476 -0.06197674572467804
v -0.005936593282967806 0.0616825632750988 -0.04224605858325958
v -6.178035860671116e-11 0.061568841338157654 -0.04773992672562599
v -0.0234567578881979 0.05413668602705002 -0.06999964267015457
v -0.027812408283352852 0.052033357322216034 -0.0700005292892456
v -0.023115357384085655 0.055755361914634705 -0.05777038633823395
v -0.023115357384085655 0.055755361914634705 -0.05777038633823395
v -0.027812408283352852 0.052033357322216034 -0.0700005292892456
v -0.028366483747959137 0.05443906784057617 -0.045769013464450836
v -0.023115357384085655 0.055755361914634705 -0.05777038633823395
v -0.028366483747959137 0.05443906784057617 -0.045769013464450836
v -0.0230658408254385 0.057020094245672226 -0.04488806799054146
v -0.0230658408254385 0.057020094245672226 -0.04488806799054146
v -0.028366483747959137 0.05443906784057617 -0.045769013464450836
v -0.023012658581137657 0.05799301713705063 -0.03196382150053978
v -0.0230658408254385 0.057020094245672226 -0.04488806799054146
v -0.023012658581137657 0.05799301713705063 -0.03196382150053978
v -0.01752621680498123 0.05911104381084442 -0.04399142414331436
v -0.01752621680498123 0.05911104381084442 -0.04399142414331436
v -0.023012658581137657 0.05799301713705063 -0.03196382150053978
v -0.01747945137321949 0.06008094549179077 -0.03061251901090145
v -0.01752621680498123 0.05911104381084442 -0.04399142414331436
v -0.01747945137321949 0.06008094549179077 -0.03061251901090145
v -0.011798115447163582 0.060675524175167084 -0.043102942407131195
v -0.011798115447163582 0.060675524175167084 -0.043102942407131195
v -0.01747945137321949 0.06008094549179077 -0.03061251901090145
v -0.011766694486141205 0.061645761132240295 -0.029275119304656982
v -0.011798115447163582 0.060675524175167084 -0.043102942407131195
v -0.011766694486141205 0.061645761132240295 -0.029275119304656982
v -0.005936593282967806 0.0616825632750988 -0.04224605858325958
v -0.005936593282967806 0.0616825632750988 -0.04224605858325958
v -0.011766694486141205 0.061645761132240295 -0.029275119304656982
v -0.005922897253185511 0.06265048682689667 -0.027981841936707497
v -0.005936593282967806 0.0616825632750988 -0.04224605858325958
v -0.005922897253185511 0.06265048682689667 -0.027981841936707497
v -6.178035860671116e-11 0.061568841338157654 -0.04773992672562599
v -6.178035860671116e-11 0.061568841338157654 -0.04773992672562599
v -0.005922897253185511 0.06265048682689667 -0.027981841936707497
v 1.8372792176535313e-10 0.06293460726737976 -0.029184840619564056
v -0.06113024801015854 5.753114831079613e-20 -0.0527813658118248
v -0.06116357445716858 6.583547943650593e-20 -0.052466731518507004
v -0.06079857051372528 0.006047316826879978 -0.05267881229519844
v -0.06079857051372528 0.006047316826879978 -0.05267881229519844
v -0.06116357445716858 6.583547943650593e-20 -0.052466731518507004
v -0.06231999397277832 0.006404229439795017 -0.03488495945930481
v -0.06079857051372528 0.006047316826879978 -0.05267881229519844
v -0.06231999397277832 0.006404229439795017 -0.03488495945930481
v -0.059819575399160385 0.012096240185201168 -0.05238289013504982
v -0.059819575399160385 0.012096240185201168 -0.05238289013504982
v -0.06231999397277832 0.006404229439795017 -0.03488495945930481
v -0.0612272210419178 0.012806020677089691 -0.034300677478313446
v -0.059819575399160385 0.012096240185201168 -0.05238289013504982
v -0.0612272210419178 0.012806020677089691 -0.034300677478313446
v -0.05822420492768288 0.018054233863949776 -0.051919929683208466
v -0.05822420492768288 0.018054233863949776 -0.051919929683208466
v -0.0612272210419178 0.012806020677089691 -0.034300677478313446
v -0.05946185439825058 0.01908392272889614 -0.033382754772901535
v -0.05822420492768288 0.018054233863949776 -0.051919929683208466
v -0.05946185439825058 0.01908392272889614 -0.033382754772901535
v -0.05605223402380943 0.02384006232023239 -0.05132262036204338
v -0.05605223402380943 0.02384006232023239 -0.05132262036204338
v -0.05946185439825058 0.01908392272889614 -0.033382754772901535
v -0.057084497064352036 0.025138497352600098 -0.032193027436733246
v -0.05605223402380943 0.02384006232023239 -0.05132262036204338
v -0.057084497064352036 0.025138497352600098 -0.032193027436733246
v -0.053347326815128326 0.029382992535829544 -0.050624847412109375
v -0.053347326815128326 0.029382992535829544 -0.050624847412109375
v -0.057084497064352036 0.025138497352600098 -0.032193027436733246
v -0.05415920168161392 0.030890874564647675 -0.030795719474554062
v -0.053347326815128326 0.029382992535829544 -0.050624847412109375
v -0.05415920168161392 0.030890874564647675 -0.030795719474554062
v -0.05015318840742111 0.034620046615600586 -0.049858346581459045
v -0.05015318840742111 0.034620046615600586 -0.049858346581459045
v -0.05415920168161392 0.030890874564647675 -0.030795719474554062
v -0.050747472792863846 0.03627703711390495 -0.029250724241137505
v -0.05015318840742111 0.034620046615600586 -0.049858346581459045
v -0.050747472792863846 0.03627703711390495 -0.029250724241137505
v -0.046515095978975296 0.039493974298238754 -0.04905098304152489
v -0.046515095978975296 0.039493974298238754 -0.04905098304152489
v -0.050747472792863846 0.03627703711390495 -0.029250724241137505
v -0.04690778627991676 0.04124252125620842 -0.027610091492533684
v -0.046515095978975296 0.039493974298238754 -0.04905098304152489
v -0.04690778627991676 0.04124252125620842 -0.027610091492533684
v -0.042477093636989594 0.043949756771326065 -0.04822776839137077
v -0.042477093636989594 0.043949756771326065 -0.04822776839137077
v -0.04690778627991676 0.04124252125620842 -0.027610091492533684
v -0.04269452765583992 0.04573674127459526 -0.0259200781583786
v -0.042477093636989594 0.043949756771326065 -0.04822776839137077
v -0.04269452765583992 0.04573674127459526 -0.0259200781583786
v -0.0380849726498127 0.04793507233262062 -0.047409702092409134
v -0.0380849726498127 0.04793507233262062 -0.047409702092409134
v -0.04269452765583992 0.04573674127459526 -0.0259200781583786
v -0.03815963864326477 0.049711424857378006 -0.024218862876296043
v -0.0380849726498127 0.04793507233262062 -0.047409702092409134
v -0.03815963864326477 0.049711424857378006 -0.024218862876296043
v -0.03338199481368065 0.05140812695026398 -0.04660976678133011
v -0.03338199481368065 0.05140812695026398 -0.04660976678133011
v -0.03815963864326477 0.049711424857378006 -0.024218862876296043
v -0.0333513505756855 0.0531323105096817 -0.02253277599811554
v -0.03338199481368065 0.05140812695026398 -0.04660976678133011
v -0.0333513505756855 0.0531323105096817 -0.02253277599811554
v -0.028366483747959137 0.05443906784057617 -0.045769013464450836
v -0.028366483747959137 0.05443906784057617 -0.045769013464450836
v -0.0333513505756855 0.0531323105096817 -0.02253277599811554
v -0.028277164325118065 0.05611906200647354 -0.020791945978999138
v -0.028366483747959137 0.05443906784057617 -0.045769013464450836
v -0.028277164325118065 0.05611906200647354 -0.020791945978999138
v -0.023012658581137657 0.05799301713705063 -0.03196382150053978
v -0.023012658581137657 0.05799301713705063 -0.03196382150053978
v -0.028277164325118065 0.05611906200647354 -0.020791945978999138
v -0.022959094494581223 0.058672986924648285 -0.019002078101038933
v -0.023012658581137657 0.05799301713705063 -0.03196382150053978
v -0.022959094494581223 0.058672986924648285 -0.019002078101038933
v -0.01747945137321949 0.06008094549179077 -0.03061251901090145
v -0.01747945137321949 0.06008094549179077 -0.03061251901090145
v -0.022959094494581223 0.058672986924648285 -0.019002078101038933
v -0.017432305961847305 0.06074432656168938 -0.01719936542212963
v -0.01747945137321949 0.06008094549179077 -0.03061251901090145
v -0.017432305961847305 0.06074432656168938 -0.01719936542212963
v -0.011766694486141205 0.061645761132240295 -0.029275119304656982
v -0.011766694486141205 0.061645761132240295 -0.029275119304656982
v -0.017432305961847305 0.06074432656168938 -0.01719936542212963
v -0.011734971776604652 0.06228405982255936 -0.015418721362948418
v -0.011766694486141205 0.061645761132240295 -0.029275119304656982
v -0.011734971776604652 0.06228405982255936 -0.015418721362948418
v -0.005922897253185511 0.06265048682689667 -0.027981841936707497
v -0.005922897253185511 0.06265048682689667 -0.027981841936707497
v -0.011734971776604652 0.06228405982255936 -0.015418721362948418
v -0.005909031257033348 0.06324495375156403 -0.013694203458726406
v -0.005922897253185511 0.06265048682689667 -0.027981841936707497
v -0.005909031257033348 0.06324495375156403 -0.013694203458726406
v 1.8372792176535313e-10 0.06293460726737976 -0.029184840619564056
v 1.8372792176535313e-10 0.06293460726737976 -0.029184840619564056
v -0.005909031257033348 0.06324495375156403 -0.013694203458726406
v 2.0419910207181147e-10 0.06361191719770432 -0.010481229051947594
v 2.1332335897739085e-10 0.05900000408291817 -0.06999999284744263
v 8.08242361927114e-14 0.05900000408291817 -0.0859999880194664
v -0.0034733775537461042 0.05889767408370972 -0.06999999284744263
v -0.0034733775537461042 0.05889767408370972 -0.06999999284744263
v 8.08242361927114e-14 0.05900000408291817 -0.0859999880194664
v -0.0034733775537461042 0.05889767408370972 -0.0859999880194664
v -0.0034733775537461042 0.05889767408370972 -0.06999999284744263
v -0.0034733775537461042 0.05889767408370972 -0.0859999880194664
v -0.01185397244989872 0.057796917855739594 -0.06999999284744263
v -0.01185397244989872 0.057796917855739594 -0.06999999284744263
v -0.0034733775537461042 0.05889767408370972 -0.0859999880194664
v -0.016014987602829933 0.05678486078977585 -0.0859999880194664
v -0.0205552838742733 0.055303532630205154 -0.07000003010034561
v -0.016014987602829933 0.05678486078977585 -0.0859999880194664
v -0.0234567578881979 0.05413668602705002 -0.06999964267015457
v -0.0234567578881979 0.05413668602705002 -0.06999964267015457
v -0.016014987602829933 0.05678486078977585 -0.0859999880194664
v -0.027812408283352852 0.052033357322216034 -0.0859999880194664
v -0.0205552838742733 0.055303532630205154 -0.07000003010034561
v -0.016574885696172714 0.056623972952365875 -0.06999999284744263
v -0.016014987602829933 0.05678486078977585 -0.0859999880194664
v -0.016014987602829933 0.05678486078977585 -0.0859999880194664
v -0.016574885696172714 0.056623972952365875 -0.06999999284744263
v -0.016014987602829933 0.05678486078977585 -0.06999999284744263
v -0.016014987602829933 0.05678486078977585 -0.0859999880194664
v -0.016014987602829933 0.05678486078977585 -0.06999999284744263
v -0.01185397244989872 0.057796917855739594 -0.06999999284744263
v -0.03831743821501732 0.044863954186439514 -0.06999999284744263
v -0.03340786695480347 0.04863039031624794 -0.06999999284744263
v -0.03831743821501732 0.044863954186439514 -0.0859999880194664
v -0.03831743821501732 0.044863954186439514 -0.0859999880194664
v -0.03340786695480347 0.04863039031624794 -0.06999999284744263
v -0.02919336035847664 0.05127132311463356 -0.06999999284744263
v -0.03831743821501732 0.044863954186439514 -0.0859999880194664
v -0.02919336035847664 0.05127132311463356 -0.06999999284744263
v -0.027812408283352852 0.052033357322216034 -0.0859999880194664
v -0.027812408283352852 0.052033357322216034 -0.0859999880194664
v -0.02919336035847664 0.05127132311463356 -0.06999999284744263
v -0.027812408283352852 0.052033357322216034 -0.0700005292892456
v -0.027812408283352852 0.052033357322216034 -0.0859999880194664
v -0.027812408283352852 0.052033357322216034 -0.0700005292892456
v -0.0234567578881979 0.05413668602705002 -0.06999964267015457
v -0.04704191908240318 0.03560980036854744 -0.0859999880194664
v -0.04704191908240318 0.03560980036854744 -0.06999999284744263
v -0.03831743821501732 0.044863954186439514 -0.0859999880194664
v -0.03831743821501732 0.044863954186439514 -0.0859999880194664
v -0.04704191908240318 0.03560980036854744 -0.06999999284744263
v -0.04223267361521721 0.04119953140616417 -0.06999999284744263
v -0.03831743821501732 0.044863954186439514 -0.0859999880194664
v -0.04223267361521721 0.04119953140616417 -0.06999999284744263
v -0.03831743821501732 0.044863954186439514 -0.06999999284744263
v -0.053580448031425476 0.02470092475414276 -0.0859999880194664
v -0.051314085721969604 0.029118141159415245 -0.06999999284744263
v -0.04704191908240318 0.03560980036854744 -0.0859999880194664
v -0.04704191908240318 0.03560980036854744 -0.0859999880194664
v -0.051314085721969604 0.029118141159415245 -0.06999999284744263
v -0.04939711466431618 0.0322633758187294 -0.06999999284744263
v -0.04704191908240318 0.03560980036854744 -0.0859999880194664
v -0.04939711466431618 0.0322633758187294 -0.06999999284744263
v -0.04704191908240318 0.03560980036854744 -0.06999999284744263
v -0.057629190385341644 0.012644240632653236 -0.0859999880194664
v -0.05655782297253609 0.016799192875623703 -0.06999999284744263
v -0.053580448031425476 0.02470092475414276 -0.0859999880194664
v -0.053580448031425476 0.02470092475414276 -0.0859999880194664
v -0.05655782297253609 0.016799192875623703 -0.06999999284744263
v -0.053580448031425476 0.02470092475414276 -0.06999999284744263
v -0.053580448031425476 0.02470092475414276 -0.0859999880194664
v -0.053580448031425476 0.02470092475414276 -0.06999999284744263
v -0.051314085721969604 0.029118141159415245 -0.06999999284744263
v -0.05900000035762787 3.612708016602898e-18 -0.06999999284744263
v -0.05872727558016777 0.00566633278504014 -0.06999999284744263
v -0.05900000408291817 -4.8789822372064296e-17 -0.0859999880194664
v -0.05900000408291817 -4.8789822372064296e-17 -0.0859999880194664
v -0.05872727558016777 0.00566633278504014 -0.06999999284744263
v -0.0580693781375885 0.010437804274260998 -0.06999999284744263
v -0.05900000408291817 -4.8789822372064296e-17 -0.0859999880194664
v -0.0580693781375885 0.010437804274260998 -0.06999999284744263
v -0.057629190385341644 0.012644240632653236 -0.0859999880194664
v -0.057629190385341644 0.012644240632653236 -0.0859999880194664
v -0.0580693781375885 0.010437804274260998 -0.06999999284744263
v -0.057629190385341644 0.012644240632653236 -0.06999999284744263
v -0.057629190385341644 0.012644240632653236 -0.0859999880194664
v -0.057629190385341644 0.012644240632653236 -0.06999999284744263
v -0.05655782297253609 0.016799192875623703 -0.06999999284744263
v -0.057629190385341644 -0.012644240632653236 -0.0859999880194664
v -0.0580693818628788 -0.010437806136906147 -0.06999999284744263
v -0.05900000408291817 -4.8789822372064296e-17 -0.0859999880194664
v -0.05900000408291817 -4.8789822372064296e-17 -0.0859999880194664
v -0.0580693818628788 -0.010437806136906147 -0.06999999284744263
v -0.05872727558016777 -0.005666334182024002 -0.06999999284744263
v -0.05900000408291817 -4.8789822372064296e-17 -0.0859999880194664
v -0.05872727558016777 -0.005666334182024002 -0.06999999284744263
v -0.05900000035762787 3.612708016602898e-18 -0.06999999284744263
v -0.053580448031425476 -0.02470092475414276 -0.0859999880194664
v -0.05655782297253609 -0.01679919846355915 -0.06999999284744263
v -0.057629190385341644 -0.012644240632653236 -0.0859999880194664
v -0.057629190385341644 -0.012644240632653236 -0.0859999880194664
v -0.05655782297253609 -0.01679919846355915 -0.06999999284744263
v -0.057629190385341644 -0.012644240632653236 -0.06999999284744263
v -0.057629190385341644 -0.012644240632653236 -0.0859999880194664
v -0.057629190385341644 -0.012644240632653236 -0.06999999284744263
v -0.0580693818628788 -0.010437806136906147 -0.06999999284744263
v -0.04704191908240318 -0.03560980036854744 -0.06999999284744263
v -0.04939711093902588 -0.03226338326931 -0.06999999284744263
v -0.04704191908240318 -0.03560980036854744 -0.0859999880194664
v -0.04704191908240318 -0.03560980036854744 -0.0859999880194664
v -0.04939711093902588 -0.03226338326931 -0.06999999284744263
v -0.051314081996679306 -0.029118143022060394 -0.06999999284744263
v -0.04704191908240318 -0.03560980036854744 -0.0859999880194664
v -0.051314081996679306 -0.029118143022060394 -0.06999999284744263
v -0.053580448031425476 -0.02470092475414276 -0.0859999880194664
v -0.053580448031425476 -0.02470092475414276 -0.0859999880194664
v -0.051314081996679306 -0.029118143022060394 -0.06999999284744263
v -0.053580448031425476 -0.02470092475414276 -0.06999999284744263
v -0.053580448031425476 -0.02470092475414276 -0.0859999880194664
v -0.053580448031425476 -0.02470092475414276 -0.06999999284744263
v -0.05655782297253609 -0.01679919846355915 -0.06999999284744263
v -0.04704191908240318 -0.03560980036854744 -0.06999999284744263
v -0.04704191908240318 -0.03560980036854744 -0.0859999880194664
v -0.04223266988992691 -0.041199538856744766 -0.06999999284744263
v -0.04223266988992691 -0.041199538856744766 -0.06999999284744263
v -0.04704191908240318 -0.03560980036854744 -0.0859999880194664
v -0.03831743821501732 -0.044863954186439514 -0.0859999880194664
v -0.04223266988992691 -0.041199538856744766 -0.06999999284744263
v -0.03831743821501732 -0.044863954186439514 -0.0859999880194664
v -0.03831743821501732 -0.044863954186439514 -0.06999999284744263
v -0.027812408283352852 -0.052033357322216034 -0.0859999880194664
v -0.029193347319960594 -0.05127133056521416 -0.06999999284744263
v -0.03831743821501732 -0.044863954186439514 -0.0859999880194664
v -0.03831743821501732 -0.044863954186439514 -0.0859999880194664
v -0.029193347319960594 -0.05127133056521416 -0.06999999284744263
v -0.03340785950422287 -0.04863039404153824 -0.06999999284744263
v -0.03831743821501732 -0.044863954186439514 -0.0859999880194664
v -0.03340785950422287 -0.04863039404153824 -0.06999999284744263
v -0.03831743821501732 -0.044863954186439514 -0.06999999284744263
v -0.016014987602829933 -0.05678486078977585 -0.06999998539686203
v -0.01657494343817234 -0.05662395432591438 -0.06999999284744263
v -0.016014987602829933 -0.05678486078977585 -0.0859999880194664
v -0.016014987602829933 -0.05678486078977585 -0.0859999880194664
v -0.01657494343817234 -0.05662395432591438 -0.06999999284744263
v -0.023157520219683647 -0.05426536127924919 -0.06999999284744263
v -0.016014987602829933 -0.05678486078977585 -0.0859999880194664
v -0.023157520219683647 -0.05426536127924919 -0.06999999284744263
v -0.027812408283352852 -0.052033357322216034 -0.0859999880194664
v -0.027812408283352852 -0.052033357322216034 -0.0859999880194664
v -0.023157520219683647 -0.05426536127924919 -0.06999999284744263
v -0.027812408283352852 -0.052033357322216034 -0.06999999284744263
v -0.027812408283352852 -0.052033357322216034 -0.0859999880194664
v -0.027812408283352852 -0.052033357322216034 -0.06999999284744263
v -0.029193347319960594 -0.05127133056521416 -0.06999999284744263
v -0.016014987602829933 -0.05678486078977585 -0.06999998539686203
v -0.016014987602829933 -0.05678486078977585 -0.0859999880194664
v -0.011853967793285847 -0.057796917855739594 -0.06999998539686203
v -0.011853967793285847 -0.057796917855739594 -0.06999998539686203
v -0.016014987602829933 -0.05678486078977585 -0.0859999880194664
v -0.0034733775537461042 -0.05889767408370972 -0.0859999880194664
v -0.011853967793285847 -0.057796917855739594 -0.06999998539686203
v -0.0034733775537461042 -0.05889767408370972 -0.0859999880194664
v -0.0034733775537461042 -0.05889767408370972 -0.06999998539686203
v -0.0034733775537461042 -0.05889767408370972 -0.06999998539686203
v -0.0034733775537461042 -0.05889767408370972 -0.0859999880194664
v 8.08242361927114e-14 -0.05900000408291817 -0.0859999880194664
v -0.0034733775537461042 -0.05889767408370972 -0.06999998539686203
v 8.08242361927114e-14 -0.05900000408291817 -0.0859999880194664
v 6.583622536027178e-14 -0.05900000408291817 -0.06999998539686203
v 0.12999999523162842 2.4964631393231684e-06 0.05900000035762787
v 0.12999999523162842 -4.2914603326561456e-17 0.05900000035762787
v 0.1469999998807907 -4.2914603326561456e-17 0.05900000035762787
v 0.12999999523162842 0.05889767035841942 0.0034733773209154606
v 0.1469999998807907 0.05889767035841942 0.0034733773209154606
v 0.12999999523162842 0.058985184878110886 0.001322119846008718
v 0.12999999523162842 0.058985184878110886 0.001322119846008718
v 0.1469999998807907 0.05889767035841942 0.0034733773209154606
v 0.1469999998807907 0.05900000035762787 1.3818723183962878e-13
v 0.12999999523162842 0.058985184878110886 0.001322119846008718
v 0.1469999998807907 0.05900000035762787 1.3818723183962878e-13
v 0.12999999523162842 0.05900000035762787 1.2235605053017434e-13
v 0.12999999523162842 0.05889767035841942 0.0034733773209154606
v 0.12999999523162842 0.05884762108325958 0.004239370580762625
v 0.1469999998807907 0.05889767035841942 0.0034733773209154606
v 0.1469999998807907 0.05889767035841942 0.0034733773209154606
v 0.12999999523162842 0.05884762108325958 0.004239370580762625
v 0.12999999523162842 0.05820417404174805 0.0096578449010849
v 0.1469999998807907 0.05889767035841942 0.0034733773209154606
v 0.12999999523162842 0.05820417404174805 0.0096578449010849
v 0.1469999998807907 0.05678485706448555 0.016014985740184784
v 0.12999999523162842 0.05820417404174805 0.0096578449010849
v 0.12999999523162842 0.05678485706448555 0.016014985740184784
v 0.1469999998807907 0.05678485706448555 0.016014985740184784
v 0.1469999998807907 0.05678485706448555 0.016014985740184784
v 0.12999999523162842 0.05678485706448555 0.016014985740184784
v 0.12999999523162842 0.05618326738476753 0.018012233078479767
v 0.1469999998807907 0.05678485706448555 0.016014985740184784
v 0.12999999523162842 0.05618326738476753 0.018012233078479767
v 0.1469999998807907 0.052033353596925735 0.027812406420707703
v 0.1469999998807907 0.052033353596925735 0.027812406420707703
v 0.12999999523162842 0.05618326738476753 0.018012233078479767
v 0.12999999523162842 0.05276552587747574 0.02639695629477501
v 0.1469999998807907 0.052033353596925735 0.027812406420707703
v 0.12999999523162842 0.05276552587747574 0.02639695629477501
v 0.12999999523162842 0.052033353596925735 0.027812406420707703
v 0.12999999523162842 0.052033353596925735 0.027812406420707703
v 0.12999999523162842 0.04900002107024193 0.03286333009600639
v 0.1469999998807907 0.052033353596925735 0.027812406420707703
v 0.1469999998807907 0.052033353596925735 0.027812406420707703
v 0.12999999523162842 0.04900002107024193 0.03286333009600639
v 0.12999999523162842 0.04760787636041641 0.03484953194856644
v 0.1469999998807907 0.052033353596925735 0.027812406420707703
v 0.12999999523162842 0.04760787636041641 0.03484953194856644
v 0.1469999998807907 0.044863950461149216 0.03831743448972702
v 0.12999999523162842 0.03798723593354225 0.04514387995004654
v 0.1469999998807907 0.03560980036854744 0.04704191908240318
v 0.12999999523162842 0.04300001636147499 0.040397994220256805
v 0.12999999523162842 0.04300001636147499 0.040397994220256805
v 0.1469999998807907 0.03560980036854744 0.04704191908240318
v 0.1469999998807907 0.044863950461149216 0.03831743448972702
v 0.12999999523162842 0.04300001636147499 0.040397994220256805
v 0.1469999998807907 0.044863950461149216 0.03831743448972702
v 0.12999999523162842 0.044863950461149216 0.03831743448972702
v 0.12999999523162842 0.044863950461149216 0.03831743448972702
v 0.1469999998807907 0.044863950461149216 0.03831743448972702
v 0.12999999523162842 0.04760787636041641 0.03484953194856644
v 0.12999999523162842 0.026944775134325027 0.052487894892692566
v 0.1469999998807907 0.02470092475414276 0.053580448031425476
v 0.12999999523162842 0.03246113657951355 0.04926737770438194
v 0.12999999523162842 0.03246113657951355 0.04926737770438194
v 0.1469999998807907 0.02470092475414276 0.053580448031425476
v 0.1469999998807907 0.03560980036854744 0.04704191908240318
v 0.12999999523162842 0.03246113657951355 0.04926737770438194
v 0.1469999998807907 0.03560980036854744 0.04704191908240318
v 0.12999999523162842 0.03560980036854744 0.04704191908240318
v 0.12999999523162842 0.03560980036854744 0.04704191908240318
v 0.1469999998807907 0.03560980036854744 0.04704191908240318
v 0.12999999523162842 0.03798723593354225 0.04514387995004654
v 0.12999999523162842 0.026944775134325027 0.052487894892692566
v 0.12999999523162842 0.02470092475414276 0.053580448031425476
v 0.1469999998807907 0.02470092475414276 0.053580448031425476
v 0.1469999998807907 0.02470092475414276 0.053580448031425476
v 0.12999999523162842 0.02470092475414276 0.053580448031425476
v 0.12999999523162842 0.02143271453678608 0.054969433695077896
v 0.1469999998807907 0.02470092475414276 0.053580448031425476
v 0.12999999523162842 0.02143271453678608 0.054969433695077896
v 0.1469999998807907 0.012644239701330662 0.057629186660051346
v 0.12999999523162842 0.02143271453678608 0.054969433695077896
v 0.12999999523162842 0.015924932435154915 0.056810177862644196
v 0.1469999998807907 0.012644239701330662 0.057629186660051346
v 0.1469999998807907 0.012644239701330662 0.057629186660051346
v 0.12999999523162842 0.015924932435154915 0.056810177862644196
v 0.12999999523162842 0.012644239701330662 0.057629186660051346
v 0.1469999998807907 0.012644239701330662 0.057629186660051346
v 0.12999999523162842 0.012644239701330662 0.057629186660051346
v 0.1469999998807907 -4.2914603326561456e-17 0.05900000035762787
v 0.1469999998807907 -4.2914603326561456e-17 0.05900000035762787
v 0.12999999523162842 0.012644239701330662 0.057629186660051346
v 0.12999999523162842 0.00492085563018918 0.05879443138837814
v 0.1469999998807907 -4.2914603326561456e-17 0.05900000035762787
v 0.12999999523162842 0.00492085563018918 0.05879443138837814
v 0.12999999523162842 2.4964631393231684e-06 0.05900000035762787
v 0.12999999523162842 -4.2914603326561456e-17 0.05900000035762787
v 0.12999999523162842 -0.0031142928637564182 0.058917731046676636
v 0.1469999998807907 -4.2914603326561456e-17 0.05900000035762787
v 0.1469999998807907 -4.2914603326561456e-17 0.05900000035762787
v 0.12999999523162842 -0.0031142928637564182 0.058917731046676636
v 0.12999999523162842 -0.006067637819796801 0.05868716910481453
v 0.1469999998807907 -4.2914603326561456e-17 0.05900000035762787
v 0.12999999523162842 -0.006067637819796801 0.05868716910481453
v 0.1469999998807907 -0.012644239701330662 0.057629186660051346
v 0.12999999523162842 -0.02470092475414276 0.053580448031425476
v 0.1469999998807907 -0.02470092475414276 0.053580448031425476
v 0.12999999523162842 -0.017042675986886024 0.056484926491975784
v 0.12999999523162842 -0.017042675986886024 0.056484926491975784
v 0.1469999998807907 -0.02470092475414276 0.053580448031425476
v 0.1469999998807907 -0.012644239701330662 0.057629186660051346
v 0.12999999523162842 -0.017042675986886024 0.056484926491975784
v 0.1469999998807907 -0.012644239701330662 0.057629186660051346
v 0.12999999523162842 -0.012644239701330662 0.057629186660051346
v 0.12999999523162842 -0.012644239701330662 0.057629186660051346
v 0.1469999998807907 -0.012644239701330662 0.057629186660051346
v 0.12999999523162842 -0.006067637819796801 0.05868716910481453
v 0.12999999523162842 -0.02470092475414276 0.053580448031425476
v 0.12999999523162842 -0.027998561039566994 0.051933422684669495
v 0.1469999998807907 -0.02470092475414276 0.053580448031425476
v 0.1469999998807907 -0.02470092475414276 0.053580448031425476
v 0.12999999523162842 -0.027998561039566994 0.051933422684669495
v 0.12999999523162842 -0.03346964716911316 0.04858788475394249
v 0.1469999998807907 -0.02470092475414276 0.053580448031425476
v 0.12999999523162842 -0.03346964716911316 0.04858788475394249
v 0.1469999998807907 -0.03560980036854744 0.04704191908240318
v 0.12999999523162842 -0.0429999865591526 0.04039803147315979
v 0.1469999998807907 -0.044863950461149216 0.03831743448972702
v 0.12999999523162842 -0.03893398120999336 0.04432995617389679
v 0.12999999523162842 -0.03893398120999336 0.04432995617389679
v 0.1469999998807907 -0.044863950461149216 0.03831743448972702
v 0.1469999998807907 -0.03560980036854744 0.04704191908240318
v 0.12999999523162842 -0.03893398120999336 0.04432995617389679
v 0.1469999998807907 -0.03560980036854744 0.04704191908240318
v 0.12999999523162842 -0.03560980036854744 0.04704191908240318
v 0.12999999523162842 -0.03560980036854744 0.04704191908240318
v 0.1469999998807907 -0.03560980036854744 0.04704191908240318
v 0.12999999523162842 -0.03346964716911316 0.04858788475394249
v 0.12999999523162842 -0.0429999865591526 0.04039803147315979
v 0.12999999523162842 -0.044863950461149216 0.03831743448972702
v 0.1469999998807907 -0.044863950461149216 0.03831743448972702
v 0.1469999998807907 -0.044863950461149216 0.03831743448972702
v 0.12999999523162842 -0.044863950461149216 0.03831743448972702
v 0.12999999523162842 -0.047616422176361084 0.034837860614061356
v 0.1469999998807907 -0.044863950461149216 0.03831743448972702
v 0.12999999523162842 -0.047616422176361084 0.034837860614061356
v 0.1469999998807907 -0.052033353596925735 0.027812406420707703
v 0.1469999998807907 -0.052033353596925735 0.027812406420707703
v 0.12999999523162842 -0.047616422176361084 0.034837860614061356
v 0.12999999523162842 -0.04900002107024193 0.032863326370716095
v 0.1469999998807907 -0.052033353596925735 0.027812406420707703
v 0.12999999523162842 -0.04900002107024193 0.032863326370716095
v 0.12999999523162842 -0.052033353596925735 0.027812406420707703
v 0.12999999523162842 -0.052033353596925735 0.027812406420707703
v 0.12999999523162842 -0.05279519408941269 0.02633756585419178
v 0.1469999998807907 -0.052033353596925735 0.027812406420707703
v 0.1469999998807907 -0.052033353596925735 0.027812406420707703
v 0.12999999523162842 -0.05279519408941269 0.02633756585419178
v 0.12999999523162842 -0.05620216950774193 0.017953164875507355
v 0.1469999998807907 -0.052033353596925735 0.027812406420707703
v 0.12999999523162842 -0.05620216950774193 0.017953164875507355
v 0.1469999998807907 -0.05678485706448555 0.016014985740184784
v 0.12999999523162842 -0.05885283648967743 0.004165438003838062
v 0.1469999998807907 -0.05889767035841942 0.0034733773209154606
v 0.12999999523162842 -0.058213867247104645 0.009599254466593266
v 0.12999999523162842 -0.058213867247104645 0.009599254466593266
v 0.1469999998807907 -0.05889767035841942 0.0034733773209154606
v 0.1469999998807907 -0.05678485706448555 0.016014985740184784
v 0.12999999523162842 -0.058213867247104645 0.009599254466593266
v 0.1469999998807907 -0.05678485706448555 0.016014985740184784
v 0.12999999523162842 -0.05678485706448555 0.016014985740184784
v 0.12999999523162842 -0.05678485706448555 0.016014985740184784
v 0.1469999998807907 -0.05678485706448555 0.016014985740184784
v 0.12999999523162842 -0.05620216950774193 0.017953164875507355
v 0.12999999523162842 -0.05885283648967743 0.004165438003838062
v 0.12999999523162842 -0.05885744467377663 0.0040991599671542645
v 0.1469999998807907 -0.05889767035841942 0.0034733773209154606
v 0.1469999998807907 -0.05889767035841942 0.0034733773209154606
v 0.12999999523162842 -0.05885744467377663 0.0040991599671542645
v 0.12999999523162842 -0.05889767035841942 0.0034733773209154606
v 0.1469999998807907 -0.05889767035841942 0.0034733773209154606
v 0.12999999523162842 -0.05889767035841942 0.0034733773209154606
v 0.1469999998807907 -0.05900000035762787 1.3817999479012744e-13
v 0.1469999998807907 -0.05900000035762787 1.3817999479012744e-13
v 0.12999999523162842 -0.05889767035841942 0.0034733773209154606
v 0.12999999523162842 -0.058986466377973557 0.0012636480387300253
v 0.1469999998807907 -0.05900000035762787 1.3817999479012744e-13
v 0.12999999523162842 -0.058986466377973557 0.0012636480387300253
v 0.12999999523162842 -0.05900000035762787 1.223683426723049e-13
v 0.04052615165710449 -0.03940568119287491 0.06838463246822357
v 0.04345790669322014 -0.04085300862789154 0.06507514417171478
v 0.0474090576171875 -0.035923246294260025 0.06641572713851929
v 0.05228245630860329 -1.2006988470147917e-07 0.07479847222566605
v 0.04892368242144585 -1.0956364349112846e-07 0.07719767093658447
v 0.04882922023534775 -0.003122385125607252 0.0771864727139473
v 0.04345790669322014 -0.04085300862789154 0.06507514417171478
v 0.04052615165710449 -0.03940568119287491 0.06838463246822357
v 0.04145378991961479 -0.04300030693411827 0.06437250226736069
v 0.04145378991961479 -0.04300030693411827 0.06437250226736069
v 0.04052615165710449 -0.03940568119287491 0.06838463246822357
v 0.03982590511441231 -0.04460233822464943 0.06378895044326782
v 0.03982590511441231 -0.04460233822464943 0.06378895044326782
v 0.04052615165710449 -0.03940568119287491 0.06838463246822357
v 0.0359412282705307 -0.043974172323942184 0.06704387813806534
v 0.03982590511441231 -0.04460233822464943 0.06378895044326782
v 0.0359412282705307 -0.043974172323942184 0.06704387813806534
v 0.038146842271089554 -0.04613741859793663 0.06317555904388428
v 0.038146842271089554 -0.04613741859793663 0.06317555904388428
v 0.0359412282705307 -0.043974172323942184 0.06704387813806534
v 0.03092510625720024 -0.04797633737325668 0.06550823897123337
v 0.038146842271089554 -0.04613741859793663 0.06317555904388428
v 0.03092510625720024 -0.04797633737325668 0.06550823897123337
v 0.034641191363334656 -0.04899964854121208 0.061860956251621246
v 0.034641191363334656 -0.04899964854121208 0.061860956251621246
v 0.03092510625720024 -0.04797633737325668 0.06550823897123337
v 0.029484862461686134 -0.05250687897205353 0.059834159910678864
v 0.029484862461686134 -0.05250687897205353 0.059834159910678864
v 0.03092510625720024 -0.04797633737325668 0.06550823897123337
v 0.02555306814610958 -0.0513719841837883 0.06378260254859924
v 0.029484862461686134 -0.05250687897205353 0.059834159910678864
v 0.02555306814610958 -0.0513719841837883 0.06378260254859924
v 0.026817260310053825 -0.054039910435676575 0.058742161840200424
v 0.026817260310053825 -0.054039910435676575 0.058742161840200424
v 0.02555306814610958 -0.0513719841837883 0.06378260254859924
v 0.024230169132351875 -0.05536345764994621 0.05765431001782417
v 0.024230169132351875 -0.05536345764994621 0.05765431001782417
v 0.02555306814610958 -0.0513719841837883 0.06378260254859924
v 0.01990155130624771 -0.05413464456796646 0.06187615543603897
v 0.024230169132351875 -0.05536345764994621 0.05765431001782417
v 0.01990155130624771 -0.05413464456796646 0.06187615543603897
v 0.0186602845788002 -0.05771861970424652 0.05521438643336296
v 0.0186602845788002 -0.05771861970424652 0.05521438643336296
v 0.01990155130624771 -0.05413464456796646 0.06187615543603897
v 0.01404591929167509 -0.05624690279364586 0.059801023453474045
v 0.0186602845788002 -0.05771861970424652 0.05521438643336296
v 0.01404591929167509 -0.05624690279364586 0.059801023453474045
v 0.012419293634593487 -0.05963332951068878 0.05231846868991852
v 0.012419293634593487 -0.05963332951068878 0.05231846868991852
v 0.01404591929167509 -0.05624690279364586 0.059801023453474045
v 0.010165090672671795 -0.06015099957585335 0.051229313015937805
v 0.010165090672671795 -0.06015099957585335 0.051229313015937805
v 0.01404591929167509 -0.05624690279364586 0.059801023453474045
v 0.00805757287889719 -0.05770255625247955 0.05757296457886696
v 0.010165090672671795 -0.06015099957585335 0.051229313015937805
v 0.00805757287889719 -0.05770255625247955 0.05757296457886696
v 0.006321358028799295 -0.06083130091428757 0.04931811988353729
v 0.006321358028799295 -0.06083130091428757 0.04931811988353729
v 0.00805757287889719 -0.05770255625247955 0.05757296457886696
v 0.0020031824242323637 -0.05850238725543022 0.05521005764603615
v 0.006321358028799295 -0.06083130091428757 0.04931811988353729
v 0.0020031824242323637 -0.05850238725543022 0.05521005764603615
v -1.609908366617674e-07 -0.06141279637813568 0.046023640781641006
v -1.609908366617674e-07 -0.06141279637813568 0.046023640781641006
v 0.0020031824242323637 -0.05850238725543022 0.05521005764603615
v -0.004062172025442123 -0.05865459144115448 0.05272124335169792
v -1.609908366617674e-07 -0.06141279637813568 0.046023640781641006
v -0.004062172025442123 -0.05865459144115448 0.05272124335169792
v -0.006414164789021015 -0.06133519485592842 0.04248160868883133
v -0.006414164789021015 -0.06133519485592842 0.04248160868883133
v -0.004062172025442123 -0.05865459144115448 0.05272124335169792
v -0.010098394006490707 -0.058174680918455124 0.05009301006793976
v -0.006414164789021015 -0.06133519485592842 0.04248160868883133
v -0.010098394006490707 -0.058174680918455124 0.05009301006793976
v -0.012746293097734451 -0.06059609726071358 0.0387800894677639
v -0.012746293097734451 -0.06059609726071358 0.0387800894677639
v -0.010098394006490707 -0.058174680918455124 0.05009301006793976
v -0.016047989949584007 -0.05708184838294983 0.04734872654080391
v -0.012746293097734451 -0.06059609726071358 0.0387800894677639
v -0.016047989949584007 -0.05708184838294983 0.04734872654080391
v -0.019023483619093895 -0.05918903276324272 0.03490107133984566
v -0.019023483619093895 -0.05918903276324272 0.03490107133984566
v -0.016047989949584007 -0.05708184838294983 0.04734872654080391
v -0.021858232095837593 -0.05539738014340401 0.04451669007539749
v -0.019023483619093895 -0.05918903276324272 0.03490107133984566
v -0.021858232095837593 -0.05539738014340401 0.04451669007539749
v -0.025182411074638367 -0.05710858479142189 0.03088289499282837
v -0.054665256291627884 -0.028664156794548035 0.02522112987935543
v -0.05118848383426666 -0.03746134042739868 0.011334425769746304
v -0.05115921050310135 -0.033966176211833954 0.027600696310400963
v -0.05115921050310135 -0.033966176211833954 0.027600696310400963
v -0.05118848383426666 -0.03746134042739868 0.011334425769746304
v -0.0469142384827137 -0.042444877326488495 0.01485958881676197
v -0.05115921050310135 -0.033966176211833954 0.027600696310400963
v -0.0469142384827137 -0.042444877326488495 0.01485958881676197
v -0.047171201556921005 -0.038801781833171844 0.030200235545635223
v -0.047171201556921005 -0.038801781833171844 0.030200235545635223
v -0.0469142384827137 -0.042444877326488495 0.01485958881676197
v -0.04211084917187691 -0.0469641238451004 0.018665729090571404
v -0.047171201556921005 -0.038801781833171844 0.030200235545635223
v -0.04211084917187691 -0.0469641238451004 0.018665729090571404
v -0.04275914281606674 -0.043152451515197754 0.03295469656586647
v -0.04275914281606674 -0.043152451515197754 0.03295469656586647
v -0.04211084917187691 -0.0469641238451004 0.018665729090571404
v -0.03682546317577362 -0.05095875635743141 0.02267444133758545
v -0.04275914281606674 -0.043152451515197754 0.03295469656586647
v -0.03682546317577362 -0.05095875635743141 0.02267444133758545
v -0.03797551244497299 -0.04700338840484619 0.0358072891831398
v -0.03797551244497299 -0.04700338840484619 0.0358072891831398
v -0.03682546317577362 -0.05095875635743141 0.02267444133758545
v -0.031143521890044212 -0.05435961112380028 0.026783708482980728
v -0.03797551244497299 -0.04700338840484619 0.0358072891831398
v -0.031143521890044212 -0.05435961112380028 0.026783708482980728
v -0.032867368310689926 -0.05033908039331436 0.03871177136898041
v -0.032867368310689926 -0.05033908039331436 0.03871177136898041
v -0.031143521890044212 -0.05435961112380028 0.026783708482980728
v -0.025182411074638367 -0.05710858479142189 0.03088289499282837
v -0.032867368310689926 -0.05033908039331436 0.03871177136898041
v -0.025182411074638367 -0.05710858479142189 0.03088289499282837
v -0.027479996904730797 -0.0531432181596756 0.04162672162055969
v -0.027479996904730797 -0.0531432181596756 0.04162672162055969
v -0.025182411074638367 -0.05710858479142189 0.03088289499282837
v -0.021858232095837593 -0.05539738014340401 0.04451669007539749
v -0.05762069672346115 -0.022924043238162994 0.02314179018139839
v -0.057896096259355545 -0.026545608416199684 0.005526866298168898
v -0.054665256291627884 -0.028664156794548035 0.02522112987935543
v -0.054665256291627884 -0.028664156794548035 0.02522112987935543
v -0.057896096259355545 -0.026545608416199684 0.005526866298168898
v -0.05485999211668968 -0.03212559223175049 0.008198745548725128
v -0.054665256291627884 -0.028664156794548035 0.02522112987935543
v -0.05485999211668968 -0.03212559223175049 0.008198745548725128
v -0.05118848383426666 -0.03746134042739868 0.011334425769746304
v -0.059951301664114 -0.016788974404335022 0.021450717002153397
v -0.060291942209005356 -0.02081601321697235 0.003366402816027403
v -0.05762069672346115 -0.022924043238162994 0.02314179018139839
v -0.05762069672346115 -0.022924043238162994 0.02314179018139839
v -0.060291942209005356 -0.02081601321697235 0.003366402816027403
v -0.05881554260849953 -0.024533506482839584 0.004703246522694826
v -0.05762069672346115 -0.022924043238162994 0.02314179018139839
v -0.05881554260849953 -0.024533506482839584 0.004703246522694826
v -0.057896096259355545 -0.026545608416199684 0.005526866298168898
v -0.061578165739774704 -0.01033499650657177 0.02024247869849205
v -0.062056779861450195 -0.015035571530461311 0.001744776382111013
v -0.059951301664114 -0.016788974404335022 0.021450717002153397
v -0.059951301664114 -0.016788974404335022 0.021450717002153397
v -0.062056779861450195 -0.015035571530461311 0.001744776382111013
v -0.06122346222400665 -0.018019644543528557 0.0025137076154351234
v -0.059951301664114 -0.016788974404335022 0.021450717002153397
v -0.06122346222400665 -0.018019644543528557 0.0025137076154351234
v -0.060291942209005356 -0.02081601321697235 0.003366402816027403
v -0.06382173299789429 -0.003545639105141163 9.673893509898335e-05
v -0.06352244317531586 -0.007017027586698532 0.00037798931589350104
v -0.0624324195086956 -0.003671647747978568 0.019598841667175293
v -0.0624324195086956 -0.003671647747978568 0.019598841667175293
v -0.06352244317531586 -0.007017027586698532 0.00037798931589350104
v -0.06322189420461655 -0.009266424924135208 0.0006597007741220295
v -0.0624324195086956 -0.003671647747978568 0.019598841667175293
v -0.06322189420461655 -0.009266424924135208 0.0006597007741220295
v -0.061578165739774704 -0.01033499650657177 0.02024247869849205
v -0.061578165739774704 -0.01033499650657177 0.02024247869849205
v -0.06322189420461655 -0.009266424924135208 0.0006597007741220295
v -0.06291010975837708 -0.01111937128007412 0.0009512238902971148
v -0.061578165739774704 -0.01033499650657177 0.02024247869849205
v -0.06291010975837708 -0.01111937128007412 0.0009512238902971148
v -0.062056779861450195 -0.015035571530461311 0.001744776382111013
v -0.06392435729503632 -1.8711121541059583e-09 6.268631125294633e-08
v -0.06382173299789429 -0.003545639105141163 9.673893509898335e-05
v -0.06255549192428589 -2.0388070398613678e-10 0.019505713135004044
v -0.06255549192428589 -2.0388070398613678e-10 0.019505713135004044
v -0.06382173299789429 -0.003545639105141163 9.673893509898335e-05
v -0.0624324195086956 -0.003671647747978568 0.019598841667175293
v -0.06255549192428589 -2.0388070398613678e-10 0.019505713135004044
v -0.0624324195086956 -0.003671647747978568 0.019598841667175293
v -0.061944253742694855 4.2989424520190056e-11 0.024950742721557617
v -0.061944253742694855 4.2989424520190056e-11 0.024950742721557617
v -0.0624324195086956 -0.003671647747978568 0.019598841667175293
v -0.05992259085178375 6.912294625571747e-10 0.038859039545059204
v -0.05265210196375847 -0.0009075516136363149 0.07093973457813263
v -0.05266071483492851 7.119309586300915e-10 0.07093898206949234
v -0.056036412715911865 1.9033543630087024e-09 0.05799821764230728
v -0.056036412715911865 1.9033543630087024e-09 0.05799821764230728
v -0.0559350922703743 -0.0030966163612902164 0.0580337718129158
v -0.05265210196375847 -0.0009075516136363149 0.07093973457813263
v -0.05265210196375847 -0.0009075516136363149 0.07093973457813263
v -0.0559350922703743 -0.0030966163612902164 0.0580337718129158
v -0.055230967700481415 -0.008733588270843029 0.058278754353523254
v -0.05265210196375847 -0.0009075516136363149 0.07093973457813263
v -0.055230967700481415 -0.008733588270843029 0.058278754353523254
v -0.052234094589948654 -0.006389998365193605 0.07097620517015457
v -0.052234094589948654 -0.006389998365193605 0.07097620517015457
v -0.055230967700481415 -0.008733588270843029 0.058278754353523254
v -0.05387972295284271 -0.014243136160075665 0.05873742327094078
v -0.052234094589948654 -0.006389998365193605 0.07097620517015457
v -0.05387972295284271 -0.014243136160075665 0.05873742327094078
v -0.05114082992076874 -0.012016155757009983 0.07107190787792206
v -0.05114082992076874 -0.012016155757009983 0.07107190787792206
v -0.05387972295284271 -0.014243136160075665 0.05873742327094078
v -0.05191989615559578 -0.01954948715865612 0.059377770870923996
v -0.05114082992076874 -0.012016155757009983 0.07107190787792206
v -0.05191989615559578 -0.01954948715865612 0.059377770870923996
v -0.04924343153834343 -0.017870595678687096 0.0712379589676857
v -0.04924343153834343 -0.017870595678687096 0.0712379589676857
v -0.05191989615559578 -0.01954948715865612 0.059377770870923996
v -0.049396224319934845 -0.024589981883764267 0.06016307324171066
v -0.04924343153834343 -0.017870595678687096 0.0712379589676857
v -0.049396224319934845 -0.024589981883764267 0.06016307324171066
v -0.0467449314892292 -0.023235861212015152 0.07145640254020691
v -0.0467449314892292 -0.023235861212015152 0.07145640254020691
v -0.049396224319934845 -0.024589981883764267 0.06016307324171066
v -0.046355850994586945 -0.029315924271941185 0.06105900928378105
v -0.0467449314892292 -0.023235861212015152 0.07145640254020691
v -0.046355850994586945 -0.029315924271941185 0.06105900928378105
v -0.043614085763692856 -0.02828695997595787 0.07173040509223938
v -0.043614085763692856 -0.02828695997595787 0.07173040509223938
v -0.046355850994586945 -0.029315924271941185 0.06105900928378105
v -0.042846474796533585 -0.03368536755442619 0.062034137547016144
v -0.043614085763692856 -0.02828695997595787 0.07173040509223938
v -0.042846474796533585 -0.03368536755442619 0.062034137547016144
v -0.04011831805109978 -0.03269975259900093 0.07203608006238937
v -0.04011831805109978 -0.03269975259900093 0.07203608006238937
v -0.042846474796533585 -0.03368536755442619 0.062034137547016144
v -0.03891482204198837 -0.0376620776951313 0.06306260824203491
v -0.04011831805109978 -0.03269975259900093 0.07203608006238937
v -0.03891482204198837 -0.0376620776951313 0.06306260824203491
v -0.03605751320719719 -0.0367853119969368 0.07239171117544174
v -0.03605751320719719 -0.0367853119969368 0.07239171117544174
v -0.03891482204198837 -0.0376620776951313 0.06306260824203491
v -0.03460752218961716 -0.04121268168091774 0.06412163376808167
v -0.03605751320719719 -0.0367853119969368 0.07239171117544174
v -0.03460752218961716 -0.04121268168091774 0.06412163376808167
v -0.03145072981715202 -0.040464844554662704 0.07279468327760696
v -0.03145072981715202 -0.040464844554662704 0.07279468327760696
v -0.03460752218961716 -0.04121268168091774 0.06412163376808167
v -0.029972581192851067 -0.044306620955467224 0.06519229710102081
v -0.03145072981715202 -0.040464844554662704 0.07279468327760696
v -0.029972581192851067 -0.044306620955467224 0.06519229710102081
v -0.026205727830529213 -0.0437220074236393 0.07325360924005508
v 0.04892368242144585 -1.0956364349112846e-07 0.07719767093658447
v 0.04564502090215683 -9.985328830453e-08 0.07953963428735733
v 0.04882922023534775 -0.003122385125607252 0.0771864727139473
v 0.04882922023534775 -0.003122385125607252 0.0771864727139473
v 0.04564502090215683 -9.985328830453e-08 0.07953963428735733
v 0.045289456844329834 -0.006092332303524017 0.07950840890407562
v 0.04882922023534775 -0.003122385125607252 0.0771864727139473
v 0.045289456844329834 -0.006092332303524017 0.07950840890407562
v 0.048168085515499115 -0.008822651579976082 0.07710873335599899
v 0.048168085515499115 -0.008822651579976082 0.07710873335599899
v 0.045289456844329834 -0.006092332303524017 0.07950840890407562
v 0.04426040127873421 -0.011952752247452736 0.0794183686375618
v 0.048168085515499115 -0.008822651579976082 0.07710873335599899
v 0.04426040127873421 -0.011952752247452736 0.0794183686375618
v 0.04688252508640289 -0.01442752592265606 0.07695883512496948
v 0.04688252508640289 -0.01442752592265606 0.07695883512496948
v 0.04426040127873421 -0.011952752247452736 0.0794183686375618
v 0.04268676042556763 -0.017307011410593987 0.07928075641393661
v 0.04688252508640289 -0.01442752592265606 0.07695883512496948
v 0.04268676042556763 -0.017307011410593987 0.07928075641393661
v 0.044989604502916336 -0.01986244134604931 0.07673806697130203
v 0.044989604502916336 -0.01986244134604931 0.07673806697130203
v 0.04268676042556763 -0.017307011410593987 0.07928075641393661
v 0.04075106605887413 -0.02199879288673401 0.079111248254776
v 0.044989604502916336 -0.01986244134604931 0.07673806697130203
v 0.04075106605887413 -0.02199879288673401 0.079111248254776
v 0.042513761669397354 -0.02505502849817276 0.0764472708106041
v 0.042513761669397354 -0.02505502849817276 0.0764472708106041
v 0.04075106605887413 -0.02199879288673401 0.079111248254776
v 0.03811275213956833 -0.026854023337364197 0.07888080179691315
v 0.042513761669397354 -0.02505502849817276 0.0764472708106041
v 0.03811275213956833 -0.026854023337364197 0.07888080179691315
v 0.039490535855293274 -0.029937995597720146 0.07608706504106522
v 0.039490535855293274 -0.029937995597720146 0.07608706504106522
v 0.03811275213956833 -0.026854023337364197 0.07888080179691315
v 0.03492589294910431 -0.03141091763973236 0.0786016434431076
v 0.039490535855293274 -0.029937995597720146 0.07608706504106522
v 0.03492589294910431 -0.03141091763973236 0.0786016434431076
v 0.03596195578575134 -0.0344485342502594 0.07565837353467941
v 0.03596195578575134 -0.0344485342502594 0.07565837353467941
v 0.03492589294910431 -0.03141091763973236 0.0786016434431076
v 0.03155669942498207 -0.035252999514341354 0.07830707728862762
v 0.03596195578575134 -0.0344485342502594 0.07565837353467941
v 0.03155669942498207 -0.035252999514341354 0.07830707728862762
v 0.031976960599422455 -0.038529641926288605 0.07516267150640488
v 0.031976960599422455 -0.038529641926288605 0.07516267150640488
v 0.03155669942498207 -0.035252999514341354 0.07830707728862762
v 0.027497759088873863 -0.03896694630384445 0.07795204222202301
v 0.031976960599422455 -0.038529641926288605 0.07516267150640488
v 0.027497759088873863 -0.03896694630384445 0.07795204222202301
v 0.027590662240982056 -0.042132407426834106 0.07460258156061172
v 0.027590662240982056 -0.042132407426834106 0.07460258156061172
v 0.027497759088873863 -0.03896694630384445 0.07795204222202301
v 0.02293246053159237 -0.04226277768611908 0.07755256444215775
v 0.027590662240982056 -0.042132407426834106 0.07460258156061172
v 0.02293246053159237 -0.04226277768611908 0.07755256444215775
v 0.02286294475197792 -0.04521537199616432 0.07398179918527603
v 0.02286294475197792 -0.04521537199616432 0.07398179918527603
v 0.02293246053159237 -0.04226277768611908 0.07755256444215775
v 0.017821889370679855 -0.045092541724443436 0.07710546255111694
v 0.02286294475197792 -0.04521537199616432 0.07398179918527603
v 0.017821889370679855 -0.045092541724443436 0.07710546255111694
v 0.017856894060969353 -0.04774712771177292 0.0733056291937828
v 0.017856894060969353 -0.04774712771177292 0.0733056291937828
v 0.017821889370679855 -0.045092541724443436 0.07710546255111694
v 0.0124988853931427 -0.04724721238017082 0.07663976401090622
v 0.017856894060969353 -0.04774712771177292 0.0733056291937828
v 0.0124988853931427 -0.04724721238017082 0.07663976401090622
v 0.012636751867830753 -0.04970317706465721 0.07258043438196182
v 0.012636751867830753 -0.04970317706465721 0.07258043438196182
v 0.0124988853931427 -0.04724721238017082 0.07663976401090622
v 0.006766806822270155 -0.0487871989607811 0.07613824307918549
v 0.012636751867830753 -0.04970317706465721 0.07258043438196182
v 0.006766806822270155 -0.0487871989607811 0.07613824307918549
v 0.007266822271049023 -0.05106797441840172 0.07181394100189209
v 0.007266822271049023 -0.05106797441840172 0.07181394100189209
v 0.006766806822270155 -0.0487871989607811 0.07613824307918549
v 0.0016783366445451975 -0.04953816533088684 0.0756930559873581
v 0.007266822271049023 -0.05106797441840172 0.07181394100189209
v 0.0016783366445451975 -0.04953816533088684 0.0756930559873581
v 0.0018102648900821805 -0.051833197474479675 0.07101471722126007
v 0.0018102648900821805 -0.051833197474479675 0.07101471722126007
v 0.0016783366445451975 -0.04953816533088684 0.0756930559873581
v -0.004037841223180294 -0.049723878502845764 0.07519296556711197
v 0.0018102648900821805 -0.051833197474479675 0.07101471722126007
v -0.004037841223180294 -0.049723878502845764 0.07519296556711197
v -0.0036802617833018303 -0.051998887211084366 0.07017911970615387
v -0.0036802617833018303 -0.051998887211084366 0.07017911970615387
v -0.004037841223180294 -0.049723878502845764 0.07519296556711197
v -0.009733430109918118 -0.04922344163060188 0.07469473034143448
v -0.0036802617833018303 -0.051998887211084366 0.07017911970615387
v -0.009733430109918118 -0.04922344163060188 0.07469473034143448
v -0.009171666577458382 -0.05157388746738434 0.0692756250500679
v -0.009171666577458382 -0.05157388746738434 0.0692756250500679
v -0.009733430109918118 -0.04922344163060188 0.07469473034143448
v -0.015476447530090809 -0.04801970347762108 0.07419226318597794
v -0.009171666577458382 -0.05157388746738434 0.0692756250500679
v -0.015476447530090809 -0.04801970347762108 0.07419226318597794
v -0.014603938907384872 -0.050571803003549576 0.06831257045269012
v -0.014603938907384872 -0.050571803003549576 0.06831257045269012
v -0.015476447530090809 -0.04801970347762108 0.07419226318597794
v -0.0211870688945055 -0.04608873277902603 0.07369260489940643
v -0.014603938907384872 -0.050571803003549576 0.06831257045269012
v -0.0211870688945055 -0.04608873277902603 0.07369260489940643
v -0.019918503239750862 -0.04901152104139328 0.06730222702026367
v -0.019918503239750862 -0.04901152104139328 0.06730222702026367
v -0.0211870688945055 -0.04608873277902603 0.07369260489940643
v -0.026205727830529213 -0.0437220074236393 0.07325360924005508
v -0.019918503239750862 -0.04901152104139328 0.06730222702026367
v -0.026205727830529213 -0.0437220074236393 0.07325360924005508
v -0.02505909465253353 -0.04691494628787041 0.06625746935606003
v -0.02505909465253353 -0.04691494628787041 0.06625746935606003
v -0.026205727830529213 -0.0437220074236393 0.07325360924005508
v -0.029972581192851067 -0.044306620955467224 0.06519229710102081
v 0.059000030159950256 -1.402734142175177e-07 0.06999997794628143
v 0.055641259998083115 -1.2997136877856974e-07 0.07239925116300583
v 0.05866573005914688 -0.006403766106814146 0.06990320235490799
v 0.05866573005914688 -0.006403766106814146 0.06990320235490799
v 0.055641259998083115 -1.2997136877856974e-07 0.07239925116300583
v 0.052179593592882156 -0.003367822151631117 0.07477857917547226
v 0.05866573005914688 -0.006403766106814146 0.06990320235490799
v 0.052179593592882156 -0.003367822151631117 0.07477857917547226
v 0.05146023631095886 -0.009512500837445259 0.0746399462223053
v 0.04206330329179764 -0.032191306352615356 0.07278510928153992
v 0.050867244601249695 -0.03055482544004917 0.06753882765769958
v 0.04532919451594353 -0.026963256299495697 0.07344403117895126
v 0.04532919451594353 -0.026963256299495697 0.07344403117895126
v 0.050867244601249695 -0.03055482544004917 0.06753882765769958
v 0.05373522266745567 -0.024888847023248672 0.06843563914299011
v 0.04532919451594353 -0.026963256299495697 0.07344403117895126
v 0.05373522266745567 -0.024888847023248672 0.06843563914299011
v 0.04800965636968613 -0.021390920504927635 0.07397246360778809
v 0.04800965636968613 -0.021390920504927635 0.07397246360778809
v 0.05373522266745567 -0.024888847023248672 0.06843563914299011
v 0.056025147438049316 -0.01889079064130783 0.06912852078676224
v 0.04800965636968613 -0.021390920504927635 0.07397246360778809
v 0.056025147438049316 -0.01889079064130783 0.06912852078676224
v 0.05006318911910057 -0.015547572635114193 0.07437102496623993
v 0.05006318911910057 -0.015547572635114193 0.07437102496623993
v 0.056025147438049316 -0.01889079064130783 0.06912852078676224
v 0.05680857598781586 -0.016266753897070885 0.0693611353635788
v 0.05006318911910057 -0.015547572635114193 0.07437102496623993
v 0.05680857598781586 -0.016266753897070885 0.0693611353635788
v 0.05146023631095886 -0.009512500837445259 0.0746399462223053
v 0.05146023631095886 -0.009512500837445259 0.0746399462223053
v 0.05680857598781586 -0.016266753897070885 0.0693611353635788
v 0.05766342952847481 -0.012748247012495995 0.06961274892091751
v 0.05146023631095886 -0.009512500837445259 0.0746399462223053
v 0.05766342952847481 -0.012748247012495995 0.06961274892091751
v 0.05866573005914688 -0.006403766106814146 0.06990320235490799
v 0.055641259998083115 -1.2997136877856974e-07 0.07239925116300583
v 0.05228245630860329 -1.2006988470147917e-07 0.07479847222566605
v 0.052179593592882156 -0.003367822151631117 0.07477857917547226
v 0.052179593592882156 -0.003367822151631117 0.07477857917547226
v 0.05228245630860329 -1.2006988470147917e-07 0.07479847222566605
v 0.04882922023534775 -0.003122385125607252 0.0771864727139473
v 0.052179593592882156 -0.003367822151631117 0.07477857917547226
v 0.04882922023534775 -0.003122385125607252 0.0771864727139473
v 0.05146023631095886 -0.009512500837445259 0.0746399462223053
v 0.05146023631095886 -0.009512500837445259 0.0746399462223053
v 0.04882922023534775 -0.003122385125607252 0.0771864727139473
v 0.048168085515499115 -0.008822651579976082 0.07710873335599899
v 0.05146023631095886 -0.009512500837445259 0.0746399462223053
v 0.048168085515499115 -0.008822651579976082 0.07710873335599899
v 0.05006318911910057 -0.015547572635114193 0.07437102496623993
v 0.05006318911910057 -0.015547572635114193 0.07437102496623993
v 0.048168085515499115 -0.008822651579976082 0.07710873335599899
v 0.04688252508640289 -0.01442752592265606 0.07695883512496948
v 0.05006318911910057 -0.015547572635114193 0.07437102496623993
v 0.04688252508640289 -0.01442752592265606 0.07695883512496948
v 0.04800965636968613 -0.021390920504927635 0.07397246360778809
v 0.04800965636968613 -0.021390920504927635 0.07397246360778809
v 0.04688252508640289 -0.01442752592265606 0.07695883512496948
v 0.044989604502916336 -0.01986244134604931 0.07673806697130203
v 0.04800965636968613 -0.021390920504927635 0.07397246360778809
v 0.044989604502916336 -0.01986244134604931 0.07673806697130203
v 0.04532919451594353 -0.026963256299495697 0.07344403117895126
v 0.04532919451594353 -0.026963256299495697 0.07344403117895126
v 0.044989604502916336 -0.01986244134604931 0.07673806697130203
v 0.042513761669397354 -0.02505502849817276 0.0764472708106041
v 0.04532919451594353 -0.026963256299495697 0.07344403117895126
v 0.042513761669397354 -0.02505502849817276 0.0764472708106041
v 0.04206330329179764 -0.032191306352615356 0.07278510928153992
v 0.04206330329179764 -0.032191306352615356 0.07278510928153992
v 0.042513761669397354 -0.02505502849817276 0.0764472708106041
v 0.039490535855293274 -0.029937995597720146 0.07608706504106522
v 0.04206330329179764 -0.032191306352615356 0.07278510928153992
v 0.039490535855293274 -0.029937995597720146 0.07608706504106522
v 0.038260772824287415 -0.03700742870569229 0.07199561595916748
v 0.038260772824287415 -0.03700742870569229 0.07199561595916748
v 0.039490535855293274 -0.029937995597720146 0.07608706504106522
v 0.03596195578575134 -0.0344485342502594 0.07565837353467941
v 0.038260772824287415 -0.03700742870569229 0.07199561595916748
v 0.03596195578575134 -0.0344485342502594 0.07565837353467941
v 0.03397827968001366 -0.041351355612277985 0.07107654213905334
v 0.03397827968001366 -0.041351355612277985 0.07107654213905334
v 0.03596195578575134 -0.0344485342502594 0.07565837353467941
v 0.031976960599422455 -0.038529641926288605 0.07516267150640488
v 0.03397827968001366 -0.041351355612277985 0.07107654213905334
v 0.031976960599422455 -0.038529641926288605 0.07516267150640488
v 0.029278602451086044 -0.04517257958650589 0.07003096491098404
v 0.029278602451086044 -0.04517257958650589 0.07003096491098404
v 0.031976960599422455 -0.038529641926288605 0.07516267150640488
v 0.027590662240982056 -0.042132407426834106 0.07460258156061172
v 0.029278602451086044 -0.04517257958650589 0.07003096491098404
v 0.027590662240982056 -0.042132407426834106 0.07460258156061172
v 0.024229006841778755 -0.04842950776219368 0.06886397302150726
v 0.024229006841778755 -0.04842950776219368 0.06886397302150726
v 0.027590662240982056 -0.042132407426834106 0.07460258156061172
v 0.02286294475197792 -0.04521537199616432 0.07398179918527603
v 0.024229006841778755 -0.04842950776219368 0.06886397302150726
v 0.02286294475197792 -0.04521537199616432 0.07398179918527603
v 0.01889893412590027 -0.05109242722392082 0.06758362054824829
v 0.01889893412590027 -0.05109242722392082 0.06758362054824829
v 0.02286294475197792 -0.04521537199616432 0.07398179918527603
v 0.017856894060969353 -0.04774712771177292 0.0733056291937828
v 0.01889893412590027 -0.05109242722392082 0.06758362054824829
v 0.017856894060969353 -0.04774712771177292 0.0733056291937828
v 0.013357867486774921 -0.05313962325453758 0.06619997322559357
v 0.013357867486774921 -0.05313962325453758 0.06619997322559357
v 0.017856894060969353 -0.04774712771177292 0.0733056291937828
v 0.012636751867830753 -0.04970317706465721 0.07258043438196182
v 0.013357867486774921 -0.05313962325453758 0.06619997322559357
v 0.012636751867830753 -0.04970317706465721 0.07258043438196182
v 0.007673339918255806 -0.05455944687128067 0.06472557038068771
v 0.007673339918255806 -0.05455944687128067 0.06472557038068771
v 0.012636751867830753 -0.04970317706465721 0.07258043438196182
v 0.007266822271049023 -0.05106797441840172 0.07181394100189209
v 0.007673339918255806 -0.05455944687128067 0.06472557038068771
v 0.007266822271049023 -0.05106797441840172 0.07181394100189209
v 0.0019099477212876081 -0.05534736067056656 0.0631745383143425
v 0.0019099477212876081 -0.05534736067056656 0.0631745383143425
v 0.007266822271049023 -0.05106797441840172 0.07181394100189209
v 0.0018102648900821805 -0.051833197474479675 0.07101471722126007
v 0.0019099477212876081 -0.05534736067056656 0.0631745383143425
v 0.0018102648900821805 -0.051833197474479675 0.07101471722126007
v -0.0038810265250504017 -0.055506836622953415 0.06154653802514076
v -0.0038810265250504017 -0.055506836622953415 0.06154653802514076
v 0.0018102648900821805 -0.051833197474479675 0.07101471722126007
v -0.0036802617833018303 -0.051998887211084366 0.07017911970615387
v -0.0038810265250504017 -0.055506836622953415 0.06154653802514076
v -0.0036802617833018303 -0.051998887211084366 0.07017911970615387
v -0.009669577702879906 -0.0550503134727478 0.059807613492012024
v -0.009669577702879906 -0.0550503134727478 0.059807613492012024
v -0.0036802617833018303 -0.051998887211084366 0.07017911970615387
v -0.009171666577458382 -0.05157388746738434 0.0692756250500679
v -0.009669577702879906 -0.0550503134727478 0.059807613492012024
v -0.009171666577458382 -0.05157388746738434 0.0692756250500679
v -0.015395675785839558 -0.05399484932422638 0.05797351896762848
v -0.015395675785839558 -0.05399484932422638 0.05797351896762848
v -0.009171666577458382 -0.05157388746738434 0.0692756250500679
v -0.014603938907384872 -0.050571803003549576 0.06831257045269012
v -0.015395675785839558 -0.05399484932422638 0.05797351896762848
v -0.014603938907384872 -0.050571803003549576 0.06831257045269012
v -0.021001799032092094 -0.052361175417900085 0.056065384298563004
v -0.021001799032092094 -0.052361175417900085 0.056065384298563004
v -0.014603938907384872 -0.050571803003549576 0.06831257045269012
v -0.019918503239750862 -0.04901152104139328 0.06730222702026367
v -0.021001799032092094 -0.052361175417900085 0.056065384298563004
v -0.019918503239750862 -0.04901152104139328 0.06730222702026367
v -0.026433385908603668 -0.050171859562397 0.054105378687381744
v -0.026433385908603668 -0.050171859562397 0.054105378687381744
v -0.019918503239750862 -0.04901152104139328 0.06730222702026367
v -0.02505909465253353 -0.04691494628787041 0.06625746935606003
v -0.026433385908603668 -0.050171859562397 0.054105378687381744
v -0.02505909465253353 -0.04691494628787041 0.06625746935606003
v -0.03163904324173927 -0.047449689358472824 0.05211782082915306
v -0.03163904324173927 -0.047449689358472824 0.05211782082915306
v -0.02505909465253353 -0.04691494628787041 0.06625746935606003
v -0.029972581192851067 -0.044306620955467224 0.06519229710102081
v -0.03163904324173927 -0.047449689358472824 0.05211782082915306
v -0.029972581192851067 -0.044306620955467224 0.06519229710102081
v -0.03656875714659691 -0.04421759024262428 0.05012873560190201
v -0.03656875714659691 -0.04421759024262428 0.05012873560190201
v -0.029972581192851067 -0.044306620955467224 0.06519229710102081
v -0.03460752218961716 -0.04121268168091774 0.06412163376808167
v -0.03656875714659691 -0.04421759024262428 0.05012873560190201
v -0.03460752218961716 -0.04121268168091774 0.06412163376808167
v -0.04117347672581673 -0.04049883782863617 0.04816822707653046
v -0.04117347672581673 -0.04049883782863617 0.04816822707653046
v -0.03460752218961716 -0.04121268168091774 0.06412163376808167
v -0.03891482204198837 -0.0376620776951313 0.06306260824203491
v -0.04117347672581673 -0.04049883782863617 0.04816822707653046
v -0.03891482204198837 -0.0376620776951313 0.06306260824203491
v -0.045403797179460526 -0.036317117512226105 0.04626970738172531
v -0.045403797179460526 -0.036317117512226105 0.04626970738172531
v -0.03891482204198837 -0.0376620776951313 0.06306260824203491
v -0.042846474796533585 -0.03368536755442619 0.062034137547016144
v -0.045403797179460526 -0.036317117512226105 0.04626970738172531
v -0.042846474796533585 -0.03368536755442619 0.062034137547016144
v -0.04920829460024834 -0.031697165220975876 0.0444738045334816
v -0.04920829460024834 -0.031697165220975876 0.0444738045334816
v -0.042846474796533585 -0.03368536755442619 0.062034137547016144
v -0.046355850994586945 -0.029315924271941185 0.06105900928378105
v -0.04920829460024834 -0.031697165220975876 0.0444738045334816
v -0.046355850994586945 -0.029315924271941185 0.06105900928378105
v -0.05253278464078903 -0.026667004451155663 0.04282679781317711
v -0.05253278464078903 -0.026667004451155663 0.04282679781317711
v -0.046355850994586945 -0.029315924271941185 0.06105900928378105
v -0.049396224319934845 -0.024589981883764267 0.06016307324171066
v -0.05253278464078903 -0.026667004451155663 0.04282679781317711
v -0.049396224319934845 -0.024589981883764267 0.06016307324171066
v -0.055317219346761703 -0.02126242034137249 0.04138537868857384
v -0.055317219346761703 -0.02126242034137249 0.04138537868857384
v -0.049396224319934845 -0.024589981883764267 0.06016307324171066
v -0.05191989615559578 -0.01954948715865612 0.059377770870923996
v -0.055317219346761703 -0.02126242034137249 0.04138537868857384
v -0.05191989615559578 -0.01954948715865612 0.059377770870923996
v -0.057499051094055176 -0.015529980883002281 0.04021155461668968
v -0.057499051094055176 -0.015529980883002281 0.04021155461668968
v -0.05191989615559578 -0.01954948715865612 0.059377770870923996
v -0.05387972295284271 -0.014243136160075665 0.05873742327094078
v -0.057499051094055176 -0.015529980883002281 0.04021155461668968
v -0.05387972295284271 -0.014243136160075665 0.05873742327094078
v -0.05901458114385605 -0.009539684280753136 0.03937181085348129
v -0.05901458114385605 -0.009539684280753136 0.03937181085348129
v -0.05387972295284271 -0.014243136160075665 0.05873742327094078
v -0.055230967700481415 -0.008733588270843029 0.058278754353523254
v -0.05901458114385605 -0.009539684280753136 0.03937181085348129
v -0.055230967700481415 -0.008733588270843029 0.058278754353523254
v -0.059808243066072464 -0.0033848360180854797 0.03892386704683304
v -0.059808243066072464 -0.0033848360180854797 0.03892386704683304
v -0.055230967700481415 -0.008733588270843029 0.058278754353523254
v -0.0559350922703743 -0.0030966163612902164 0.0580337718129158
v -0.059808243066072464 -0.0033848360180854797 0.03892386704683304
v -0.0559350922703743 -0.0030966163612902164 0.0580337718129158
v -0.05789531394839287 1.3015745148337032e-09 0.04963012784719467
v -0.05789531394839287 1.3015745148337032e-09 0.04963012784719467
v -0.0559350922703743 -0.0030966163612902164 0.0580337718129158
v -0.056036412715911865 1.9033543630087024e-09 0.05799821764230728
v -0.05789531394839287 1.3015745148337032e-09 0.04963012784719467
v -0.05992259085178375 6.912294625571747e-10 0.038859039545059204
v -0.059808243066072464 -0.0033848360180854797 0.03892386704683304
v -0.059808243066072464 -0.0033848360180854797 0.03892386704683304
v -0.05992259085178375 6.912294625571747e-10 0.038859039545059204
v -0.0624324195086956 -0.003671647747978568 0.019598841667175293
v -0.059808243066072464 -0.0033848360180854797 0.03892386704683304
v -0.0624324195086956 -0.003671647747978568 0.019598841667175293
v -0.05901458114385605 -0.009539684280753136 0.03937181085348129
v -0.05901458114385605 -0.009539684280753136 0.03937181085348129
v -0.0624324195086956 -0.003671647747978568 0.019598841667175293
v -0.061578165739774704 -0.01033499650657177 0.02024247869849205
v -0.05901458114385605 -0.009539684280753136 0.03937181085348129
v -0.061578165739774704 -0.01033499650657177 0.02024247869849205
v -0.057499051094055176 -0.015529980883002281 0.04021155461668968
v -0.057499051094055176 -0.015529980883002281 0.04021155461668968
v -0.061578165739774704 -0.01033499650657177 0.02024247869849205
v -0.059951301664114 -0.016788974404335022 0.021450717002153397
v -0.057499051094055176 -0.015529980883002281 0.04021155461668968
v -0.059951301664114 -0.016788974404335022 0.021450717002153397
v -0.055317219346761703 -0.02126242034137249 0.04138537868857384
v -0.055317219346761703 -0.02126242034137249 0.04138537868857384
v -0.059951301664114 -0.016788974404335022 0.021450717002153397
v -0.05762069672346115 -0.022924043238162994 0.02314179018139839
v -0.055317219346761703 -0.02126242034137249 0.04138537868857384
v -0.05762069672346115 -0.022924043238162994 0.02314179018139839
v -0.05253278464078903 -0.026667004451155663 0.04282679781317711
v -0.05253278464078903 -0.026667004451155663 0.04282679781317711
v -0.05762069672346115 -0.022924043238162994 0.02314179018139839
v -0.054665256291627884 -0.028664156794548035 0.02522112987935543
v -0.05253278464078903 -0.026667004451155663 0.04282679781317711
v -0.054665256291627884 -0.028664156794548035 0.02522112987935543
v -0.04920829460024834 -0.031697165220975876 0.0444738045334816
v -0.04920829460024834 -0.031697165220975876 0.0444738045334816
v -0.054665256291627884 -0.028664156794548035 0.02522112987935543
v -0.05115921050310135 -0.033966176211833954 0.027600696310400963
v -0.04920829460024834 -0.031697165220975876 0.0444738045334816
v -0.05115921050310135 -0.033966176211833954 0.027600696310400963
v -0.045403797179460526 -0.036317117512226105 0.04626970738172531
v -0.045403797179460526 -0.036317117512226105 0.04626970738172531
v -0.05115921050310135 -0.033966176211833954 0.027600696310400963
v -0.047171201556921005 -0.038801781833171844 0.030200235545635223
v -0.045403797179460526 -0.036317117512226105 0.04626970738172531
v -0.047171201556921005 -0.038801781833171844 0.030200235545635223
v -0.04117347672581673 -0.04049883782863617 0.04816822707653046
v -0.04117347672581673 -0.04049883782863617 0.04816822707653046
v -0.047171201556921005 -0.038801781833171844 0.030200235545635223
v -0.04275914281606674 -0.043152451515197754 0.03295469656586647
v -0.04117347672581673 -0.04049883782863617 0.04816822707653046
v -0.04275914281606674 -0.043152451515197754 0.03295469656586647
v -0.03656875714659691 -0.04421759024262428 0.05012873560190201
v -0.03656875714659691 -0.04421759024262428 0.05012873560190201
v -0.04275914281606674 -0.043152451515197754 0.03295469656586647
v -0.03797551244497299 -0.04700338840484619 0.0358072891831398
v -0.03656875714659691 -0.04421759024262428 0.05012873560190201
v -0.03797551244497299 -0.04700338840484619 0.0358072891831398
v -0.03163904324173927 -0.047449689358472824 0.05211782082915306
v -0.03163904324173927 -0.047449689358472824 0.05211782082915306
v -0.03797551244497299 -0.04700338840484619 0.0358072891831398
v -0.032867368310689926 -0.05033908039331436 0.03871177136898041
v -0.03163904324173927 -0.047449689358472824 0.05211782082915306
v -0.032867368310689926 -0.05033908039331436 0.03871177136898041
v -0.026433385908603668 -0.050171859562397 0.054105378687381744
v -0.026433385908603668 -0.050171859562397 0.054105378687381744
v -0.032867368310689926 -0.05033908039331436 0.03871177136898041
v -0.027479996904730797 -0.0531432181596756 0.04162672162055969
v -0.026433385908603668 -0.050171859562397 0.054105378687381744
v -0.027479996904730797 -0.0531432181596756 0.04162672162055969
v -0.021001799032092094 -0.052361175417900085 0.056065384298563004
v -0.021001799032092094 -0.052361175417900085 0.056065384298563004
v -0.027479996904730797 -0.0531432181596756 0.04162672162055969
v -0.021858232095837593 -0.05539738014340401 0.04451669007539749
v -0.021001799032092094 -0.052361175417900085 0.056065384298563004
v -0.021858232095837593 -0.05539738014340401 0.04451669007539749
v -0.015395675785839558 -0.05399484932422638 0.05797351896762848
v -0.015395675785839558 -0.05399484932422638 0.05797351896762848
v -0.021858232095837593 -0.05539738014340401 0.04451669007539749
v -0.016047989949584007 -0.05708184838294983 0.04734872654080391
v -0.015395675785839558 -0.05399484932422638 0.05797351896762848
v -0.016047989949584007 -0.05708184838294983 0.04734872654080391
v -0.009669577702879906 -0.0550503134727478 0.059807613492012024
v -0.009669577702879906 -0.0550503134727478 0.059807613492012024
v -0.016047989949584007 -0.05708184838294983 0.04734872654080391
v -0.010098394006490707 -0.058174680918455124 0.05009301006793976
v -0.009669577702879906 -0.0550503134727478 0.059807613492012024
v -0.010098394006490707 -0.058174680918455124 0.05009301006793976
v -0.0038810265250504017 -0.055506836622953415 0.06154653802514076
v -0.0038810265250504017 -0.055506836622953415 0.06154653802514076
v -0.010098394006490707 -0.058174680918455124 0.05009301006793976
v -0.004062172025442123 -0.05865459144115448 0.05272124335169792
v -0.0038810265250504017 -0.055506836622953415 0.06154653802514076
v -0.004062172025442123 -0.05865459144115448 0.05272124335169792
v 0.0019099477212876081 -0.05534736067056656 0.0631745383143425
v 0.0019099477212876081 -0.05534736067056656 0.0631745383143425
v -0.004062172025442123 -0.05865459144115448 0.05272124335169792
v 0.0020031824242323637 -0.05850238725543022 0.05521005764603615
v 0.0019099477212876081 -0.05534736067056656 0.0631745383143425
v 0.0020031824242323637 -0.05850238725543022 0.05521005764603615
v 0.007673339918255806 -0.05455944687128067 0.06472557038068771
v 0.007673339918255806 -0.05455944687128067 0.06472557038068771
v 0.0020031824242323637 -0.05850238725543022 0.05521005764603615
v 0.00805757287889719 -0.05770255625247955 0.05757296457886696
v 0.007673339918255806 -0.05455944687128067 0.06472557038068771
v 0.00805757287889719 -0.05770255625247955 0.05757296457886696
v 0.013357867486774921 -0.05313962325453758 0.06619997322559357
v 0.013357867486774921 -0.05313962325453758 0.06619997322559357
v 0.00805757287889719 -0.05770255625247955 0.05757296457886696
v 0.01404591929167509 -0.05624690279364586 0.059801023453474045
v 0.013357867486774921 -0.05313962325453758 0.06619997322559357
v 0.01404591929167509 -0.05624690279364586 0.059801023453474045
v 0.01889893412590027 -0.05109242722392082 0.06758362054824829
v 0.01889893412590027 -0.05109242722392082 0.06758362054824829
v 0.01404591929167509 -0.05624690279364586 0.059801023453474045
v 0.01990155130624771 -0.05413464456796646 0.06187615543603897
v 0.01889893412590027 -0.05109242722392082 0.06758362054824829
v 0.01990155130624771 -0.05413464456796646 0.06187615543603897
v 0.024229006841778755 -0.04842950776219368 0.06886397302150726
v 0.024229006841778755 -0.04842950776219368 0.06886397302150726
v 0.01990155130624771 -0.05413464456796646 0.06187615543603897
v 0.02555306814610958 -0.0513719841837883 0.06378260254859924
v 0.024229006841778755 -0.04842950776219368 0.06886397302150726
v 0.02555306814610958 -0.0513719841837883 0.06378260254859924
v 0.029278602451086044 -0.04517257958650589 0.07003096491098404
v 0.029278602451086044 -0.04517257958650589 0.07003096491098404
v 0.02555306814610958 -0.0513719841837883 0.06378260254859924
v 0.03092510625720024 -0.04797633737325668 0.06550823897123337
v 0.029278602451086044 -0.04517257958650589 0.07003096491098404
v 0.03092510625720024 -0.04797633737325668 0.06550823897123337
v 0.03397827968001366 -0.041351355612277985 0.07107654213905334
v 0.03397827968001366 -0.041351355612277985 0.07107654213905334
v 0.03092510625720024 -0.04797633737325668 0.06550823897123337
v 0.0359412282705307 -0.043974172323942184 0.06704387813806534
v 0.03397827968001366 -0.041351355612277985 0.07107654213905334
v 0.0359412282705307 -0.043974172323942184 0.06704387813806534
v 0.038260772824287415 -0.03700742870569229 0.07199561595916748
v 0.038260772824287415 -0.03700742870569229 0.07199561595916748
v 0.0359412282705307 -0.043974172323942184 0.06704387813806534
v 0.04052615165710449 -0.03940568119287491 0.06838463246822357
v 0.038260772824287415 -0.03700742870569229 0.07199561595916748
v 0.04052615165710449 -0.03940568119287491 0.06838463246822357
v 0.04206330329179764 -0.032191306352615356 0.07278510928153992
v 0.04206330329179764 -0.032191306352615356 0.07278510928153992
v 0.04052615165710449 -0.03940568119287491 0.06838463246822357
v 0.0474090576171875 -0.035923246294260025 0.06641572713851929
v 0.04206330329179764 -0.032191306352615356 0.07278510928153992
v 0.0474090576171875 -0.035923246294260025 0.06641572713851929
v 0.050867244601249695 -0.03055482544004917 0.06753882765769958
usemtl material_100100100
f 1 2 3
f 4 5 6
f 7 8 9
f 10 11 12
f 13 14 15
f 16 17 18
f 19 20 21
f 22 23 24
f 25 26 27
f 28 29 30
f 31 32 33
f 34 35 36
f 37 38 39
f 40 41 42
f 43 44 45
f 46 47 48
f 49 50 51
f 52 53 54
f 55 56 57
f 58 59 60
f 61 62 63
f 64 65 66
f 67 68 69
f 70 71 72
f 73 74 75
f 76 77 78
f 79 80 81
f 82 83 84
f 85 86 87
f 88 89 90
f 91 92 93
f 94 95 96
f 97 98 99
f 100 101 102
f 103 104 105
f 106 107 108
f 109 110 111
f 112 113 114
f 115 116 117
f 118 119 120
f 121 122 123
f 124 125 126
f 127 128 129
f 130 131 132
f 133 134 135
f 136 137 138
f 139 140 141
f 142 143 144
f 145 146 147
f 148 149 150
f 151 152 153
f 154 155 156
f 157 158 159
f 160 161 162
f 163 164 165
f 166 167 168
f 169 170 171
f 172 173 174
f 175 176 177
f 178 179 180
f 181 182 183
f 184 185 186
f 187 188 189
f 190 191 192
f 193 194 195
f 196 197 198
f 199 200 201
f 202 203 204
f 205 206 207
f 208 209 210
f 211 212 213
f 214 215 216
f 217 218 219
f 220 221 222
f 223 224 225
f 226 227 228
f 229 230 231
f 232 233 234
f 235 236 237
f 238 239 240
f 241 242 243
f 244 245 246
f 247 248 249
f 250 251 252
f 253 254 255
f 256 257 258
f 259 260 261
f 262 263 264
f 265 266 267
f 268 269 270
f 271 272 273
f 274 275 276
f 277 278 279
f 280 281 282
f 283 284 285
f 286 287 288
f 289 290 291
f 292 293 294
f 295 296 297
f 298 299 300
f 301 302 303
f 304 305 306
f 307 308 309
f 310 311 312
f 313 314 315
f 316 317 318
f 319 320 321
f 322 323 324
f 325 326 327
f 328 329 330
f 331 332 333
f 334 335 336
f 337 338 339
f 340 341 342
f 343 344 345
f 346 347 348
f 349 350 351
f 352 353 354
f 355 356 357
f 358 359 360
f 361 362 363
f 364 365 366
f 367 368 369
f 370 371 372
f 373 374 375
f 376 377 378
f 379 380 381
f 382 383 384
f 385 386 387
f 388 389 390
f 391 392 393
f 394 395 396
f 397 398 399
f 400 401 402
f 403 404 405
f 406 407 408
f 409 410 411
f 412 413 414
f 415 416 417
f 418 419 420
f 421 422 423
f 424 425 426
f 427 428 429
f 430 431 432
f 433 434 435
f 436 437 438
f 439 440 441
f 442 443 444
f 445 446 447
f 448 449 450
f 451 452 453
f 454 455 456
f 457 458 459
f 460 461 462
f 463 464 465
f 466 467 468
f 469 470 471
f 472 473 474
f 475 476 477
f 478 479 480
f 481 482 483
f 484 485 486
f 487 488 489
f 490 491 492
f 493 494 495
f 496 497 498
f 499 500 501
f 502 503 504
f 505 506 507
f 508 509 510
f 511 512 513
f 514 515 516
f 517 518 519
f 520 521 522
f 523 524 525
f 526 527 528
f 529 530 531
f 532 533 534
f 535 536 537
f 538 539 540
f 541 542 543
f 544 545 546
f 547 548 549
f 550 551 552
f 553 554 555
f 556 557 558
f 559 560 561
f 562 563 564
f 565 566 567
f 568 569 570
f 571 572 573
f 574 575 576
f 577 578 579
f 580 581 582
f 583 584 585
f 586 587 588
f 589 590 591
f 592 593 594
f 595 596 597
f 598 599 600
f 601 602 603
f 604 605 606
f 607 608 609
f 610 611 612
f 613 614 615
f 616 617 618
f 619 620 621
f 622 623 624
f 625 626 627
f 628 629 630
f 631 632 633
f 634 635 636
f 637 638 639
f 640 641 642
f 643 644 645
f 646 647 648
f 649 650 651
f 652 653 654
f 655 656 657
f 658 659 660
f 661 662 663
f 664 665 666
f 667 668 669
f 670 671 672
f 673 674 675
f 676 677 678
f 679 680 681
f 682 683 684
f 685 686 687
f 688 689 690
f 691 692 693
f 694 695 696
f 697 698 699
f 700 701 702
f 703 704 705
f 706 707 708
f 709 710 711
f 712 713 714
f 715 716 717
f 718 719 720
f 721 722 723
f 724 725 726
f 727 728 729
f 730 731 732
f 733 734 735
f 736 737 738
f 739 740 741
f 742 743 744
f 745 746 747
f 748 749 750
f 751 752 753
f 754 755 756
f 757 758 759
f 760 761 762
f 763 764 765
f 766 767 768
f 769 770 771
f 772 773 774
f 775 776 777
f 778 779 780
f 781 782 783
f 784 785 786
f 787 788 789
f 790 791 792
f 793 794 795
f 796 797 798
f 799 800 801
f 802 803 804
f 805 806 807
f 808 809 810
f 811 812 813
f 814 815 816
f 817 818 819
f 820 821 822
f 823 824 825
f 826 827 828
f 829 830 831
f 832 833 834
f 835 836 837
f 838 839 840
f 841 842 843
f 844 845 846
f 847 848 849
f 850 851 852
f 853 854 855
f 856 857 858
f 859 860 861
f 862 863 864
f 865 866 867
f 868 869 870
f 871 872 873
f 874 875 876
f 877 878 879
f 880 881 882
f 883 884 885
f 886 887 888
f 889 890 891
f 892 893 894
f 895 896 897
f 898 899 900
f 901 902 903
f 904 905 906
f 907 908 909
f 910 911 912
f 913 914 915
f 916 917 918
f 919 920 921
f 922 923 924
f 925 926 927
f 928 929 930
f 931 932 933
f 934 935 936
f 937 938 939
f 940 941 942
f 943 944 945
f 946 947 948
f 949 950 951
f 952 953 954
f 955 956 957
f 958 959 960
f 961 962 963
f 964 965 966
f 967 968 969
f 970 971 972
f 973 974 975
f 976 977 978
f 979 980 981
f 982 983 984
f 985 986 987
f 988 989 990
f 991 992 993
f 994 995 996
f 997 998 999
f 1000 1001 1002
f 1003 1004 1005
f 1006 1007 1008
f 1009 1010 1011
f 1012 1013 1014
f 1015 1016 1017
f 1018 1019 1020
f 1021 1022 1023
f 1024 1025 1026
f 1027 1028 1029
f 1030 1031 1032
f 1033 1034 1035
f 1036 1037 1038
f 1039 1040 1041
f 1042 1043 1044
f 1045 1046 1047
f 1048 1049 1050
f 1051 1052 1053
f 1054 1055 1056
f 1057 1058 1059
f 1060 1061 1062
f 1063 1064 1065
f 1066 1067 1068
f 1069 1070 1071
f 1072 1073 1074
f 1075 1076 1077
f 1078 1079 1080
f 1081 1082 1083
f 1084 1085 1086
f 1087 1088 1089
f 1090 1091 1092
f 1093 1094 1095
f 1096 1097 1098
f 1099 1100 1101
f 1102 1103 1104
f 1105 1106 1107
f 1108 1109 1110
f 1111 1112 1113
f 1114 1115 1116
f 1117 1118 1119
f 1120 1121 1122
f 1123 1124 1125
f 1126 1127 1128
f 1129 1130 1131
f 1132 1133 1134
f 1135 1136 1137
f 1138 1139 1140
f 1141 1142 1143
f 1144 1145 1146
f 1147 1148 1149
f 1150 1151 1152
f 1153 1154 1155
f 1156 1157 1158
f 1159 1160 1161
f 1162 1163 1164
f 1165 1166 1167
f 1168 1169 1170
f 1171 1172 1173
f 1174 1175 1176
f 1177 1178 1179
f 1180 1181 1182
f 1183 1184 1185
f 1186 1187 1188
f 1189 1190 1191
f 1192 1193 1194
f 1195 1196 1197
f 1198 1199 1200
f 1201 1202 1203
f 1204 1205 1206
f 1207 1208 1209
f 1210 1211 1212
f 1213 1214 1215
f 1216 1217 1218
f 1219 1220 1221
f 1222 1223 1224
f 1225 1226 1227
f 1228 1229 1230
f 1231 1232 1233
f 1234 1235 1236
f 1237 1238 1239
f 1240 1241 1242
f 1243 1244 1245
f 1246 1247 1248
f 1249 1250 1251
f 1252 1253 1254
f 1255 1256 1257
f 1258 1259 1260
f 1261 1262 1263
f 1264 1265 1266
f 1267 1268 1269
f 1270 1271 1272
f 1273 1274 1275
f 1276 1277 1278
f 1279 1280 1281
f 1282 1283 1284
f 1285 1286 1287
f 1288 1289 1290
f 1291 1292 1293
f 1294 1295 1296
f 1297 1298 1299
f 1300 1301 1302
f 1303 1304 1305
f 1306 1307 1308
f 1309 1310 1311
f 1312 1313 1314
f 1315 1316 1317
f 1318 1319 1320
f 1321 1322 1323
f 1324 1325 1326
f 1327 1328 1329
f 1330 1331 1332
f 1333 1334 1335
f 1336 1337 1338
f 1339 1340 1341
f 1342 1343 1344
f 1345 1346 1347
f 1348 1349 1350
f 1351 1352 1353
f 1354 1355 1356
f 1357 1358 1359
f 1360 1361 1362
f 1363 1364 1365
f 1366 1367 1368
f 1369 1370 1371
f 1372 1373 1374
f 1375 1376 1377
f 1378 1379 1380
f 1381 1382 1383
f 1384 1385 1386
f 1387 1388 1389
f 1390 1391 1392
f 1393 1394 1395
f 1396 1397 1398
f 1399 1400 1401
f 1402 1403 1404
f 1405 1406 1407
f 1408 1409 1410
f 1411 1412 1413
f 1414 1415 1416
f 1417 1418 1419
f 1420 1421 1422
f 1423 1424 1425
f 1426 1427 1428
f 1429 1430 1431
f 1432 1433 1434
f 1435 1436 1437
f 1438 1439 1440
f 1441 1442 1443
f 1444 1445 1446
f 1447 1448 1449
f 1450 1451 1452
f 1453 1454 1455
f 1456 1457 1458
f 1459 1460 1461
f 1462 1463 1464
f 1465 1466 1467
f 1468 1469 1470
f 1471 1472 1473
f 1474 1475 1476
f 1477 1478 1479
f 1480 1481 1482
f 1483 1484 1485
f 1486 1487 1488
f 1489 1490 1491
f 1492 1493 1494
f 1495 1496 1497
f 1498 1499 1500
f 1501 1502 1503
f 1504 1505 1506
f 1507 1508 1509
f 1510 1511 1512
f 1513 1514 1515
f 1516 1517 1518
f 1519 1520 1521
f 1522 1523 1524
f 1525 1526 1527
f 1528 1529 1530
f 1531 1532 1533
f 1534 1535 1536
f 1537 1538 1539
f 1540 1541 1542
f 1543 1544 1545
f 1546 1547 1548
f 1549 1550 1551
f 1552 1553 1554
f 1555 1556 1557
f 1558 1559 1560
f 1561 1562 1563
f 1564 1565 1566
f 1567 1568 1569
f 1570 1571 1572
f 1573 1574 1575
f 1576 1577 1578
f 1579 1580 1581
f 1582 1583 1584
f 1585 1586 1587
f 1588 1589 1590
f 1591 1592 1593
f 1594 1595 1596
f 1597 1598 1599
f 1600 1601 1602
f 1603 1604 1605
f 1606 1607 1608
f 1609 1610 1611
f 1612 1613 1614
f 1615 1616 1617
f 1618 1619 1620
f 1621 1622 1623
f 1624 1625 1626
f 1627 1628 1629
f 1630 1631 1632
f 1633 1634 1635
f 1636 1637 1638
f 1639 1640 1641
f 1642 1643 1644
f 1645 1646 1647
f 1648 1649 1650
f 1651 1652 1653
f 1654 1655 1656
f 1657 1658 1659
f 1660 1661 1662
f 1663 1664 1665
f 1666 1667 1668
f 1669 1670 1671
f 1672 1673 1674
f 1675 1676 1677
f 1678 1679 1680
f 1681 1682 1683
f 1684 1685 1686
f 1687 1688 1689
f 1690 1691 1692
f 1693 1694 1695
f 1696 1697 1698
f 1699 1700 1701
f 1702 1703 1704
f 1705 1706 1707
f 1708 1709 1710
f 1711 1712 1713
f 1714 1715 1716
f 1717 1718 1719
f 1720 1721 1722
f 1723 1724 1725
f 1726 1727 1728
f 1729 1730 1731
f 1732 1733 1734
f 1735 1736 1737
f 1738 1739 1740
f 1741 1742 1743
f 1744 1745 1746
f 1747 1748 1749
f 1750 1751 1752
f 1753 1754 1755
f 1756 1757 1758
f 1759 1760 1761
f 1762 1763 1764
f 1765 1766 1767
f 1768 1769 1770
f 1771 1772 1773
f 1774 1775 1776
f 1777 1778 1779
f 1780 1781 1782
f 1783 1784 1785
f 1786 1787 1788
f 1789 1790 1791
f 1792 1793 1794
f 1795 1796 1797
f 1798 1799 1800
f 1801 1802 1803
f 1804 1805 1806
f 1807 1808 1809
f 1810 1811 1812
f 1813 1814 1815
f 1816 1817 1818
f 1819 1820 1821
f 1822 1823 1824
f 1825 1826 1827
f 1828 1829 1830
f 1831 1832 1833
f 1834 1835 1836
f 1837 1838 1839
f 1840 1841 1842
f 1843 1844 1845
f 1846 1847 1848
f 1849 1850 1851
f 1852 1853 1854
f 1855 1856 1857
f 1858 1859 1860
f 1861 1862 1863
f 1864 1865 1866
f 1867 1868 1869
f 1870 1871 1872
f 1873 1874 1875
f 1876 1877 1878
f 1879 1880 1881
f 1882 1883 1884
f 1885 1886 1887
f 1888 1889 1890
f 1891 1892 1893
f 1894 1895 1896
f 1897 1898 1899
f 1900 1901 1902
f 1903 1904 1905
f 1906 1907 1908
f 1909 1910 1911
f 1912 1913 1914
f 1915 1916 1917
f 1918 1919 1920
f 1921 1922 1923
f 1924 1925 1926
f 1927 1928 1929
f 1930 1931 1932
f 1933 1934 1935
f 1936 1937 1938
f 1939 1940 1941
f 1942 1943 1944
f 1945 1946 1947
f 1948 1949 1950
f 1951 1952 1953
f 1954 1955 1956
f 1957 1958 1959
f 1960 1961 1962
f 1963 1964 1965
f 1966 1967 1968
f 1969 1970 1971
f 1972 1973 1974
f 1975 1976 1977
f 1978 1979 1980
f 1981 1982 1983
f 1984 1985 1986
f 1987 1988 1989
f 1990 1991 1992
f 1993 1994 1995
f 1996 1997 1998
f 1999 2000 2001
f 2002 2003 2004
f 2005 2006 2007
f 2008 2009 2010
f 2011 2012 2013
f 2014 2015 2016
f 2017 2018 2019
f 2020 2021 2022
f 2023 2024 2025
f 2026 2027 2028
f 2029 2030 2031
f 2032 2033 2034
f 2035 2036 2037
f 2038 2039 2040
f 2041 2042 2043
f 2044 2045 2046
f 2047 2048 2049
f 2050 2051 2052
f 2053 2054 2055
f 2056 2057 2058
f 2059 2060 2061
f 2062 2063 2064
f 2065 2066 2067
f 2068 2069 2070
f 2071 2072 2073
f 2074 2075 2076
f 2077 2078 2079
f 2080 2081 2082
f 2083 2084 2085
f 2086 2087 2088
f 2089 2090 2091
f 2092 2093 2094
f 2095 2096 2097
f 2098 2099 2100
f 2101 2102 2103
f 2104 2105 2106
f 2107 2108 2109
f 2110 2111 2112
f 2113 2114 2115
f 2116 2117 2118
f 2119 2120 2121
f 2122 2123 2124
f 2125 2126 2127
f 2128 2129 2130
f 2131 2132 2133
f 2134 2135 2136
f 2137 2138 2139
f 2140 2141 2142
f 2143 2144 2145
f 2146 2147 2148
f 2149 2150 2151
f 2152 2153 2154
f 2155 2156 2157
f 2158 2159 2160
f 2161 2162 2163
f 2164 2165 2166
f 2167 2168 2169
f 2170 2171 2172
f 2173 2174 2175
f 2176 2177 2178
f 2179 2180 2181
f 2182 2183 2184
f 2185 2186 2187
f 2188 2189 2190
f 2191 2192 2193
f 2194 2195 2196
f 2197 2198 2199
f 2200 2201 2202
f 2203 2204 2205
f 2206 2207 2208
f 2209 2210 2211
f 2212 2213 2214
f 2215 2216 2217
f 2218 2219 2220
f 2221 2222 2223
f 2224 2225 2226
f 2227 2228 2229
f 2230 2231 2232
f 2233 2234 2235
f 2236 2237 2238
f 2239 2240 2241
f 2242 2243 2244
f 2245 2246 2247
f 2248 2249 2250
f 2251 2252 2253
f 2254 2255 2256
f 2257 2258 2259
f 2260 2261 2262
f 2263 2264 2265
f 2266 2267 2268
f 2269 2270 2271
f 2272 2273 2274
f 2275 2276 2277
f 2278 2279 2280
f 2281 2282 2283
f 2284 2285 2286
f 2287 2288 2289
f 2290 2291 2292
f 2293 2294 2295
f 2296 2297 2298
f 2299 2300 2301
f 2302 2303 2304
f 2305 2306 2307
f 2308 2309 2310
f 2311 2312 2313
f 2314 2315 2316
f 2317 2318 2319
f 2320 2321 2322
f 2323 2324 2325
f 2326 2327 2328
f 2329 2330 2331
f 2332 2333 2334
f 2335 2336 2337
f 2338 2339 2340
f 2341 2342 2343
f 2344 2345 2346
f 2347 2348 2349
f 2350 2351 2352
f 2353 2354 2355
f 2356 2357 2358
f 2359 2360 2361
f 2362 2363 2364
f 2365 2366 2367
f 2368 2369 2370
f 2371 2372 2373
f 2374 2375 2376
f 2377 2378 2379
f 2380 2381 2382
f 2383 2384 2385
f 2386 2387 2388
f 2389 2390 2391
f 2392 2393 2394
f 2395 2396 2397
f 2398 2399 2400
f 2401 2402 2403
f 2404 2405 2406
f 2407 2408 2409
f 2410 2411 2412
f 2413 2414 2415
f 2416 2417 2418
f 2419 2420 2421
f 2422 2423 2424
f 2425 2426 2427
f 2428 2429 2430
f 2431 2432 2433
f 2434 2435 2436
f 2437 2438 2439
f 2440 2441 2442
f 2443 2444 2445
f 2446 2447 2448
f 2449 2450 2451
f 2452 2453 2454
f 2455 2456 2457
f 2458 2459 2460
f 2461 2462 2463
f 2464 2465 2466
f 2467 2468 2469
f 2470 2471 2472
f 2473 2474 2475
f 2476 2477 2478
f 2479 2480 2481
f 2482 2483 2484
f 2485 2486 2487
f 2488 2489 2490
f 2491 2492 2493
f 2494 2495 2496
f 2497 2498 2499
f 2500 2501 2502
f 2503 2504 2505
f 2506 2507 2508
f 2509 2510 2511
f 2512 2513 2514
f 2515 2516 2517
f 2518 2519 2520
f 2521 2522 2523
f 2524 2525 2526
f 2527 2528 2529
f 2530 2531 2532
f 2533 2534 2535
f 2536 2537 2538
f 2539 2540 2541
f 2542 2543 2544
f 2545 2546 2547
f 2548 2549 2550
f 2551 2552 2553
f 2554 2555 2556
f 2557 2558 2559
f 2560 2561 2562
f 2563 2564 2565
f 2566 2567 2568
f 2569 2570 2571
f 2572 2573 2574
f 2575 2576 2577
f 2578 2579 2580
f 2581 2582 2583
f 2584 2585 2586
f 2587 2588 2589
f 2590 2591 2592
f 2593 2594 2595
f 2596 2597 2598
f 2599 2600 2601
f 2602 2603 2604
f 2605 2606 2607
f 2608 2609 2610
f 2611 2612 2613
f 2614 2615 2616
f 2617 2618 2619
f 2620 2621 2622
f 2623 2624 2625
f 2626 2627 2628
f 2629 2630 2631
f 2632 2633 2634
f 2635 2636 2637
f 2638 2639 2640
f 2641 2642 2643
f 2644 2645 2646
f 2647 2648 2649
f 2650 2651 2652
f 2653 2654 2655
f 2656 2657 2658
f 2659 2660 2661
f 2662 2663 2664
f 2665 2666 2667
f 2668 2669 2670
f 2671 2672 2673
f 2674 2675 2676
f 2677 2678 2679
f 2680 2681 2682
f 2683 2684 2685
f 2686 2687 2688
f 2689 2690 2691
f 2692 2693 2694
f 2695 2696 2697
f 2698 2699 2700
f 2701 2702 2703
f 2704 2705 2706
f 2707 2708 2709
f 2710 2711 2712
f 2713 2714 2715
f 2716 2717 2718
f 2719 2720 2721
f 2722 2723 2724
f 2725 2726 2727
f 2728 2729 2730
f 2731 2732 2733
f 2734 2735 2736
f 2737 2738 2739
f 2740 2741 2742
f 2743 2744 2745
f 2746 2747 2748
f 2749 2750 2751
f 2752 2753 2754
f 2755 2756 2757
f 2758 2759 2760
f 2761 2762 2763
f 2764 2765 2766
f 2767 2768 2769
f 2770 2771 2772
f 2773 2774 2775
f 2776 2777 2778
f 2779 2780 2781
f 2782 2783 2784
f 2785 2786 2787
f 2788 2789 2790
f 2791 2792 2793
f 2794 2795 2796
f 2797 2798 2799
f 2800 2801 2802
f 2803 2804 2805
f 2806 2807 2808
f 2809 2810 2811
f 2812 2813 2814
f 2815 2816 2817
f 2818 2819 2820
f 2821 2822 2823
f 2824 2825 2826
f 2827 2828 2829
f 2830 2831 2832
f 2833 2834 2835
f 2836 2837 2838
f 2839 2840 2841
f 2842 2843 2844
f 2845 2846 2847
f 2848 2849 2850
f 2851 2852 2853
f 2854 2855 2856
f 2857 2858 2859
f 2860 2861 2862
f 2863 2864 2865
f 2866 2867 2868
f 2869 2870 2871
f 2872 2873 2874
f 2875 2876 2877
f 2878 2879 2880
f 2881 2882 2883
f 2884 2885 2886
f 2887 2888 2889
f 2890 2891 2892
f 2893 2894 2895
f 2896 2897 2898
f 2899 2900 2901
f 2902 2903 2904
f 2905 2906 2907
f 2908 2909 2910
f 2911 2912 2913
f 2914 2915 2916
f 2917 2918 2919
f 2920 2921 2922
f 2923 2924 2925
f 2926 2927 2928
f 2929 2930 2931
f 2932 2933 2934
f 2935 2936 2937
f 2938 2939 2940
f 2941 2942 2943
f 2944 2945 2946
f 2947 2948 2949
f 2950 2951 2952
f 2953 2954 2955
f 2956 2957 2958
f 2959 2960 2961
f 2962 2963 2964
f 2965 2966 2967
f 2968 2969 2970
f 2971 2972 2973
f 2974 2975 2976
f 2977 2978 2979
f 2980 2981 2982
f 2983 2984 2985
f 2986 2987 2988
f 2989 2990 2991
f 2992 2993 2994
f 2995 2996 2997
f 2998 2999 3000
f 3001 3002 3003
f 3004 3005 3006
f 3007 3008 3009
f 3010 3011 3012
f 3013 3014 3015
f 3016 3017 3018
f 3019 3020 3021
f 3022 3023 3024
f 3025 3026 3027
f 3028 3029 3030
f 3031 3032 3033
f 3034 3035 3036
f 3037 3038 3039
f 3040 3041 3042
f 3043 3044 3045
f 3046 3047 3048
f 3049 3050 3051
f 3052 3053 3054
f 3055 3056 3057
f 3058 3059 3060
f 3061 3062 3063
f 3064 3065 3066
f 3067 3068 3069
f 3070 3071 3072
f 3073 3074 3075
f 3076 3077 3078
f 3079 3080 3081
f 3082 3083 3084
f 3085 3086 3087
f 3088 3089 3090
f 3091 3092 3093
f 3094 3095 3096
f 3097 3098 3099
f 3100 3101 3102
f 3103 3104 3105
f 3106 3107 3108
f 3109 3110 3111
f 3112 3113 3114
f 3115 3116 3117
f 3118 3119 3120
f 3121 3122 3123
f 3124 3125 3126
f 3127 3128 3129
f 3130 3131 3132
f 3133 3134 3135
f 3136 3137 3138
f 3139 3140 3141
f 3142 3143 3144
f 3145 3146 3147
f 3148 3149 3150
f 3151 3152 3153
f 3154 3155 3156
f 3157 3158 3159
f 3160 3161 3162
f 3163 3164 3165
f 3166 3167 3168
f 3169 3170 3171
f 3172 3173 3174
f 3175 3176 3177
f 3178 3179 3180
f 3181 3182 3183
f 3184 3185 3186
f 3187 3188 3189
f 3190 3191 3192
f 3193 3194 3195
f 3196 3197 3198
f 3199 3200 3201
f 3202 3203 3204
f 3205 3206 3207
f 3208 3209 3210
f 3211 3212 3213
f 3214 3215 3216
f 3217 3218 3219
f 3220 3221 3222
f 3223 3224 3225
f 3226 3227 3228
f 3229 3230 3231
f 3232 3233 3234
f 3235 3236 3237
f 3238 3239 3240
f 3241 3242 3243
f 3244 3245 3246
f 3247 3248 3249
f 3250 3251 3252
f 3253 3254 3255
f 3256 3257 3258
f 3259 3260 3261
f 3262 3263 3264
f 3265 3266 3267
f 3268 3269 3270
f 3271 3272 3273
f 3274 3275 3276
f 3277 3278 3279
f 3280 3281 3282
f 3283 3284 3285
f 3286 3287 3288
f 3289 3290 3291
f 3292 3293 3294
f 3295 3296 3297
f 3298 3299 3300
f 3301 3302 3303
f 3304 3305 3306
f 3307 3308 3309
f 3310 3311 3312
f 3313 3314 3315
f 3316 3317 3318
f 3319 3320 3321
f 3322 3323 3324
f 3325 3326 3327
f 3328 3329 3330
f 3331 3332 3333
f 3334 3335 3336
f 3337 3338 3339
f 3340 3341 3342
f 3343 3344 3345
f 3346 3347 3348
f 3349 3350 3351
f 3352 3353 3354
f 3355 3356 3357
f 3358 3359 3360
f 3361 3362 3363
f 3364 3365 3366
f 3367 3368 3369
f 3370 3371 3372
f 3373 3374 3375
f 3376 3377 3378
f 3379 3380 3381
f 3382 3383 3384
f 3385 3386 3387
f 3388 3389 3390
f 3391 3392 3393
f 3394 3395 3396
f 3397 3398 3399
f 3400 3401 3402
f 3403 3404 3405
f 3406 3407 3408
f 3409 3410 3411
f 3412 3413 3414
f 3415 3416 3417
f 3418 3419 3420
f 3421 3422 3423
f 3424 3425 3426
f 3427 3428 3429
f 3430 3431 3432
f 3433 3434 3435
f 3436 3437 3438
f 3439 3440 3441
f 3442 3443 3444
f 3445 3446 3447
f 3448 3449 3450
f 3451 3452 3453
f 3454 3455 3456
f 3457 3458 3459
f 3460 3461 3462
f 3463 3464 3465
f 3466 3467 3468
f 3469 3470 3471
f 3472 3473 3474
f 3475 3476 3477
f 3478 3479 3480
f 3481 3482 3483
f 3484 3485 3486
f 3487 3488 3489
f 3490 3491 3492
f 3493 3494 3495
f 3496 3497 3498
f 3499 3500 3501
f 3502 3503 3504
f 3505 3506 3507
f 3508 3509 3510
f 3511 3512 3513
f 3514 3515 3516
f 3517 3518 3519
f 3520 3521 3522
f 3523 3524 3525
f 3526 3527 3528
f 3529 3530 3531
f 3532 3533 3534
f 3535 3536 3537
f 3538 3539 3540
f 3541 3542 3543
f 3544 3545 3546
f 3547 3548 3549
f 3550 3551 3552
f 3553 3554 3555
f 3556 3557 3558
f 3559 3560 3561
f 3562 3563 3564
f 3565 3566 3567
f 3568 3569 3570
f 3571 3572 3573
f 3574 3575 3576
f 3577 3578 3579
f 3580 3581 3582
f 3583 3584 3585
f 3586 3587 3588
f 3589 3590 3591
f 3592 3593 3594
f 3595 3596 3597
f 3598 3599 3600
f 3601 3602 3603
f 3604 3605 3606
f 3607 3608 3609
f 3610 3611 3612
f 3613 3614 3615
f 3616 3617 3618
f 3619 3620 3621
f 3622 3623 3624
f 3625 3626 3627
f 3628 3629 3630
f 3631 3632 3633
f 3634 3635 3636
f 3637 3638 3639
f 3640 3641 3642
f 3643 3644 3645
f 3646 3647 3648
f 3649 3650 3651
f 3652 3653 3654
f 3655 3656 3657
f 3658 3659 3660
f 3661 3662 3663
f 3664 3665 3666
f 3667 3668 3669
f 3670 3671 3672
f 3673 3674 3675
f 3676 3677 3678
f 3679 3680 3681
f 3682 3683 3684
f 3685 3686 3687
f 3688 3689 3690
f 3691 3692 3693
f 3694 3695 3696
f 3697 3698 3699
f 3700 3701 3702
f 3703 3704 3705
f 3706 3707 3708
f 3709 3710 3711
f 3712 3713 3714
f 3715 3716 3717
f 3718 3719 3720
f 3721 3722 3723
f 3724 3725 3726
f 3727 3728 3729
f 3730 3731 3732
f 3733 3734 3735
f 3736 3737 3738
f 3739 3740 3741
f 3742 3743 3744
f 3745 3746 3747
f 3748 3749 3750
f 3751 3752 3753
f 3754 3755 3756
f 3757 3758 3759
f 3760 3761 3762
f 3763 3764 3765
f 3766 3767 3768
f 3769 3770 3771
f 3772 3773 3774
f 3775 3776 3777
f 3778 3779 3780
f 3781 3782 3783
f 3784 3785 3786
f 3787 3788 3789
f 3790 3791 3792
f 3793 3794 3795
f 3796 3797 3798
f 3799 3800 3801
f 3802 3803 3804
f 3805 3806 3807
f 3808 3809 3810
f 3811 3812 3813
f 3814 3815 3816
f 3817 3818 3819
f 3820 3821 3822
f 3823 3824 3825
f 3826 3827 3828
f 3829 3830 3831
f 3832 3833 3834
f 3835 3836 3837
f 3838 3839 3840
f 3841 3842 3843
f 3844 3845 3846
f 3847 3848 3849
f 3850 3851 3852
f 3853 3854 3855
f 3856 3857 3858
f 3859 3860 3861
f 3862 3863 3864
f 3865 3866 3867
f 3868 3869 3870
f 3871 3872 3873
f 3874 3875 3876
f 3877 3878 3879
f 3880 3881 3882
f 3883 3884 3885
f 3886 3887 3888
f 3889 3890 3891
f 3892 3893 3894
f 3895 3896 3897
f 3898 3899 3900
f 3901 3902 3903
f 3904 3905 3906
f 3907 3908 3909
f 3910 3911 3912
f 3913 3914 3915
f 3916 3917 3918
f 3919 3920 3921
f 3922 3923 3924
f 3925 3926 3927
f 3928 3929 3930
f 3931 3932 3933
f 3934 3935 3936
f 3937 3938 3939
f 3940 3941 3942
f 3943 3944 3945
f 3946 3947 3948
f 3949 3950 3951
f 3952 3953 3954
f 3955 3956 3957
f 3958 3959 3960
f 3961 3962 3963
f 3964 3965 3966
f 3967 3968 3969
f 3970 3971 3972
f 3973 3974 3975
f 3976 3977 3978
f 3979 3980 3981
f 3982 3983 3984
f 3985 3986 3987
f 3988 3989 3990
f 3991 3992 3993
f 3994 3995 3996
f 3997 3998 3999
f 4000 4001 4002
f 4003 4004 4005
f 4006 4007 4008
f 4009 4010 4011
f 4012 4013 4014
f 4015 4016 4017
f 4018 4019 4020
f 4021 4022 4023
f 4024 4025 4026
f 4027 4028 4029
f 4030 4031 4032
f 4033 4034 4035
f 4036 4037 4038
f 4039 4040 4041
f 4042 4043 4044
f 4045 4046 4047
f 4048 4049 4050
f 4051 4052 4053
f 4054 4055 4056
f 4057 4058 4059
f 4060 4061 4062
f 4063 4064 4065
f 4066 4067 4068
f 4069 4070 4071
f 4072 4073 4074
f 4075 4076 4077
f 4078 4079 4080
f 4081 4082 4083
f 4084 4085 4086
f 4087 4088 4089
f 4090 4091 4092
f 4093 4094 4095
f 4096 4097 4098
f 4099 4100 4101
f 4102 4103 4104
f 4105 4106 4107
f 4108 4109 4110
f 4111 4112 4113
f 4114 4115 4116
f 4117 4118 4119
f 4120 4121 4122
f 4123 4124 4125
f 4126 4127 4128
f 4129 4130 4131
f 4132 4133 4134
f 4135 4136 4137
f 4138 4139 4140
f 4141 4142 4143
f 4144 4145 4146
f 4147 4148 4149
f 4150 4151 4152
f 4153 4154 4155
f 4156 4157 4158
f 4159 4160 4161
f 4162 4163 4164
f 4165 4166 4167
f 4168 4169 4170
f 4171 4172 4173
f 4174 4175 4176
f 4177 4178 4179
f 4180 4181 4182
f 4183 4184 4185
f 4186 4187 4188
f 4189 4190 4191
f 4192 4193 4194
f 4195 4196 4197
f 4198 4199 4200
f 4201 4202 4203
f 4204 4205 4206
f 4207 4208 4209
f 4210 4211 4212
f 4213 4214 4215
f 4216 4217 4218
f 4219 4220 4221
f 4222 4223 4224
f 4225 4226 4227
f 4228 4229 4230
f 4231 4232 4233
f 4234 4235 4236
f 4237 4238 4239
f 4240 4241 4242
f 4243 4244 4245
f 4246 4247 4248
f 4249 4250 4251
f 4252 4253 4254
f 4255 4256 4257
f 4258 4259 4260
f 4261 4262 4263
f 4264 4265 4266
f 4267 4268 4269
f 4270 4271 4272
f 4273 4274 4275
f 4276 4277 4278
f 4279 4280 4281
f 4282 4283 4284
f 4285 4286 4287
f 4288 4289 4290
f 4291 4292 4293
f 4294 4295 4296
f 4297 4298 4299
f 4300 4301 4302
f 4303 4304 4305
f 4306 4307 4308
f 4309 4310 4311
f 4312 4313 4314
f 4315 4316 4317
f 4318 4319 4320
f 4321 4322 4323
f 4324 4325 4326
f 4327 4328 4329
f 4330 4331 4332
f 4333 4334 4335
f 4336 4337 4338
f 4339 4340 4341
f 4342 4343 4344
f 4345 4346 4347
f 4348 4349 4350
f 4351 4352 4353
f 4354 4355 4356
f 4357 4358 4359
f 4360 4361 4362
f 4363 4364 4365
f 4366 4367 4368
f 4369 4370 4371
f 4372 4373 4374
f 4375 4376 4377
f 4378 4379 4380
f 4381 4382 4383
f 4384 4385 4386
f 4387 4388 4389
f 4390 4391 4392
f 4393 4394 4395
f 4396 4397 4398
f 4399 4400 4401
f 4402 4403 4404
f 4405 4406 4407
f 4408 4409 4410
f 4411 4412 4413
f 4414 4415 4416
f 4417 4418 4419
f 4420 4421 4422
f 4423 4424 4425
f 4426 4427 4428
f 4429 4430 4431
f 4432 4433 4434
f 4435 4436 4437
f 4438 4439 4440
f 4441 4442 4443
f 4444 4445 4446
f 4447 4448 4449
f 4450 4451 4452
f 4453 4454 4455
f 4456 4457 4458
f 4459 4460 4461
f 4462 4463 4464
f 4465 4466 4467
f 4468 4469 4470
f 4471 4472 4473
f 4474 4475 4476
f 4477 4478 4479
f 4480 4481 4482
f 4483 4484 4485
f 4486 4487 4488
f 4489 4490 4491
f 4492 4493 4494
f 4495 4496 4497
f 4498 4499 4500
f 4501 4502 4503
f 4504 4505 4506
f 4507 4508 4509
f 4510 4511 4512
f 4513 4514 4515
f 4516 4517 4518
f 4519 4520 4521
f 4522 4523 4524
f 4525 4526 4527
f 4528 4529 4530
f 4531 4532 4533
f 4534 4535 4536
f 4537 4538 4539
f 4540 4541 4542
f 4543 4544 4545
f 4546 4547 4548
f 4549 4550 4551
f 4552 4553 4554
f 4555 4556 4557
f 4558 4559 4560
f 4561 4562 4563
f 4564 4565 4566
f 4567 4568 4569
f 4570 4571 4572
f 4573 4574 4575
f 4576 4577 4578
f 4579 4580 4581
f 4582 4583 4584
f 4585 4586 4587
f 4588 4589 4590
f 4591 4592 4593
f 4594 4595 4596
f 4597 4598 4599
f 4600 4601 4602
f 4603 4604 4605
f 4606 4607 4608
f 4609 4610 4611
f 4612 4613 4614
f 4615 4616 4617
f 4618 4619 4620
f 4621 4622 4623
f 4624 4625 4626
f 4627 4628 4629
f 4630 4631 4632
f 4633 4634 4635
f 4636 4637 4638
f 4639 4640 4641
f 4642 4643 4644
f 4645 4646 4647
f 4648 4649 4650
f 4651 4652 4653
f 4654 4655 4656
f 4657 4658 4659
f 4660 4661 4662
f 4663 4664 4665
f 4666 4667 4668
f 4669 4670 4671
f 4672 4673 4674
f 4675 4676 4677
f 4678 4679 4680
f 4681 4682 4683
f 4684 4685 4686
f 4687 4688 4689
f 4690 4691 4692
f 4693 4694 4695
f 4696 4697 4698
f 4699 4700 4701
f 4702 4703 4704
f 4705 4706 4707
f 4708 4709 4710
f 4711 4712 4713
f 4714 4715 4716
f 4717 4718 4719
f 4720 4721 4722
f 4723 4724 4725
f 4726 4727 4728
f 4729 4730 4731
f 4732 4733 4734
f 4735 4736 4737
f 4738 4739 4740
f 4741 4742 4743
f 4744 4745 4746
f 4747 4748 4749
f 4750 4751 4752
f 4753 4754 4755
f 4756 4757 4758
f 4759 4760 4761
f 4762 4763 4764
f 4765 4766 4767
f 4768 4769 4770
f 4771 4772 4773
f 4774 4775 4776
f 4777 4778 4779
f 4780 4781 4782
f 4783 4784 4785
f 4786 4787 4788
f 4789 4790 4791
f 4792 4793 4794
f 4795 4796 4797
f 4798 4799 4800
f 4801 4802 4803
f 4804 4805 4806
f 4807 4808 4809
f 4810 4811 4812
f 4813 4814 4815
f 4816 4817 4818
f 4819 4820 4821
f 4822 4823 4824
f 4825 4826 4827
f 4828 4829 4830
f 4831 4832 4833
f 4834 4835 4836
f 4837 4838 4839
f 4840 4841 4842
f 4843 4844 4845
f 4846 4847 4848
f 4849 4850 4851
f 4852 4853 4854
f 4855 4856 4857
f 4858 4859 4860
f 4861 4862 4863
f 4864 4865 4866
f 4867 4868 4869
f 4870 4871 4872
f 4873 4874 4875
f 4876 4877 4878
f 4879 4880 4881
f 4882 4883 4884
f 4885 4886 4887
f 4888 4889 4890
f 4891 4892 4893
f 4894 4895 4896
f 4897 4898 4899
f 4900 4901 4902
f 4903 4904 4905
f 4906 4907 4908
f 4909 4910 4911
f 4912 4913 4914
f 4915 4916 4917
f 4918 4919 4920
f 4921 4922 4923
f 4924 4925 4926
f 4927 4928 4929
f 4930 4931 4932
f 4933 4934 4935
f 4936 4937 4938
f 4939 4940 4941
f 4942 4943 4944
f 4945 4946 4947
f 4948 4949 4950
f 4951 4952 4953
f 4954 4955 4956
f 4957 4958 4959
f 4960 4961 4962
f 4963 4964 4965
f 4966 4967 4968
f 4969 4970 4971
f 4972 4973 4974
f 4975 4976 4977
f 4978 4979 4980
f 4981 4982 4983
f 4984 4985 4986
f 4987 4988 4989
f 4990 4991 4992
f 4993 4994 4995
f 4996 4997 4998
f 4999 5000 5001
f 5002 5003 5004
f 5005 5006 5007
f 5008 5009 5010
f 5011 5012 5013
f 5014 5015 5016
f 5017 5018 5019
f 5020 5021 5022
f 5023 5024 5025
f 5026 5027 5028
f 5029 5030 5031
f 5032 5033 5034
f 5035 5036 5037
f 5038 5039 5040
f 5041 5042 5043
f 5044 5045 5046
f 5047 5048 5049
f 5050 5051 5052
f 5053 5054 5055
f 5056 5057 5058
f 5059 5060 5061
f 5062 5063 5064
f 5065 5066 5067
f 5068 5069 5070
f 5071 5072 5073
f 5074 5075 5076
f 5077 5078 5079
f 5080 5081 5082
f 5083 5084 5085
f 5086 5087 5088
f 5089 5090 5091
f 5092 5093 5094
f 5095 5096 5097
f 5098 5099 5100
f 5101 5102 5103
f 5104 5105 5106
f 5107 5108 5109
f 5110 5111 5112
f 5113 5114 5115
f 5116 5117 5118
f 5119 5120 5121
f 5122 5123 5124
f 5125 5126 5127
f 5128 5129 5130
f 5131 5132 5133
f 5134 5135 5136
f 5137 5138 5139
f 5140 5141 5142
f 5143 5144 5145
f 5146 5147 5148
f 5149 5150 5151
f 5152 5153 5154
f 5155 5156 5157
f 5158 5159 5160
f 5161 5162 5163
f 5164 5165 5166
f 5167 5168 5169
f 5170 5171 5172
f 5173 5174 5175
f 5176 5177 5178
f 5179 5180 5181
f 5182 5183 5184
f 5185 5186 5187
f 5188 5189 5190
f 5191 5192 5193
f 5194 5195 5196
f 5197 5198 5199
f 5200 5201 5202
f 5203 5204 5205
f 5206 5207 5208
f 5209 5210 5211
f 5212 5213 5214
f 5215 5216 5217
f 5218 5219 5220
f 5221 5222 5223
f 5224 5225 5226
f 5227 5228 5229
f 5230 5231 5232
f 5233 5234 5235
f 5236 5237 5238
f 5239 5240 5241
f 5242 5243 5244
f 5245 5246 5247
f 5248 5249 5250
f 5251 5252 5253
f 5254 5255 5256
f 5257 5258 5259
f 5260 5261 5262
f 5263 5264 5265
f 5266 5267 5268
f 5269 5270 5271
f 5272 5273 5274
f 5275 5276 5277
f 5278 5279 5280
f 5281 5282 5283
f 5284 5285 5286
f 5287 5288 5289
f 5290 5291 5292
f 5293 5294 5295
f 5296 5297 5298
f 5299 5300 5301
f 5302 5303 5304
f 5305 5306 5307
f 5308 5309 5310
f 5311 5312 5313
f 5314 5315 5316
f 5317 5318 5319
f 5320 5321 5322
f 5323 5324 5325
f 5326 5327 5328
f 5329 5330 5331
f 5332 5333 5334
f 5335 5336 5337
f 5338 5339 5340
f 5341 5342 5343
f 5344 5345 5346
f 5347 5348 5349
f 5350 5351 5352
f 5353 5354 5355
f 5356 5357 5358
f 5359 5360 5361
f 5362 5363 5364
f 5365 5366 5367
f 5368 5369 5370
f 5371 5372 5373
f 5374 5375 5376
f 5377 5378 5379
f 5380 5381 5382
f 5383 5384 5385
f 5386 5387 5388
f 5389 5390 5391
f 5392 5393 5394
f 5395 5396 5397
f 5398 5399 5400
f 5401 5402 5403
f 5404 5405 5406
f 5407 5408 5409
f 5410 5411 5412
f 5413 5414 5415
f 5416 5417 5418
f 5419 5420 5421
f 5422 5423 5424
f 5425 5426 5427
f 5428 5429 5430
f 5431 5432 5433
f 5434 5435 5436
f 5437 5438 5439
f 5440 5441 5442
f 5443 5444 5445
f 5446 5447 5448
f 5449 5450 5451
f 5452 5453 5454
f 5455 5456 5457
f 5458 5459 5460
f 5461 5462 5463
f 5464 5465 5466
f 5467 5468 5469
f 5470 5471 5472
f 5473 5474 5475
f 5476 5477 5478
f 5479 5480 5481
f 5482 5483 5484
f 5485 5486 5487
f 5488 5489 5490
f 5491 5492 5493
f 5494 5495 5496
f 5497 5498 5499
f 5500 5501 5502
f 5503 5504 5505
f 5506 5507 5508
f 5509 5510 5511
f 5512 5513 5514
f 5515 5516 5517
f 5518 5519 5520
f 5521 5522 5523
f 5524 5525 5526
f 5527 5528 5529
f 5530 5531 5532
f 5533 5534 5535
f 5536 5537 5538
f 5539 5540 5541
f 5542 5543 5544
f 5545 5546 5547
f 5548 5549 5550
f 5551 5552 5553
f 5554 5555 5556
f 5557 5558 5559
f 5560 5561 5562
f 5563 5564 5565
f 5566 5567 5568
f 5569 5570 5571
f 5572 5573 5574
f 5575 5576 5577
f 5578 5579 5580
f 5581 5582 5583
f 5584 5585 5586
f 5587 5588 5589
f 5590 5591 5592
f 5593 5594 5595
f 5596 5597 5598
f 5599 5600 5601
f 5602 5603 5604
f 5605 5606 5607
f 5608 5609 5610
f 5611 5612 5613
f 5614 5615 5616
f 5617 5618 5619
f 5620 5621 5622
f 5623 5624 5625
f 5626 5627 5628
f 5629 5630 5631
f 5632 5633 5634
f 5635 5636 5637
f 5638 5639 5640
f 5641 5642 5643
f 5644 5645 5646
f 5647 5648 5649
f 5650 5651 5652
f 5653 5654 5655
f 5656 5657 5658
f 5659 5660 5661
f 5662 5663 5664
f 5665 5666 5667
f 5668 5669 5670
f 5671 5672 5673
f 5674 5675 5676
f 5677 5678 5679
f 5680 5681 5682
f 5683 5684 5685
f 5686 5687 5688
f 5689 5690 5691
f 5692 5693 5694
f 5695 5696 5697
f 5698 5699 5700
f 5701 5702 5703
f 5704 5705 5706
f 5707 5708 5709
f 5710 5711 5712
f 5713 5714 5715
f 5716 5717 5718
f 5719 5720 5721
f 5722 5723 5724
f 5725 5726 5727
f 5728 5729 5730
f 5731 5732 5733
f 5734 5735 5736
f 5737 5738 5739
f 5740 5741 5742
f 5743 5744 5745
f 5746 5747 5748
f 5749 5750 5751
f 5752 5753 5754
f 5755 5756 5757
f 5758 5759 5760
f 5761 5762 5763
f 5764 5765 5766
f 5767 5768 5769
f 5770 5771 5772
f 5773 5774 5775
f 5776 5777 5778
f 5779 5780 5781
f 5782 5783 5784
f 5785 5786 5787
f 5788 5789 5790
f 5791 5792 5793
f 5794 5795 5796
f 5797 5798 5799
f 5800 5801 5802
f 5803 5804 5805
f 5806 5807 5808
f 5809 5810 5811
f 5812 5813 5814
f 5815 5816 5817
f 5818 5819 5820
f 5821 5822 5823
f 5824 5825 5826
f 5827 5828 5829
f 5830 5831 5832
f 5833 5834 5835
f 5836 5837 5838
f 5839 5840 5841
f 5842 5843 5844
f 5845 5846 5847
f 5848 5849 5850
f 5851 5852 5853
f 5854 5855 5856
f 5857 5858 5859
f 5860 5861 5862
f 5863 5864 5865
f 5866 5867 5868
f 5869 5870 5871
f 5872 5873 5874
f 5875 5876 5877
f 5878 5879 5880
f 5881 5882 5883
f 5884 5885 5886
f 5887 5888 5889
f 5890 5891 5892
f 5893 5894 5895
f 5896 5897 5898
f 5899 5900 5901
f 5902 5903 5904
f 5905 5906 5907
f 5908 5909 5910
f 5911 5912 5913
f 5914 5915 5916
f 5917 5918 5919
f 5920 5921 5922
f 5923 5924 5925
f 5926 5927 5928
f 5929 5930 5931
f 5932 5933 5934
f 5935 5936 5937
f 5938 5939 5940
f 5941 5942 5943
f 5944 5945 5946
f 5947 5948 5949
f 5950 5951 5952
f 5953 5954 5955
f 5956 5957 5958
f 5959 5960 5961
f 5962 5963 5964
f 5965 5966 5967
f 5968 5969 5970
f 5971 5972 5973
f 5974 5975 5976
f 5977 5978 5979
f 5980 5981 5982
f 5983 5984 5985
f 5986 5987 5988
f 5989 5990 5991
f 5992 5993 5994
f 5995 5996 5997
f 5998 5999 6000
f 6001 6002 6003
f 6004 6005 6006
f 6007 6008 6009
f 6010 6011 6012
f 6013 6014 6015
f 6016 6017 6018
f 6019 6020 6021
f 6022 6023 6024
f 6025 6026 6027
f 6028 6029 6030
f 6031 6032 6033
f 6034 6035 6036
f 6037 6038 6039
f 6040 6041 6042
f 6043 6044 6045
f 6046 6047 6048
f 6049 6050 6051
f 6052 6053 6054
f 6055 6056 6057
f 6058 6059 6060
f 6061 6062 6063
f 6064 6065 6066
f 6067 6068 6069
f 6070 6071 6072
f 6073 6074 6075
f 6076 6077 6078
f 6079 6080 6081
f 6082 6083 6084
f 6085 6086 6087
f 6088 6089 6090
f 6091 6092 6093
f 6094 6095 6096
f 6097 6098 6099
f 6100 6101 6102
f 6103 6104 6105
f 6106 6107 6108
f 6109 6110 6111
f 6112 6113 6114
f 6115 6116 6117
f 6118 6119 6120
f 6121 6122 6123
f 6124 6125 6126
f 6127 6128 6129
f 6130 6131 6132
f 6133 6134 6135
f 6136 6137 6138
f 6139 6140 6141
f 6142 6143 6144
f 6145 6146 6147
f 6148 6149 6150
f 6151 6152 6153
f 6154 6155 6156
f 6157 6158 6159
f 6160 6161 6162
f 6163 6164 6165
f 6166 6167 6168
f 6169 6170 6171
f 6172 6173 6174
f 6175 6176 6177
f 6178 6179 6180
f 6181 6182 6183
f 6184 6185 6186
f 6187 6188 6189
f 6190 6191 6192
f 6193 6194 6195
f 6196 6197 6198
f 6199 6200 6201
f 6202 6203 6204
f 6205 6206 6207
f 6208 6209 6210
f 6211 6212 6213
f 6214 6215 6216
f 6217 6218 6219
f 6220 6221 6222
f 6223 6224 6225
f 6226 6227 6228
f 6229 6230 6231
f 6232 6233 6234
f 6235 6236 6237
f 6238 6239 6240
f 6241 6242 6243
f 6244 6245 6246
f 6247 6248 6249
f 6250 6251 6252
f 6253 6254 6255
f 6256 6257 6258
f 6259 6260 6261
f 6262 6263 6264
f 6265 6266 6267
f 6268 6269 6270
f 6271 6272 6273
f 6274 6275 6276
f 6277 6278 6279
f 6280 6281 6282
f 6283 6284 6285
f 6286 6287 6288
f 6289 6290 6291
f 6292 6293 6294
f 6295 6296 6297
f 6298 6299 6300
f 6301 6302 6303
f 6304 6305 6306
f 6307 6308 6309
f 6310 6311 6312
f 6313 6314 6315
f 6316 6317 6318
f 6319 6320 6321
f 6322 6323 6324
f 6325 6326 6327
f 6328 6329 6330
f 6331 6332 6333
f 6334 6335 6336
f 6337 6338 6339
f 6340 6341 6342
f 6343 6344 6345
f 6346 6347 6348
f 6349 6350 6351
f 6352 6353 6354
f 6355 6356 6357
f 6358 6359 6360
f 6361 6362 6363
f 6364 6365 6366
f 6367 6368 6369
f 6370 6371 6372
f 6373 6374 6375
f 6376 6377 6378
f 6379 6380 6381
f 6382 6383 6384
f 6385 6386 6387
f 6388 6389 6390
f 6391 6392 6393
f 6394 6395 6396
f 6397 6398 6399
f 6400 6401 6402
f 6403 6404 6405
f 6406 6407 6408
f 6409 6410 6411
f 6412 6413 6414
f 6415 6416 6417
f 6418 6419 6420
f 6421 6422 6423
f 6424 6425 6426
f 6427 6428 6429
f 6430 6431 6432
f 6433 6434 6435
f 6436 6437 6438
f 6439 6440 6441
f 6442 6443 6444
f 6445 6446 6447
f 6448 6449 6450
f 6451 6452 6453
f 6454 6455 6456
f 6457 6458 6459
f 6460 6461 6462
f 6463 6464 6465
f 6466 6467 6468
f 6469 6470 6471
f 6472 6473 6474
f 6475 6476 6477
f 6478 6479 6480
f 6481 6482 6483
f 6484 6485 6486
f 6487 6488 6489
f 6490 6491 6492
f 6493 6494 6495
f 6496 6497 6498
f 6499 6500 6501
f 6502 6503 6504
f 6505 6506 6507
f 6508 6509 6510
f 6511 6512 6513
f 6514 6515 6516
f 6517 6518 6519
f 6520 6521 6522
f 6523 6524 6525
f 6526 6527 6528
f 6529 6530 6531
f 6532 6533 6534
f 6535 6536 6537
f 6538 6539 6540
f 6541 6542 6543
f 6544 6545 6546
f 6547 6548 6549
f 6550 6551 6552
f 6553 6554 6555
f 6556 6557 6558
f 6559 6560 6561
f 6562 6563 6564
f 6565 6566 6567
f 6568 6569 6570
f 6571 6572 6573
f 6574 6575 6576
f 6577 6578 6579
f 6580 6581 6582
f 6583 6584 6585
f 6586 6587 6588
f 6589 6590 6591
f 6592 6593 6594
f 6595 6596 6597
f 6598 6599 6600
f 6601 6602 6603
f 6604 6605 6606
f 6607 6608 6609
f 6610 6611 6612
f 6613 6614 6615
f 6616 6617 6618
f 6619 6620 6621
f 6622 6623 6624
f 6625 6626 6627
f 6628 6629 6630
f 6631 6632 6633
f 6634 6635 6636
f 6637 6638 6639
f 6640 6641 6642
f 6643 6644 6645
f 6646 6647 6648
f 6649 6650 6651
f 6652 6653 6654
f 6655 6656 6657
f 6658 6659 6660
f 6661 6662 6663
f 6664 6665 6666
f 6667 6668 6669
f 6670 6671 6672
f 6673 6674 6675
f 6676 6677 6678
f 6679 6680 6681
f 6682 6683 6684
f 6685 6686 6687
f 6688 6689 6690
f 6691 6692 6693
f 6694 6695 6696
f 6697 6698 6699
f 6700 6701 6702
f 6703 6704 6705
f 6706 6707 6708
f 6709 6710 6711
f 6712 6713 6714
f 6715 6716 6717
f 6718 6719 6720
f 6721 6722 6723
f 6724 6725 6726
f 6727 6728 6729
f 6730 6731 6732
f 6733 6734 6735
f 6736 6737 6738
f 6739 6740 6741
f 6742 6743 6744
f 6745 6746 6747
f 6748 6749 6750
f 6751 6752 6753
f 6754 6755 6756
f 6757 6758 6759
f 6760 6761 6762
f 6763 6764 6765
f 6766 6767 6768
f 6769 6770 6771
f 6772 6773 6774
f 6775 6776 6777
f 6778 6779 6780
f 6781 6782 6783
f 6784 6785 6786
f 6787 6788 6789
f 6790 6791 6792
f 6793 6794 6795
f 6796 6797 6798
f 6799 6800 6801
f 6802 6803 6804
f 6805 6806 6807
f 6808 6809 6810
f 6811 6812 6813
f 6814 6815 6816
f 6817 6818 6819
f 6820 6821 6822
f 6823 6824 6825
f 6826 6827 6828
f 6829 6830 6831
f 6832 6833 6834
f 6835 6836 6837
f 6838 6839 6840
f 6841 6842 6843
f 6844 6845 6846
f 6847 6848 6849
f 6850 6851 6852
f 6853 6854 6855
f 6856 6857 6858
f 6859 6860 6861
f 6862 6863 6864
f 6865 6866 6867
f 6868 6869 6870
f 6871 6872 6873
f 6874 6875 6876
f 6877 6878 6879
f 6880 6881 6882
f 6883 6884 6885
f 6886 6887 6888
f 6889 6890 6891
f 6892 6893 6894
f 6895 6896 6897
f 6898 6899 6900
f 6901 6902 6903
f 6904 6905 6906
f 6907 6908 6909
f 6910 6911 6912
f 6913 6914 6915
f 6916 6917 6918
f 6919 6920 6921
f 6922 6923 6924
f 6925 6926 6927
f 6928 6929 6930
f 6931 6932 6933
f 6934 6935 6936
f 6937 6938 6939
f 6940 6941 6942
f 6943 6944 6945
f 6946 6947 6948
f 6949 6950 6951
f 6952 6953 6954
f 6955 6956 6957
f 6958 6959 6960
f 6961 6962 6963
f 6964 6965 6966
f 6967 6968 6969
f 6970 6971 6972
f 6973 6974 6975
f 6976 6977 6978
f 6979 6980 6981
f 6982 6983 6984
f 6985 6986 6987
f 6988 6989 6990
f 6991 6992 6993
f 6994 6995 6996
f 6997 6998 6999
f 7000 7001 7002
f 7003 7004 7005
f 7006 7007 7008
f 7009 7010 7011
f 7012 7013 7014
f 7015 7016 7017
f 7018 7019 7020
f 7021 7022 7023
f 7024 7025 7026
f 7027 7028 7029
f 7030 7031 7032
f 7033 7034 7035
f 7036 7037 7038
f 7039 7040 7041
f 7042 7043 7044
f 7045 7046 7047
f 7048 7049 7050
f 7051 7052 7053
f 7054 7055 7056
f 7057 7058 7059
f 7060 7061 7062
f 7063 7064 7065
f 7066 7067 7068
f 7069 7070 7071
f 7072 7073 7074
f 7075 7076 7077
f 7078 7079 7080
f 7081 7082 7083
f 7084 7085 7086
f 7087 7088 7089
f 7090 7091 7092
f 7093 7094 7095
f 7096 7097 7098
f 7099 7100 7101
f 7102 7103 7104
f 7105 7106 7107
f 7108 7109 7110
f 7111 7112 7113
f 7114 7115 7116
f 7117 7118 7119
f 7120 7121 7122
f 7123 7124 7125
f 7126 7127 7128
f 7129 7130 7131
f 7132 7133 7134
f 7135 7136 7137
f 7138 7139 7140
f 7141 7142 7143
f 7144 7145 7146
f 7147 7148 7149
f 7150 7151 7152
f 7153 7154 7155
f 7156 7157 7158
f 7159 7160 7161
f 7162 7163 7164
f 7165 7166 7167
f 7168 7169 7170
f 7171 7172 7173
f 7174 7175 7176
f 7177 7178 7179
f 7180 7181 7182
f 7183 7184 7185
f 7186 7187 7188
f 7189 7190 7191
f 7192 7193 7194
f 7195 7196 7197
f 7198 7199 7200
f 7201 7202 7203
f 7204 7205 7206
f 7207 7208 7209
f 7210 7211 7212
f 7213 7214 7215
f 7216 7217 7218
f 7219 7220 7221
f 7222 7223 7224
f 7225 7226 7227
f 7228 7229 7230
f 7231 7232 7233
f 7234 7235 7236
f 7237 7238 7239
f 7240 7241 7242
f 7243 7244 7245
f 7246 7247 7248
f 7249 7250 7251
f 7252 7253 7254
f 7255 7256 7257
f 7258 7259 7260
f 7261 7262 7263
f 7264 7265 7266
f 7267 7268 7269
f 7270 7271 7272
f 7273 7274 7275
f 7276 7277 7278
f 7279 7280 7281
f 7282 7283 7284
f 7285 7286 7287
f 7288 7289 7290
f 7291 7292 7293
f 7294 7295 7296
f 7297 7298 7299
f 7300 7301 7302
f 7303 7304 7305
f 7306 7307 7308
f 7309 7310 7311
f 7312 7313 7314
f 7315 7316 7317
f 7318 7319 7320
f 7321 7322 7323
f 7324 7325 7326
f 7327 7328 7329
f 7330 7331 7332
f 7333 7334 7335
f 7336 7337 7338
f 7339 7340 7341
f 7342 7343 7344
f 7345 7346 7347
f 7348 7349 7350
f 7351 7352 7353
f 7354 7355 7356
f 7357 7358 7359
f 7360 7361 7362
f 7363 7364 7365
f 7366 7367 7368
f 7369 7370 7371
f 7372 7373 7374
f 7375 7376 7377
f 7378 7379 7380
f 7381 7382 7383
f 7384 7385 7386
f 7387 7388 7389
f 7390 7391 7392
f 7393 7394 7395
f 7396 7397 7398
f 7399 7400 7401
f 7402 7403 7404
f 7405 7406 7407
f 7408 7409 7410
f 7411 7412 7413
f 7414 7415 7416
f 7417 7418 7419
f 7420 7421 7422
f 7423 7424 7425
f 7426 7427 7428
f 7429 7430 7431
f 7432 7433 7434
f 7435 7436 7437
f 7438 7439 7440
f 7441 7442 7443
f 7444 7445 7446
f 7447 7448 7449
f 7450 7451 7452
f 7453 7454 7455
f 7456 7457 7458
f 7459 7460 7461
f 7462 7463 7464
f 7465 7466 7467
f 7468 7469 7470
f 7471 7472 7473
f 7474 7475 7476
f 7477 7478 7479
f 7480 7481 7482
f 7483 7484 7485
f 7486 7487 7488
f 7489 7490 7491
f 7492 7493 7494
f 7495 7496 7497
f 7498 7499 7500
f 7501 7502 7503
f 7504 7505 7506
f 7507 7508 7509
f 7510 7511 7512
f 7513 7514 7515
f 7516 7517 7518
f 7519 7520 7521
f 7522 7523 7524
f 7525 7526 7527
f 7528 7529 7530
f 7531 7532 7533
f 7534 7535 7536
f 7537 7538 7539
f 7540 7541 7542
f 7543 7544 7545
f 7546 7547 7548
f 7549 7550 7551
f 7552 7553 7554
f 7555 7556 7557
f 7558 7559 7560
f 7561 7562 7563
f 7564 7565 7566
f 7567 7568 7569
f 7570 7571 7572
f 7573 7574 7575
f 7576 7577 7578
f 7579 7580 7581
f 7582 7583 7584
f 7585 7586 7587
f 7588 7589 7590
f 7591 7592 7593
f 7594 7595 7596
f 7597 7598 7599
f 7600 7601 7602
f 7603 7604 7605
f 7606 7607 7608
f 7609 7610 7611
f 7612 7613 7614
f 7615 7616 7617
f 7618 7619 7620
f 7621 7622 7623
f 7624 7625 7626
f 7627 7628 7629
f 7630 7631 7632
f 7633 7634 7635
f 7636 7637 7638
f 7639 7640 7641
f 7642 7643 7644
f 7645 7646 7647
f 7648 7649 7650
f 7651 7652 7653
f 7654 7655 7656
f 7657 7658 7659
f 7660 7661 7662
f 7663 7664 7665
f 7666 7667 7668
f 7669 7670 7671
f 7672 7673 7674
f 7675 7676 7677
f 7678 7679 7680
f 7681 7682 7683
f 7684 7685 7686
f 7687 7688 7689
f 7690 7691 7692
f 7693 7694 7695
f 7696 7697 7698
f 7699 7700 7701
f 7702 7703 7704
f 7705 7706 7707
f 7708 7709 7710
f 7711 7712 7713
f 7714 7715 7716
f 7717 7718 7719
f 7720 7721 7722
f 7723 7724 7725
f 7726 7727 7728
f 7729 7730 7731
f 7732 7733 7734
f 7735 7736 7737
f 7738 7739 7740
f 7741 7742 7743
f 7744 7745 7746
f 7747 7748 7749
f 7750 7751 7752
f 7753 7754 7755
f 7756 7757 7758
f 7759 7760 7761
f 7762 7763 7764
f 7765 7766 7767
f 7768 7769 7770
f 7771 7772 7773
f 7774 7775 7776
f 7777 7778 7779
f 7780 7781 7782
f 7783 7784 7785
f 7786 7787 7788
f 7789 7790 7791
f 7792 7793 7794
f 7795 7796 7797
f 7798 7799 7800
f 7801 7802 7803
f 7804 7805 7806
f 7807 7808 7809
f 7810 7811 7812
f 7813 7814 7815
f 7816 7817 7818
f 7819 7820 7821
f 7822 7823 7824
f 7825 7826 7827
f 7828 7829 7830
f 7831 7832 7833
f 7834 7835 7836
f 7837 7838 7839
f 7840 7841 7842
f 7843 7844 7845
f 7846 7847 7848
f 7849 7850 7851
f 7852 7853 7854
f 7855 7856 7857
f 7858 7859 7860
f 7861 7862 7863
f 7864 7865 7866
f 7867 7868 7869
f 7870 7871 7872
f 7873 7874 7875
f 7876 7877 7878
f 7879 7880 7881
f 7882 7883 7884
f 7885 7886 7887
f 7888 7889 7890
f 7891 7892 7893
f 7894 7895 7896
f 7897 7898 7899
f 7900 7901 7902
f 7903 7904 7905
f 7906 7907 7908
f 7909 7910 7911
f 7912 7913 7914
f 7915 7916 7917
f 7918 7919 7920
f 7921 7922 7923
f 7924 7925 7926
f 7927 7928 7929
f 7930 7931 7932
f 7933 7934 7935
f 7936 7937 7938
f 7939 7940 7941
f 7942 7943 7944
f 7945 7946 7947
f 7948 7949 7950
f 7951 7952 7953
f 7954 7955 7956
f 7957 7958 7959
f 7960 7961 7962
f 7963 7964 7965
f 7966 7967 7968
f 7969 7970 7971
f 7972 7973 7974
f 7975 7976 7977
f 7978 7979 7980
f 7981 7982 7983
f 7984 7985 7986
f 7987 7988 7989
f 7990 7991 7992
f 7993 7994 7995
f 7996 7997 7998
f 7999 8000 8001
f 8002 8003 8004
f 8005 8006 8007
f 8008 8009 8010
f 8011 8012 8013
f 8014 8015 8016
f 8017 8018 8019
f 8020 8021 8022
f 8023 8024 8025
f 8026 8027 8028
f 8029 8030 8031
f 8032 8033 8034
f 8035 8036 8037
f 8038 8039 8040
f 8041 8042 8043
f 8044 8045 8046
f 8047 8048 8049
f 8050 8051 8052
f 8053 8054 8055
f 8056 8057 8058
f 8059 8060 8061
f 8062 8063 8064
f 8065 8066 8067
f 8068 8069 8070
f 8071 8072 8073
f 8074 8075 8076
f 8077 8078 8079
f 8080 8081 8082
f 8083 8084 8085
f 8086 8087 8088
f 8089 8090 8091
f 8092 8093 8094
f 8095 8096 8097
f 8098 8099 8100
f 8101 8102 8103
f 8104 8105 8106
f 8107 8108 8109
f 8110 8111 8112
f 8113 8114 8115
f 8116 8117 8118
f 8119 8120 8121
f 8122 8123 8124
f 8125 8126 8127
f 8128 8129 8130
f 8131 8132 8133
f 8134 8135 8136
f 8137 8138 8139
f 8140 8141 8142
f 8143 8144 8145
f 8146 8147 8148
f 8149 8150 8151
f 8152 8153 8154
f 8155 8156 8157
f 8158 8159 8160
f 8161 8162 8163
f 8164 8165 8166
f 8167 8168 8169
f 8170 8171 8172
f 8173 8174 8175
f 8176 8177 8178
f 8179 8180 8181
f 8182 8183 8184
f 8185 8186 8187
f 8188 8189 8190
f 8191 8192 8193
f 8194 8195 8196
f 8197 8198 8199
f 8200 8201 8202
f 8203 8204 8205
f 8206 8207 8208
f 8209 8210 8211
f 8212 8213 8214
f 8215 8216 8217
f 8218 8219 8220
f 8221 8222 8223
f 8224 8225 8226
f 8227 8228 8229
f 8230 8231 8232
f 8233 8234 8235
f 8236 8237 8238
f 8239 8240 8241
f 8242 8243 8244
f 8245 8246 8247
f 8248 8249 8250
f 8251 8252 8253
f 8254 8255 8256
f 8257 8258 8259
f 8260 8261 8262
f 8263 8264 8265
f 8266 8267 8268
f 8269 8270 8271
f 8272 8273 8274
f 8275 8276 8277
f 8278 8279 8280
f 8281 8282 8283
f 8284 8285 8286
f 8287 8288 8289
f 8290 8291 8292
f 8293 8294 8295
f 8296 8297 8298
f 8299 8300 8301
f 8302 8303 8304
f 8305 8306 8307
f 8308 8309 8310
f 8311 8312 8313
f 8314 8315 8316
f 8317 8318 8319
f 8320 8321 8322
f 8323 8324 8325
f 8326 8327 8328
f 8329 8330 8331
f 8332 8333 8334
f 8335 8336 8337
f 8338 8339 8340
f 8341 8342 8343
f 8344 8345 8346
f 8347 8348 8349
f 8350 8351 8352
f 8353 8354 8355
f 8356 8357 8358
f 8359 8360 8361
f 8362 8363 8364
f 8365 8366 8367
f 8368 8369 8370
f 8371 8372 8373
f 8374 8375 8376
f 8377 8378 8379
f 8380 8381 8382
f 8383 8384 8385
f 8386 8387 8388
f 8389 8390 8391
f 8392 8393 8394
f 8395 8396 8397
f 8398 8399 8400
f 8401 8402 8403
f 8404 8405 8406
f 8407 8408 8409
f 8410 8411 8412
f 8413 8414 8415
f 8416 8417 8418
f 8419 8420 8421
f 8422 8423 8424
f 8425 8426 8427
f 8428 8429 8430
f 8431 8432 8433
f 8434 8435 8436
f 8437 8438 8439
f 8440 8441 8442
f 8443 8444 8445
f 8446 8447 8448
f 8449 8450 8451
f 8452 8453 8454
f 8455 8456 8457
f 8458 8459 8460
f 8461 8462 8463
f 8464 8465 8466
f 8467 8468 8469
f 8470 8471 8472
f 8473 8474 8475
f 8476 8477 8478
f 8479 8480 8481
f 8482 8483 8484
f 8485 8486 8487
f 8488 8489 8490
f 8491 8492 8493
f 8494 8495 8496
f 8497 8498 8499
f 8500 8501 8502
f 8503 8504 8505
f 8506 8507 8508
f 8509 8510 8511
f 8512 8513 8514
f 8515 8516 8517
f 8518 8519 8520
f 8521 8522 8523
f 8524 8525 8526
f 8527 8528 8529
f 8530 8531 8532
f 8533 8534 8535
f 8536 8537 8538
f 8539 8540 8541
f 8542 8543 8544
f 8545 8546 8547
f 8548 8549 8550
f 8551 8552 8553
f 8554 8555 8556
f 8557 8558 8559
f 8560 8561 8562
f 8563 8564 8565
f 8566 8567 8568
f 8569 8570 8571
f 8572 8573 8574
f 8575 8576 8577
f 8578 8579 8580
f 8581 8582 8583
f 8584 8585 8586
f 8587 8588 8589
f 8590 8591 8592
f 8593 8594 8595
f 8596 8597 8598
f 8599 8600 8601
f 8602 8603 8604
f 8605 8606 8607
f 8608 8609 8610
f 8611 8612 8613
f 8614 8615 8616
f 8617 8618 8619
f 8620 8621 8622
f 8623 8624 8625
f 8626 8627 8628
f 8629 8630 8631
f 8632 8633 8634
f 8635 8636 8637
f 8638 8639 8640
f 8641 8642 8643
f 8644 8645 8646
f 8647 8648 8649
f 8650 8651 8652
f 8653 8654 8655
f 8656 8657 8658
f 8659 8660 8661
f 8662 8663 8664
f 8665 8666 8667
f 8668 8669 8670
f 8671 8672 8673
f 8674 8675 8676
f 8677 8678 8679
f 8680 8681 8682
f 8683 8684 8685
f 8686 8687 8688
f 8689 8690 8691
f 8692 8693 8694
f 8695 8696 8697
f 8698 8699 8700
f 8701 8702 8703
f 8704 8705 8706
f 8707 8708 8709
f 8710 8711 8712
f 8713 8714 8715
f 8716 8717 8718
f 8719 8720 8721
f 8722 8723 8724
f 8725 8726 8727
f 8728 8729 8730
f 8731 8732 8733
f 8734 8735 8736
f 8737 8738 8739
f 8740 8741 8742
f 8743 8744 8745
f 8746 8747 8748
f 8749 8750 8751
f 8752 8753 8754
f 8755 8756 8757
f 8758 8759 8760
f 8761 8762 8763
f 8764 8765 8766
f 8767 8768 8769
f 8770 8771 8772
f 8773 8774 8775
f 8776 8777 8778
f 8779 8780 8781
f 8782 8783 8784
f 8785 8786 8787
f 8788 8789 8790
f 8791 8792 8793
f 8794 8795 8796
f 8797 8798 8799
f 8800 8801 8802
f 8803 8804 8805
f 8806 8807 8808
f 8809 8810 8811
f 8812 8813 8814
f 8815 8816 8817
f 8818 8819 8820
f 8821 8822 8823
f 8824 8825 8826
f 8827 8828 8829
f 8830 8831 8832
f 8833 8834 8835
f 8836 8837 8838
f 8839 8840 8841
f 8842 8843 8844
f 8845 8846 8847
f 8848 8849 8850
f 8851 8852 8853
f 8854 8855 8856
f 8857 8858 8859
f 8860 8861 8862
f 8863 8864 8865
f 8866 8867 8868
f 8869 8870 8871
f 8872 8873 8874
f 8875 8876 8877
f 8878 8879 8880
f 8881 8882 8883
f 8884 8885 8886
f 8887 8888 8889
f 8890 8891 8892
f 8893 8894 8895
f 8896 8897 8898
f 8899 8900 8901
f 8902 8903 8904
f 8905 8906 8907
f 8908 8909 8910
f 8911 8912 8913
f 8914 8915 8916
f 8917 8918 8919
f 8920 8921 8922
f 8923 8924 8925
f 8926 8927 8928
f 8929 8930 8931
f 8932 8933 8934
f 8935 8936 8937
f 8938 8939 8940
f 8941 8942 8943
f 8944 8945 8946
f 8947 8948 8949
f 8950 8951 8952
f 8953 8954 8955
f 8956 8957 8958
f 8959 8960 8961
f 8962 8963 8964
f 8965 8966 8967
f 8968 8969 8970
f 8971 8972 8973
f 8974 8975 8976
f 8977 8978 8979
f 8980 8981 8982
f 8983 8984 8985
f 8986 8987 8988
f 8989 8990 8991
f 8992 8993 8994
f 8995 8996 8997
f 8998 8999 9000
f 9001 9002 9003
f 9004 9005 9006
f 9007 9008 9009
f 9010 9011 9012
f 9013 9014 9015
f 9016 9017 9018
f 9019 9020 9021
f 9022 9023 9024
f 9025 9026 9027
f 9028 9029 9030
f 9031 9032 9033
f 9034 9035 9036
f 9037 9038 9039
f 9040 9041 9042
f 9043 9044 9045
f 9046 9047 9048
f 9049 9050 9051
f 9052 9053 9054
f 9055 9056 9057
f 9058 9059 9060
f 9061 9062 9063
f 9064 9065 9066
f 9067 9068 9069
f 9070 9071 9072
f 9073 9074 9075
f 9076 9077 9078
f 9079 9080 9081
f 9082 9083 9084
f 9085 9086 9087
f 9088 9089 9090
f 9091 9092 9093
f 9094 9095 9096
f 9097 9098 9099
f 9100 9101 9102
f 9103 9104 9105
f 9106 9107 9108
f 9109 9110 9111
f 9112 9113 9114
f 9115 9116 9117
f 9118 9119 9120
f 9121 9122 9123
f 9124 9125 9126
f 9127 9128 9129
f 9130 9131 9132
f 9133 9134 9135
f 9136 9137 9138
f 9139 9140 9141
f 9142 9143 9144
f 9145 9146 9147
f 9148 9149 9150
f 9151 9152 9153
f 9154 9155 9156
f 9157 9158 9159
f 9160 9161 9162
f 9163 9164 9165
f 9166 9167 9168
f 9169 9170 9171
f 9172 9173 9174
f 9175 9176 9177
f 9178 9179 9180
f 9181 9182 9183
f 9184 9185 9186
f 9187 9188 9189
f 9190 9191 9192
f 9193 9194 9195
f 9196 9197 9198
f 9199 9200 9201
f 9202 9203 9204
f 9205 9206 9207
f 9208 9209 9210
f 9211 9212 9213
f 9214 9215 9216
f 9217 9218 9219
f 9220 9221 9222
f 9223 9224 9225
f 9226 9227 9228
f 9229 9230 9231
f 9232 9233 9234
f 9235 9236 9237
f 9238 9239 9240
f 9241 9242 9243
f 9244 9245 9246
f 9247 9248 9249
f 9250 9251 9252
f 9253 9254 9255
f 9256 9257 9258
f 9259 9260 9261
f 9262 9263 9264
f 9265 9266 9267
f 9268 9269 9270
f 9271 9272 9273
f 9274 9275 9276
f 9277 9278 9279
f 9280 9281 9282
f 9283 9284 9285
f 9286 9287 9288
f 9289 9290 9291
f 9292 9293 9294
f 9295 9296 9297
f 9298 9299 9300
f 9301 9302 9303
f 9304 9305 9306
f 9307 9308 9309
f 9310 9311 9312
f 9313 9314 9315
f 9316 9317 9318
f 9319 9320 9321
f 9322 9323 9324
f 9325 9326 9327
f 9328 9329 9330
f 9331 9332 9333
f 9334 9335 9336
f 9337 9338 9339
f 9340 9341 9342
f 9343 9344 9345
f 9346 9347 9348
f 9349 9350 9351
f 9352 9353 9354
f 9355 9356 9357
f 9358 9359 9360
f 9361 9362 9363
f 9364 9365 9366
f 9367 9368 9369
f 9370 9371 9372
f 9373 9374 9375
f 9376 9377 9378
f 9379 9380 9381
f 9382 9383 9384
f 9385 9386 9387
f 9388 9389 9390
f 9391 9392 9393
f 9394 9395 9396
f 9397 9398 9399
f 9400 9401 9402
f 9403 9404 9405
f 9406 9407 9408
f 9409 9410 9411
f 9412 9413 9414
f 9415 9416 9417
f 9418 9419 9420
f 9421 9422 9423
f 9424 9425 9426
f 9427 9428 9429
f 9430 9431 9432
f 9433 9434 9435
f 9436 9437 9438
f 9439 9440 9441
f 9442 9443 9444
f 9445 9446 9447
f 9448 9449 9450
f 9451 9452 9453
f 9454 9455 9456
f 9457 9458 9459
f 9460 9461 9462
f 9463 9464 9465
f 9466 9467 9468
f 9469 9470 9471
f 9472 9473 9474
f 9475 9476 9477
f 9478 9479 9480
f 9481 9482 9483
f 9484 9485 9486
f 9487 9488 9489
f 9490 9491 9492
f 9493 9494 9495
f 9496 9497 9498
f 9499 9500 9501
f 9502 9503 9504
f 9505 9506 9507
f 9508 9509 9510
f 9511 9512 9513
f 9514 9515 9516
f 9517 9518 9519
f 9520 9521 9522
f 9523 9524 9525
f 9526 9527 9528
f 9529 9530 9531
f 9532 9533 9534
f 9535 9536 9537
f 9538 9539 9540
f 9541 9542 9543
f 9544 9545 9546
f 9547 9548 9549
f 9550 9551 9552
f 9553 9554 9555
f 9556 9557 9558
f 9559 9560 9561
f 9562 9563 9564
f 9565 9566 9567
f 9568 9569 9570
f 9571 9572 9573
f 9574 9575 9576
f 9577 9578 9579
f 9580 9581 9582
f 9583 9584 9585
f 9586 9587 9588
f 9589 9590 9591
f 9592 9593 9594
f 9595 9596 9597
f 9598 9599 9600
f 9601 9602 9603
f 9604 9605 9606
f 9607 9608 9609
f 9610 9611 9612
f 9613 9614 9615
f 9616 9617 9618
f 9619 9620 9621
f 9622 9623 9624
f 9625 9626 9627
f 9628 9629 9630
f 9631 9632 9633
f 9634 9635 9636
f 9637 9638 9639
f 9640 9641 9642
f 9643 9644 9645
f 9646 9647 9648
f 9649 9650 9651
f 9652 9653 9654
f 9655 9656 9657
f 9658 9659 9660
f 9661 9662 9663
f 9664 9665 9666
f 9667 9668 9669
f 9670 9671 9672
f 9673 9674 9675
f 9676 9677 9678
f 9679 9680 9681
f 9682 9683 9684
f 9685 9686 9687
f 9688 9689 9690
f 9691 9692 9693
f 9694 9695 9696
f 9697 9698 9699
f 9700 9701 9702
f 9703 9704 9705
f 9706 9707 9708
f 9709 9710 9711
f 9712 9713 9714
f 9715 9716 9717
f 9718 9719 9720
f 9721 9722 9723
f 9724 9725 9726
f 9727 9728 9729
f 9730 9731 9732
f 9733 9734 9735
f 9736 9737 9738
f 9739 9740 9741
f 9742 9743 9744
f 9745 9746 9747
f 9748 9749 9750
f 9751 9752 9753
f 9754 9755 9756
f 9757 9758 9759
f 9760 9761 9762
f 9763 9764 9765
f 9766 9767 9768
f 9769 9770 9771
f 9772 9773 9774
f 9775 9776 9777
f 9778 9779 9780
f 9781 9782 9783
f 9784 9785 9786
f 9787 9788 9789
f 9790 9791 9792
f 9793 9794 9795
f 9796 9797 9798
f 9799 9800 9801
f 9802 9803 9804
f 9805 9806 9807
f 9808 9809 9810
f 9811 9812 9813
f 9814 9815 9816
f 9817 9818 9819
f 9820 9821 9822
f 9823 9824 9825
f 9826 9827 9828
f 9829 9830 9831
f 9832 9833 9834
f 9835 9836 9837
f 9838 9839 9840
f 9841 9842 9843
f 9844 9845 9846
f 9847 9848 9849
f 9850 9851 9852
f 9853 9854 9855
f 9856 9857 9858
f 9859 9860 9861
f 9862 9863 9864
f 9865 9866 9867
f 9868 9869 9870
f 9871 9872 9873
f 9874 9875 9876
f 9877 9878 9879
f 9880 9881 9882
f 9883 9884 9885
f 9886 9887 9888
f 9889 9890 9891
f 9892 9893 9894
f 9895 9896 9897
f 9898 9899 9900
f 9901 9902 9903
f 9904 9905 9906
f 9907 9908 9909
f 9910 9911 9912
f 9913 9914 9915
f 9916 9917 9918
f 9919 9920 9921
f 9922 9923 9924
f 9925 9926 9927
f 9928 9929 9930
f 9931 9932 9933
f 9934 9935 9936
f 9937 9938 9939
f 9940 9941 9942
f 9943 9944 9945
f 9946 9947 9948
f 9949 9950 9951
f 9952 9953 9954
f 9955 9956 9957
f 9958 9959 9960
f 9961 9962 9963
f 9964 9965 9966
f 9967 9968 9969
f 9970 9971 9972
f 9973 9974 9975
f 9976 9977 9978
f 9979 9980 9981
f 9982 9983 9984
f 9985 9986 9987
f 9988 9989 9990
f 9991 9992 9993
f 9994 9995 9996
f 9997 9998 9999
f 10000 10001 10002
f 10003 10004 10005
f 10006 10007 10008
f 10009 10010 10011
f 10012 10013 10014
f 10015 10016 10017
f 10018 10019 10020
f 10021 10022 10023
f 10024 10025 10026
