mtllib elfin10_l_elfin_link4_visuals_elfin_link4_node_STL_BINARY__mesh.mtl
v 0.013606441207230091 -0.13099999725818634 0.7295145988464355
v 0.0002024691057158634 -0.13099999725818634 0.6824877262115479
v 0.0033865629229694605 -0.13099999725818634 0.6816929578781128
v -0.019269108772277832 -0.13099999725818634 0.6738283634185791
v -0.01175461895763874 -0.13099999725818634 0.6697001457214355
v -0.008977990597486496 -0.13100001215934753 0.675584077835083
v 0.013606441207230091 -0.13099999725818634 0.7295145988464355
v -1.9900509700147753e-18 -0.13099999725818634 0.7324999570846558
v 0.0002024691057158634 -0.13099999725818634 0.6824877262115479
v 0.0002024691057158634 -0.13099999725818634 0.6824877262115479
v -1.9900509700147753e-18 -0.13099999725818634 0.7324999570846558
v -0.013606441207230091 -0.13099999725818634 0.7295145988464355
v 0.0002024691057158634 -0.13099999725818634 0.6824877262115479
v -0.013606441207230091 -0.13099999725818634 0.7295145988464355
v -0.0028926702216267586 -0.13099999725818634 0.6818260550498962
v -0.0028926702216267586 -0.13099999725818634 0.6818260550498962
v -0.013606441207230091 -0.13099999725818634 0.7295145988464355
v -0.024713193997740746 -0.13099999725818634 0.721107006072998
v -0.0028926702216267586 -0.13099999725818634 0.6818260550498962
v -0.024713193997740746 -0.13099999725818634 0.721107006072998
v -0.00593926478177309 -0.13100001215934753 0.6796563267707825
v 0.00608475599437952 -0.13100001215934753 0.6797277331352234
v 0.0312797948718071 -0.13099999725818634 0.7088217735290527
v 0.0033865629229694605 -0.13099999725818634 0.6816929578781128
v 0.0033865629229694605 -0.13099999725818634 0.6816929578781128
v 0.0312797948718071 -0.13099999725818634 0.7088217735290527
v 0.024713193997740746 -0.13099999725818634 0.721107006072998
v 0.0033865629229694605 -0.13099999725818634 0.6816929578781128
v 0.024713193997740746 -0.13099999725818634 0.721107006072998
v 0.013606441207230091 -0.13099999725818634 0.7295145988464355
v -0.019269108772277832 -0.13099999725818634 0.6738283634185791
v -0.008977990597486496 -0.13100001215934753 0.675584077835083
v -0.02675042860209942 -0.13099999725818634 0.6815428733825684
v -0.024713193997740746 -0.13099999725818634 0.721107006072998
v -0.0312797948718071 -0.13099999725818634 0.7088217735290527
v -0.00593926478177309 -0.13100001215934753 0.6796563267707825
v -0.00593926478177309 -0.13100001215934753 0.6796563267707825
v -0.0312797948718071 -0.13099999725818634 0.7088217735290527
v -0.032499998807907104 -0.13099999725818634 0.6999999284744263
v -0.00593926478177309 -0.13100001215934753 0.6796563267707825
v -0.032499998807907104 -0.13099999725818634 0.6999999284744263
v -0.008977990597486496 -0.13100001215934753 0.675584077835083
v -0.008977990597486496 -0.13100001215934753 0.675584077835083
v -0.032499998807907104 -0.13099999725818634 0.6999999284744263
v -0.03130703419446945 -0.13099999725818634 0.6912752985954285
v -0.008977990597486496 -0.13100001215934753 0.675584077835083
v -0.03130703419446945 -0.13099999725818634 0.6912752985954285
v -0.02675042860209942 -0.13099999725818634 0.6815428733825684
v 0.011953473091125488 -0.13099999725818634 0.669778048992157
v 0.02215074561536312 -0.13099999725818634 0.6762177348136902
v 0.00897892564535141 -0.13100001215934753 0.6759623885154724
v 0.00897892564535141 -0.13100001215934753 0.6759623885154724
v 0.02215074561536312 -0.13099999725818634 0.6762177348136902
v 0.03017655946314335 -0.13099999725818634 0.6879324316978455
v 0.00897892564535141 -0.13100001215934753 0.6759623885154724
v 0.03017655946314335 -0.13099999725818634 0.6879324316978455
v 0.00608475599437952 -0.13100001215934753 0.6797277331352234
v 0.00608475599437952 -0.13100001215934753 0.6797277331352234
v 0.03017655946314335 -0.13099999725818634 0.6879324316978455
v 0.032499998807907104 -0.13099999725818634 0.6999999284744263
v 0.00608475599437952 -0.13100001215934753 0.6797277331352234
v 0.032499998807907104 -0.13099999725818634 0.6999999284744263
v 0.0312797948718071 -0.13099999725818634 0.7088217735290527
v 0.0324917770922184 -0.12712527811527252 0.6992689371109009
v 0.032499998807907104 -0.12711961567401886 0.6999999284744263
v 0.032499998807907104 -0.13099999725818634 0.6999999284744263
v 0.0324917770922184 -0.12712527811527252 0.6992689371109009
v 0.032499998807907104 -0.13099999725818634 0.6999999284744263
v 0.03207433968782425 -0.1271616518497467 0.6947571635246277
v 0.03207433968782425 -0.1271616518497467 0.6947571635246277
v 0.032499998807907104 -0.13099999725818634 0.6999999284744263
v 0.03041882812976837 -0.1272631734609604 0.6885568499565125
v 0.03041882812976837 -0.1272631734609604 0.6885568499565125
v 0.032499998807907104 -0.13099999725818634 0.6999999284744263
v 0.03017655946314335 -0.13099999725818634 0.6879324316978455
v 0.03041882812976837 -0.1272631734609604 0.6885568499565125
v 0.03017655946314335 -0.13099999725818634 0.6879324316978455
v 0.0301760695874691 -0.12728391587734222 0.6879311800003052
v 0.011953473091125488 -0.13099999725818634 0.669778048992157
v 0.01790427230298519 -0.12983036041259766 0.6728764176368713
v 0.02215074561536312 -0.13099999725818634 0.6762177348136902
v 0.02215074561536312 -0.13099999725818634 0.6762177348136902
v 0.01790427230298519 -0.12983036041259766 0.6728764176368713
v 0.023295965045690536 -0.12858211994171143 0.6773383617401123
v 0.02215074561536312 -0.13099999725818634 0.6762177348136902
v 0.023295965045690536 -0.12858211994171143 0.6773383617401123
v 0.03017655946314335 -0.13099999725818634 0.6879324316978455
v 0.03017655946314335 -0.13099999725818634 0.6879324316978455
v 0.023295965045690536 -0.12858211994171143 0.6773383617401123
v 0.0274400245398283 -0.12768001854419708 0.6825845837593079
v 0.03017655946314335 -0.13099999725818634 0.6879324316978455
v 0.0274400245398283 -0.12768001854419708 0.6825845837593079
v 0.0301760695874691 -0.12728391587734222 0.6879311800003052
v 0.03416772931814194 -0.04932118207216263 0.1469999998807907
v 0.03100266493856907 -0.0513722188770771 0.1469999998807907
v -0.03368610888719559 0.04965139925479889 0.14699997007846832
v 0.060000065714120865 -1.4235824075115033e-08 0.14699998497962952
v 0.05997131019830704 -0.0018491855589672923 0.14699998497962952
v -0.03368610888719559 0.04965139925479889 0.14699997007846832
v -0.053076572716236115 -0.027981694787740707 0.1469999998807907
v -0.05656874552369118 -0.020000088959932327 0.14699997007846832
v 0.02613549679517746 -0.05401274189352989 0.1469999998807907
v 0.02613549679517746 -0.05401274189352989 0.1469999998807907
v -0.05656874552369118 -0.020000088959932327 0.14699997007846832
v 0.03100266493856907 -0.0513722188770771 0.1469999998807907
v 0.03100266493856907 -0.0513722188770771 0.1469999998807907
v -0.05656874552369118 -0.020000088959932327 0.14699997007846832
v -0.05717100575566292 -0.018205266445875168 0.14699998497962952
v 0.03100266493856907 -0.0513722188770771 0.1469999998807907
v -0.05717100575566292 -0.018205266445875168 0.14699998497962952
v -0.059287481009960175 -0.009217713959515095 0.14700008928775787
v 0.05997131019830704 -0.0018491855589672923 0.14699998497962952
v 0.05897552892565727 -0.01103966310620308 0.14700005948543549
v -0.03368610888719559 0.04965139925479889 0.14699997007846832
v -0.03368610888719559 0.04965139925479889 0.14699997007846832
v 0.05897552892565727 -0.01103966310620308 0.14700005948543549
v 0.0565686859190464 -0.020000023767352104 0.14699998497962952
v -0.03368610888719559 0.04965139925479889 0.14699997007846832
v 0.0565686859190464 -0.020000023767352104 0.14699998497962952
v 0.052560776472091675 -0.028876591473817825 0.1469999998807907
v 0.052560776472091675 -0.028876591473817825 0.1469999998807907
v 0.04744996130466461 -0.03673456236720085 0.1469999998807907
v -0.03368610888719559 0.04965139925479889 0.14699997007846832
v -0.03368610888719559 0.04965139925479889 0.14699997007846832
v 0.04744996130466461 -0.03673456236720085 0.1469999998807907
v 0.04133070632815361 -0.04351319000124931 0.1469999998807907
v -0.03368610888719559 0.04965139925479889 0.14699997007846832
v 0.04133070632815361 -0.04351319000124931 0.1469999998807907
v 0.03416772931814194 -0.04932118207216263 0.1469999998807907
v 0.060000065714120865 -1.4235824075115033e-08 0.14699998497962952
v -0.03368610888719559 0.04965139925479889 0.14699997007846832
v 0.05903227627277374 0.01073329895734787 0.14699997007846832
v 0.05903227627277374 0.01073329895734787 0.14699997007846832
v -0.03368610888719559 0.04965139925479889 0.14699997007846832
v -0.023222045972943306 0.055324044078588486 0.14699997007846832
v 0.05903227627277374 0.01073329895734787 0.14699997007846832
v -0.023222045972943306 0.055324044078588486 0.14699997007846832
v -0.01184409111738205 0.05881951004266739 0.14699997007846832
v -0.01184409111738205 0.05881951004266739 0.14699997007846832
v -2.9609315888023957e-08 0.05999999865889549 0.14699997007846832
v 0.05903227627277374 0.01073329895734787 0.14699997007846832
v 0.05903227627277374 0.01073329895734787 0.14699997007846832
v -2.9609315888023957e-08 0.05999999865889549 0.14699997007846832
v 0.011844033375382423 0.058819521218538284 0.14699997007846832
v 0.05903227627277374 0.01073329895734787 0.14699997007846832
v 0.011844033375382423 0.058819521218538284 0.14699997007846832
v 0.023221993818879128 0.055324066430330276 0.14699997007846832
v -0.059287481009960175 -0.009217713959515095 0.14700008928775787
v -0.06000012531876564 -2.67105022544456e-08 0.14699998497962952
v 0.03100266493856907 -0.0513722188770771 0.1469999998807907
v 0.03100266493856907 -0.0513722188770771 0.1469999998807907
v -0.06000012531876564 -2.67105022544456e-08 0.14699998497962952
v -0.05903227999806404 0.010733279399573803 0.14699997007846832
v 0.03100266493856907 -0.0513722188770771 0.1469999998807907
v -0.05903227999806404 0.010733279399573803 0.14699997007846832
v -0.05575192719697952 0.02217509225010872 0.14699997007846832
v 0.023221993818879128 0.055324066430330276 0.14699997007846832
v 0.033686067909002304 0.04965142533183098 0.14699997007846832
v 0.04282444715499878 0.04202475771307945 0.14699997007846832
v -0.009858678095042706 -0.059188902378082275 0.1469999998807907
v 0.02613549679517746 -0.05401274189352989 0.1469999998807907
v -0.000670304405502975 -0.05999550595879555 0.1469999998807907
v -0.000670304405502975 -0.05999550595879555 0.1469999998807907
v 0.02613549679517746 -0.05401274189352989 0.1469999998807907
v 0.017539216205477715 -0.057379111647605896 0.1469999998807907
v -0.000670304405502975 -0.05999550595879555 0.1469999998807907
v 0.017539216205477715 -0.057379111647605896 0.1469999998807907
v 0.008542747236788273 -0.059392090886831284 0.1469999998807907
v -0.009858678095042706 -0.059188902378082275 0.1469999998807907
v -0.018810946494340897 -0.05697427690029144 0.1469999998807907
v 0.02613549679517746 -0.05401274189352989 0.1469999998807907
v 0.02613549679517746 -0.05401274189352989 0.1469999998807907
v -0.018810946494340897 -0.05697427690029144 0.1469999998807907
v -0.02731597237288952 -0.05342467874288559 0.1469999998807907
v 0.02613549679517746 -0.05401274189352989 0.1469999998807907
v -0.02731597237288952 -0.05342467874288559 0.1469999998807907
v -0.03518358990550041 -0.04860047623515129 0.1469999998807907
v -0.03518358990550041 -0.04860047623515129 0.1469999998807907
v -0.04221799597144127 -0.04263892024755478 0.1469999998807907
v 0.02613549679517746 -0.05401274189352989 0.1469999998807907
v 0.02613549679517746 -0.05401274189352989 0.1469999998807907
v -0.04221799597144127 -0.04263892024755478 0.1469999998807907
v -0.04824580252170563 -0.035670630633831024 0.1469999998807907
v 0.02613549679517746 -0.05401274189352989 0.1469999998807907
v -0.04824580252170563 -0.035670630633831024 0.1469999998807907
v -0.053076572716236115 -0.027981694787740707 0.1469999998807907
v 0.04282444715499878 0.04202475771307945 0.14699997007846832
v 0.05027750879526138 0.03274425491690636 0.14699997007846832
v 0.023221993818879128 0.055324066430330276 0.14699997007846832
v 0.023221993818879128 0.055324066430330276 0.14699997007846832
v 0.05027750879526138 0.03274425491690636 0.14699997007846832
v 0.05575191602110863 0.022175118327140808 0.14699997007846832
v 0.023221993818879128 0.055324066430330276 0.14699997007846832
v 0.05575191602110863 0.022175118327140808 0.14699997007846832
v 0.05903227627277374 0.01073329895734787 0.14699997007846832
v -0.05575192719697952 0.02217509225010872 0.14699997007846832
v -0.050277531147003174 0.03274422138929367 0.14699997007846832
v 0.03100266493856907 -0.0513722188770771 0.1469999998807907
v 0.03100266493856907 -0.0513722188770771 0.1469999998807907
v -0.050277531147003174 0.03274422138929367 0.14699997007846832
v -0.04282447695732117 0.042024727910757065 0.14699997007846832
v 0.03100266493856907 -0.0513722188770771 0.1469999998807907
v -0.04282447695732117 0.042024727910757065 0.14699997007846832
v -0.03368610888719559 0.04965139925479889 0.14699997007846832
v -0.021153569221496582 -0.12811222672462463 0.46910360455513
v -0.02106458693742752 -0.12571778893470764 0.42139217257499695
v -0.010357381775975227 -0.12949809432029724 0.4192286431789398
v -0.010810851119458675 -0.13376323878765106 0.610001266002655
v -0.01067240722477436 -0.13428166508674622 0.5636863708496094
v -0.005334171000868082 -0.13540484011173248 0.5630276203155518
v -0.01748034544289112 -0.13200926780700684 0.6100003123283386
v -0.019733630120754242 -0.13121090829372406 0.6100010275840759
v -0.02138671651482582 -0.1301468014717102 0.5660454630851746
v -0.02138671651482582 -0.1301468014717102 0.5660454630851746
v -0.019733630120754242 -0.13121090829372406 0.6100010275840759
v -0.025647345930337906 -0.1285691112279892 0.6100014448165894
v -0.033646900206804276 -0.1164640486240387 0.3928835093975067
v -0.03424154967069626 -0.1148962453007698 0.3784322142601013
v -0.031744230538606644 -0.11647742241621017 0.377534955739975
v -0.03516431525349617 -0.11233722418546677 0.3578862249851227
v -0.036740150302648544 -0.10762182623147964 0.3269054591655731
v -0.031705811619758606 -0.11155913025140762 0.33121541142463684
v 0.034386638551950455 -0.09471051394939423 0.24808059632778168
v 0.04202073812484741 -0.08884180337190628 0.24808058142662048
v 0.0403425395488739 -0.09528859704732895 0.269782155752182
v 0.00849820114672184 -0.10402842611074448 0.2480802685022354
v 0.017558535560965538 -0.10227999091148376 0.24807964265346527
v 0.02151016891002655 -0.10423222184181213 0.2613146901130676
v 0.02151016891002655 -0.10423222184181213 0.2613146901130676
v 0.017558535560965538 -0.10227999091148376 0.24807964265346527
v 0.021495364606380463 -0.10105645656585693 0.24808050692081451
v 0.02151016891002655 -0.10423222184181213 0.2613146901130676
v 0.021495364606380463 -0.10105645656585693 0.24808050692081451
v 0.03205401822924614 -0.0998588278889656 0.2636478841304779
v 0.03205401822924614 -0.0998588278889656 0.2636478841304779
v 0.021495364606380463 -0.10105645656585693 0.24808050692081451
v 0.02609195001423359 -0.09923155605792999 0.24808111786842346
v 0.03205401822924614 -0.0998588278889656 0.2636478841304779
v 0.02609195001423359 -0.09923155605792999 0.24808111786842346
v 0.032038118690252304 -0.09616748243570328 0.24808092415332794
v 0.02151016891002655 -0.10423222184181213 0.2613146901130676
v 0.010926318354904652 -0.10660895705223083 0.2600826323032379
v 0.00849820114672184 -0.10402842611074448 0.2480802685022354
v 0.00849820114672184 -0.10402842611074448 0.2480802685022354
v 0.010926318354904652 -0.10660895705223083 0.2600826323032379
v 0.00030981801683083177 -0.10735607892274857 0.25974932312965393
v 0.00849820114672184 -0.10402842611074448 0.2480802685022354
v 0.00030981801683083177 -0.10735607892274857 0.25974932312965393
v -0.001220924430526793 -0.10448018461465836 0.24808070063591003
v -0.020354364067316055 -0.10131379216909409 0.24808062613010406
v -0.021013064309954643 -0.10436403006315231 0.26155683398246765
v -0.029206018894910812 -0.09763877093791962 0.24807985126972198
v -0.029206018894910812 -0.09763877093791962 0.24807985126972198
v -0.021013064309954643 -0.10436403006315231 0.26155683398246765
v -0.03173043206334114 -0.10007654875516891 0.2640000879764557
v -0.029206018894910812 -0.09763877093791962 0.24807985126972198
v -0.03173043206334114 -0.10007654875516891 0.2640000879764557
v -0.03176717087626457 -0.0962504968047142 0.248078852891922
v -0.03176717087626457 -0.0962504968047142 0.248078852891922
v -0.03173043206334114 -0.10007654875516891 0.2640000879764557
v -0.03717022016644478 -0.09274808317422867 0.24807949364185333
v -0.031709060072898865 -0.10456114262342453 0.28604283928871155
v -0.03849836438894272 -0.1018662378191948 0.2969999611377716
v -0.040209751576185226 -0.09578023105859756 0.2716168463230133
v -0.021153569221496582 -0.12811222672462463 0.46910360455513
v -0.03104729764163494 -0.12259402871131897 0.4757409989833832
v -0.02106458693742752 -0.12571778893470764 0.42139217257499695
v -0.02106458693742752 -0.12571778893470764 0.42139217257499695
v -0.03104729764163494 -0.12259402871131897 0.4757409989833832
v -0.03181611746549606 -0.12089690566062927 0.44624462723731995
v -0.02106458693742752 -0.12571778893470764 0.42139217257499695
v -0.03181611746549606 -0.12089690566062927 0.44624462723731995
v -0.031814828515052795 -0.11978939175605774 0.42474037408828735
v -0.031814828515052795 -0.11978939175605774 0.42474037408828735
v -0.03181611746549606 -0.12089690566062927 0.44624462723731995
v -0.0322522409260273 -0.1198941171169281 0.43191248178482056
v -0.010810851119458675 -0.13376323878765106 0.610001266002655
v -0.005334171000868082 -0.13540484011173248 0.5630276203155518
v -0.008832373656332493 -0.13411760330200195 0.6100016236305237
v -0.008832373656332493 -0.13411760330200195 0.6100016236305237
v -0.005334171000868082 -0.13540484011173248 0.5630276203155518
v -1.1270376489846967e-05 -0.1357625275850296 0.5627909898757935
v -0.008832373656332493 -0.13411760330200195 0.6100016236305237
v -1.1270376489846967e-05 -0.1357625275850296 0.5627909898757935
v 1.2020940909351907e-09 -0.1348220407962799 0.60999995470047
v 1.2020940909351907e-09 -0.1348220407962799 0.60999995470047
v -1.1270376489846967e-05 -0.1357625275850296 0.5627909898757935
v 0.005295411683619022 -0.13531069457530975 0.5630007982254028
v 1.2020940909351907e-09 -0.1348220407962799 0.60999995470047
v 0.005295411683619022 -0.13531069457530975 0.5630007982254028
v 0.005281839985400438 -0.13457119464874268 0.6100000143051147
v 0.005281839985400438 -0.13457119464874268 0.6100000143051147
v 0.005295411683619022 -0.13531069457530975 0.5630007982254028
v 0.00986754521727562 -0.1339414417743683 0.6100000143051147
v 0.00986754521727562 -0.1339414417743683 0.6100000143051147
v 0.005295411683619022 -0.13531069457530975 0.5630007982254028
v 0.010587296448647976 -0.13412030041217804 0.5636179447174072
v 0.00986754521727562 -0.1339414417743683 0.6100000143051147
v 0.010587296448647976 -0.13412030041217804 0.5636179447174072
v 0.014033208601176739 -0.13302616775035858 0.6100000143051147
v 0.014033208601176739 -0.13302616775035858 0.6100000143051147
v 0.010587296448647976 -0.13412030041217804 0.5636179447174072
v 0.021137237548828125 -0.13005100190639496 0.5657834410667419
v 0.014033208601176739 -0.13302616775035858 0.6100000143051147
v 0.021137237548828125 -0.13005100190639496 0.5657834410667419
v 0.022434739395976067 -0.13010652363300323 0.60999995470047
v 0.022434739395976067 -0.13010652363300323 0.60999995470047
v 0.021137237548828125 -0.13005100190639496 0.5657834410667419
v 0.029918424785137177 -0.1252792626619339 0.5578737258911133
v 0.022434739395976067 -0.13010652363300323 0.60999995470047
v 0.029918424785137177 -0.1252792626619339 0.5578737258911133
v 0.030262459069490433 -0.12588849663734436 0.6100001335144043
v 0.03203904256224632 -0.1162010058760643 0.3772151470184326
v 0.034469254314899445 -0.1142774224281311 0.37317991256713867
v 0.03293779864907265 -0.11825130134820938 0.41166144609451294
v 0.03207685425877571 -0.11125239729881287 0.330912321805954
v 0.03644469380378723 -0.10853806138038635 0.3323803246021271
v 0.03609514981508255 -0.10960283130407333 0.33904632925987244
v 0.03207453340291977 -0.10430072247982025 0.28571417927742004
v 0.03849836438894272 -0.1018662229180336 0.2969999611377716
v 0.03775196522474289 -0.10437244921922684 0.309170126914978
v 0.03849836438894272 -0.1018662229180336 0.2969999611377716
v 0.03205401822924614 -0.0998588278889656 0.2636478841304779
v 0.0403425395488739 -0.09528859704732895 0.269782155752182
v 0.0403425395488739 -0.09528859704732895 0.269782155752182
v 0.03205401822924614 -0.0998588278889656 0.2636478841304779
v 0.032038118690252304 -0.09616748243570328 0.24808092415332794
v 0.0403425395488739 -0.09528859704732895 0.269782155752182
v 0.032038118690252304 -0.09616748243570328 0.24808092415332794
v 0.034386638551950455 -0.09471051394939423 0.24808059632778168
v -0.042020730674266815 -0.08884188532829285 0.24808058142662048
v -0.03717022016644478 -0.09274808317422867 0.24807949364185333
v -0.040209751576185226 -0.09578023105859756 0.2716168463230133
v -0.040209751576185226 -0.09578023105859756 0.2716168463230133
v -0.03717022016644478 -0.09274808317422867 0.24807949364185333
v -0.03173043206334114 -0.10007654875516891 0.2640000879764557
v -0.040209751576185226 -0.09578023105859756 0.2716168463230133
v -0.03173043206334114 -0.10007654875516891 0.2640000879764557
v -0.031709060072898865 -0.10456114262342453 0.28604283928871155
v -0.031709060072898865 -0.10456114262342453 0.28604283928871155
v -0.03173043206334114 -0.10007654875516891 0.2640000879764557
v -0.021013064309954643 -0.10436403006315231 0.26155683398246765
v -0.031709060072898865 -0.10456114262342453 0.28604283928871155
v -0.021013064309954643 -0.10436403006315231 0.26155683398246765
v -0.020988330245018005 -0.10901647061109543 0.28350701928138733
v -0.036740150302648544 -0.10762182623147964 0.3269054591655731
v -0.03849836438894272 -0.1018662378191948 0.2969999611377716
v -0.031705811619758606 -0.11155913025140762 0.33121541142463684
v -0.031705811619758606 -0.11155913025140762 0.33121541142463684
v -0.03849836438894272 -0.1018662378191948 0.2969999611377716
v -0.031709060072898865 -0.10456114262342453 0.28604283928871155
v -0.031705811619758606 -0.11155913025140762 0.33121541142463684
v -0.031709060072898865 -0.10456114262342453 0.28604283928871155
v -0.020975852385163307 -0.1164751648902893 0.3284255266189575
v -0.020975852385163307 -0.1164751648902893 0.3284255266189575
v -0.031709060072898865 -0.10456114262342453 0.28604283928871155
v -0.020988330245018005 -0.10901647061109543 0.28350701928138733
v -0.020975852385163307 -0.1164751648902893 0.3284255266189575
v -0.020988330245018005 -0.10901647061109543 0.28350701928138733
v -0.010288608260452747 -0.11925908923149109 0.3268114924430847
v 0.0003448602801654488 -0.1261947900056839 0.3719397187232971
v -0.004975073505192995 -0.12598517537117004 0.37209469079971313
v -0.010288608260452747 -0.11925908923149109 0.3268114924430847
v -0.010288608260452747 -0.11925908923149109 0.3268114924430847
v -0.004975073505192995 -0.12598517537117004 0.37209469079971313
v -0.010306701995432377 -0.1251918524503708 0.37257155776023865
v -0.010288608260452747 -0.11925908923149109 0.3268114924430847
v -0.010306701995432377 -0.1251918524503708 0.37257155776023865
v -0.020975852385163307 -0.1164751648902893 0.3284255266189575
v -0.020975852385163307 -0.1164751648902893 0.3284255266189575
v -0.010306701995432377 -0.1251918524503708 0.37257155776023865
v -0.021003754809498787 -0.12191827595233917 0.37445563077926636
v -0.020975852385163307 -0.1164751648902893 0.3284255266189575
v -0.021003754809498787 -0.12191827595233917 0.37445563077926636
v -0.031705811619758606 -0.11155913025140762 0.33121541142463684
v -0.031705811619758606 -0.11155913025140762 0.33121541142463684
v -0.021003754809498787 -0.12191827595233917 0.37445563077926636
v -0.031744230538606644 -0.11647742241621017 0.377534955739975
v -0.031705811619758606 -0.11155913025140762 0.33121541142463684
v -0.031744230538606644 -0.11647742241621017 0.377534955739975
v -0.03516431525349617 -0.11233722418546677 0.3578862249851227
v -0.03516431525349617 -0.11233722418546677 0.3578862249851227
v -0.031744230538606644 -0.11647742241621017 0.377534955739975
v -0.03424154967069626 -0.1148962453007698 0.3784322142601013
v -0.029922394081950188 -0.12560394406318665 0.5789901614189148
v -0.030177852138876915 -0.12450000643730164 0.5246561765670776
v -0.026637276634573936 -0.12656398117542267 0.5190287828445435
v -0.026637276634573936 -0.12656398117542267 0.5190287828445435
v -0.030177852138876915 -0.12450000643730164 0.5246561765670776
v -0.03104729764163494 -0.12259402871131897 0.4757409989833832
v -0.026637276634573936 -0.12656398117542267 0.5190287828445435
v -0.03104729764163494 -0.12259402871131897 0.4757409989833832
v -0.021262362599372864 -0.12951789796352386 0.5173603296279907
v -0.021262362599372864 -0.12951789796352386 0.5173603296279907
v -0.03104729764163494 -0.12259402871131897 0.4757409989833832
v -0.021153569221496582 -0.12811222672462463 0.46910360455513
v -0.021262362599372864 -0.12951789796352386 0.5173603296279907
v -0.021153569221496582 -0.12811222672462463 0.46910360455513
v -0.010437254793941975 -0.1323472261428833 0.4666893184185028
v -0.010437254793941975 -0.1323472261428833 0.4666893184185028
v -0.021153569221496582 -0.12811222672462463 0.46910360455513
v -0.010357381775975227 -0.12949809432029724 0.4192286431789398
v -0.010437254793941975 -0.1323472261428833 0.4666893184185028
v -0.010357381775975227 -0.12949809432029724 0.4192286431789398
v -0.005099407397210598 -0.1334509551525116 0.4660412669181824
v -0.005099407397210598 -0.1334509551525116 0.4660412669181824
v -0.010357381775975227 -0.12949809432029724 0.4192286431789398
v -0.005022627301514149 -0.13044744729995728 0.41866573691368103
v -0.005099407397210598 -0.1334509551525116 0.4660412669181824
v -0.005022627301514149 -0.13044744729995728 0.41866573691368103
v 0.00022226126748137176 -0.1337471604347229 0.46583855152130127
v 0.00022226126748137176 -0.1337471604347229 0.46583855152130127
v -0.005022627301514149 -0.13044744729995728 0.41866573691368103
v 0.00029806821839883924 -0.13069508969783783 0.4184897840023041
v 0.00022226126748137176 -0.1337471604347229 0.46583855152130127
v 0.00029806821839883924 -0.13069508969783783 0.4184897840023041
v 0.005527298431843519 -0.13321323692798615 0.46609365940093994
v 0.005527298431843519 -0.13321323692798615 0.46609365940093994
v 0.00029806821839883924 -0.13069508969783783 0.4184897840023041
v 0.005604541394859552 -0.13023285567760468 0.41870537400245667
v 0.005527298431843519 -0.13321323692798615 0.46609365940093994
v 0.005604541394859552 -0.13023285567760468 0.41870537400245667
v 0.010817204602062702 -0.13192406296730042 0.46676528453826904
v 0.010817204602062702 -0.13192406296730042 0.46676528453826904
v 0.005604541394859552 -0.13023285567760468 0.41870537400245667
v 0.010897794738411903 -0.12911073863506317 0.419284850358963
v 0.010817204602062702 -0.13192406296730042 0.46676528453826904
v 0.010897794738411903 -0.12911073863506317 0.419284850358963
v 0.0213627927005291 -0.12763747572898865 0.4690505862236023
v 0.0213627927005291 -0.12763747572898865 0.4690505862236023
v 0.010897794738411903 -0.12911073863506317 0.419284850358963
v 0.021451622247695923 -0.1252354234457016 0.4213433563709259
v 0.0213627927005291 -0.12763747572898865 0.4690505862236023
v 0.021451622247695923 -0.1252354234457016 0.4213433563709259
v 0.03157224878668785 -0.12144428491592407 0.45489302277565
v 0.03157224878668785 -0.12144428491592407 0.45489302277565
v 0.021451622247695923 -0.1252354234457016 0.4213433563709259
v 0.03197106346487999 -0.11964384466409683 0.424348384141922
v 0.030484557151794434 -0.1238064169883728 0.5036836862564087
v 0.029918424785137177 -0.1252792626619339 0.5578737258911133
v 0.021256539970636368 -0.12916992604732513 0.5172374248504639
v 0.021256539970636368 -0.12916992604732513 0.5172374248504639
v 0.029918424785137177 -0.1252792626619339 0.5578737258911133
v 0.021137237548828125 -0.13005100190639496 0.5657834410667419
v 0.021256539970636368 -0.12916992604732513 0.5172374248504639
v 0.021137237548828125 -0.13005100190639496 0.5657834410667419
v 0.010713068768382072 -0.1335621476173401 0.5148938298225403
v 0.010713068768382072 -0.1335621476173401 0.5148938298225403
v 0.021137237548828125 -0.13005100190639496 0.5657834410667419
v 0.010587296448647976 -0.13412030041217804 0.5636179447174072
v 0.010713068768382072 -0.1335621476173401 0.5148938298225403
v 0.010587296448647976 -0.13412030041217804 0.5636179447174072
v 0.005423984955996275 -0.13489235937595367 0.5141995549201965
v 0.005423984955996275 -0.13489235937595367 0.5141995549201965
v 0.010587296448647976 -0.13412030041217804 0.5636179447174072
v 0.005295411683619022 -0.13531069457530975 0.5630007982254028
v 0.005423984955996275 -0.13489235937595367 0.5141995549201965
v 0.005295411683619022 -0.13531069457530975 0.5630007982254028
v 0.00011896848445758224 -0.135427325963974 0.5139439105987549
v 0.00011896848445758224 -0.135427325963974 0.5139439105987549
v 0.005295411683619022 -0.13531069457530975 0.5630007982254028
v -1.1270376489846967e-05 -0.1357625275850296 0.5627909898757935
v 0.00011896848445758224 -0.135427325963974 0.5139439105987549
v -1.1270376489846967e-05 -0.1357625275850296 0.5627909898757935
v -0.005203614942729473 -0.13508546352386475 0.5141717791557312
v -0.005203614942729473 -0.13508546352386475 0.5141717791557312
v -1.1270376489846967e-05 -0.1357625275850296 0.5627909898757935
v -0.005334171000868082 -0.13540484011173248 0.5630276203155518
v -0.005203614942729473 -0.13508546352386475 0.5141717791557312
v -0.005334171000868082 -0.13540484011173248 0.5630276203155518
v -0.01054302230477333 -0.1339038461446762 0.5148627758026123
v -0.01054302230477333 -0.1339038461446762 0.5148627758026123
v -0.005334171000868082 -0.13540484011173248 0.5630276203155518
v -0.01067240722477436 -0.13428166508674622 0.5636863708496094
v -0.01054302230477333 -0.1339038461446762 0.5148627758026123
v -0.01067240722477436 -0.13428166508674622 0.5636863708496094
v -0.02138671651482582 -0.1301468014717102 0.5660454630851746
v -0.02138671651482582 -0.1301468014717102 0.5660454630851746
v -0.01067240722477436 -0.13428166508674622 0.5636863708496094
v -0.010810851119458675 -0.13376323878765106 0.610001266002655
v -0.02138671651482582 -0.1301468014717102 0.5660454630851746
v -0.010810851119458675 -0.13376323878765106 0.610001266002655
v -0.01748034544289112 -0.13200926780700684 0.6100003123283386
v -0.030262520536780357 -0.1258886754512787 0.6100000143051147
v -0.029922394081950188 -0.12560394406318665 0.5789901614189148
v -0.025647345930337906 -0.1285691112279892 0.6100014448165894
v -0.025647345930337906 -0.1285691112279892 0.6100014448165894
v -0.029922394081950188 -0.12560394406318665 0.5789901614189148
v -0.026637276634573936 -0.12656398117542267 0.5190287828445435
v -0.025647345930337906 -0.1285691112279892 0.6100014448165894
v -0.026637276634573936 -0.12656398117542267 0.5190287828445435
v -0.02138671651482582 -0.1301468014717102 0.5660454630851746
v -0.02138671651482582 -0.1301468014717102 0.5660454630851746
v -0.026637276634573936 -0.12656398117542267 0.5190287828445435
v -0.021262362599372864 -0.12951789796352386 0.5173603296279907
v -0.02138671651482582 -0.1301468014717102 0.5660454630851746
v -0.021262362599372864 -0.12951789796352386 0.5173603296279907
v -0.01054302230477333 -0.1339038461446762 0.5148627758026123
v -0.01054302230477333 -0.1339038461446762 0.5148627758026123
v -0.021262362599372864 -0.12951789796352386 0.5173603296279907
v -0.010437254793941975 -0.1323472261428833 0.4666893184185028
v -0.01054302230477333 -0.1339038461446762 0.5148627758026123
v -0.010437254793941975 -0.1323472261428833 0.4666893184185028
v -0.005203614942729473 -0.13508546352386475 0.5141717791557312
v -0.005203614942729473 -0.13508546352386475 0.5141717791557312
v -0.010437254793941975 -0.1323472261428833 0.4666893184185028
v -0.005099407397210598 -0.1334509551525116 0.4660412669181824
v -0.005203614942729473 -0.13508546352386475 0.5141717791557312
v -0.005099407397210598 -0.1334509551525116 0.4660412669181824
v 0.00011896848445758224 -0.135427325963974 0.5139439105987549
v 0.00011896848445758224 -0.135427325963974 0.5139439105987549
v -0.005099407397210598 -0.1334509551525116 0.4660412669181824
v 0.00022226126748137176 -0.1337471604347229 0.46583855152130127
v 0.00011896848445758224 -0.135427325963974 0.5139439105987549
v 0.00022226126748137176 -0.1337471604347229 0.46583855152130127
v 0.005423984955996275 -0.13489235937595367 0.5141995549201965
v 0.005423984955996275 -0.13489235937595367 0.5141995549201965
v 0.00022226126748137176 -0.1337471604347229 0.46583855152130127
v 0.005527298431843519 -0.13321323692798615 0.46609365940093994
v 0.005423984955996275 -0.13489235937595367 0.5141995549201965
v 0.005527298431843519 -0.13321323692798615 0.46609365940093994
v 0.010713068768382072 -0.1335621476173401 0.5148938298225403
v 0.010713068768382072 -0.1335621476173401 0.5148938298225403
v 0.005527298431843519 -0.13321323692798615 0.46609365940093994
v 0.010817204602062702 -0.13192406296730042 0.46676528453826904
v 0.010713068768382072 -0.1335621476173401 0.5148938298225403
v 0.010817204602062702 -0.13192406296730042 0.46676528453826904
v 0.021256539970636368 -0.12916992604732513 0.5172374248504639
v 0.021256539970636368 -0.12916992604732513 0.5172374248504639
v 0.010817204602062702 -0.13192406296730042 0.46676528453826904
v 0.0213627927005291 -0.12763747572898865 0.4690505862236023
v 0.021256539970636368 -0.12916992604732513 0.5172374248504639
v 0.0213627927005291 -0.12763747572898865 0.4690505862236023
v 0.030484557151794434 -0.1238064169883728 0.5036836862564087
v 0.030484557151794434 -0.1238064169883728 0.5036836862564087
v 0.0213627927005291 -0.12763747572898865 0.4690505862236023
v 0.03157224878668785 -0.12144428491592407 0.45489302277565
v 0.03849836438894272 -0.1018662229180336 0.2969999611377716
v 0.03207453340291977 -0.10430072247982025 0.28571417927742004
v 0.03205401822924614 -0.0998588278889656 0.2636478841304779
v 0.03205401822924614 -0.0998588278889656 0.2636478841304779
v 0.03207453340291977 -0.10430072247982025 0.28571417927742004
v 0.021533623337745667 -0.10882077366113663 0.28330010175704956
v 0.03205401822924614 -0.0998588278889656 0.2636478841304779
v 0.021533623337745667 -0.10882077366113663 0.28330010175704956
v 0.02151016891002655 -0.10423222184181213 0.2613146901130676
v 0.02151016891002655 -0.10423222184181213 0.2613146901130676
v 0.021533623337745667 -0.10882077366113663 0.28330010175704956
v 0.010952421464025974 -0.11132976412773132 0.28199511766433716
v 0.02151016891002655 -0.10423222184181213 0.2613146901130676
v 0.010952421464025974 -0.11132976412773132 0.28199511766433716
v 0.010926318354904652 -0.10660895705223083 0.2600826323032379
v 0.010926318354904652 -0.10660895705223083 0.2600826323032379
v 0.010952421464025974 -0.11132976412773132 0.28199511766433716
v 0.000337520323228091 -0.11215671896934509 0.28161776065826416
v 0.010926318354904652 -0.10660895705223083 0.2600826323032379
v 0.000337520323228091 -0.11215671896934509 0.28161776065826416
v 0.00030981801683083177 -0.10735607892274857 0.25974932312965393
v -0.020354364067316055 -0.10131379216909409 0.24808062613010406
v -0.010993036441504955 -0.10358872264623642 0.24808157980442047
v -0.021013064309954643 -0.10436403006315231 0.26155683398246765
v -0.021013064309954643 -0.10436403006315231 0.26155683398246765
v -0.010993036441504955 -0.10358872264623642 0.24808157980442047
v -0.010335619561374187 -0.10665883868932724 0.2602125406265259
v -0.021013064309954643 -0.10436403006315231 0.26155683398246765
v -0.010335619561374187 -0.10665883868932724 0.2602125406265259
v -0.020988330245018005 -0.10901647061109543 0.28350701928138733
v -0.020988330245018005 -0.10901647061109543 0.28350701928138733
v -0.010335619561374187 -0.10665883868932724 0.2602125406265259
v -0.010308582335710526 -0.11142626404762268 0.28209930658340454
v -0.020988330245018005 -0.10901647061109543 0.28350701928138733
v -0.010308582335710526 -0.11142626404762268 0.28209930658340454
v -0.010288608260452747 -0.11925908923149109 0.3268114924430847
v -0.010288608260452747 -0.11925908923149109 0.3268114924430847
v -0.010308582335710526 -0.11142626404762268 0.28209930658340454
v 0.00035973195917904377 -0.12010122835636139 0.32626834511756897
v -0.010288608260452747 -0.11925908923149109 0.3268114924430847
v 0.00035973195917904377 -0.12010122835636139 0.32626834511756897
v 0.0003448602801654488 -0.1261947900056839 0.3719397187232971
v 0.0003448602801654488 -0.1261947900056839 0.3719397187232971
v 0.00035973195917904377 -0.12010122835636139 0.32626834511756897
v 0.010970289818942547 -0.11905749142169952 0.3267652690410614
v 0.0003448602801654488 -0.1261947900056839 0.3719397187232971
v 0.010970289818942547 -0.11905749142169952 0.3267652690410614
v 0.010950162075459957 -0.12488871067762375 0.3725813031196594
v 0.010950162075459957 -0.12488871067762375 0.3725813031196594
v 0.010970289818942547 -0.11905749142169952 0.3267652690410614
v 0.0215434692800045 -0.11614808440208435 0.32829105854034424
v 0.010950162075459957 -0.12488871067762375 0.3725813031196594
v 0.0215434692800045 -0.11614808440208435 0.32829105854034424
v 0.02151346020400524 -0.12148614227771759 0.37437909841537476
v 0.02151346020400524 -0.12148614227771759 0.37437909841537476
v 0.0215434692800045 -0.11614808440208435 0.32829105854034424
v 0.03207685425877571 -0.11125239729881287 0.330912321805954
v 0.02151346020400524 -0.12148614227771759 0.37437909841537476
v 0.03207685425877571 -0.11125239729881287 0.330912321805954
v 0.03203904256224632 -0.1162010058760643 0.3772151470184326
v 0.03203904256224632 -0.1162010058760643 0.3772151470184326
v 0.03207685425877571 -0.11125239729881287 0.330912321805954
v 0.03609514981508255 -0.10960283130407333 0.33904632925987244
v 0.03203904256224632 -0.1162010058760643 0.3772151470184326
v 0.03609514981508255 -0.10960283130407333 0.33904632925987244
v 0.034469254314899445 -0.1142774224281311 0.37317991256713867
v -0.010993036441504955 -0.10358872264623642 0.24808157980442047
v -0.001220924430526793 -0.10448018461465836 0.24808070063591003
v -0.010335619561374187 -0.10665883868932724 0.2602125406265259
v -0.010335619561374187 -0.10665883868932724 0.2602125406265259
v -0.001220924430526793 -0.10448018461465836 0.24808070063591003
v 0.00030981801683083177 -0.10735607892274857 0.25974932312965393
v -0.010335619561374187 -0.10665883868932724 0.2602125406265259
v 0.00030981801683083177 -0.10735607892274857 0.25974932312965393
v -0.010308582335710526 -0.11142626404762268 0.28209930658340454
v -0.010308582335710526 -0.11142626404762268 0.28209930658340454
v 0.00030981801683083177 -0.10735607892274857 0.25974932312965393
v 0.000337520323228091 -0.11215671896934509 0.28161776065826416
v -0.010308582335710526 -0.11142626404762268 0.28209930658340454
v 0.000337520323228091 -0.11215671896934509 0.28161776065826416
v 0.00035973195917904377 -0.12010122835636139 0.32626834511756897
v 0.00035973195917904377 -0.12010122835636139 0.32626834511756897
v 0.000337520323228091 -0.11215671896934509 0.28161776065826416
v 0.010952421464025974 -0.11132976412773132 0.28199511766433716
v 0.00035973195917904377 -0.12010122835636139 0.32626834511756897
v 0.010952421464025974 -0.11132976412773132 0.28199511766433716
v 0.010970289818942547 -0.11905749142169952 0.3267652690410614
v 0.010970289818942547 -0.11905749142169952 0.3267652690410614
v 0.010952421464025974 -0.11132976412773132 0.28199511766433716
v 0.021533623337745667 -0.10882077366113663 0.28330010175704956
v 0.010970289818942547 -0.11905749142169952 0.3267652690410614
v 0.021533623337745667 -0.10882077366113663 0.28330010175704956
v 0.0215434692800045 -0.11614808440208435 0.32829105854034424
v 0.0215434692800045 -0.11614808440208435 0.32829105854034424
v 0.021533623337745667 -0.10882077366113663 0.28330010175704956
v 0.03207453340291977 -0.10430072247982025 0.28571417927742004
v 0.0215434692800045 -0.11614808440208435 0.32829105854034424
v 0.03207453340291977 -0.10430072247982025 0.28571417927742004
v 0.03207685425877571 -0.11125239729881287 0.330912321805954
v 0.03207685425877571 -0.11125239729881287 0.330912321805954
v 0.03207453340291977 -0.10430072247982025 0.28571417927742004
v 0.03775196522474289 -0.10437244921922684 0.309170126914978
v 0.03207685425877571 -0.11125239729881287 0.330912321805954
v 0.03775196522474289 -0.10437244921922684 0.309170126914978
v 0.03644469380378723 -0.10853806138038635 0.3323803246021271
v -0.0322522409260273 -0.1198941171169281 0.43191248178482056
v -0.033646900206804276 -0.1164640486240387 0.3928835093975067
v -0.031814828515052795 -0.11978939175605774 0.42474037408828735
v -0.031814828515052795 -0.11978939175605774 0.42474037408828735
v -0.033646900206804276 -0.1164640486240387 0.3928835093975067
v -0.031744230538606644 -0.11647742241621017 0.377534955739975
v -0.031814828515052795 -0.11978939175605774 0.42474037408828735
v -0.031744230538606644 -0.11647742241621017 0.377534955739975
v -0.02106458693742752 -0.12571778893470764 0.42139217257499695
v -0.02106458693742752 -0.12571778893470764 0.42139217257499695
v -0.031744230538606644 -0.11647742241621017 0.377534955739975
v -0.021003754809498787 -0.12191827595233917 0.37445563077926636
v -0.02106458693742752 -0.12571778893470764 0.42139217257499695
v -0.021003754809498787 -0.12191827595233917 0.37445563077926636
v -0.010357381775975227 -0.12949809432029724 0.4192286431789398
v -0.010357381775975227 -0.12949809432029724 0.4192286431789398
v -0.021003754809498787 -0.12191827595233917 0.37445563077926636
v -0.010306701995432377 -0.1251918524503708 0.37257155776023865
v -0.010357381775975227 -0.12949809432029724 0.4192286431789398
v -0.010306701995432377 -0.1251918524503708 0.37257155776023865
v -0.005022627301514149 -0.13044744729995728 0.41866573691368103
v -0.005022627301514149 -0.13044744729995728 0.41866573691368103
v -0.010306701995432377 -0.1251918524503708 0.37257155776023865
v -0.004975073505192995 -0.12598517537117004 0.37209469079971313
v -0.005022627301514149 -0.13044744729995728 0.41866573691368103
v -0.004975073505192995 -0.12598517537117004 0.37209469079971313
v 0.00029806821839883924 -0.13069508969783783 0.4184897840023041
v 0.00029806821839883924 -0.13069508969783783 0.4184897840023041
v -0.004975073505192995 -0.12598517537117004 0.37209469079971313
v 0.0003448602801654488 -0.1261947900056839 0.3719397187232971
v 0.00029806821839883924 -0.13069508969783783 0.4184897840023041
v 0.0003448602801654488 -0.1261947900056839 0.3719397187232971
v 0.005604541394859552 -0.13023285567760468 0.41870537400245667
v 0.005604541394859552 -0.13023285567760468 0.41870537400245667
v 0.0003448602801654488 -0.1261947900056839 0.3719397187232971
v 0.010950162075459957 -0.12488871067762375 0.3725813031196594
v 0.005604541394859552 -0.13023285567760468 0.41870537400245667
v 0.010950162075459957 -0.12488871067762375 0.3725813031196594
v 0.010897794738411903 -0.12911073863506317 0.419284850358963
v 0.010897794738411903 -0.12911073863506317 0.419284850358963
v 0.010950162075459957 -0.12488871067762375 0.3725813031196594
v 0.02151346020400524 -0.12148614227771759 0.37437909841537476
v 0.010897794738411903 -0.12911073863506317 0.419284850358963
v 0.02151346020400524 -0.12148614227771759 0.37437909841537476
v 0.021451622247695923 -0.1252354234457016 0.4213433563709259
v 0.021451622247695923 -0.1252354234457016 0.4213433563709259
v 0.02151346020400524 -0.12148614227771759 0.37437909841537476
v 0.03203904256224632 -0.1162010058760643 0.3772151470184326
v 0.021451622247695923 -0.1252354234457016 0.4213433563709259
v 0.03203904256224632 -0.1162010058760643 0.3772151470184326
v 0.03197106346487999 -0.11964384466409683 0.424348384141922
v 0.03197106346487999 -0.11964384466409683 0.424348384141922
v 0.03203904256224632 -0.1162010058760643 0.3772151470184326
v 0.03293779864907265 -0.11825130134820938 0.41166144609451294
v 0.03197106346487999 -0.11964384466409683 0.424348384141922
v 0.03293779864907265 -0.11825130134820938 0.41166144609451294
v 0.03157224878668785 -0.12144428491592407 0.45489302277565
v -0.04975813999772072 -0.039119917899370193 0.15425948798656464
v -0.042479123920202255 -0.04525645449757576 0.1508222371339798
v -0.04234304651618004 -0.05466144159436226 0.16437630355358124
v -0.054612960666418076 -0.029452789574861526 0.1529901772737503
v -0.05656874552369118 -0.020000088959932327 0.14699997007846832
v -0.053076572716236115 -0.027981694787740707 0.1469999998807907
v 0.0505593866109848 -0.05005250498652458 0.17236889898777008
v 0.04888639599084854 -0.058325305581092834 0.18323937058448792
v 0.04361888766288757 -0.06172022596001625 0.17858852446079254
v 0.043854039162397385 -0.08131545037031174 0.2272602915763855
v 0.043837253004312515 -0.08045799285173416 0.2244773805141449
v 0.0455378033220768 -0.0739850178360939 0.21051593124866486
v 0.043854039162397385 -0.08131545037031174 0.2272602915763855
v 0.04202073812484741 -0.08884180337190628 0.24808058142662048
v 0.034386638551950455 -0.09471051394939423 0.24808059632778168
v 0.043837253004312515 -0.08045799285173416 0.2244773805141449
v 0.043854039162397385 -0.08131545037031174 0.2272602915763855
v 0.03678126633167267 -0.08545352518558502 0.2217753380537033
v 0.03100266493856907 -0.0513722188770771 0.1469999998807907
v 0.03416772931814194 -0.04932118207216263 0.1469999998807907
v 0.03630773350596428 -0.048753995448350906 0.1483105570077896
v 0.03630773350596428 -0.048753995448350906 0.1483105570077896
v 0.03416772931814194 -0.04932118207216263 0.1469999998807907
v 0.04133070632815361 -0.04351319000124931 0.1469999998807907
v 0.03630773350596428 -0.048753995448350906 0.1483105570077896
v 0.04133070632815361 -0.04351319000124931 0.1469999998807907
v 0.04337434470653534 -0.04428871348500252 0.15072016417980194
v 0.04337434470653534 -0.04428871348500252 0.15072016417980194
v 0.04133070632815361 -0.04351319000124931 0.1469999998807907
v 0.04744996130466461 -0.03673456236720085 0.1469999998807907
v 0.04337434470653534 -0.04428871348500252 0.15072016417980194
v 0.04744996130466461 -0.03673456236720085 0.1469999998807907
v 0.05040537193417549 -0.038047485053539276 0.15410920977592468
v 0.05040537193417549 -0.038047485053539276 0.15410920977592468
v 0.04744996130466461 -0.03673456236720085 0.1469999998807907
v 0.052560776472091675 -0.028876591473817825 0.1469999998807907
v 0.02613549679517746 -0.05401274189352989 0.1469999998807907
v 0.015129921957850456 -0.06586179882287979 0.15777550637722015
v 0.017539216205477715 -0.057379111647605896 0.1469999998807907
v 0.017539216205477715 -0.057379111647605896 0.1469999998807907
v 0.015129921957850456 -0.06586179882287979 0.15777550637722015
v 0.0079979058355093 -0.06706245988607407 0.15716633200645447
v 0.017539216205477715 -0.057379111647605896 0.1469999998807907
v 0.0079979058355093 -0.06706245988607407 0.15716633200645447
v 0.008542747236788273 -0.059392090886831284 0.1469999998807907
v 0.008542747236788273 -0.059392090886831284 0.1469999998807907
v 0.0079979058355093 -0.06706245988607407 0.15716633200645447
v 0.0008530940394848585 -0.06762448698282242 0.15690934658050537
v 0.008542747236788273 -0.059392090886831284 0.1469999998807907
v 0.0008530940394848585 -0.06762448698282242 0.15690934658050537
v -0.000670304405502975 -0.05999550595879555 0.1469999998807907
v -0.000670304405502975 -0.05999550595879555 0.1469999998807907
v 0.0008530940394848585 -0.06762448698282242 0.15690934658050537
v -0.0063095432706177235 -0.06729675829410553 0.15714307129383087
v -0.000670304405502975 -0.05999550595879555 0.1469999998807907
v -0.0063095432706177235 -0.06729675829410553 0.15714307129383087
v -0.009858678095042706 -0.059188902378082275 0.1469999998807907
v -0.0063095432706177235 -0.06729675829410553 0.15714307129383087
v -0.01348651573061943 -0.06625351309776306 0.15777139365673065
v -0.009858678095042706 -0.059188902378082275 0.1469999998807907
v -0.009858678095042706 -0.059188902378082275 0.1469999998807907
v -0.01348651573061943 -0.06625351309776306 0.15777139365673065
v -0.020675919950008392 -0.06458975374698639 0.15874193608760834
v -0.009858678095042706 -0.059188902378082275 0.1469999998807907
v -0.020675919950008392 -0.06458975374698639 0.15874193608760834
v -0.018810946494340897 -0.05697427690029144 0.1469999998807907
v -0.018810946494340897 -0.05697427690029144 0.1469999998807907
v -0.020675919950008392 -0.06458975374698639 0.15874193608760834
v -0.02787969261407852 -0.062208812683820724 0.16010800004005432
v -0.018810946494340897 -0.05697427690029144 0.1469999998807907
v -0.02787969261407852 -0.062208812683820724 0.16010800004005432
v -0.02731597237288952 -0.05342467874288559 0.1469999998807907
v -0.04959108680486679 -0.05486994609236717 0.17844541370868683
v -0.05120394378900528 -0.04680584743618965 0.16864167153835297
v -0.04962083324790001 -0.048586275428533554 0.16777971386909485
v -0.04962083324790001 -0.048586275428533554 0.16777971386909485
v -0.05120394378900528 -0.04680584743618965 0.16864167153835297
v -0.05288106948137283 -0.038266025483608246 0.16010324656963348
v -0.04306614398956299 -0.08460971713066101 0.23585940897464752
v -0.04468492045998573 -0.07774706184864044 0.21872848272323608
v -0.04200350493192673 -0.08206024020910263 0.22422951459884644
v -0.04200350493192673 -0.08206024020910263 0.22422951459884644
v -0.04468492045998573 -0.07774706184864044 0.21872848272323608
v -0.0463414192199707 -0.07035164535045624 0.20326419174671173
v -0.04200350493192673 -0.08206024020910263 0.22422951459884644
v -0.0463414192199707 -0.07035164535045624 0.20326419174671173
v -0.04206141084432602 -0.07655714452266693 0.20852357149124146
v -0.04206141084432602 -0.07655714452266693 0.20852357149124146
v -0.0463414192199707 -0.07035164535045624 0.20326419174671173
v -0.04787210375070572 -0.0632077306509018 0.19070051610469818
v -0.04206141084432602 -0.07655714452266693 0.20852357149124146
v -0.04787210375070572 -0.0632077306509018 0.19070051610469818
v -0.04213571175932884 -0.0702357292175293 0.19326892495155334
v -0.04213571175932884 -0.0702357292175293 0.19326892495155334
v -0.04787210375070572 -0.0632077306509018 0.19070051610469818
v -0.04959108680486679 -0.05486994609236717 0.17844541370868683
v -0.03475409001111984 -0.08671925961971283 0.22160710394382477
v -0.03717022016644478 -0.09274808317422867 0.24807949364185333
v -0.042020730674266815 -0.08884188532829285 0.24808058142662048
v -0.029206018894910812 -0.09763877093791962 0.24807985126972198
v -0.02032383345067501 -0.09261473268270493 0.21824981272220612
v -0.020354364067316055 -0.10131379216909409 0.24808062613010406
v -0.020354364067316055 -0.10131379216909409 0.24808062613010406
v -0.02032383345067501 -0.09261473268270493 0.21824981272220612
v -0.013134353794157505 -0.09428222477436066 0.21727721393108368
v -0.020354364067316055 -0.10131379216909409 0.24808062613010406
v -0.013134353794157505 -0.09428222477436066 0.21727721393108368
v -0.010993036441504955 -0.10358872264623642 0.24808157980442047
v -0.010993036441504955 -0.10358872264623642 0.24808157980442047
v -0.013134353794157505 -0.09428222477436066 0.21727721393108368
v -0.005959626287221909 -0.09521342813968658 0.21671068668365479
v -0.010993036441504955 -0.10358872264623642 0.24808157980442047
v -0.005959626287221909 -0.09521342813968658 0.21671068668365479
v -0.001220924430526793 -0.10448018461465836 0.24808070063591003
v 0.02259989082813263 -0.09198059141635895 0.21828165650367737
v 0.017558535560965538 -0.10227999091148376 0.24807964265346527
v 0.015482356771826744 -0.09390410780906677 0.21727381646633148
v 0.015482356771826744 -0.09390410780906677 0.21727381646633148
v 0.017558535560965538 -0.10227999091148376 0.24807964265346527
v 0.00849820114672184 -0.10402842611074448 0.2480802685022354
v 0.015482356771826744 -0.09390410780906677 0.21727381646633148
v 0.00849820114672184 -0.10402842611074448 0.2480802685022354
v 0.008349157869815826 -0.0950457826256752 0.21669717133045197
v 0.008349157869815826 -0.0950457826256752 0.21669717133045197
v 0.00849820114672184 -0.10402842611074448 0.2480802685022354
v -0.001220924430526793 -0.10448018461465836 0.24808070063591003
v 0.008349157869815826 -0.0950457826256752 0.21669717133045197
v -0.001220924430526793 -0.10448018461465836 0.24808070063591003
v 0.0012013416271656752 -0.09545781463384628 0.2165229171514511
v 0.0012013416271656752 -0.09545781463384628 0.2165229171514511
v -0.001220924430526793 -0.10448018461465836 0.24808070063591003
v -0.005959626287221909 -0.09521342813968658 0.21671068668365479
v 0.043854039162397385 -0.08131545037031174 0.2272602915763855
v 0.034386638551950455 -0.09471051394939423 0.24808059632778168
v 0.03678126633167267 -0.08545352518558502 0.2217753380537033
v 0.03678126633167267 -0.08545352518558502 0.2217753380537033
v 0.034386638551950455 -0.09471051394939423 0.24808059632778168
v 0.032038118690252304 -0.09616748243570328 0.24808092415332794
v 0.03678126633167267 -0.08545352518558502 0.2217753380537033
v 0.032038118690252304 -0.09616748243570328 0.24808092415332794
v 0.029700415208935738 -0.08920808881521225 0.21975769102573395
v 0.029700415208935738 -0.08920808881521225 0.21975769102573395
v 0.032038118690252304 -0.09616748243570328 0.24808092415332794
v 0.02609195001423359 -0.09923155605792999 0.24808111786842346
v 0.029700415208935738 -0.08920808881521225 0.21975769102573395
v 0.02609195001423359 -0.09923155605792999 0.24808111786842346
v 0.02259989082813263 -0.09198059141635895 0.21828165650367737
v 0.02259989082813263 -0.09198059141635895 0.21828165650367737
v 0.02609195001423359 -0.09923155605792999 0.24808111786842346
v 0.021495364606380463 -0.10105645656585693 0.24808050692081451
v 0.02259989082813263 -0.09198059141635895 0.21828165650367737
v 0.021495364606380463 -0.10105645656585693 0.24808050692081451
v 0.017558535560965538 -0.10227999091148376 0.24807964265346527
v -0.05422743037343025 -0.03140254691243172 0.1544281244277954
v -0.05342354252934456 -0.03475916385650635 0.15669092535972595
v -0.05288106948137283 -0.038266025483608246 0.16010324656963348
v -0.05288106948137283 -0.038266025483608246 0.16010324656963348
v -0.05342354252934456 -0.03475916385650635 0.15669092535972595
v -0.04975813999772072 -0.039119917899370193 0.15425948798656464
v -0.05288106948137283 -0.038266025483608246 0.16010324656963348
v -0.04975813999772072 -0.039119917899370193 0.15425948798656464
v -0.04962083324790001 -0.048586275428533554 0.16777971386909485
v -0.04962083324790001 -0.048586275428533554 0.16777971386909485
v -0.04975813999772072 -0.039119917899370193 0.15425948798656464
v -0.04234304651618004 -0.05466144159436226 0.16437630355358124
v -0.04962083324790001 -0.048586275428533554 0.16777971386909485
v -0.04234304651618004 -0.05466144159436226 0.16437630355358124
v -0.04959108680486679 -0.05486994609236717 0.17844541370868683
v -0.04959108680486679 -0.05486994609236717 0.17844541370868683
v -0.04234304651618004 -0.05466144159436226 0.16437630355358124
v -0.042228907346725464 -0.0629713386297226 0.17853431403636932
v -0.04959108680486679 -0.05486994609236717 0.17844541370868683
v -0.042228907346725464 -0.0629713386297226 0.17853431403636932
v -0.04213571175932884 -0.0702357292175293 0.19326892495155334
v -0.042479123920202255 -0.04525645449757576 0.1508222371339798
v -0.035236209630966187 -0.04959120973944664 0.1483786553144455
v -0.03510042652487755 -0.0589812770485878 0.16194094717502594
v -0.03510042652487755 -0.0589812770485878 0.16194094717502594
v -0.027763869613409042 -0.07060272246599197 0.17421968281269073
v -0.03498569503426552 -0.06732065230607986 0.17608270049095154
v -0.03498569503426552 -0.06732065230607986 0.17608270049095154
v -0.027763869613409042 -0.07060272246599197 0.17421968281269073
v -0.027668176218867302 -0.07799187302589417 0.18888546526432037
v -0.03498569503426552 -0.06732065230607986 0.17608270049095154
v -0.027668176218867302 -0.07799187302589417 0.18888546526432037
v -0.034890949726104736 -0.07466263324022293 0.19077451527118683
v -0.034890949726104736 -0.07466263324022293 0.19077451527118683
v -0.027668176218867302 -0.07799187302589417 0.18888546526432037
v -0.027590759098529816 -0.08446884155273438 0.2040543407201767
v -0.034890949726104736 -0.07466263324022293 0.19077451527118683
v -0.027590759098529816 -0.08446884155273438 0.2040543407201767
v -0.03481443598866463 -0.08109442889690399 0.20596829056739807
v -0.03481443598866463 -0.08109442889690399 0.20596829056739807
v -0.027590759098529816 -0.08446884155273438 0.2040543407201767
v -0.027529461309313774 -0.090141162276268 0.2196669578552246
v -0.03481443598866463 -0.08109442889690399 0.20596829056739807
v -0.027529461309313774 -0.090141162276268 0.2196669578552246
v -0.03475409001111984 -0.08671925961971283 0.22160710394382477
v -0.03475409001111984 -0.08671925961971283 0.22160710394382477
v -0.027529461309313774 -0.090141162276268 0.2196669578552246
v -0.03176717087626457 -0.0962504968047142 0.248078852891922
v -0.03475409001111984 -0.08671925961971283 0.22160710394382477
v -0.03176717087626457 -0.0962504968047142 0.248078852891922
v -0.03717022016644478 -0.09274808317422867 0.24807949364185333
v -0.042479123920202255 -0.04525645449757576 0.1508222371339798
v -0.03510042652487755 -0.0589812770485878 0.16194094717502594
v -0.04234304651618004 -0.05466144159436226 0.16437630355358124
v -0.04234304651618004 -0.05466144159436226 0.16437630355358124
v -0.03510042652487755 -0.0589812770485878 0.16194094717502594
v -0.03498569503426552 -0.06732065230607986 0.17608270049095154
v -0.04234304651618004 -0.05466144159436226 0.16437630355358124
v -0.03498569503426552 -0.06732065230607986 0.17608270049095154
v -0.042228907346725464 -0.0629713386297226 0.17853431403636932
v -0.042228907346725464 -0.0629713386297226 0.17853431403636932
v -0.03498569503426552 -0.06732065230607986 0.17608270049095154
v -0.034890949726104736 -0.07466263324022293 0.19077451527118683
v -0.042228907346725464 -0.0629713386297226 0.17853431403636932
v -0.034890949726104736 -0.07466263324022293 0.19077451527118683
v -0.04213571175932884 -0.0702357292175293 0.19326892495155334
v -0.04213571175932884 -0.0702357292175293 0.19326892495155334
v -0.034890949726104736 -0.07466263324022293 0.19077451527118683
v -0.03481443598866463 -0.08109442889690399 0.20596829056739807
v -0.04213571175932884 -0.0702357292175293 0.19326892495155334
v -0.03481443598866463 -0.08109442889690399 0.20596829056739807
v -0.04206141084432602 -0.07655714452266693 0.20852357149124146
v -0.04206141084432602 -0.07655714452266693 0.20852357149124146
v -0.03481443598866463 -0.08109442889690399 0.20596829056739807
v -0.03475409001111984 -0.08671925961971283 0.22160710394382477
v -0.04206141084432602 -0.07655714452266693 0.20852357149124146
v -0.03475409001111984 -0.08671925961971283 0.22160710394382477
v -0.04200350493192673 -0.08206024020910263 0.22422951459884644
v -0.04200350493192673 -0.08206024020910263 0.22422951459884644
v -0.03475409001111984 -0.08671925961971283 0.22160710394382477
v -0.042020730674266815 -0.08884188532829285 0.24808058142662048
v -0.04200350493192673 -0.08206024020910263 0.22422951459884644
v -0.042020730674266815 -0.08884188532829285 0.24808058142662048
v -0.04306614398956299 -0.08460971713066101 0.23585940897464752
v -0.020384781062602997 -0.08695987612009048 0.20262755453586578
v -0.02046205662190914 -0.08049000799655914 0.18745477497577667
v -0.013193984515964985 -0.08869308233261108 0.2016187161207199
v -0.013193984515964985 -0.08869308233261108 0.2016187161207199
v -0.02046205662190914 -0.08049000799655914 0.18745477497577667
v -0.013270176015794277 -0.082277312874794 0.18641610443592072
v -0.013193984515964985 -0.08869308233261108 0.2016187161207199
v -0.013270176015794277 -0.082277312874794 0.18641610443592072
v -0.006017546635121107 -0.08970963954925537 0.20100511610507965
v -0.006017546635121107 -0.08970963954925537 0.20100511610507965
v -0.013270176015794277 -0.082277312874794 0.18641610443592072
v -0.006091703195124865 -0.08339545875787735 0.1857464760541916
v -0.006017546635121107 -0.08970963954925537 0.20100511610507965
v -0.006091703195124865 -0.08339545875787735 0.1857464760541916
v 0.0011441337410360575 -0.08998959511518478 0.20079773664474487
v 0.0011441337410360575 -0.08998959511518478 0.20079773664474487
v -0.006091703195124865 -0.08339545875787735 0.1857464760541916
v 0.0010710941860452294 -0.08373116701841354 0.1855083554983139
v 0.0011441337410360575 -0.08998959511518478 0.20079773664474487
v 0.0010710941860452294 -0.08373116701841354 0.1855083554983139
v 0.008290988393127918 -0.08952955156564713 0.2009984701871872
v 0.008290988393127918 -0.08952955156564713 0.2009984701871872
v 0.0010710941860452294 -0.08373116701841354 0.1855083554983139
v 0.00821620412170887 -0.08318405598402023 0.1857571005821228
v 0.008290988393127918 -0.08952955156564713 0.2009984701871872
v 0.00821620412170887 -0.08318405598402023 0.1857571005821228
v 0.01542261615395546 -0.08830946683883667 0.20161835849285126
v 0.01542261615395546 -0.08830946683883667 0.20161835849285126
v 0.00821620412170887 -0.08318405598402023 0.1857571005821228
v 0.01534613873809576 -0.08187945932149887 0.18642359972000122
v 0.01542261615395546 -0.08830946683883667 0.20161835849285126
v 0.01534613873809576 -0.08187945932149887 0.18642359972000122
v 0.022539308294653893 -0.08634389191865921 0.20264938473701477
v 0.022539308294653893 -0.08634389191865921 0.20264938473701477
v 0.01534613873809576 -0.08187945932149887 0.18642359972000122
v 0.022462273016572 -0.0798860490322113 0.1874699741601944
v 0.022539308294653893 -0.08634389191865921 0.20264938473701477
v 0.022462273016572 -0.0798860490322113 0.1874699741601944
v 0.02964007295668125 -0.08358335494995117 0.20411883294582367
v 0.02964007295668125 -0.08358335494995117 0.20411883294582367
v 0.022462273016572 -0.0798860490322113 0.1874699741601944
v 0.029563581570982933 -0.07715269923210144 0.18892443180084229
v 0.02964007295668125 -0.08358335494995117 0.20411883294582367
v 0.029563581570982933 -0.07715269923210144 0.18892443180084229
v 0.036722566932439804 -0.07991094887256622 0.20609116554260254
v 0.036722566932439804 -0.07991094887256622 0.20609116554260254
v 0.029563581570982933 -0.07715269923210144 0.18892443180084229
v 0.036647748202085495 -0.07356362789869308 0.19085080921649933
v 0.036722566932439804 -0.07991094887256622 0.20609116554260254
v 0.036647748202085495 -0.07356362789869308 0.19085080921649933
v 0.04378148168325424 -0.07506139576435089 0.20871269702911377
v 0.04378148168325424 -0.07506139576435089 0.20871269702911377
v 0.036647748202085495 -0.07356362789869308 0.19085080921649933
v 0.043709494173526764 -0.06885561347007751 0.193394273519516
v -0.02032383345067501 -0.09261473268270493 0.21824981272220612
v -0.020384781062602997 -0.08695987612009048 0.20262755453586578
v -0.013134353794157505 -0.09428222477436066 0.21727721393108368
v -0.013134353794157505 -0.09428222477436066 0.21727721393108368
v -0.020384781062602997 -0.08695987612009048 0.20262755453586578
v -0.013193984515964985 -0.08869308233261108 0.2016187161207199
v -0.013134353794157505 -0.09428222477436066 0.21727721393108368
v -0.013193984515964985 -0.08869308233261108 0.2016187161207199
v -0.005959626287221909 -0.09521342813968658 0.21671068668365479
v -0.005959626287221909 -0.09521342813968658 0.21671068668365479
v -0.013193984515964985 -0.08869308233261108 0.2016187161207199
v -0.006017546635121107 -0.08970963954925537 0.20100511610507965
v -0.005959626287221909 -0.09521342813968658 0.21671068668365479
v -0.006017546635121107 -0.08970963954925537 0.20100511610507965
v 0.0012013416271656752 -0.09545781463384628 0.2165229171514511
v 0.0012013416271656752 -0.09545781463384628 0.2165229171514511
v -0.006017546635121107 -0.08970963954925537 0.20100511610507965
v 0.0011441337410360575 -0.08998959511518478 0.20079773664474487
v 0.0012013416271656752 -0.09545781463384628 0.2165229171514511
v 0.0011441337410360575 -0.08998959511518478 0.20079773664474487
v 0.008349157869815826 -0.0950457826256752 0.21669717133045197
v 0.008349157869815826 -0.0950457826256752 0.21669717133045197
v 0.0011441337410360575 -0.08998959511518478 0.20079773664474487
v 0.008290988393127918 -0.08952955156564713 0.2009984701871872
v 0.008349157869815826 -0.0950457826256752 0.21669717133045197
v 0.008290988393127918 -0.08952955156564713 0.2009984701871872
v 0.015482356771826744 -0.09390410780906677 0.21727381646633148
v 0.015482356771826744 -0.09390410780906677 0.21727381646633148
v 0.008290988393127918 -0.08952955156564713 0.2009984701871872
v 0.01542261615395546 -0.08830946683883667 0.20161835849285126
v 0.015482356771826744 -0.09390410780906677 0.21727381646633148
v 0.01542261615395546 -0.08830946683883667 0.20161835849285126
v 0.02259989082813263 -0.09198059141635895 0.21828165650367737
v 0.02259989082813263 -0.09198059141635895 0.21828165650367737
v 0.01542261615395546 -0.08830946683883667 0.20161835849285126
v 0.022539308294653893 -0.08634389191865921 0.20264938473701477
v 0.02259989082813263 -0.09198059141635895 0.21828165650367737
v 0.022539308294653893 -0.08634389191865921 0.20264938473701477
v 0.029700415208935738 -0.08920808881521225 0.21975769102573395
v 0.029700415208935738 -0.08920808881521225 0.21975769102573395
v 0.022539308294653893 -0.08634389191865921 0.20264938473701477
v 0.02964007295668125 -0.08358335494995117 0.20411883294582367
v 0.029700415208935738 -0.08920808881521225 0.21975769102573395
v 0.02964007295668125 -0.08358335494995117 0.20411883294582367
v 0.03678126633167267 -0.08545352518558502 0.2217753380537033
v 0.03678126633167267 -0.08545352518558502 0.2217753380537033
v 0.02964007295668125 -0.08358335494995117 0.20411883294582367
v 0.036722566932439804 -0.07991094887256622 0.20609116554260254
v 0.03678126633167267 -0.08545352518558502 0.2217753380537033
v 0.036722566932439804 -0.07991094887256622 0.20609116554260254
v 0.043837253004312515 -0.08045799285173416 0.2244773805141449
v 0.043837253004312515 -0.08045799285173416 0.2244773805141449
v 0.036722566932439804 -0.07991094887256622 0.20609116554260254
v 0.04378148168325424 -0.07506139576435089 0.20871269702911377
v 0.043837253004312515 -0.08045799285173416 0.2244773805141449
v 0.04378148168325424 -0.07506139576435089 0.20871269702911377
v 0.0455378033220768 -0.0739850178360939 0.21051593124866486
v 0.0455378033220768 -0.0739850178360939 0.21051593124866486
v 0.04378148168325424 -0.07506139576435089 0.20871269702911377
v 0.043709494173526764 -0.06885561347007751 0.193394273519516
v 0.0455378033220768 -0.0739850178360939 0.21051593124866486
v 0.043709494173526764 -0.06885561347007751 0.193394273519516
v 0.04722486808896065 -0.06626316905021667 0.1958182454109192
v 0.05040537193417549 -0.038047485053539276 0.15410920977592468
v 0.050537705421447754 -0.04726536199450493 0.16776646673679352
v 0.04337434470653534 -0.04428871348500252 0.15072016417980194
v 0.04337434470653534 -0.04428871348500252 0.15072016417980194
v 0.050537705421447754 -0.04726536199450493 0.16776646673679352
v 0.04350752755999565 -0.05354908108711243 0.16435399651527405
v 0.04337434470653534 -0.04428871348500252 0.15072016417980194
v 0.04350752755999565 -0.05354908108711243 0.16435399651527405
v 0.03630773350596428 -0.048753995448350906 0.1483105570077896
v 0.03630773350596428 -0.048753995448350906 0.1483105570077896
v 0.04350752755999565 -0.05354908108711243 0.16435399651527405
v 0.036441780626773834 -0.058057598769664764 0.16192054748535156
v 0.03630773350596428 -0.048753995448350906 0.1483105570077896
v 0.036441780626773834 -0.058057598769664764 0.16192054748535156
v 0.03100266493856907 -0.0513722188770771 0.1469999998807907
v 0.03100266493856907 -0.0513722188770771 0.1469999998807907
v 0.036441780626773834 -0.058057598769664764 0.16192054748535156
v 0.029354017227888107 -0.06146705895662308 0.16009321808815002
v 0.03100266493856907 -0.0513722188770771 0.1469999998807907
v 0.029354017227888107 -0.06146705895662308 0.16009321808815002
v 0.02613549679517746 -0.05401274189352989 0.1469999998807907
v 0.02613549679517746 -0.05401274189352989 0.1469999998807907
v 0.029354017227888107 -0.06146705895662308 0.16009321808815002
v 0.022249214351177216 -0.06402607262134552 0.15873491764068604
v 0.02613549679517746 -0.05401274189352989 0.1469999998807907
v 0.022249214351177216 -0.06402607262134552 0.15873491764068604
v 0.015129921957850456 -0.06586179882287979 0.15777550637722015
v 0.0565686859190464 -0.020000023767352104 0.14699998497962952
v 0.05573583021759987 -0.02391139231622219 0.14928585290908813
v 0.052560776472091675 -0.028876591473817825 0.1469999998807907
v 0.052560776472091675 -0.028876591473817825 0.1469999998807907
v 0.05573583021759987 -0.02391139231622219 0.14928585290908813
v 0.05394137278199196 -0.03285926580429077 0.15555067360401154
v 0.052560776472091675 -0.028876591473817825 0.1469999998807907
v 0.05394137278199196 -0.03285926580429077 0.15555067360401154
v 0.05040537193417549 -0.038047485053539276 0.15410920977592468
v 0.05040537193417549 -0.038047485053539276 0.15410920977592468
v 0.05394137278199196 -0.03285926580429077 0.15555067360401154
v 0.052229028195142746 -0.04159533604979515 0.1632252335548401
v 0.05040537193417549 -0.038047485053539276 0.15410920977592468
v 0.052229028195142746 -0.04159533604979515 0.1632252335548401
v 0.050537705421447754 -0.04726536199450493 0.16776646673679352
v 0.050537705421447754 -0.04726536199450493 0.16776646673679352
v 0.052229028195142746 -0.04159533604979515 0.1632252335548401
v 0.0505593866109848 -0.05005250498652458 0.17236889898777008
v 0.050537705421447754 -0.04726536199450493 0.16776646673679352
v 0.0505593866109848 -0.05005250498652458 0.17236889898777008
v 0.04350752755999565 -0.05354908108711243 0.16435399651527405
v 0.04350752755999565 -0.05354908108711243 0.16435399651527405
v 0.0505593866109848 -0.05005250498652458 0.17236889898777008
v 0.04361888766288757 -0.06172022596001625 0.17858852446079254
v 0.04350752755999565 -0.05354908108711243 0.16435399651527405
v 0.04361888766288757 -0.06172022596001625 0.17858852446079254
v 0.036441780626773834 -0.058057598769664764 0.16192054748535156
v 0.036441780626773834 -0.058057598769664764 0.16192054748535156
v 0.04361888766288757 -0.06172022596001625 0.17858852446079254
v 0.036554742604494095 -0.06630874425172806 0.17611095309257507
v 0.036441780626773834 -0.058057598769664764 0.16192054748535156
v 0.036554742604494095 -0.06630874425172806 0.17611095309257507
v 0.029354017227888107 -0.06146705895662308 0.16009321808815002
v 0.029354017227888107 -0.06146705895662308 0.16009321808815002
v 0.036554742604494095 -0.06630874425172806 0.17611095309257507
v 0.029468832537531853 -0.069810651242733 0.17423264682292938
v 0.029354017227888107 -0.06146705895662308 0.16009321808815002
v 0.029468832537531853 -0.069810651242733 0.17423264682292938
v 0.022249214351177216 -0.06402607262134552 0.15873491764068604
v 0.022249214351177216 -0.06402607262134552 0.15873491764068604
v 0.029468832537531853 -0.069810651242733 0.17423264682292938
v 0.022366270422935486 -0.07248146831989288 0.17281268537044525
v 0.022249214351177216 -0.06402607262134552 0.15873491764068604
v 0.022366270422935486 -0.07248146831989288 0.17281268537044525
v 0.015129921957850456 -0.06586179882287979 0.15777550637722015
v 0.015129921957850456 -0.06586179882287979 0.15777550637722015
v 0.022366270422935486 -0.07248146831989288 0.17281268537044525
v 0.015249479562044144 -0.07444211840629578 0.17178437113761902
v 0.015129921957850456 -0.06586179882287979 0.15777550637722015
v 0.015249479562044144 -0.07444211840629578 0.17178437113761902
v 0.0079979058355093 -0.06706245988607407 0.15716633200645447
v 0.0079979058355093 -0.06706245988607407 0.15716633200645447
v 0.015249479562044144 -0.07444211840629578 0.17178437113761902
v 0.008119934238493443 -0.07576610147953033 0.1711071878671646
v 0.0079979058355093 -0.06706245988607407 0.15716633200645447
v 0.008119934238493443 -0.07576610147953033 0.1711071878671646
v 0.0008530940394848585 -0.06762448698282242 0.15690934658050537
v 0.0008530940394848585 -0.06762448698282242 0.15690934658050537
v 0.008119934238493443 -0.07576610147953033 0.1711071878671646
v 0.0009763288544490933 -0.07638832926750183 0.17081701755523682
v 0.0008530940394848585 -0.06762448698282242 0.15690934658050537
v 0.0009763288544490933 -0.07638832926750183 0.17081701755523682
v -0.0063095432706177235 -0.06729675829410553 0.15714307129383087
v -0.0063095432706177235 -0.06729675829410553 0.15714307129383087
v 0.0009763288544490933 -0.07638832926750183 0.17081701755523682
v -0.006187343504279852 -0.07600894570350647 0.17107921838760376
v -0.0063095432706177235 -0.06729675829410553 0.15714307129383087
v -0.006187343504279852 -0.07600894570350647 0.17107921838760376
v -0.01348651573061943 -0.06625351309776306 0.15777139365673065
v -0.01348651573061943 -0.06625351309776306 0.15777139365673065
v -0.006187343504279852 -0.07600894570350647 0.17107921838760376
v -0.013366655446588993 -0.07484892755746841 0.17177194356918335
v -0.01348651573061943 -0.06625351309776306 0.15777139365673065
v -0.013366655446588993 -0.07484892755746841 0.17177194356918335
v -0.020675919950008392 -0.06458975374698639 0.15874193608760834
v -0.020675919950008392 -0.06458975374698639 0.15874193608760834
v -0.013366655446588993 -0.07484892755746841 0.17177194356918335
v -0.027763869613409042 -0.07060272246599197 0.17421968281269073
v -0.020675919950008392 -0.06458975374698639 0.15874193608760834
v -0.027763869613409042 -0.07060272246599197 0.17421968281269073
v -0.02787969261407852 -0.062208812683820724 0.16010800004005432
v -0.02787969261407852 -0.062208812683820724 0.16010800004005432
v -0.027763869613409042 -0.07060272246599197 0.17421968281269073
v -0.03510042652487755 -0.0589812770485878 0.16194094717502594
v -0.02787969261407852 -0.062208812683820724 0.16010800004005432
v -0.03510042652487755 -0.0589812770485878 0.16194094717502594
v -0.02731597237288952 -0.05342467874288559 0.1469999998807907
v -0.02731597237288952 -0.05342467874288559 0.1469999998807907
v -0.03510042652487755 -0.0589812770485878 0.16194094717502594
v -0.035236209630966187 -0.04959120973944664 0.1483786553144455
v -0.02731597237288952 -0.05342467874288559 0.1469999998807907
v -0.035236209630966187 -0.04959120973944664 0.1483786553144455
v -0.03518358990550041 -0.04860047623515129 0.1469999998807907
v -0.03518358990550041 -0.04860047623515129 0.1469999998807907
v -0.035236209630966187 -0.04959120973944664 0.1483786553144455
v -0.042479123920202255 -0.04525645449757576 0.1508222371339798
v -0.03518358990550041 -0.04860047623515129 0.1469999998807907
v -0.042479123920202255 -0.04525645449757576 0.1508222371339798
v -0.04221799597144127 -0.04263892024755478 0.1469999998807907
v -0.04221799597144127 -0.04263892024755478 0.1469999998807907
v -0.042479123920202255 -0.04525645449757576 0.1508222371339798
v -0.04975813999772072 -0.039119917899370193 0.15425948798656464
v -0.04221799597144127 -0.04263892024755478 0.1469999998807907
v -0.04975813999772072 -0.039119917899370193 0.15425948798656464
v -0.04824580252170563 -0.035670630633831024 0.1469999998807907
v -0.04824580252170563 -0.035670630633831024 0.1469999998807907
v -0.04975813999772072 -0.039119917899370193 0.15425948798656464
v -0.05342354252934456 -0.03475916385650635 0.15669092535972595
v -0.04824580252170563 -0.035670630633831024 0.1469999998807907
v -0.05342354252934456 -0.03475916385650635 0.15669092535972595
v -0.053076572716236115 -0.027981694787740707 0.1469999998807907
v -0.053076572716236115 -0.027981694787740707 0.1469999998807907
v -0.05342354252934456 -0.03475916385650635 0.15669092535972595
v -0.05422743037343025 -0.03140254691243172 0.1544281244277954
v -0.053076572716236115 -0.027981694787740707 0.1469999998807907
v -0.05422743037343025 -0.03140254691243172 0.1544281244277954
v -0.054612960666418076 -0.029452789574861526 0.1529901772737503
v 0.04888639599084854 -0.058325305581092834 0.18323937058448792
v 0.04722486808896065 -0.06626316905021667 0.1958182454109192
v 0.04361888766288757 -0.06172022596001625 0.17858852446079254
v 0.04361888766288757 -0.06172022596001625 0.17858852446079254
v 0.04722486808896065 -0.06626316905021667 0.1958182454109192
v 0.043709494173526764 -0.06885561347007751 0.193394273519516
v 0.04361888766288757 -0.06172022596001625 0.17858852446079254
v 0.043709494173526764 -0.06885561347007751 0.193394273519516
v 0.036554742604494095 -0.06630874425172806 0.17611095309257507
v 0.036554742604494095 -0.06630874425172806 0.17611095309257507
v 0.043709494173526764 -0.06885561347007751 0.193394273519516
v 0.036647748202085495 -0.07356362789869308 0.19085080921649933
v 0.036554742604494095 -0.06630874425172806 0.17611095309257507
v 0.036647748202085495 -0.07356362789869308 0.19085080921649933
v 0.029468832537531853 -0.069810651242733 0.17423264682292938
v 0.029468832537531853 -0.069810651242733 0.17423264682292938
v 0.036647748202085495 -0.07356362789869308 0.19085080921649933
v 0.029563581570982933 -0.07715269923210144 0.18892443180084229
v 0.029468832537531853 -0.069810651242733 0.17423264682292938
v 0.029563581570982933 -0.07715269923210144 0.18892443180084229
v 0.022366270422935486 -0.07248146831989288 0.17281268537044525
v 0.022366270422935486 -0.07248146831989288 0.17281268537044525
v 0.029563581570982933 -0.07715269923210144 0.18892443180084229
v 0.022462273016572 -0.0798860490322113 0.1874699741601944
v 0.022366270422935486 -0.07248146831989288 0.17281268537044525
v 0.022462273016572 -0.0798860490322113 0.1874699741601944
v 0.015249479562044144 -0.07444211840629578 0.17178437113761902
v 0.015249479562044144 -0.07444211840629578 0.17178437113761902
v 0.022462273016572 -0.0798860490322113 0.1874699741601944
v 0.01534613873809576 -0.08187945932149887 0.18642359972000122
v 0.015249479562044144 -0.07444211840629578 0.17178437113761902
v 0.01534613873809576 -0.08187945932149887 0.18642359972000122
v 0.008119934238493443 -0.07576610147953033 0.1711071878671646
v 0.008119934238493443 -0.07576610147953033 0.1711071878671646
v 0.01534613873809576 -0.08187945932149887 0.18642359972000122
v 0.00821620412170887 -0.08318405598402023 0.1857571005821228
v 0.008119934238493443 -0.07576610147953033 0.1711071878671646
v 0.00821620412170887 -0.08318405598402023 0.1857571005821228
v 0.0009763288544490933 -0.07638832926750183 0.17081701755523682
v 0.0009763288544490933 -0.07638832926750183 0.17081701755523682
v 0.00821620412170887 -0.08318405598402023 0.1857571005821228
v 0.0010710941860452294 -0.08373116701841354 0.1855083554983139
v 0.0009763288544490933 -0.07638832926750183 0.17081701755523682
v 0.0010710941860452294 -0.08373116701841354 0.1855083554983139
v -0.006187343504279852 -0.07600894570350647 0.17107921838760376
v -0.006187343504279852 -0.07600894570350647 0.17107921838760376
v 0.0010710941860452294 -0.08373116701841354 0.1855083554983139
v -0.006091703195124865 -0.08339545875787735 0.1857464760541916
v -0.006187343504279852 -0.07600894570350647 0.17107921838760376
v -0.006091703195124865 -0.08339545875787735 0.1857464760541916
v -0.013366655446588993 -0.07484892755746841 0.17177194356918335
v -0.013366655446588993 -0.07484892755746841 0.17177194356918335
v -0.006091703195124865 -0.08339545875787735 0.1857464760541916
v -0.013270176015794277 -0.082277312874794 0.18641610443592072
v -0.013366655446588993 -0.07484892755746841 0.17177194356918335
v -0.013270176015794277 -0.082277312874794 0.18641610443592072
v -0.027763869613409042 -0.07060272246599197 0.17421968281269073
v -0.027763869613409042 -0.07060272246599197 0.17421968281269073
v -0.013270176015794277 -0.082277312874794 0.18641610443592072
v -0.02046205662190914 -0.08049000799655914 0.18745477497577667
v -0.027763869613409042 -0.07060272246599197 0.17421968281269073
v -0.02046205662190914 -0.08049000799655914 0.18745477497577667
v -0.027668176218867302 -0.07799187302589417 0.18888546526432037
v -0.027668176218867302 -0.07799187302589417 0.18888546526432037
v -0.02046205662190914 -0.08049000799655914 0.18745477497577667
v -0.020384781062602997 -0.08695987612009048 0.20262755453586578
v -0.027668176218867302 -0.07799187302589417 0.18888546526432037
v -0.020384781062602997 -0.08695987612009048 0.20262755453586578
v -0.027590759098529816 -0.08446884155273438 0.2040543407201767
v -0.027590759098529816 -0.08446884155273438 0.2040543407201767
v -0.020384781062602997 -0.08695987612009048 0.20262755453586578
v -0.02032383345067501 -0.09261473268270493 0.21824981272220612
v -0.027590759098529816 -0.08446884155273438 0.2040543407201767
v -0.02032383345067501 -0.09261473268270493 0.21824981272220612
v -0.027529461309313774 -0.090141162276268 0.2196669578552246
v -0.027529461309313774 -0.090141162276268 0.2196669578552246
v -0.02032383345067501 -0.09261473268270493 0.21824981272220612
v -0.029206018894910812 -0.09763877093791962 0.24807985126972198
v -0.027529461309313774 -0.090141162276268 0.2196669578552246
v -0.029206018894910812 -0.09763877093791962 0.24807985126972198
v -0.03176717087626457 -0.0962504968047142 0.248078852891922
v -0.05963711440563202 -0.01845162734389305 0.21433687210083008
v -0.05994415655732155 -0.007253236602991819 0.19420750439167023
v -0.05916038155555725 -0.022854536771774292 0.1857481747865677
v -0.047255635261535645 -0.057346537709236145 0.2969999611377716
v -0.04735783115029335 -0.060886114835739136 0.2949855327606201
v -0.04671370983123779 -0.068620465695858 0.296999990940094
v -0.05999999865889549 3.306756646281883e-09 0.18122589588165283
v -0.05999999865889549 3.3246532193942357e-09 0.17193356156349182
v -0.059742700308561325 -0.011714909225702286 0.16561554372310638
v -0.05998506397008896 -0.003868264611810446 0.21834558248519897
v -0.05994415655732155 -0.007253236602991819 0.19420750439167023
v -0.059889815747737885 -0.009737408719956875 0.22081539034843445
v -0.059889815747737885 -0.009737408719956875 0.22081539034843445
v -0.05994415655732155 -0.007253236602991819 0.19420750439167023
v -0.05963711440563202 -0.01845162734389305 0.21433687210083008
v -0.059889815747737885 -0.009737408719956875 0.22081539034843445
v -0.05963711440563202 -0.01845162734389305 0.21433687210083008
v -0.05965951085090637 -0.01580616645514965 0.2240268886089325
v -0.05965951085090637 -0.01580616645514965 0.2240268886089325
v -0.05963711440563202 -0.01845162734389305 0.21433687210083008
v -0.059544287621974945 -0.017791587859392166 0.22525803744792938
v -0.05195137858390808 -0.0449918657541275 0.2585138976573944
v -0.055132441222667694 -0.03910243138670921 0.2480805665254593
v -0.054551076143980026 -0.0500304289162159 0.2361171841621399
v -0.054551076143980026 -0.0500304289162159 0.2361171841621399
v -0.055132441222667694 -0.03910243138670921 0.2480805665254593
v -0.05599842593073845 -0.037074629217386246 0.24490290880203247
v -0.054551076143980026 -0.0500304289162159 0.2361171841621399
v -0.05599842593073845 -0.037074629217386246 0.24490290880203247
v -0.05769985169172287 -0.03157403692603111 0.2374849170446396
v -0.054551076143980026 -0.0500304289162159 0.2361171841621399
v -0.052208106964826584 -0.05516224354505539 0.24620786309242249
v -0.05195137858390808 -0.0449918657541275 0.2585138976573944
v -0.05195137858390808 -0.0449918657541275 0.2585138976573944
v -0.052208106964826584 -0.05516224354505539 0.24620786309242249
v -0.05007477477192879 -0.060338810086250305 0.2562960684299469
v -0.05195137858390808 -0.0449918657541275 0.2585138976573944
v -0.05007477477192879 -0.060338810086250305 0.2562960684299469
v -0.0502493791282177 -0.04975014925003052 0.26803287863731384
v -0.044438447803258896 -0.08292651921510696 0.296999990940094
v -0.046548470854759216 -0.07022056728601456 0.296999990940094
v -0.04860831797122955 -0.06565773487091064 0.2663763165473938
v -0.04860831797122955 -0.06565773487091064 0.2663763165473938
v -0.046548470854759216 -0.07022056728601456 0.296999990940094
v -0.04671370983123779 -0.068620465695858 0.296999990940094
v -0.04860831797122955 -0.06565773487091064 0.2663763165473938
v -0.04671370983123779 -0.068620465695858 0.296999990940094
v -0.049067988991737366 -0.05326249822974205 0.277773916721344
v -0.049067988991737366 -0.05326249822974205 0.277773916721344
v -0.04671370983123779 -0.068620465695858 0.296999990940094
v -0.04735783115029335 -0.060886114835739136 0.2949855327606201
v -0.049067988991737366 -0.05326249822974205 0.277773916721344
v -0.04735783115029335 -0.060886114835739136 0.2949855327606201
v -0.04795432463288307 -0.05593322962522507 0.2890688180923462
v -0.04795432463288307 -0.05593322962522507 0.2890688180923462
v -0.04735783115029335 -0.060886114835739136 0.2949855327606201
v -0.047255635261535645 -0.057346537709236145 0.2969999611377716
v -0.04526856169104576 -0.0807134136557579 0.25794732570648193
v -0.04093839228153229 -0.09536198526620865 0.296999990940094
v -0.04725741595029831 -0.07325366884469986 0.26215803623199463
v -0.04725741595029831 -0.07325366884469986 0.26215803623199463
v -0.04093839228153229 -0.09536198526620865 0.296999990940094
v -0.044438447803258896 -0.08292651921510696 0.296999990940094
v -0.04867183044552803 -0.07017596811056137 0.23778121173381805
v -0.052167024463415146 -0.05965815484523773 0.21761399507522583
v -0.04912799969315529 -0.06689371913671494 0.21341575682163239
v -0.04787210375070572 -0.0632077306509018 0.19070051610469818
v -0.0463414192199707 -0.07035164535045624 0.20326419174671173
v -0.04912799969315529 -0.06689371913671494 0.21341575682163239
v -0.04912799969315529 -0.06689371913671494 0.21341575682163239
v -0.0463414192199707 -0.07035164535045624 0.20326419174671173
v -0.04468492045998573 -0.07774706184864044 0.21872848272323608
v -0.04912799969315529 -0.06689371913671494 0.21341575682163239
v -0.04468492045998573 -0.07774706184864044 0.21872848272323608
v -0.04867183044552803 -0.07017596811056137 0.23778121173381805
v -0.04867183044552803 -0.07017596811056137 0.23778121173381805
v -0.04468492045998573 -0.07774706184864044 0.21872848272323608
v -0.04306614398956299 -0.08460971713066101 0.23585940897464752
v -0.04867183044552803 -0.07017596811056137 0.23778121173381805
v -0.04306614398956299 -0.08460971713066101 0.23585940897464752
v -0.042020730674266815 -0.08884188532829285 0.24808058142662048
v -0.05120394378900528 -0.04680584743618965 0.16864167153835297
v -0.04959108680486679 -0.05486994609236717 0.17844541370868683
v -0.05149785429239273 -0.05613567680120468 0.19326190650463104
v -0.052907999604940414 -0.04517276585102081 0.1731194406747818
v -0.056025341153144836 -0.03795391693711281 0.17731675505638123
v -0.05308691784739494 -0.03957899287343025 0.1630544513463974
v -0.05308691784739494 -0.03957899287343025 0.1630544513463974
v -0.056025341153144836 -0.03795391693711281 0.17731675505638123
v -0.056568555533885956 -0.02680594101548195 0.15718458592891693
v -0.05999999865889549 3.3246532193942357e-09 0.17193356156349182
v -0.06000012531876564 -2.67105022544456e-08 0.14699998497962952
v -0.059742700308561325 -0.011714909225702286 0.16561554372310638
v -0.059742700308561325 -0.011714909225702286 0.16561554372310638
v -0.06000012531876564 -2.67105022544456e-08 0.14699998497962952
v -0.059287481009960175 -0.009217713959515095 0.14700008928775787
v -0.059742700308561325 -0.011714909225702286 0.16561554372310638
v -0.059287481009960175 -0.009217713959515095 0.14700008928775787
v -0.05881459638476372 -0.01940109394490719 0.1613922417163849
v -0.05881459638476372 -0.01940109394490719 0.1613922417163849
v -0.059287481009960175 -0.009217713959515095 0.14700008928775787
v -0.05717100575566292 -0.018205266445875168 0.14699998497962952
v -0.05881459638476372 -0.01940109394490719 0.1613922417163849
v -0.05717100575566292 -0.018205266445875168 0.14699998497962952
v -0.056568555533885956 -0.02680594101548195 0.15718458592891693
v -0.056568555533885956 -0.02680594101548195 0.15718458592891693
v -0.05717100575566292 -0.018205266445875168 0.14699998497962952
v -0.05656874552369118 -0.020000088959932327 0.14699997007846832
v -0.056568555533885956 -0.02680594101548195 0.15718458592891693
v -0.05656874552369118 -0.020000088959932327 0.14699997007846832
v -0.054612960666418076 -0.029452789574861526 0.1529901772737503
v -0.056568555533885956 -0.02680594101548195 0.15718458592891693
v -0.056025341153144836 -0.03795391693711281 0.17731675505638123
v -0.05881459638476372 -0.01940109394490719 0.1613922417163849
v -0.05881459638476372 -0.01940109394490719 0.1613922417163849
v -0.056025341153144836 -0.03795391693711281 0.17731675505638123
v -0.058032434433698654 -0.030498061329126358 0.181527242064476
v -0.05881459638476372 -0.01940109394490719 0.1613922417163849
v -0.058032434433698654 -0.030498061329126358 0.181527242064476
v -0.059742700308561325 -0.011714909225702286 0.16561554372310638
v -0.059742700308561325 -0.011714909225702286 0.16561554372310638
v -0.058032434433698654 -0.030498061329126358 0.181527242064476
v -0.05916038155555725 -0.022854536771774292 0.1857481747865677
v -0.059742700308561325 -0.011714909225702286 0.16561554372310638
v -0.05916038155555725 -0.022854536771774292 0.1857481747865677
v -0.05999999865889549 3.306756646281883e-09 0.18122589588165283
v -0.05999999865889549 3.306756646281883e-09 0.18122589588165283
v -0.05916038155555725 -0.022854536771774292 0.1857481747865677
v -0.05994415655732155 -0.007253236602991819 0.19420750439167023
v -0.05999999865889549 3.306756646281883e-09 0.18122589588165283
v -0.05994415655732155 -0.007253236602991819 0.19420750439167023
v -0.05999999865889549 3.2741542810299507e-09 0.19810864329338074
v -0.05999999865889549 3.2741542810299507e-09 0.19810864329338074
v -0.05994415655732155 -0.007253236602991819 0.19420750439167023
v -0.05998506397008896 -0.003868264611810446 0.21834558248519897
v -0.05999999865889549 3.2741542810299507e-09 0.19810864329338074
v -0.05998506397008896 -0.003868264611810446 0.21834558248519897
v -0.05999988690018654 3.211539834069299e-08 0.21699997782707214
v -0.044438447803258896 -0.08292651921510696 0.296999990940094
v -0.04860831797122955 -0.06565773487091064 0.2663763165473938
v -0.04725741595029831 -0.07325366884469986 0.26215803623199463
v -0.04725741595029831 -0.07325366884469986 0.26215803623199463
v -0.04860831797122955 -0.06565773487091064 0.2663763165473938
v -0.04867183044552803 -0.07017596811056137 0.23778121173381805
v -0.04725741595029831 -0.07325366884469986 0.26215803623199463
v -0.04867183044552803 -0.07017596811056137 0.23778121173381805
v -0.04526856169104576 -0.0807134136557579 0.25794732570648193
v -0.04526856169104576 -0.0807134136557579 0.25794732570648193
v -0.04867183044552803 -0.07017596811056137 0.23778121173381805
v -0.042020730674266815 -0.08884188532829285 0.24808058142662048
v -0.04526856169104576 -0.0807134136557579 0.25794732570648193
v -0.042020730674266815 -0.08884188532829285 0.24808058142662048
v -0.04261414706707001 -0.08803108334541321 0.25374454259872437
v -0.04261414706707001 -0.08803108334541321 0.25374454259872437
v -0.042020730674266815 -0.08884188532829285 0.24808058142662048
v -0.040209751576185226 -0.09578023105859756 0.2716168463230133
v -0.04261414706707001 -0.08803108334541321 0.25374454259872437
v -0.040209751576185226 -0.09578023105859756 0.2716168463230133
v -0.04526856169104576 -0.0807134136557579 0.25794732570648193
v -0.04526856169104576 -0.0807134136557579 0.25794732570648193
v -0.040209751576185226 -0.09578023105859756 0.2716168463230133
v -0.03849836438894272 -0.1018662378191948 0.2969999611377716
v -0.04526856169104576 -0.0807134136557579 0.25794732570648193
v -0.03849836438894272 -0.1018662378191948 0.2969999611377716
v -0.04093839228153229 -0.09536198526620865 0.296999990940094
v -0.058837324380874634 -0.025270646438002586 0.2309499830007553
v -0.058212485164403915 -0.029411446303129196 0.23447950184345245
v -0.05769985169172287 -0.03157403692603111 0.2374849170446396
v -0.05769985169172287 -0.03157403692603111 0.2374849170446396
v -0.058212485164403915 -0.029411446303129196 0.23447950184345245
v -0.05630657821893692 -0.04477320611476898 0.22603349387645721
v -0.05769985169172287 -0.03157403692603111 0.2374849170446396
v -0.05630657821893692 -0.04477320611476898 0.22603349387645721
v -0.054551076143980026 -0.0500304289162159 0.2361171841621399
v -0.054551076143980026 -0.0500304289162159 0.2361171841621399
v -0.05630657821893692 -0.04477320611476898 0.22603349387645721
v -0.052167024463415146 -0.05965815484523773 0.21761399507522583
v -0.054551076143980026 -0.0500304289162159 0.2361171841621399
v -0.052167024463415146 -0.05965815484523773 0.21761399507522583
v -0.052208106964826584 -0.05516224354505539 0.24620786309242249
v -0.052208106964826584 -0.05516224354505539 0.24620786309242249
v -0.052167024463415146 -0.05965815484523773 0.21761399507522583
v -0.04867183044552803 -0.07017596811056137 0.23778121173381805
v -0.052208106964826584 -0.05516224354505539 0.24620786309242249
v -0.04867183044552803 -0.07017596811056137 0.23778121173381805
v -0.05007477477192879 -0.060338810086250305 0.2562960684299469
v -0.05007477477192879 -0.060338810086250305 0.2562960684299469
v -0.04867183044552803 -0.07017596811056137 0.23778121173381805
v -0.04860831797122955 -0.06565773487091064 0.2663763165473938
v -0.05007477477192879 -0.060338810086250305 0.2562960684299469
v -0.04860831797122955 -0.06565773487091064 0.2663763165473938
v -0.0502493791282177 -0.04975014925003052 0.26803287863731384
v -0.0502493791282177 -0.04975014925003052 0.26803287863731384
v -0.04860831797122955 -0.06565773487091064 0.2663763165473938
v -0.049067988991737366 -0.05326249822974205 0.277773916721344
v -0.054612960666418076 -0.029452789574861526 0.1529901772737503
v -0.05422743037343025 -0.03140254691243172 0.1544281244277954
v -0.056568555533885956 -0.02680594101548195 0.15718458592891693
v -0.056568555533885956 -0.02680594101548195 0.15718458592891693
v -0.05422743037343025 -0.03140254691243172 0.1544281244277954
v -0.05288106948137283 -0.038266025483608246 0.16010324656963348
v -0.056568555533885956 -0.02680594101548195 0.15718458592891693
v -0.05288106948137283 -0.038266025483608246 0.16010324656963348
v -0.05308691784739494 -0.03957899287343025 0.1630544513463974
v -0.05308691784739494 -0.03957899287343025 0.1630544513463974
v -0.05288106948137283 -0.038266025483608246 0.16010324656963348
v -0.05120394378900528 -0.04680584743618965 0.16864167153835297
v -0.05308691784739494 -0.03957899287343025 0.1630544513463974
v -0.05120394378900528 -0.04680584743618965 0.16864167153835297
v -0.052907999604940414 -0.04517276585102081 0.1731194406747818
v -0.052907999604940414 -0.04517276585102081 0.1731194406747818
v -0.05120394378900528 -0.04680584743618965 0.16864167153835297
v -0.05149785429239273 -0.05613567680120468 0.19326190650463104
v -0.052907999604940414 -0.04517276585102081 0.1731194406747818
v -0.05149785429239273 -0.05613567680120468 0.19326190650463104
v -0.056025341153144836 -0.03795391693711281 0.17731675505638123
v -0.056025341153144836 -0.03795391693711281 0.17731675505638123
v -0.05149785429239273 -0.05613567680120468 0.19326190650463104
v -0.05451219528913498 -0.048894841223955154 0.19746042788028717
v -0.056025341153144836 -0.03795391693711281 0.17731675505638123
v -0.05451219528913498 -0.048894841223955154 0.19746042788028717
v -0.058032434433698654 -0.030498061329126358 0.181527242064476
v -0.058032434433698654 -0.030498061329126358 0.181527242064476
v -0.05451219528913498 -0.048894841223955154 0.19746042788028717
v -0.05670067295432091 -0.04147770628333092 0.20166876912117004
v -0.058032434433698654 -0.030498061329126358 0.181527242064476
v -0.05670067295432091 -0.04147770628333092 0.20166876912117004
v -0.05916038155555725 -0.022854536771774292 0.1857481747865677
v -0.05916038155555725 -0.022854536771774292 0.1857481747865677
v -0.05670067295432091 -0.04147770628333092 0.20166876912117004
v -0.05818473547697067 -0.033910199999809265 0.20588546991348267
v -0.05916038155555725 -0.022854536771774292 0.1857481747865677
v -0.05818473547697067 -0.033910199999809265 0.20588546991348267
v -0.05963711440563202 -0.01845162734389305 0.21433687210083008
v -0.05963711440563202 -0.01845162734389305 0.21433687210083008
v -0.05818473547697067 -0.033910199999809265 0.20588546991348267
v -0.059200942516326904 -0.023990483954548836 0.22440491616725922
v -0.05963711440563202 -0.01845162734389305 0.21433687210083008
v -0.059200942516326904 -0.023990483954548836 0.22440491616725922
v -0.059544287621974945 -0.017791587859392166 0.22525803744792938
v -0.04959108680486679 -0.05486994609236717 0.17844541370868683
v -0.04787210375070572 -0.0632077306509018 0.19070051610469818
v -0.05149785429239273 -0.05613567680120468 0.19326190650463104
v -0.05149785429239273 -0.05613567680120468 0.19326190650463104
v -0.04787210375070572 -0.0632077306509018 0.19070051610469818
v -0.04912799969315529 -0.06689371913671494 0.21341575682163239
v -0.05149785429239273 -0.05613567680120468 0.19326190650463104
v -0.04912799969315529 -0.06689371913671494 0.21341575682163239
v -0.05451219528913498 -0.048894841223955154 0.19746042788028717
v -0.05451219528913498 -0.048894841223955154 0.19746042788028717
v -0.04912799969315529 -0.06689371913671494 0.21341575682163239
v -0.052167024463415146 -0.05965815484523773 0.21761399507522583
v -0.05451219528913498 -0.048894841223955154 0.19746042788028717
v -0.052167024463415146 -0.05965815484523773 0.21761399507522583
v -0.05670067295432091 -0.04147770628333092 0.20166876912117004
v -0.05670067295432091 -0.04147770628333092 0.20166876912117004
v -0.052167024463415146 -0.05965815484523773 0.21761399507522583
v -0.05630657821893692 -0.04477320611476898 0.22603349387645721
v -0.05670067295432091 -0.04147770628333092 0.20166876912117004
v -0.05630657821893692 -0.04477320611476898 0.22603349387645721
v -0.05818473547697067 -0.033910199999809265 0.20588546991348267
v -0.05818473547697067 -0.033910199999809265 0.20588546991348267
v -0.05630657821893692 -0.04477320611476898 0.22603349387645721
v -0.058212485164403915 -0.029411446303129196 0.23447950184345245
v -0.05818473547697067 -0.033910199999809265 0.20588546991348267
v -0.058212485164403915 -0.029411446303129196 0.23447950184345245
v -0.059200942516326904 -0.023990483954548836 0.22440491616725922
v -0.059200942516326904 -0.023990483954548836 0.22440491616725922
v -0.058212485164403915 -0.029411446303129196 0.23447950184345245
v -0.058837324380874634 -0.025270646438002586 0.2309499830007553
v -0.059200942516326904 -0.023990483954548836 0.22440491616725922
v -0.058837324380874634 -0.025270646438002586 0.2309499830007553
v -0.059544287621974945 -0.017791587859392166 0.22525803744792938
v -0.003674325067549944 0.059887271374464035 0.20701423287391663
v -3.251886226962597e-08 0.05999999865889549 0.2070000022649765
v -2.9609315888023957e-08 0.05999999865889549 0.14699997007846832
v 0.03145182877779007 0.051095690578222275 0.20809175074100494
v 0.03391144424676895 0.04949739947915077 0.208285853266716
v 0.033686067909002304 0.04965142533183098 0.14699997007846832
v -0.06000012531876564 -2.67105022544456e-08 0.14699998497962952
v -0.05999999865889549 3.3246532193942357e-09 0.17193356156349182
v -0.05903227999806404 0.010733279399573803 0.14699997007846832
v -0.05903227999806404 0.010733279399573803 0.14699997007846832
v -0.05999999865889549 3.3246532193942357e-09 0.17193356156349182
v -0.05999999865889549 3.306756646281883e-09 0.18122589588165283
v 0.05903227627277374 0.01073329895734787 0.14699997007846832
v 0.05919237062335014 0.009811311960220337 0.21437600255012512
v 0.05966825783252716 0.006303221918642521 0.21520617604255676
v 0.05999992787837982 4.092050787107837e-08 0.21699999272823334
v 0.05999999865889549 3.806473358736184e-08 0.19810859858989716
v 0.05966825783252716 0.006303221918642521 0.21520617604255676
v 0.05966825783252716 0.006303221918642521 0.21520617604255676
v 0.05999999865889549 3.806473358736184e-08 0.19810859858989716
v 0.05999999865889549 3.8443957350864366e-08 0.1812181919813156
v 0.05966825783252716 0.006303221918642521 0.21520617604255676
v 0.05999999865889549 3.8443957350864366e-08 0.1812181919813156
v 0.05903227627277374 0.01073329895734787 0.14699997007846832
v 0.05903227627277374 0.01073329895734787 0.14699997007846832
v 0.05999999865889549 3.8443957350864366e-08 0.1812181919813156
v 0.05999999865889549 3.865186215534777e-08 0.17193353176116943
v 0.05903227627277374 0.01073329895734787 0.14699997007846832
v 0.05999999865889549 3.865186215534777e-08 0.17193353176116943
v 0.060000065714120865 -1.4235824075115033e-08 0.14699998497962952
v 0.05575191602110863 0.022175118327140808 0.14699997007846832
v 0.05027750879526138 0.03274425491690636 0.14699997007846832
v 0.05085545778274536 0.03183985501527786 0.21055856347084045
v 0.05085545778274536 0.03183985501527786 0.21055856347084045
v 0.05510435625910759 0.023737946525216103 0.21177048981189728
v 0.05575191602110863 0.022175118327140808 0.14699997007846832
v 0.05575191602110863 0.022175118327140808 0.14699997007846832
v 0.05510435625910759 0.023737946525216103 0.21177048981189728
v 0.05588601157069206 0.021834561601281166 0.21208053827285767
v 0.05575191602110863 0.022175118327140808 0.14699997007846832
v 0.05588601157069206 0.021834561601281166 0.21208053827285767
v 0.05903227627277374 0.01073329895734787 0.14699997007846832
v 0.05903227627277374 0.01073329895734787 0.14699997007846832
v 0.05588601157069206 0.021834561601281166 0.21208053827285767
v 0.058055389672517776 0.015151359140872955 0.21327152848243713
v 0.05903227627277374 0.01073329895734787 0.14699997007846832
v 0.058055389672517776 0.015151359140872955 0.21327152848243713
v 0.05919237062335014 0.009811311960220337 0.21437600255012512
v 0.033686067909002304 0.04965142533183098 0.14699997007846832
v 0.03391144424676895 0.04949739947915077 0.208285853266716
v 0.04282444715499878 0.04202475771307945 0.14699997007846832
v 0.03391144424676895 0.04949739947915077 0.208285853266716
v 0.03888537734746933 0.04569295793771744 0.20875103771686554
v 0.04282444715499878 0.04202475771307945 0.14699997007846832
v 0.04282444715499878 0.04202475771307945 0.14699997007846832
v 0.03888537734746933 0.04569295793771744 0.20875103771686554
v 0.043059092015028 0.04178377613425255 0.20923873782157898
v 0.04282444715499878 0.04202475771307945 0.14699997007846832
v 0.043059092015028 0.04178377613425255 0.20923873782157898
v 0.05027750879526138 0.03274425491690636 0.14699997007846832
v 0.05027750879526138 0.03274425491690636 0.14699997007846832
v 0.043059092015028 0.04178377613425255 0.20923873782157898
v 0.045404911041259766 0.039222195744514465 0.2095658928155899
v 0.05027750879526138 0.03274425491690636 0.14699997007846832
v 0.045404911041259766 0.039222195744514465 0.2095658928155899
v 0.05085545778274536 0.03183985501527786 0.21055856347084045
v 0.03145182877779007 0.051095690578222275 0.20809175074100494
v 0.033686067909002304 0.04965142533183098 0.14699997007846832
v 0.023281941190361977 0.05529914051294327 0.20758119225502014
v 0.023281941190361977 0.05529914051294327 0.20758119225502014
v 0.033686067909002304 0.04965142533183098 0.14699997007846832
v 0.023221993818879128 0.055324066430330276 0.14699997007846832
v 0.023281941190361977 0.05529914051294327 0.20758119225502014
v 0.023221993818879128 0.055324066430330276 0.14699997007846832
v 0.014569762162864208 0.05820433050394058 0.20722422003746033
v 0.014569762162864208 0.05820433050394058 0.20722422003746033
v 0.023221993818879128 0.055324066430330276 0.14699997007846832
v 0.011844033375382423 0.058819521218538284 0.14699997007846832
v 0.014569762162864208 0.05820433050394058 0.20722422003746033
v 0.011844033375382423 0.058819521218538284 0.14699997007846832
v 0.011941740289330482 0.05879988521337509 0.20715026557445526
v -2.9609315888023957e-08 0.05999999865889549 0.14699997007846832
v -3.251886226962597e-08 0.05999999865889549 0.2070000022649765
v 0.011844033375382423 0.058819521218538284 0.14699997007846832
v 0.011844033375382423 0.058819521218538284 0.14699997007846832
v -3.251886226962597e-08 0.05999999865889549 0.2070000022649765
v 0.005514718126505613 0.05974586308002472 0.20703202486038208
v 0.011844033375382423 0.058819521218538284 0.14699997007846832
v 0.005514718126505613 0.05974586308002472 0.20703202486038208
v 0.011941740289330482 0.05879988521337509 0.20715026557445526
v -0.003674325067549944 0.059887271374464035 0.20701423287391663
v -2.9609315888023957e-08 0.05999999865889549 0.14699997007846832
v -0.012787630781531334 0.05862177163362503 0.20717240869998932
v -0.012787630781531334 0.05862177163362503 0.20717240869998932
v -2.9609315888023957e-08 0.05999999865889549 0.14699997007846832
v -0.01184409111738205 0.05881951004266739 0.14699997007846832
v -0.012787630781531334 0.05862177163362503 0.20717240869998932
v -0.01184409111738205 0.05881951004266739 0.14699997007846832
v -0.02160445973277092 0.05597550421953201 0.20749858021736145
v -0.02160445973277092 0.05597550421953201 0.20749858021736145
v -0.01184409111738205 0.05881951004266739 0.14699997007846832
v -0.023222045972943306 0.055324044078588486 0.14699997007846832
v -0.02160445973277092 0.05597550421953201 0.20749858021736145
v -0.023222045972943306 0.055324044078588486 0.14699997007846832
v -0.02339961752295494 0.05524919927120209 0.20758728682994843
v -0.02339961752295494 0.05524919927120209 0.20758728682994843
v -0.023222045972943306 0.055324044078588486 0.14699997007846832
v -0.029911700636148453 0.052012551575899124 0.20798048377037048
v -0.029911700636148453 0.052012551575899124 0.20798048377037048
v -0.023222045972943306 0.055324044078588486 0.14699997007846832
v -0.03368610888719559 0.04965139925479889 0.14699997007846832
v -0.029911700636148453 0.052012551575899124 0.20798048377037048
v -0.03368610888719559 0.04965139925479889 0.14699997007846832
v -0.03391199931502342 0.049497831612825394 0.20828576385974884
v -0.03391199931502342 0.049497831612825394 0.20828576385974884
v -0.03368610888719559 0.04965139925479889 0.14699997007846832
v -0.037513893097639084 0.04682677984237671 0.2086116522550583
v -0.037513893097639084 0.04682677984237671 0.2086116522550583
v -0.03368610888719559 0.04965139925479889 0.14699997007846832
v -0.04282447695732117 0.042024727910757065 0.14699997007846832
v -0.037513893097639084 0.04682677984237671 0.2086116522550583
v -0.04282447695732117 0.042024727910757065 0.14699997007846832
v -0.044236745685338974 0.04053547605872154 0.2093973606824875
v -0.044236745685338974 0.04053547605872154 0.2093973606824875
v -0.04282447695732117 0.042024727910757065 0.14699997007846832
v -0.050277531147003174 0.03274422138929367 0.14699997007846832
v -0.044236745685338974 0.04053547605872154 0.2093973606824875
v -0.050277531147003174 0.03274422138929367 0.14699997007846832
v -0.04989961162209511 0.033317238092422485 0.2103530317544937
v -0.04989961162209511 0.033317238092422485 0.2103530317544937
v -0.050277531147003174 0.03274422138929367 0.14699997007846832
v -0.05438258498907089 0.025348957628011703 0.21151623129844666
v -0.05438258498907089 0.025348957628011703 0.21151623129844666
v -0.050277531147003174 0.03274422138929367 0.14699997007846832
v -0.05575192719697952 0.02217509225010872 0.14699997007846832
v -0.05438258498907089 0.025348957628011703 0.21151623129844666
v -0.05575192719697952 0.02217509225010872 0.14699997007846832
v -0.055885959416627884 0.02183465100824833 0.2120804339647293
v -0.055885959416627884 0.02183465100824833 0.2120804339647293
v -0.05575192719697952 0.02217509225010872 0.14699997007846832
v -0.05758802220225334 0.0168408565223217 0.21295326948165894
v -0.05758802220225334 0.0168408565223217 0.21295326948165894
v -0.05575192719697952 0.02217509225010872 0.14699997007846832
v -0.05903227999806404 0.010733279399573803 0.14699997007846832
v -0.05758802220225334 0.0168408565223217 0.21295326948165894
v -0.05903227999806404 0.010733279399573803 0.14699997007846832
v -0.05907434970140457 0.010499019175767899 0.21422410011291504
v -0.05907434970140457 0.010499019175767899 0.21422410011291504
v -0.05903227999806404 0.010733279399573803 0.14699997007846832
v -0.05999999865889549 3.306756646281883e-09 0.18122589588165283
v -0.05907434970140457 0.010499019175767899 0.21422410011291504
v -0.05999999865889549 3.306756646281883e-09 0.18122589588165283
v -0.05940968915820122 0.008396686986088753 0.21469877660274506
v -0.05940968915820122 0.008396686986088753 0.21469877660274506
v -0.05999999865889549 3.306756646281883e-09 0.18122589588165283
v -0.05999999865889549 3.2741542810299507e-09 0.19810864329338074
v -0.05940968915820122 0.008396686986088753 0.21469877660274506
v -0.05999999865889549 3.2741542810299507e-09 0.19810864329338074
v -0.05999988690018654 3.211539834069299e-08 0.21699997782707214
v 0.05738712102174759 -0.03280732408165932 0.2390020191669464
v 0.05513245239853859 -0.03910252824425697 0.2480805665254593
v 0.05454142019152641 -0.05003490671515465 0.2361137717962265
v 0.05454142019152641 -0.05003490671515465 0.2361137717962265
v 0.05513245239853859 -0.03910252824425697 0.2480805665254593
v 0.05219883471727371 -0.055166784673929214 0.2462044507265091
v 0.05963350459933281 -0.01629207655787468 0.22431840002536774
v 0.0593530498445034 -0.020403612405061722 0.22703689336776733
v 0.059199150651693344 -0.02399330399930477 0.22440315783023834
v 0.059199150651693344 -0.02399330399930477 0.22440315783023834
v 0.0593530498445034 -0.020403612405061722 0.22703689336776733
v 0.0585961639881134 -0.026948705315589905 0.23250892758369446
v 0.05999999865889549 3.806473358736184e-08 0.19810859858989716
v 0.05999992787837982 4.092050787107837e-08 0.21699999272823334
v 0.059982605278491974 -0.004186021629720926 0.21846570074558258
v 0.05999999865889549 3.8443957350864366e-08 0.1812181919813156
v 0.05999999865889549 3.806473358736184e-08 0.19810859858989716
v 0.05994237959384918 -0.007256121374666691 0.19420573115348816
v 0.05994237959384918 -0.007256121374666691 0.19420573115348816
v 0.05999999865889549 3.806473358736184e-08 0.19810859858989716
v 0.059982605278491974 -0.004186021629720926 0.21846570074558258
v 0.05994237959384918 -0.007256121374666691 0.19420573115348816
v 0.059982605278491974 -0.004186021629720926 0.21846570074558258
v 0.05963485315442085 -0.01845436729490757 0.2143351286649704
v 0.05963485315442085 -0.01845436729490757 0.2143351286649704
v 0.059982605278491974 -0.004186021629720926 0.21846570074558258
v 0.059799667447805405 -0.012640143744647503 0.22225838899612427
v 0.05963485315442085 -0.01845436729490757 0.2143351286649704
v 0.059799667447805405 -0.012640143744647503 0.22225838899612427
v 0.05963350459933281 -0.01629207655787468 0.22431840002536774
v 0.05656708776950836 -0.026815684512257576 0.15717923641204834
v 0.05897552892565727 -0.01103966310620308 0.14700005948543549
v 0.05881081148982048 -0.019408656284213066 0.16138781607151031
v 0.05881081148982048 -0.019408656284213066 0.16138781607151031
v 0.05897552892565727 -0.01103966310620308 0.14700005948543549
v 0.05997131019830704 -0.0018491855589672923 0.14699998497962952
v 0.05881081148982048 -0.019408656284213066 0.16138781607151031
v 0.05997131019830704 -0.0018491855589672923 0.14699998497962952
v 0.05973311886191368 -0.011719546280801296 0.16561207175254822
v 0.05394137278199196 -0.03285926580429077 0.15555067360401154
v 0.05573583021759987 -0.02391139231622219 0.14928585290908813
v 0.05656708776950836 -0.026815684512257576 0.15717923641204834
v 0.05656708776950836 -0.026815684512257576 0.15717923641204834
v 0.05573583021759987 -0.02391139231622219 0.14928585290908813
v 0.0565686859190464 -0.020000023767352104 0.14699998497962952
v 0.05656708776950836 -0.026815684512257576 0.15717923641204834
v 0.0565686859190464 -0.020000023767352104 0.14699998497962952
v 0.05897552892565727 -0.01103966310620308 0.14700005948543549
v 0.0505593866109848 -0.05005250498652458 0.17236889898777008
v 0.052229028195142746 -0.04159533604979515 0.1632252335548401
v 0.052903324365615845 -0.04518347233533859 0.17311325669288635
v 0.052903324365615845 -0.04518347233533859 0.17311325669288635
v 0.052229028195142746 -0.04159533604979515 0.1632252335548401
v 0.053081244230270386 -0.03958950564265251 0.16304828226566315
v 0.052903324365615845 -0.04518347233533859 0.17311325669288635
v 0.053081244230270386 -0.03958950564265251 0.16304828226566315
v 0.05602336674928665 -0.03796350955963135 0.17731143534183502
v 0.05149102956056595 -0.05614588409662247 0.19325576722621918
v 0.04722486808896065 -0.06626316905021667 0.1958182454109192
v 0.04888639599084854 -0.058325305581092834 0.18323937058448792
v 0.04911864548921585 -0.06690334528684616 0.2134096622467041
v 0.05215616151690483 -0.05966576933860779 0.21760880947113037
v 0.04866107553243637 -0.07018356770277023 0.2377760410308838
v 0.03849836438894272 -0.1018662229180336 0.2969999611377716
v 0.0403425395488739 -0.09528859704732895 0.269782155752182
v 0.042118072509765625 -0.09131462872028351 0.2781051993370056
v 0.042118072509765625 -0.09131462872028351 0.2781051993370056
v 0.0403425395488739 -0.09528859704732895 0.269782155752182
v 0.04202073812484741 -0.08884180337190628 0.24808058142662048
v 0.04610927775502205 -0.07639463990926743 0.28652822971343994
v 0.0446552075445652 -0.08193424344062805 0.296999990940094
v 0.042118072509765625 -0.09131462872028351 0.2781051993370056
v 0.042118072509765625 -0.09131462872028351 0.2781051993370056
v 0.0446552075445652 -0.08193424344062805 0.296999990940094
v 0.04226692393422127 -0.09122689813375473 0.296999990940094
v 0.042118072509765625 -0.09131462872028351 0.2781051993370056
v 0.04226692393422127 -0.09122689813375473 0.296999990940094
v 0.03849836438894272 -0.1018662229180336 0.2969999611377716
v 0.04840439185500145 -0.054921019822359085 0.28427839279174805
v 0.04725564643740654 -0.05734620988368988 0.296999990940094
v 0.04735862836241722 -0.0608893483877182 0.29498380422592163
v 0.04735862836241722 -0.0608893483877182 0.29498380422592163
v 0.04725564643740654 -0.05734620988368988 0.296999990940094
v 0.046713754534721375 -0.0686202123761177 0.296999990940094
v 0.04735862836241722 -0.0608893483877182 0.29498380422592163
v 0.046713754534721375 -0.0686202123761177 0.296999990940094
v 0.04610927775502205 -0.07639463990926743 0.28652822971343994
v 0.04610927775502205 -0.07639463990926743 0.28652822971343994
v 0.046713754534721375 -0.0686202123761177 0.296999990940094
v 0.04504556953907013 -0.08003278076648712 0.296999990940094
v 0.04610927775502205 -0.07639463990926743 0.28652822971343994
v 0.04504556953907013 -0.08003278076648712 0.296999990940094
v 0.0446552075445652 -0.08193424344062805 0.296999990940094
v 0.05513245239853859 -0.03910252824425697 0.2480805665254593
v 0.05377674847841263 -0.041721392422914505 0.2525199353694916
v 0.05219883471727371 -0.055166784673929214 0.2462044507265091
v 0.05219883471727371 -0.055166784673929214 0.2462044507265091
v 0.05377674847841263 -0.041721392422914505 0.2525199353694916
v 0.05127269774675369 -0.04664706811308861 0.26169317960739136
v 0.05219883471727371 -0.055166784673929214 0.2462044507265091
v 0.05127269774675369 -0.04664706811308861 0.26169317960739136
v 0.05006721243262291 -0.06034369766712189 0.2562926411628723
v 0.05006721243262291 -0.06034369766712189 0.2562926411628723
v 0.05127269774675369 -0.04664706811308861 0.26169317960739136
v 0.04978695884346962 -0.051199790090322495 0.27154284715652466
v 0.05821183696389198 -0.02941448986530304 0.23447774350643158
v 0.05738712102174759 -0.03280732408165932 0.2390020191669464
v 0.056297656148672104 -0.04477785900235176 0.22603005170822144
v 0.056297656148672104 -0.04477785900235176 0.22603005170822144
v 0.05738712102174759 -0.03280732408165932 0.2390020191669464
v 0.05454142019152641 -0.05003490671515465 0.2361137717962265
v 0.056297656148672104 -0.04477785900235176 0.22603005170822144
v 0.05454142019152641 -0.05003490671515465 0.2361137717962265
v 0.05452892184257507 -0.052286285907030106 0.22181585431098938
v 0.05452892184257507 -0.052286285907030106 0.22181585431098938
v 0.05454142019152641 -0.05003490671515465 0.2361137717962265
v 0.05215616151690483 -0.05966576933860779 0.21760880947113037
v 0.05215616151690483 -0.05966576933860779 0.21760880947113037
v 0.05454142019152641 -0.05003490671515465 0.2361137717962265
v 0.04866107553243637 -0.07018356770277023 0.2377760410308838
v 0.04866107553243637 -0.07018356770277023 0.2377760410308838
v 0.05454142019152641 -0.05003490671515465 0.2361137717962265
v 0.05219883471727371 -0.055166784673929214 0.2462044507265091
v 0.04866107553243637 -0.07018356770277023 0.2377760410308838
v 0.05219883471727371 -0.055166784673929214 0.2462044507265091
v 0.04526191204786301 -0.08072184771299362 0.2579421401023865
v 0.04526191204786301 -0.08072184771299362 0.2579421401023865
v 0.05219883471727371 -0.055166784673929214 0.2462044507265091
v 0.05006721243262291 -0.06034369766712189 0.2562926411628723
v 0.04526191204786301 -0.08072184771299362 0.2579421401023865
v 0.05006721243262291 -0.06034369766712189 0.2562926411628723
v 0.04860284551978111 -0.06566304713487625 0.2663728892803192
v 0.04860284551978111 -0.06566304713487625 0.2663728892803192
v 0.05006721243262291 -0.06034369766712189 0.2562926411628723
v 0.04978695884346962 -0.051199790090322495 0.27154284715652466
v 0.04860284551978111 -0.06566304713487625 0.2663728892803192
v 0.04978695884346962 -0.051199790090322495 0.27154284715652466
v 0.04877214878797531 -0.054027583450078964 0.28058305382728577
v 0.04840439185500145 -0.054921019822359085 0.28427839279174805
v 0.04735862836241722 -0.0608893483877182 0.29498380422592163
v 0.04877214878797531 -0.054027583450078964 0.28058305382728577
v 0.04877214878797531 -0.054027583450078964 0.28058305382728577
v 0.04735862836241722 -0.0608893483877182 0.29498380422592163
v 0.04610927775502205 -0.07639463990926743 0.28652822971343994
v 0.04877214878797531 -0.054027583450078964 0.28058305382728577
v 0.04610927775502205 -0.07639463990926743 0.28652822971343994
v 0.04860284551978111 -0.06566304713487625 0.2663728892803192
v 0.04860284551978111 -0.06566304713487625 0.2663728892803192
v 0.04610927775502205 -0.07639463990926743 0.28652822971343994
v 0.042118072509765625 -0.09131462872028351 0.2781051993370056
v 0.04860284551978111 -0.06566304713487625 0.2663728892803192
v 0.042118072509765625 -0.09131462872028351 0.2781051993370056
v 0.04526191204786301 -0.08072184771299362 0.2579421401023865
v 0.04526191204786301 -0.08072184771299362 0.2579421401023865
v 0.042118072509765625 -0.09131462872028351 0.2781051993370056
v 0.04202073812484741 -0.08884180337190628 0.24808058142662048
v 0.04526191204786301 -0.08072184771299362 0.2579421401023865
v 0.04202073812484741 -0.08884180337190628 0.24808058142662048
v 0.04866107553243637 -0.07018356770277023 0.2377760410308838
v 0.04866107553243637 -0.07018356770277023 0.2377760410308838
v 0.04202073812484741 -0.08884180337190628 0.24808058142662048
v 0.043854039162397385 -0.08131545037031174 0.2272602915763855
v 0.04866107553243637 -0.07018356770277023 0.2377760410308838
v 0.043854039162397385 -0.08131545037031174 0.2272602915763855
v 0.04911864548921585 -0.06690334528684616 0.2134096622467041
v 0.04911864548921585 -0.06690334528684616 0.2134096622467041
v 0.043854039162397385 -0.08131545037031174 0.2272602915763855
v 0.0455378033220768 -0.0739850178360939 0.21051593124866486
v 0.04911864548921585 -0.06690334528684616 0.2134096622467041
v 0.0455378033220768 -0.0739850178360939 0.21051593124866486
v 0.04722486808896065 -0.06626316905021667 0.1958182454109192
v 0.05915810167789459 -0.022860689088702202 0.18574462831020355
v 0.05817953124642372 -0.0339156873524189 0.2058819830417633
v 0.05669449269771576 -0.04148467257618904 0.20166440308094025
v 0.052229028195142746 -0.04159533604979515 0.1632252335548401
v 0.05394137278199196 -0.03285926580429077 0.15555067360401154
v 0.053081244230270386 -0.03958950564265251 0.16304828226566315
v 0.053081244230270386 -0.03958950564265251 0.16304828226566315
v 0.05394137278199196 -0.03285926580429077 0.15555067360401154
v 0.05656708776950836 -0.026815684512257576 0.15717923641204834
v 0.053081244230270386 -0.03958950564265251 0.16304828226566315
v 0.05656708776950836 -0.026815684512257576 0.15717923641204834
v 0.05602336674928665 -0.03796350955963135 0.17731143534183502
v 0.05602336674928665 -0.03796350955963135 0.17731143534183502
v 0.05656708776950836 -0.026815684512257576 0.15717923641204834
v 0.05881081148982048 -0.019408656284213066 0.16138781607151031
v 0.05602336674928665 -0.03796350955963135 0.17731143534183502
v 0.05881081148982048 -0.019408656284213066 0.16138781607151031
v 0.05803094804286957 -0.0305060725659132 0.18152280151844025
v 0.05803094804286957 -0.0305060725659132 0.18152280151844025
v 0.05881081148982048 -0.019408656284213066 0.16138781607151031
v 0.05973311886191368 -0.011719546280801296 0.16561207175254822
v 0.05803094804286957 -0.0305060725659132 0.18152280151844025
v 0.05973311886191368 -0.011719546280801296 0.16561207175254822
v 0.05915810167789459 -0.022860689088702202 0.18574462831020355
v 0.05915810167789459 -0.022860689088702202 0.18574462831020355
v 0.05669449269771576 -0.04148467257618904 0.20166440308094025
v 0.05803094804286957 -0.0305060725659132 0.18152280151844025
v 0.05803094804286957 -0.0305060725659132 0.18152280151844025
v 0.05669449269771576 -0.04148467257618904 0.20166440308094025
v 0.05450565367937088 -0.04890342056751251 0.19745518267154694
v 0.05803094804286957 -0.0305060725659132 0.18152280151844025
v 0.05450565367937088 -0.04890342056751251 0.19745518267154694
v 0.05602336674928665 -0.03796350955963135 0.17731143534183502
v 0.05602336674928665 -0.03796350955963135 0.17731143534183502
v 0.05450565367937088 -0.04890342056751251 0.19745518267154694
v 0.05149102956056595 -0.05614588409662247 0.19325576722621918
v 0.05602336674928665 -0.03796350955963135 0.17731143534183502
v 0.05149102956056595 -0.05614588409662247 0.19325576722621918
v 0.052903324365615845 -0.04518347233533859 0.17311325669288635
v 0.052903324365615845 -0.04518347233533859 0.17311325669288635
v 0.05149102956056595 -0.05614588409662247 0.19325576722621918
v 0.04888639599084854 -0.058325305581092834 0.18323937058448792
v 0.052903324365615845 -0.04518347233533859 0.17311325669288635
v 0.04888639599084854 -0.058325305581092834 0.18323937058448792
v 0.0505593866109848 -0.05005250498652458 0.17236889898777008
v 0.05963350459933281 -0.01629207655787468 0.22431840002536774
v 0.059199150651693344 -0.02399330399930477 0.22440315783023834
v 0.05963485315442085 -0.01845436729490757 0.2143351286649704
v 0.05963485315442085 -0.01845436729490757 0.2143351286649704
v 0.059199150651693344 -0.02399330399930477 0.22440315783023834
v 0.05817953124642372 -0.0339156873524189 0.2058819830417633
v 0.05963485315442085 -0.01845436729490757 0.2143351286649704
v 0.05817953124642372 -0.0339156873524189 0.2058819830417633
v 0.05994237959384918 -0.007256121374666691 0.19420573115348816
v 0.05994237959384918 -0.007256121374666691 0.19420573115348816
v 0.05817953124642372 -0.0339156873524189 0.2058819830417633
v 0.05915810167789459 -0.022860689088702202 0.18574462831020355
v 0.05994237959384918 -0.007256121374666691 0.19420573115348816
v 0.05915810167789459 -0.022860689088702202 0.18574462831020355
v 0.05999999865889549 3.8443957350864366e-08 0.1812181919813156
v 0.05999999865889549 3.8443957350864366e-08 0.1812181919813156
v 0.05915810167789459 -0.022860689088702202 0.18574462831020355
v 0.05973311886191368 -0.011719546280801296 0.16561207175254822
v 0.05999999865889549 3.8443957350864366e-08 0.1812181919813156
v 0.05973311886191368 -0.011719546280801296 0.16561207175254822
v 0.05999999865889549 3.865186215534777e-08 0.17193353176116943
v 0.05999999865889549 3.865186215534777e-08 0.17193353176116943
v 0.05973311886191368 -0.011719546280801296 0.16561207175254822
v 0.05997131019830704 -0.0018491855589672923 0.14699998497962952
v 0.05999999865889549 3.865186215534777e-08 0.17193353176116943
v 0.05997131019830704 -0.0018491855589672923 0.14699998497962952
v 0.060000065714120865 -1.4235824075115033e-08 0.14699998497962952
v 0.04722486808896065 -0.06626316905021667 0.1958182454109192
v 0.05149102956056595 -0.05614588409662247 0.19325576722621918
v 0.04911864548921585 -0.06690334528684616 0.2134096622467041
v 0.04911864548921585 -0.06690334528684616 0.2134096622467041
v 0.05149102956056595 -0.05614588409662247 0.19325576722621918
v 0.05450565367937088 -0.04890342056751251 0.19745518267154694
v 0.04911864548921585 -0.06690334528684616 0.2134096622467041
v 0.05450565367937088 -0.04890342056751251 0.19745518267154694
v 0.05215616151690483 -0.05966576933860779 0.21760880947113037
v 0.05215616151690483 -0.05966576933860779 0.21760880947113037
v 0.05450565367937088 -0.04890342056751251 0.19745518267154694
v 0.05669449269771576 -0.04148467257618904 0.20166440308094025
v 0.05215616151690483 -0.05966576933860779 0.21760880947113037
v 0.05669449269771576 -0.04148467257618904 0.20166440308094025
v 0.05452892184257507 -0.052286285907030106 0.22181585431098938
v 0.05452892184257507 -0.052286285907030106 0.22181585431098938
v 0.05669449269771576 -0.04148467257618904 0.20166440308094025
v 0.05817953124642372 -0.0339156873524189 0.2058819830417633
v 0.05452892184257507 -0.052286285907030106 0.22181585431098938
v 0.05817953124642372 -0.0339156873524189 0.2058819830417633
v 0.056297656148672104 -0.04477785900235176 0.22603005170822144
v 0.056297656148672104 -0.04477785900235176 0.22603005170822144
v 0.05817953124642372 -0.0339156873524189 0.2058819830417633
v 0.059199150651693344 -0.02399330399930477 0.22440315783023834
v 0.056297656148672104 -0.04477785900235176 0.22603005170822144
v 0.059199150651693344 -0.02399330399930477 0.22440315783023834
v 0.05821183696389198 -0.02941448986530304 0.23447774350643158
v 0.05821183696389198 -0.02941448986530304 0.23447774350643158
v 0.059199150651693344 -0.02399330399930477 0.22440315783023834
v 0.0585961639881134 -0.026948705315589905 0.23250892758369446
v 0.05821183696389198 -0.02941448986530304 0.23447774350643158
v 0.0585961639881134 -0.026948705315589905 0.23250892758369446
v 0.05738712102174759 -0.03280732408165932 0.2390020191669464
v 0.0446552075445652 -0.08193424344062805 0.296999990940094
v 0.04504556953907013 -0.08003278076648712 0.296999990940094
v 0.04241073131561279 -0.08602747321128845 0.33563849329948425
v 0.030902113765478134 -0.12296326458454132 0.60999995470047
v 0.030262459069490433 -0.12588849663734436 0.6100001335144043
v 0.029918424785137177 -0.1252792626619339 0.5578737258911133
v 0.03775196522474289 -0.10437244921922684 0.309170126914978
v 0.03849836438894272 -0.1018662229180336 0.2969999611377716
v 0.04226692393422127 -0.09122689813375473 0.296999990940094
v 0.034897930920124054 -0.07484818994998932 0.5564097762107849
v 0.03483531251549721 -0.07556837797164917 0.60999995470047
v 0.03483542799949646 -0.08770430833101273 0.5707135796546936
v 0.03483542799949646 -0.08770430833101273 0.5707135796546936
v 0.03483531251549721 -0.07556837797164917 0.60999995470047
v 0.03485103324055672 -0.09118347615003586 0.60999995470047
v 0.03483542799949646 -0.08770430833101273 0.5707135796546936
v 0.03485103324055672 -0.09118347615003586 0.60999995470047
v 0.03348982706665993 -0.10757846385240555 0.60999995470047
v 0.039286207407712936 -0.06911996006965637 0.4234604239463806
v 0.0379461906850338 -0.07081370055675507 0.453098863363266
v 0.037819258868694305 -0.0834704115986824 0.4529906213283539
v 0.037819258868694305 -0.0834704115986824 0.4529906213283539
v 0.0379461906850338 -0.07081370055675507 0.453098863363266
v 0.03738666698336601 -0.07151702046394348 0.4668344557285309
v 0.037819258868694305 -0.0834704115986824 0.4529906213283539
v 0.03738666698336601 -0.07151702046394348 0.4668344557285309
v 0.03539668396115303 -0.08677055686712265 0.5314408540725708
v 0.03539668396115303 -0.08677055686712265 0.5314408540725708
v 0.03738666698336601 -0.07151702046394348 0.4668344557285309
v 0.03573528304696083 -0.07363226264715195 0.5162753462791443
v 0.03539668396115303 -0.08677055686712265 0.5314408540725708
v 0.03573528304696083 -0.07363226264715195 0.5162753462791443
v 0.035356342792510986 -0.0741501972079277 0.5314923524856567
v 0.039375513792037964 -0.06900614500045776 0.42161479592323303
v 0.03953428566455841 -0.08105119317770004 0.41381895542144775
v 0.0418681763112545 -0.06573431938886642 0.3749099671840668
v 0.0418681763112545 -0.06573431938886642 0.3749099671840668
v 0.03953428566455841 -0.08105119317770004 0.41381895542144775
v 0.04155813530087471 -0.07798467576503754 0.3747100830078125
v 0.0418681763112545 -0.06573431938886642 0.3749099671840668
v 0.04155813530087471 -0.07798467576503754 0.3747100830078125
v 0.04187193885445595 -0.06572920829057693 0.37484538555145264
v 0.04391353204846382 -0.07405027002096176 0.3357398808002472
v 0.044326286762952805 -0.06223732605576515 0.33583885431289673
v 0.04400330409407616 -0.06271824985742569 0.340634286403656
v 0.04391353204846382 -0.07405027002096176 0.3357398808002472
v 0.04400330409407616 -0.06271824985742569 0.340634286403656
v 0.04155813530087471 -0.07798467576503754 0.3747100830078125
v 0.04155813530087471 -0.07798467576503754 0.3747100830078125
v 0.04400330409407616 -0.06271824985742569 0.340634286403656
v 0.04199478402733803 -0.0655621662735939 0.372745543718338
v 0.04155813530087471 -0.07798467576503754 0.3747100830078125
v 0.04199478402733803 -0.0655621662735939 0.372745543718338
v 0.04187193885445595 -0.06572920829057693 0.37484538555145264
v 0.046713754534721375 -0.0686202123761177 0.296999990940094
v 0.04725564643740654 -0.05734620988368988 0.296999990940094
v 0.04391353204846382 -0.07405027002096176 0.3357398808002472
v 0.04391353204846382 -0.07405027002096176 0.3357398808002472
v 0.04725564643740654 -0.05734620988368988 0.296999990940094
v 0.044810809195041656 -0.06149929016828537 0.32883399724960327
v 0.04391353204846382 -0.07405027002096176 0.3357398808002472
v 0.044810809195041656 -0.06149929016828537 0.32883399724960327
v 0.044326286762952805 -0.06223732605576515 0.33583885431289673
v 0.03775196522474289 -0.10437244921922684 0.309170126914978
v 0.04226692393422127 -0.09122689813375473 0.296999990940094
v 0.03644469380378723 -0.10853806138038635 0.3323803246021271
v 0.03644469380378723 -0.10853806138038635 0.3323803246021271
v 0.04226692393422127 -0.09122689813375473 0.296999990940094
v 0.03982945531606674 -0.09780383855104446 0.3355371057987213
v 0.03644469380378723 -0.10853806138038635 0.3323803246021271
v 0.03982945531606674 -0.09780383855104446 0.3355371057987213
v 0.03609514981508255 -0.10960283130407333 0.33904632925987244
v 0.03609514981508255 -0.10960283130407333 0.33904632925987244
v 0.03982945531606674 -0.09780383855104446 0.3355371057987213
v 0.03777497261762619 -0.10268761962652206 0.37443289160728455
v 0.03609514981508255 -0.10960283130407333 0.33904632925987244
v 0.03777497261762619 -0.10268761962652206 0.37443289160728455
v 0.034469254314899445 -0.1142774224281311 0.37317991256713867
v 0.034469254314899445 -0.1142774224281311 0.37317991256713867
v 0.03777497261762619 -0.10268761962652206 0.37443289160728455
v 0.036041971296072006 -0.10635848343372345 0.41356179118156433
v 0.034469254314899445 -0.1142774224281311 0.37317991256713867
v 0.036041971296072006 -0.10635848343372345 0.41356179118156433
v 0.03293779864907265 -0.11825130134820938 0.41166144609451294
v 0.03293779864907265 -0.11825130134820938 0.41166144609451294
v 0.036041971296072006 -0.10635848343372345 0.41356179118156433
v 0.034615352749824524 -0.10908100008964539 0.45276889204978943
v 0.03293779864907265 -0.11825130134820938 0.41166144609451294
v 0.034615352749824524 -0.10908100008964539 0.45276889204978943
v 0.03157224878668785 -0.12144428491592407 0.45489302277565
v 0.03157224878668785 -0.12144428491592407 0.45489302277565
v 0.034615352749824524 -0.10908100008964539 0.45276889204978943
v 0.03350071609020233 -0.11104591190814972 0.49203020334243774
v 0.03157224878668785 -0.12144428491592407 0.45489302277565
v 0.03350071609020233 -0.11104591190814972 0.49203020334243774
v 0.030484557151794434 -0.1238064169883728 0.5036836862564087
v 0.030484557151794434 -0.1238064169883728 0.5036836862564087
v 0.03350071609020233 -0.11104591190814972 0.49203020334243774
v 0.03273187205195427 -0.11239234358072281 0.5313354134559631
v 0.030484557151794434 -0.1238064169883728 0.5036836862564087
v 0.03273187205195427 -0.11239234358072281 0.5313354134559631
v 0.029918424785137177 -0.1252792626619339 0.5578737258911133
v 0.03348982706665993 -0.10757846385240555 0.60999995470047
v 0.03405207768082619 -0.10050944238901138 0.5706903338432312
v 0.03483542799949646 -0.08770430833101273 0.5707135796546936
v 0.03483542799949646 -0.08770430833101273 0.5707135796546936
v 0.03405207768082619 -0.10050944238901138 0.5706903338432312
v 0.03539668396115303 -0.08677055686712265 0.5314408540725708
v 0.03483542799949646 -0.08770430833101273 0.5707135796546936
v 0.03539668396115303 -0.08677055686712265 0.5314408540725708
v 0.034897930920124054 -0.07484818994998932 0.5564097762107849
v 0.034897930920124054 -0.07484818994998932 0.5564097762107849
v 0.03539668396115303 -0.08677055686712265 0.5314408540725708
v 0.035356342792510986 -0.0741501972079277 0.5314923524856567
v 0.04504556953907013 -0.08003278076648712 0.296999990940094
v 0.046713754534721375 -0.0686202123761177 0.296999990940094
v 0.04241073131561279 -0.08602747321128845 0.33563849329948425
v 0.04241073131561279 -0.08602747321128845 0.33563849329948425
v 0.046713754534721375 -0.0686202123761177 0.296999990940094
v 0.04391353204846382 -0.07405027002096176 0.3357398808002472
v 0.04241073131561279 -0.08602747321128845 0.33563849329948425
v 0.04391353204846382 -0.07405027002096176 0.3357398808002472
v 0.040189795196056366 -0.09042776376008987 0.3745715022087097
v 0.040189795196056366 -0.09042776376008987 0.3745715022087097
v 0.04391353204846382 -0.07405027002096176 0.3357398808002472
v 0.04155813530087471 -0.07798467576503754 0.3747100830078125
v 0.040189795196056366 -0.09042776376008987 0.3745715022087097
v 0.04155813530087471 -0.07798467576503754 0.3747100830078125
v 0.03829537332057953 -0.09378766268491745 0.41369035840034485
v 0.03829537332057953 -0.09378766268491745 0.41369035840034485
v 0.04155813530087471 -0.07798467576503754 0.3747100830078125
v 0.03953428566455841 -0.08105119317770004 0.41381895542144775
v 0.03829537332057953 -0.09378766268491745 0.41369035840034485
v 0.03953428566455841 -0.08105119317770004 0.41381895542144775
v 0.03670855611562729 -0.09634973108768463 0.45287975668907166
v 0.03348982706665993 -0.10757846385240555 0.60999995470047
v 0.03238220140337944 -0.11321932077407837 0.5706670880317688
v 0.03405207768082619 -0.10050944238901138 0.5706903338432312
v 0.03405207768082619 -0.10050944238901138 0.5706903338432312
v 0.03238220140337944 -0.11321932077407837 0.5706670880317688
v 0.03452353551983833 -0.09963787347078323 0.5313881039619446
v 0.03405207768082619 -0.10050944238901138 0.5706903338432312
v 0.03452353551983833 -0.09963787347078323 0.5313881039619446
v 0.03539668396115303 -0.08677055686712265 0.5314408540725708
v 0.03539668396115303 -0.08677055686712265 0.5314408540725708
v 0.03452353551983833 -0.09963787347078323 0.5313881039619446
v 0.03670855611562729 -0.09634973108768463 0.45287975668907166
v 0.03539668396115303 -0.08677055686712265 0.5314408540725708
v 0.03670855611562729 -0.09634973108768463 0.45287975668907166
v 0.037819258868694305 -0.0834704115986824 0.4529906213283539
v 0.037819258868694305 -0.0834704115986824 0.4529906213283539
v 0.03670855611562729 -0.09634973108768463 0.45287975668907166
v 0.03953428566455841 -0.08105119317770004 0.41381895542144775
v 0.037819258868694305 -0.0834704115986824 0.4529906213283539
v 0.03953428566455841 -0.08105119317770004 0.41381895542144775
v 0.039286207407712936 -0.06911996006965637 0.4234604239463806
v 0.039286207407712936 -0.06911996006965637 0.4234604239463806
v 0.03953428566455841 -0.08105119317770004 0.41381895542144775
v 0.039375513792037964 -0.06900614500045776 0.42161479592323303
v 0.04226692393422127 -0.09122689813375473 0.296999990940094
v 0.0446552075445652 -0.08193424344062805 0.296999990940094
v 0.03982945531606674 -0.09780383855104446 0.3355371057987213
v 0.03982945531606674 -0.09780383855104446 0.3355371057987213
v 0.0446552075445652 -0.08193424344062805 0.296999990940094
v 0.04241073131561279 -0.08602747321128845 0.33563849329948425
v 0.03982945531606674 -0.09780383855104446 0.3355371057987213
v 0.04241073131561279 -0.08602747321128845 0.33563849329948425
v 0.03777497261762619 -0.10268761962652206 0.37443289160728455
v 0.03777497261762619 -0.10268761962652206 0.37443289160728455
v 0.04241073131561279 -0.08602747321128845 0.33563849329948425
v 0.040189795196056366 -0.09042776376008987 0.3745715022087097
v 0.03777497261762619 -0.10268761962652206 0.37443289160728455
v 0.040189795196056366 -0.09042776376008987 0.3745715022087097
v 0.036041971296072006 -0.10635848343372345 0.41356179118156433
v 0.036041971296072006 -0.10635848343372345 0.41356179118156433
v 0.040189795196056366 -0.09042776376008987 0.3745715022087097
v 0.03829537332057953 -0.09378766268491745 0.41369035840034485
v 0.036041971296072006 -0.10635848343372345 0.41356179118156433
v 0.03829537332057953 -0.09378766268491745 0.41369035840034485
v 0.034615352749824524 -0.10908100008964539 0.45276889204978943
v 0.034615352749824524 -0.10908100008964539 0.45276889204978943
v 0.03829537332057953 -0.09378766268491745 0.41369035840034485
v 0.03670855611562729 -0.09634973108768463 0.45287975668907166
v 0.034615352749824524 -0.10908100008964539 0.45276889204978943
v 0.03670855611562729 -0.09634973108768463 0.45287975668907166
v 0.03350071609020233 -0.11104591190814972 0.49203020334243774
v 0.03350071609020233 -0.11104591190814972 0.49203020334243774
v 0.03670855611562729 -0.09634973108768463 0.45287975668907166
v 0.03452353551983833 -0.09963787347078323 0.5313881039619446
v 0.03350071609020233 -0.11104591190814972 0.49203020334243774
v 0.03452353551983833 -0.09963787347078323 0.5313881039619446
v 0.03273187205195427 -0.11239234358072281 0.5313354134559631
v 0.03273187205195427 -0.11239234358072281 0.5313354134559631
v 0.03452353551983833 -0.09963787347078323 0.5313881039619446
v 0.03238220140337944 -0.11321932077407837 0.5706670880317688
v 0.03273187205195427 -0.11239234358072281 0.5313354134559631
v 0.03238220140337944 -0.11321932077407837 0.5706670880317688
v 0.029918424785137177 -0.1252792626619339 0.5578737258911133
v 0.029918424785137177 -0.1252792626619339 0.5578737258911133
v 0.03238220140337944 -0.11321932077407837 0.5706670880317688
v 0.03348982706665993 -0.10757846385240555 0.60999995470047
v 0.029918424785137177 -0.1252792626619339 0.5578737258911133
v 0.03348982706665993 -0.10757846385240555 0.60999995470047
v 0.030902113765478134 -0.12296326458454132 0.60999995470047
v -0.046548470854759216 -0.07022056728601456 0.296999990940094
v -0.044438447803258896 -0.08292651921510696 0.296999990940094
v -0.042411234229803085 -0.08602573722600937 0.33562740683555603
v -0.043913669884204865 -0.07404953986406326 0.3357360363006592
v -0.04432607814669609 -0.062237586826086044 0.335842102766037
v -0.04671370983123779 -0.068620465695858 0.296999990940094
v -0.04671370983123779 -0.068620465695858 0.296999990940094
v -0.04432607814669609 -0.062237586826086044 0.335842102766037
v -0.046415358781814575 -0.05887630581855774 0.30725935101509094
v -0.04671370983123779 -0.068620465695858 0.296999990940094
v -0.046415358781814575 -0.05887630581855774 0.30725935101509094
v -0.047255635261535645 -0.057346537709236145 0.2969999611377716
v -0.0413334034383297 -0.06645437330007553 0.3842490613460541
v -0.0418708398938179 -0.06573072075843811 0.37486425042152405
v -0.041558101773262024 -0.07798397541046143 0.3747020363807678
v -0.041558101773262024 -0.07798397541046143 0.3747020363807678
v -0.0418708398938179 -0.06573072075843811 0.37486425042152405
v -0.04189179465174675 -0.06570227444171906 0.37450486421585083
v -0.041558101773262024 -0.07798397541046143 0.3747020363807678
v -0.04189179465174675 -0.06570227444171906 0.37450486421585083
v -0.043913669884204865 -0.07404953986406326 0.3357360363006592
v -0.043913669884204865 -0.07404953986406326 0.3357360363006592
v -0.04189179465174675 -0.06570227444171906 0.37450486421585083
v -0.043028514832258224 -0.06412743031978607 0.3557107746601105
v -0.043913669884204865 -0.07404953986406326 0.3357360363006592
v -0.043028514832258224 -0.06412743031978607 0.3557107746601105
v -0.04432607814669609 -0.062237586826086044 0.335842102766037
v -0.0413334034383297 -0.06645437330007553 0.3842490613460541
v -0.041558101773262024 -0.07798397541046143 0.3747020363807678
v -0.039394304156303406 -0.06898219138383865 0.4212280809879303
v -0.039394304156303406 -0.06898219138383865 0.4212280809879303
v -0.041558101773262024 -0.07798397541046143 0.3747020363807678
v -0.03953446447849274 -0.08104954659938812 0.41380631923675537
v -0.039394304156303406 -0.06898219138383865 0.4212280809879303
v -0.03953446447849274 -0.08104954659938812 0.41380631923675537
v -0.0387546643614769 -0.0697944313287735 0.43475446105003357
v -0.0387546643614769 -0.0697944313287735 0.43475446105003357
v -0.03953446447849274 -0.08104954659938812 0.41380631923675537
v -0.03781924769282341 -0.08346977084875107 0.452987402677536
v -0.0387546643614769 -0.0697944313287735 0.43475446105003357
v -0.03781924769282341 -0.08346977084875107 0.452987402677536
v -0.03794537112116814 -0.07081472873687744 0.45311856269836426
v -0.03794537112116814 -0.07081472873687744 0.45311856269836426
v -0.03781924769282341 -0.08346977084875107 0.452987402677536
v -0.03574508801102638 -0.07361918687820435 0.5159143209457397
v -0.03574508801102638 -0.07361918687820435 0.5159143209457397
v -0.03781924769282341 -0.08346977084875107 0.452987402677536
v -0.03539666160941124 -0.08677048981189728 0.5314375758171082
v -0.03574508801102638 -0.07361918687820435 0.5159143209457397
v -0.03539666160941124 -0.08677048981189728 0.5314375758171082
v -0.03521715849637985 -0.07434959709644318 0.537952721118927
v -0.03483539819717407 -0.08770427107810974 0.5707101225852966
v -0.03473971411585808 -0.0751570612192154 0.5707409381866455
v -0.03480508551001549 -0.07501771301031113 0.5638527274131775
v -0.03238218277692795 -0.1132190153002739 0.5706470608711243
v -0.029922394081950188 -0.12560394406318665 0.5789901614189148
v -0.030262520536780357 -0.1258886754512787 0.6100000143051147
v -0.030177852138876915 -0.12450000643730164 0.5246561765670776
v -0.033501338213682175 -0.11104458570480347 0.4920012652873993
v -0.03104729764163494 -0.12259402871131897 0.4757409989833832
v -0.03104729764163494 -0.12259402871131897 0.4757409989833832
v -0.033501338213682175 -0.11104458570480347 0.4920012652873993
v -0.034617017954587936 -0.10907693952322006 0.4527187645435333
v -0.03104729764163494 -0.12259402871131897 0.4757409989833832
v -0.034617017954587936 -0.10907693952322006 0.4527187645435333
v -0.03181611746549606 -0.12089690566062927 0.44624462723731995
v -0.03181611746549606 -0.12089690566062927 0.44624462723731995
v -0.034617017954587936 -0.10907693952322006 0.4527187645435333
v -0.03604525700211525 -0.10634995251893997 0.41346943378448486
v -0.03181611746549606 -0.12089690566062927 0.44624462723731995
v -0.03604525700211525 -0.10634995251893997 0.41346943378448486
v -0.0322522409260273 -0.1198941171169281 0.43191248178482056
v -0.036740150302648544 -0.10762182623147964 0.3269054591655731
v -0.03516431525349617 -0.11233722418546677 0.3578862249851227
v -0.03777717053890228 -0.10268238186836243 0.37436971068382263
v -0.03777717053890228 -0.10268238186836243 0.37436971068382263
v -0.03516431525349617 -0.11233722418546677 0.3578862249851227
v -0.03424154967069626 -0.1148962453007698 0.3784322142601013
v -0.03777717053890228 -0.10268238186836243 0.37436971068382263
v -0.03424154967069626 -0.1148962453007698 0.3784322142601013
v -0.03604525700211525 -0.10634995251893997 0.41346943378448486
v -0.03604525700211525 -0.10634995251893997 0.41346943378448486
v -0.03424154967069626 -0.1148962453007698 0.3784322142601013
v -0.033646900206804276 -0.1164640486240387 0.3928835093975067
v -0.03604525700211525 -0.10634995251893997 0.41346943378448486
v -0.033646900206804276 -0.1164640486240387 0.3928835093975067
v -0.0322522409260273 -0.1198941171169281 0.43191248178482056
v -0.03777717053890228 -0.10268238186836243 0.37436971068382263
v -0.03983033820986748 -0.0978010967373848 0.3355187773704529
v -0.036740150302648544 -0.10762182623147964 0.3269054591655731
v -0.036740150302648544 -0.10762182623147964 0.3269054591655731
v -0.03983033820986748 -0.0978010967373848 0.3355187773704529
v -0.04093839228153229 -0.09536198526620865 0.296999990940094
v -0.036740150302648544 -0.10762182623147964 0.3269054591655731
v -0.04093839228153229 -0.09536198526620865 0.296999990940094
v -0.03849836438894272 -0.1018662378191948 0.2969999611377716
v -0.04671370983123779 -0.068620465695858 0.296999990940094
v -0.046548470854759216 -0.07022056728601456 0.296999990940094
v -0.043913669884204865 -0.07404953986406326 0.3357360363006592
v -0.043913669884204865 -0.07404953986406326 0.3357360363006592
v -0.046548470854759216 -0.07022056728601456 0.296999990940094
v -0.042411234229803085 -0.08602573722600937 0.33562740683555603
v -0.043913669884204865 -0.07404953986406326 0.3357360363006592
v -0.042411234229803085 -0.08602573722600937 0.33562740683555603
v -0.041558101773262024 -0.07798397541046143 0.3747020363807678
v -0.041558101773262024 -0.07798397541046143 0.3747020363807678
v -0.042411234229803085 -0.08602573722600937 0.33562740683555603
v -0.04019087180495262 -0.0904247984290123 0.37453585863113403
v -0.041558101773262024 -0.07798397541046143 0.3747020363807678
v -0.04019087180495262 -0.0904247984290123 0.37453585863113403
v -0.03953446447849274 -0.08104954659938812 0.41380631923675537
v -0.03953446447849274 -0.08104954659938812 0.41380631923675537
v -0.04019087180495262 -0.0904247984290123 0.37453585863113403
v -0.038297101855278015 -0.09378257393836975 0.4136378765106201
v -0.03953446447849274 -0.08104954659938812 0.41380631923675537
v -0.038297101855278015 -0.09378257393836975 0.4136378765106201
v -0.03781924769282341 -0.08346977084875107 0.452987402677536
v -0.03781924769282341 -0.08346977084875107 0.452987402677536
v -0.038297101855278015 -0.09378257393836975 0.4136378765106201
v -0.03670937940478325 -0.096347376704216 0.45285308361053467
v -0.03781924769282341 -0.08346977084875107 0.452987402677536
v -0.03670937940478325 -0.096347376704216 0.45285308361053467
v -0.03539666160941124 -0.08677048981189728 0.5314375758171082
v -0.03539666160941124 -0.08677048981189728 0.5314375758171082
v -0.03670937940478325 -0.096347376704216 0.45285308361053467
v -0.03452364355325699 -0.09963751584291458 0.5313746929168701
v -0.034835342317819595 -0.07556838542222977 0.60999995470047
v -0.03473971411585808 -0.0751570612192154 0.5707409381866455
v -0.0350014790892601 -0.08288835734128952 0.60999995470047
v -0.0350014790892601 -0.08288835734128952 0.60999995470047
v -0.03473971411585808 -0.0751570612192154 0.5707409381866455
v -0.03483539819717407 -0.08770427107810974 0.5707101225852966
v -0.0350014790892601 -0.08288835734128952 0.60999995470047
v -0.03483539819717407 -0.08770427107810974 0.5707101225852966
v -0.034875158220529556 -0.09055174887180328 0.60999995470047
v -0.034875158220529556 -0.09055174887180328 0.60999995470047
v -0.03483539819717407 -0.08770427107810974 0.5707101225852966
v -0.0340520516037941 -0.10050927102565765 0.5706785917282104
v -0.029922394081950188 -0.12560394406318665 0.5789901614189148
v -0.03238218277692795 -0.1132190153002739 0.5706470608711243
v -0.03273211792111397 -0.11239169538021088 0.5313118100166321
v -0.03273211792111397 -0.11239169538021088 0.5313118100166321
v -0.03238218277692795 -0.1132190153002739 0.5706470608711243
v -0.0340520516037941 -0.10050927102565765 0.5706785917282104
v -0.03273211792111397 -0.11239169538021088 0.5313118100166321
v -0.0340520516037941 -0.10050927102565765 0.5706785917282104
v -0.03452364355325699 -0.09963751584291458 0.5313746929168701
v -0.03452364355325699 -0.09963751584291458 0.5313746929168701
v -0.0340520516037941 -0.10050927102565765 0.5706785917282104
v -0.03483539819717407 -0.08770427107810974 0.5707101225852966
v -0.03452364355325699 -0.09963751584291458 0.5313746929168701
v -0.03483539819717407 -0.08770427107810974 0.5707101225852966
v -0.03539666160941124 -0.08677048981189728 0.5314375758171082
v -0.03539666160941124 -0.08677048981189728 0.5314375758171082
v -0.03483539819717407 -0.08770427107810974 0.5707101225852966
v -0.03480508551001549 -0.07501771301031113 0.5638527274131775
v -0.03539666160941124 -0.08677048981189728 0.5314375758171082
v -0.03480508551001549 -0.07501771301031113 0.5638527274131775
v -0.03521715849637985 -0.07434959709644318 0.537952721118927
v -0.030262520536780357 -0.1258886754512787 0.6100000143051147
v -0.03263156861066818 -0.11359333246946335 0.60999995470047
v -0.03238218277692795 -0.1132190153002739 0.5706470608711243
v -0.03238218277692795 -0.1132190153002739 0.5706470608711243
v -0.03263156861066818 -0.11359333246946335 0.60999995470047
v -0.0337042361497879 -0.1058182492852211 0.60999995470047
v -0.03238218277692795 -0.1132190153002739 0.5706470608711243
v -0.0337042361497879 -0.1058182492852211 0.60999995470047
v -0.0340520516037941 -0.10050927102565765 0.5706785917282104
v -0.0340520516037941 -0.10050927102565765 0.5706785917282104
v -0.0337042361497879 -0.1058182492852211 0.60999995470047
v -0.034217674285173416 -0.10088017582893372 0.60999995470047
v -0.0340520516037941 -0.10050927102565765 0.5706785917282104
v -0.034217674285173416 -0.10088017582893372 0.60999995470047
v -0.034875158220529556 -0.09055174887180328 0.60999995470047
v -0.044438447803258896 -0.08292651921510696 0.296999990940094
v -0.04093839228153229 -0.09536198526620865 0.296999990940094
v -0.042411234229803085 -0.08602573722600937 0.33562740683555603
v -0.042411234229803085 -0.08602573722600937 0.33562740683555603
v -0.04093839228153229 -0.09536198526620865 0.296999990940094
v -0.03983033820986748 -0.0978010967373848 0.3355187773704529
v -0.042411234229803085 -0.08602573722600937 0.33562740683555603
v -0.03983033820986748 -0.0978010967373848 0.3355187773704529
v -0.04019087180495262 -0.0904247984290123 0.37453585863113403
v -0.04019087180495262 -0.0904247984290123 0.37453585863113403
v -0.03983033820986748 -0.0978010967373848 0.3355187773704529
v -0.03777717053890228 -0.10268238186836243 0.37436971068382263
v -0.04019087180495262 -0.0904247984290123 0.37453585863113403
v -0.03777717053890228 -0.10268238186836243 0.37436971068382263
v -0.038297101855278015 -0.09378257393836975 0.4136378765106201
v -0.038297101855278015 -0.09378257393836975 0.4136378765106201
v -0.03777717053890228 -0.10268238186836243 0.37436971068382263
v -0.03604525700211525 -0.10634995251893997 0.41346943378448486
v -0.038297101855278015 -0.09378257393836975 0.4136378765106201
v -0.03604525700211525 -0.10634995251893997 0.41346943378448486
v -0.03670937940478325 -0.096347376704216 0.45285308361053467
v -0.03670937940478325 -0.096347376704216 0.45285308361053467
v -0.03604525700211525 -0.10634995251893997 0.41346943378448486
v -0.034617017954587936 -0.10907693952322006 0.4527187645435333
v -0.03670937940478325 -0.096347376704216 0.45285308361053467
v -0.034617017954587936 -0.10907693952322006 0.4527187645435333
v -0.03452364355325699 -0.09963751584291458 0.5313746929168701
v -0.03452364355325699 -0.09963751584291458 0.5313746929168701
v -0.034617017954587936 -0.10907693952322006 0.4527187645435333
v -0.033501338213682175 -0.11104458570480347 0.4920012652873993
v -0.03452364355325699 -0.09963751584291458 0.5313746929168701
v -0.033501338213682175 -0.11104458570480347 0.4920012652873993
v -0.03273211792111397 -0.11239169538021088 0.5313118100166321
v -0.03273211792111397 -0.11239169538021088 0.5313118100166321
v -0.033501338213682175 -0.11104458570480347 0.4920012652873993
v -0.030177852138876915 -0.12450000643730164 0.5246561765670776
v -0.03273211792111397 -0.11239169538021088 0.5313118100166321
v -0.030177852138876915 -0.12450000643730164 0.5246561765670776
v -0.029922394081950188 -0.12560394406318665 0.5789901614189148
v -0.00593926478177309 -0.13100001215934753 0.6796563267707825
v -0.008977990597486496 -0.13100001215934753 0.675584077835083
v 4.044352124310535e-07 -0.1315593123435974 0.6745496392250061
v 0.03278108313679695 -0.12601539492607117 0.6662313938140869
v 0.03454284369945526 -0.12600934505462646 0.6796290874481201
v 0.02960183285176754 -0.12710635364055634 0.6743568181991577
v 0.023295965045690536 -0.12858211994171143 0.6773383617401123
v 0.01790427230298519 -0.12983036041259766 0.6728764176368713
v 0.02960183285176754 -0.12710635364055634 0.6743568181991577
v 0.038297347724437714 -0.1260017603635788 0.6925904750823975
v 0.03041882812976837 -0.1272631734609604 0.6885568499565125
v 0.03619693964719772 -0.12600509822368622 0.6854823231697083
v 0.03619693964719772 -0.12600509822368622 0.6854823231697083
v 0.03041882812976837 -0.1272631734609604 0.6885568499565125
v 0.0301760695874691 -0.12728391587734222 0.6879311800003052
v 0.023295965045690536 -0.12858211994171143 0.6773383617401123
v 0.02960183285176754 -0.12710635364055634 0.6743568181991577
v 0.0274400245398283 -0.12768001854419708 0.6825845837593079
v 0.0274400245398283 -0.12768001854419708 0.6825845837593079
v 0.02960183285176754 -0.12710635364055634 0.6743568181991577
v 0.03454284369945526 -0.12600934505462646 0.6796290874481201
v 0.0274400245398283 -0.12768001854419708 0.6825845837593079
v 0.03454284369945526 -0.12600934505462646 0.6796290874481201
v 0.0301760695874691 -0.12728391587734222 0.6879311800003052
v 0.0301760695874691 -0.12728391587734222 0.6879311800003052
v 0.03454284369945526 -0.12600934505462646 0.6796290874481201
v 0.03599991276860237 -0.12600533664226532 0.684999942779541
v 0.0301760695874691 -0.12728391587734222 0.6879311800003052
v 0.03599991276860237 -0.12600533664226532 0.684999942779541
v 0.03619693964719772 -0.12600509822368622 0.6854823231697083
v 0.019734686240553856 -0.13055020570755005 0.6417722702026367
v 0.030262459069490433 -0.12588849663734436 0.6100001335144043
v 0.02960182912647724 -0.12676192820072174 0.6416082382202148
v 0.02960182912647724 -0.12676192820072174 0.6416082382202148
v 0.030262459069490433 -0.12588849663734436 0.6100001335144043
v 0.03125710412859917 -0.1260051727294922 0.6429315209388733
v 0.02960182912647724 -0.12676192820072174 0.6416082382202148
v 0.03125710412859917 -0.1260051727294922 0.6429315209388733
v 0.03204922750592232 -0.12601596117019653 0.6571019887924194
v 0.005281839985400438 -0.13457119464874268 0.6100000143051147
v 0.00986754521727562 -0.1339414417743683 0.6100000143051147
v 0.00986754335463047 -0.13277895748615265 0.6418688297271729
v 0.00986754335463047 -0.13277895748615265 0.6418688297271729
v 0.00986754521727562 -0.1339414417743683 0.6100000143051147
v 0.014033208601176739 -0.13302616775035858 0.6100000143051147
v 0.00986754335463047 -0.13277895748615265 0.6418688297271729
v 0.014033208601176739 -0.13302616775035858 0.6100000143051147
v 0.019734686240553856 -0.13055020570755005 0.6417722702026367
v 0.019734686240553856 -0.13055020570755005 0.6417722702026367
v 0.014033208601176739 -0.13302616775035858 0.6100000143051147
v 0.022434739395976067 -0.13010652363300323 0.60999995470047
v 0.019734686240553856 -0.13055020570755005 0.6417722702026367
v 0.022434739395976067 -0.13010652363300323 0.60999995470047
v 0.030262459069490433 -0.12588849663734436 0.6100001335144043
v -0.010810851119458675 -0.13376323878765106 0.610001266002655
v -0.008832373656332493 -0.13411760330200195 0.6100016236305237
v -0.009866742417216301 -0.13273881375789642 0.6418670415878296
v -0.009866742417216301 -0.13273881375789642 0.6418670415878296
v -0.008832373656332493 -0.13411760330200195 0.6100016236305237
v 1.2020940909351907e-09 -0.1348220407962799 0.60999995470047
v -0.009866742417216301 -0.13273881375789642 0.6418670415878296
v 1.2020940909351907e-09 -0.1348220407962799 0.60999995470047
v 4.007110305792594e-07 -0.1334950178861618 0.641899824142456
v -0.010810851119458675 -0.13376323878765106 0.610001266002655
v -0.009866742417216301 -0.13273881375789642 0.6418670415878296
v -0.01748034544289112 -0.13200926780700684 0.6100003123283386
v -0.01748034544289112 -0.13200926780700684 0.6100003123283386
v -0.009866742417216301 -0.13273881375789642 0.6418670415878296
v -0.019733885303139687 -0.1304999589920044 0.6417701244354248
v -0.01748034544289112 -0.13200926780700684 0.6100003123283386
v -0.019733885303139687 -0.1304999589920044 0.6417701244354248
v -0.019733630120754242 -0.13121090829372406 0.6100010275840759
v -0.031396448612213135 -0.12600886821746826 0.6458409428596497
v -0.030262520536780357 -0.1258886754512787 0.6100000143051147
v -0.029601028189063072 -0.1267508566379547 0.6416077613830566
v -0.029601028189063072 -0.1267508566379547 0.6416077613830566
v -0.030262520536780357 -0.1258886754512787 0.6100000143051147
v -0.025647345930337906 -0.1285691112279892 0.6100014448165894
v -0.032732147723436356 -0.1260155588388443 0.6657047271728516
v -0.031396448612213135 -0.12600886821746826 0.6458409428596497
v -0.029601026326417923 -0.12693852186203003 0.6579827070236206
v -0.029601026326417923 -0.12693852186203003 0.6579827070236206
v -0.031396448612213135 -0.12600886821746826 0.6458409428596497
v -0.029601028189063072 -0.1267508566379547 0.6416077613830566
v -0.029601026326417923 -0.12693852186203003 0.6579827070236206
v -0.029601028189063072 -0.1267508566379547 0.6416077613830566
v -0.019733885303139687 -0.1304999589920044 0.6417701244354248
v -0.019733885303139687 -0.1304999589920044 0.6417701244354248
v -0.029601028189063072 -0.1267508566379547 0.6416077613830566
v -0.025647345930337906 -0.1285691112279892 0.6100014448165894
v -0.019733885303139687 -0.1304999589920044 0.6417701244354248
v -0.025647345930337906 -0.1285691112279892 0.6100014448165894
v -0.019733630120754242 -0.13121090829372406 0.6100010275840759
v -0.03176286816596985 -0.12716837227344513 0.6931173801422119
v -0.032499998807907104 -0.12711961567401886 0.6999999284744263
v -0.03899896517395973 -0.1260000467300415 0.6997041702270508
v -0.030025754123926163 -0.12699183821678162 0.7124379873275757
v -0.03603135794401169 -0.12600000202655792 0.714924693107605
v -0.03197983279824257 -0.1270698755979538 0.7057913541793823
v -0.03197983279824257 -0.1270698755979538 0.7057913541793823
v -0.03603135794401169 -0.12600000202655792 0.714924693107605
v -0.03825071081519127 -0.12600000202655792 0.7076085209846497
v -0.03197983279824257 -0.1270698755979538 0.7057913541793823
v -0.03825071081519127 -0.12600000202655792 0.7076085209846497
v -0.032499998807907104 -0.12711961567401886 0.6999999284744263
v -0.032499998807907104 -0.12711961567401886 0.6999999284744263
v -0.03825071081519127 -0.12600000202655792 0.7076085209846497
v -0.039000023156404495 -0.1260000467300415 0.6999999284744263
v -0.032499998807907104 -0.12711961567401886 0.6999999284744263
v -0.039000023156404495 -0.1260000467300415 0.6999999284744263
v -0.03899896517395973 -0.1260000467300415 0.6997041702270508
v -0.030025754123926163 -0.12699183821678162 0.7124379873275757
v -0.030013343319296837 -0.12699143588542938 0.7124679088592529
v -0.03603135794401169 -0.12600000202655792 0.714924693107605
v -0.03603135794401169 -0.12600000202655792 0.714924693107605
v -0.030013343319296837 -0.12699143588542938 0.7124679088592529
v -0.02940008044242859 -0.12697242200374603 0.7138522267341614
v -0.03603135794401169 -0.12600000202655792 0.714924693107605
v -0.02940008044242859 -0.12697242200374603 0.7138522267341614
v -0.03242737799882889 -0.12600000202655792 0.7216672301292419
v -0.03242737799882889 -0.12600000202655792 0.7216672301292419
v -0.02940008044242859 -0.12697242200374603 0.7138522267341614
v -0.026120204478502274 -0.12689208984375 0.7193386554718018
v -0.03242737799882889 -0.12600000202655792 0.7216672301292419
v -0.026120204478502274 -0.12689208984375 0.7193386554718018
v -0.027577217668294907 -0.12600000202655792 0.7275771498680115
v -0.027577217668294907 -0.12600000202655792 0.7275771498680115
v -0.026120204478502274 -0.12689208984375 0.7193386554718018
v -0.024713201448321342 -0.12686437368392944 0.721107006072998
v -0.027577217668294907 -0.12600000202655792 0.7275771498680115
v -0.024713201448321342 -0.12686437368392944 0.721107006072998
v -0.021667296066880226 -0.12600000202655792 0.7324273586273193
v -0.024713201448321342 -0.12686437368392944 0.721107006072998
v -0.021420175209641457 -0.12681013345718384 0.7244422435760498
v -0.021667296066880226 -0.12600000202655792 0.7324273586273193
v -0.021667296066880226 -0.12600000202655792 0.7324273586273193
v -0.021420175209641457 -0.12681013345718384 0.7244422435760498
v -0.015661217272281647 -0.12674149870872498 0.7284775972366333
v -0.021667296066880226 -0.12600000202655792 0.7324273586273193
v -0.015661217272281647 -0.12674149870872498 0.7284775972366333
v -0.014924708753824234 -0.12600000202655792 0.7360312938690186
v -0.014924708753824234 -0.12600000202655792 0.7360312938690186
v -0.015661217272281647 -0.12674149870872498 0.7284775972366333
v -0.013606456108391285 -0.12672315537929535 0.7295145988464355
v -0.014924708753824234 -0.12600000202655792 0.7360312938690186
v -0.013606456108391285 -0.12672315537929535 0.7295145988464355
v -0.007608548738062382 -0.12600000202655792 0.7382506728172302
v -0.007608548738062382 -0.12600000202655792 0.7382506728172302
v -0.013606456108391285 -0.12672315537929535 0.7295145988464355
v -0.009547109715640545 -0.12669512629508972 0.7310660481452942
v -0.007608548738062382 -0.12600000202655792 0.7382506728172302
v -0.009547109715640545 -0.12669512629508972 0.7310660481452942
v 1.1854693893198487e-09 -0.12600000202655792 0.7389999628067017
v -0.009547109715640545 -0.12669512629508972 0.7310660481452942
v -0.0027000911068171263 -0.12666982412338257 0.7323876023292542
v 1.1854693893198487e-09 -0.12600000202655792 0.7389999628067017
v 1.1854693893198487e-09 -0.12600000202655792 0.7389999628067017
v -0.0027000911068171263 -0.12666982412338257 0.7323876023292542
v 3.5768496498000957e-10 -0.12666712701320648 0.7324999570846558
v 1.1854693893198487e-09 -0.12600000202655792 0.7389999628067017
v 3.5768496498000957e-10 -0.12666712701320648 0.7324999570846558
v 0.007608551066368818 -0.12600000202655792 0.7382506728172302
v 0.007608551066368818 -0.12600000202655792 0.7382506728172302
v 3.5768496498000957e-10 -0.12666712701320648 0.7324999570846558
v 0.0038544656708836555 -0.12667059898376465 0.7322705984115601
v 0.007608551066368818 -0.12600000202655792 0.7382506728172302
v 0.0038544656708836555 -0.12667059898376465 0.7322705984115601
v 0.014924711547791958 -0.12600000202655792 0.7360312938690186
v 0.0038544656708836555 -0.12667059898376465 0.7322705984115601
v 0.010692017152905464 -0.1266975849866867 0.7306908369064331
v 0.014924711547791958 -0.12600000202655792 0.7360312938690186
v 0.014924711547791958 -0.12600000202655792 0.7360312938690186
v 0.010692017152905464 -0.1266975849866867 0.7306908369064331
v 0.01360645703971386 -0.12671761214733124 0.7295145988464355
v 0.014924711547791958 -0.12600000202655792 0.7360312938690186
v 0.01360645703971386 -0.12671761214733124 0.7295145988464355
v 0.021667297929525375 -0.12600000202655792 0.7324273586273193
v 0.021667297929525375 -0.12600000202655792 0.7324273586273193
v 0.01360645703971386 -0.12671761214733124 0.7295145988464355
v 0.016548752784729004 -0.12674368917942047 0.7279711961746216
v 0.021667297929525375 -0.12600000202655792 0.7324273586273193
v 0.016548752784729004 -0.12674368917942047 0.7279711961746216
v 0.027577219530940056 -0.12600000202655792 0.7275771498680115
v 0.016548752784729004 -0.12674368917942047 0.7279711961746216
v 0.02205565758049488 -0.12681123614311218 0.7238703966140747
v 0.027577219530940056 -0.12600000202655792 0.7275771498680115
v 0.027577219530940056 -0.12600000202655792 0.7275771498680115
v 0.02205565758049488 -0.12681123614311218 0.7238703966140747
v 0.02471320331096649 -0.12685537338256836 0.721107006072998
v 0.027577219530940056 -0.12600000202655792 0.7275771498680115
v 0.02471320331096649 -0.12685537338256836 0.721107006072998
v 0.03242737799882889 -0.12600000202655792 0.7216672301292419
v 0.03242737799882889 -0.12600000202655792 0.7216672301292419
v 0.02471320331096649 -0.12685537338256836 0.721107006072998
v 0.026577183976769447 -0.12689274549484253 0.7187056541442871
v 0.03242737799882889 -0.12600000202655792 0.7216672301292419
v 0.026577183976769447 -0.12689274549484253 0.7187056541442871
v 0.03603135794401169 -0.12600000202655792 0.714924693107605
v 0.03603135794401169 -0.12600000202655792 0.714924693107605
v 0.026577183976769447 -0.12689274549484253 0.7187056541442871
v 0.02969173900783062 -0.12697318196296692 0.7132155299186707
v 0.03603135794401169 -0.12600000202655792 0.714924693107605
v 0.02969173900783062 -0.12697318196296692 0.7132155299186707
v 0.03825071454048157 -0.12600000202655792 0.7076085209846497
v 0.03825071454048157 -0.12600000202655792 0.7076085209846497
v 0.02969173900783062 -0.12697318196296692 0.7132155299186707
v 0.03172953799366951 -0.1270512044429779 0.7070345878601074
v 0.03825071454048157 -0.12600000202655792 0.7076085209846497
v 0.03172953799366951 -0.1270512044429779 0.7070345878601074
v 0.03899995982646942 -0.1260000467300415 0.699999988079071
v 0.03172953799366951 -0.1270512044429779 0.7070345878601074
v 0.032499998807907104 -0.12711961567401886 0.6999999284744263
v 0.03899995982646942 -0.1260000467300415 0.699999988079071
v 0.03899995982646942 -0.1260000467300415 0.699999988079071
v 0.032499998807907104 -0.12711961567401886 0.6999999284744263
v 0.0324917770922184 -0.12712527811527252 0.6992689371109009
v 0.03899995982646942 -0.1260000467300415 0.699999988079071
v 0.0324917770922184 -0.12712527811527252 0.6992689371109009
v 0.038297347724437714 -0.1260017603635788 0.6925904750823975
v 0.038297347724437714 -0.1260017603635788 0.6925904750823975
v 0.0324917770922184 -0.12712527811527252 0.6992689371109009
v 0.03207433968782425 -0.1271616518497467 0.6947571635246277
v 0.038297347724437714 -0.1260017603635788 0.6925904750823975
v 0.03207433968782425 -0.1271616518497467 0.6947571635246277
v 0.03041882812976837 -0.1272631734609604 0.6885568499565125
v -0.03899896517395973 -0.1260000467300415 0.6997041702270508
v -0.03825134038925171 -0.12600195407867432 0.692356526851654
v -0.03176286816596985 -0.12716837227344513 0.6931173801422119
v -0.03176286816596985 -0.12716837227344513 0.6931173801422119
v -0.03825134038925171 -0.12600195407867432 0.692356526851654
v -0.03600000590085983 -0.12600533664226532 0.684999942779541
v -0.03176286816596985 -0.12716837227344513 0.6931173801422119
v -0.03600000590085983 -0.12600533664226532 0.684999942779541
v -0.02975449711084366 -0.12730734050273895 0.6869263052940369
v -0.02975449711084366 -0.12730734050273895 0.6869263052940369
v -0.03600000590085983 -0.12600533664226532 0.684999942779541
v -0.03574807569384575 -0.12600558996200562 0.6843549013137817
v -0.02975449711084366 -0.12730734050273895 0.6869263052940369
v -0.03574807569384575 -0.12600558996200562 0.6843549013137817
v -0.026763075962662697 -0.12778648734092712 0.6815611720085144
v -0.026763075962662697 -0.12778648734092712 0.6815611720085144
v -0.03574807569384575 -0.12600558996200562 0.6843549013137817
v -0.034191496670246124 -0.12601053714752197 0.677678644657135
v -0.026763075962662697 -0.12778648734092712 0.6815611720085144
v -0.034191496670246124 -0.12601053714752197 0.677678644657135
v -0.022615255787968636 -0.12870757281780243 0.6766589879989624
v -0.022615255787968636 -0.12870757281780243 0.6766589879989624
v -0.034191496670246124 -0.12601053714752197 0.677678644657135
v -0.029601024463772774 -0.1270875781774521 0.6743559837341309
v -0.022615255787968636 -0.12870757281780243 0.6766589879989624
v -0.029601024463772774 -0.1270875781774521 0.6743559837341309
v -0.017601093277335167 -0.12985894083976746 0.6726787090301514
v -0.00593926478177309 -0.13100001215934753 0.6796563267707825
v 4.044352124310535e-07 -0.1315593123435974 0.6745496392250061
v -0.0028926702216267586 -0.13099999725818634 0.6818260550498962
v 4.044352124310535e-07 -0.1315593123435974 0.6745496392250061
v 0.00897892564535141 -0.13100001215934753 0.6759623885154724
v 0.00608475599437952 -0.13100001215934753 0.6797277331352234
v -0.0028926702216267586 -0.13099999725818634 0.6818260550498962
v 4.044352124310535e-07 -0.1315593123435974 0.6745496392250061
v 0.0002024691057158634 -0.13099999725818634 0.6824877262115479
v 0.0002024691057158634 -0.13099999725818634 0.6824877262115479
v 4.044352124310535e-07 -0.1315593123435974 0.6745496392250061
v 0.00608475599437952 -0.13100001215934753 0.6797277331352234
v 0.0002024691057158634 -0.13099999725818634 0.6824877262115479
v 0.00608475599437952 -0.13100001215934753 0.6797277331352234
v 0.0033865629229694605 -0.13099999725818634 0.6816929578781128
v -0.034191496670246124 -0.12601053714752197 0.677678644657135
v -0.032732147723436356 -0.1260155588388443 0.6657047271728516
v -0.029601024463772774 -0.1270875781774521 0.6743559837341309
v -0.029601024463772774 -0.1270875781774521 0.6743559837341309
v -0.032732147723436356 -0.1260155588388443 0.6657047271728516
v -0.029601026326417923 -0.12693852186203003 0.6579827070236206
v -0.029601024463772774 -0.1270875781774521 0.6743559837341309
v -0.029601026326417923 -0.12693852186203003 0.6579827070236206
v -0.017601093277335167 -0.12985894083976746 0.6726787090301514
v -0.017601093277335167 -0.12985894083976746 0.6726787090301514
v -0.029601026326417923 -0.12693852186203003 0.6579827070236206
v -0.019733885303139687 -0.1304999589920044 0.6417701244354248
v -0.017601093277335167 -0.12985894083976746 0.6726787090301514
v -0.019733885303139687 -0.1304999589920044 0.6417701244354248
v -0.01175461895763874 -0.13099999725818634 0.6697001457214355
v -0.01175461895763874 -0.13099999725818634 0.6697001457214355
v -0.019733885303139687 -0.1304999589920044 0.6417701244354248
v -0.009866742417216301 -0.13273881375789642 0.6418670415878296
v -0.01175461895763874 -0.13099999725818634 0.6697001457214355
v -0.009866742417216301 -0.13273881375789642 0.6418670415878296
v -0.008977990597486496 -0.13100001215934753 0.675584077835083
v -0.008977990597486496 -0.13100001215934753 0.675584077835083
v -0.009866742417216301 -0.13273881375789642 0.6418670415878296
v 4.007110305792594e-07 -0.1334950178861618 0.641899824142456
v -0.008977990597486496 -0.13100001215934753 0.675584077835083
v 4.007110305792594e-07 -0.1334950178861618 0.641899824142456
v 4.044352124310535e-07 -0.1315593123435974 0.6745496392250061
v 4.044352124310535e-07 -0.1315593123435974 0.6745496392250061
v 4.007110305792594e-07 -0.1334950178861618 0.641899824142456
v 0.011953473091125488 -0.13099999725818634 0.669778048992157
v 4.044352124310535e-07 -0.1315593123435974 0.6745496392250061
v 0.011953473091125488 -0.13099999725818634 0.669778048992157
v 0.00897892564535141 -0.13100001215934753 0.6759623885154724
v 1.2020940909351907e-09 -0.1348220407962799 0.60999995470047
v 0.005281839985400438 -0.13457119464874268 0.6100000143051147
v 4.007110305792594e-07 -0.1334950178861618 0.641899824142456
v 4.007110305792594e-07 -0.1334950178861618 0.641899824142456
v 0.005281839985400438 -0.13457119464874268 0.6100000143051147
v 0.00986754335463047 -0.13277895748615265 0.6418688297271729
v 4.007110305792594e-07 -0.1334950178861618 0.641899824142456
v 0.00986754335463047 -0.13277895748615265 0.6418688297271729
v 0.011953473091125488 -0.13099999725818634 0.669778048992157
v 0.011953473091125488 -0.13099999725818634 0.669778048992157
v 0.00986754335463047 -0.13277895748615265 0.6418688297271729
v 0.019734686240553856 -0.13055020570755005 0.6417722702026367
v 0.011953473091125488 -0.13099999725818634 0.669778048992157
v 0.019734686240553856 -0.13055020570755005 0.6417722702026367
v 0.01790427230298519 -0.12983036041259766 0.6728764176368713
v 0.01790427230298519 -0.12983036041259766 0.6728764176368713
v 0.019734686240553856 -0.13055020570755005 0.6417722702026367
v 0.02960182912647724 -0.12676192820072174 0.6416082382202148
v 0.01790427230298519 -0.12983036041259766 0.6728764176368713
v 0.02960182912647724 -0.12676192820072174 0.6416082382202148
v 0.02960183285176754 -0.12710635364055634 0.6743568181991577
v 0.02960183285176754 -0.12710635364055634 0.6743568181991577
v 0.02960182912647724 -0.12676192820072174 0.6416082382202148
v 0.03204922750592232 -0.12601596117019653 0.6571019887924194
v 0.02960183285176754 -0.12710635364055634 0.6743568181991577
v 0.03204922750592232 -0.12601596117019653 0.6571019887924194
v 0.03278108313679695 -0.12601539492607117 0.6662313938140869
v -0.041342686861753464 -0.11117351055145264 0.6999999284744263
v -0.04031654819846153 -0.11825826019048691 0.6999999284744263
v -0.03825071081519127 -0.12600000202655792 0.7076085209846497
v -0.03825071081519127 -0.12600000202655792 0.7076085209846497
v -0.04031654819846153 -0.11825826019048691 0.6999999284744263
v -0.040235310792922974 -0.11877333372831345 0.6999999284744263
v -0.03825071081519127 -0.12600000202655792 0.7076085209846497
v -0.040235310792922974 -0.11877333372831345 0.6999999284744263
v -0.039000023156404495 -0.1260000467300415 0.6999999284744263
v -0.04384733736515045 -0.08064919710159302 0.6999999284744263
v -0.04297906532883644 -0.09593481570482254 0.6999999284744263
v -0.041896529495716095 -0.09861340373754501 0.7081498503684998
v -0.041896529495716095 -0.09861340373754501 0.7081498503684998
v -0.04297906532883644 -0.09593481570482254 0.6999999284744263
v -0.04274745658040047 -0.09861340373754501 0.6999999284744263
v -0.041896529495716095 -0.09861340373754501 0.7081498503684998
v -0.04274745658040047 -0.09861340373754501 0.6999999284744263
v -0.041342686861753464 -0.11117351055145264 0.6999999284744263
v -0.04399994760751724 -0.07099999487400055 0.6999999284744263
v -0.04399353265762329 -0.07298623770475388 0.6999999284744263
v -0.04315463453531265 -0.07100000232458115 0.7085839509963989
v -0.04315463453531265 -0.07100000232458115 0.7085839509963989
v -0.04399353265762329 -0.07298623770475388 0.6999999284744263
v -0.04384733736515045 -0.08064919710159302 0.6999999284744263
v -0.041342686861753464 -0.11117351055145264 0.6999999284744263
v -0.03825071081519127 -0.12600000202655792 0.7076085209846497
v -0.041896529495716095 -0.09861340373754501 0.7081498503684998
v -0.041896529495716095 -0.09861340373754501 0.7081498503684998
v -0.03825071081519127 -0.12600000202655792 0.7076085209846497
v -0.03603135794401169 -0.12600000202655792 0.714924693107605
v -0.041896529495716095 -0.09861340373754501 0.7081498503684998
v -0.03603135794401169 -0.12600000202655792 0.714924693107605
v -0.03939360752701759 -0.09861340373754501 0.7160763144493103
v -0.03939360752701759 -0.09861340373754501 0.7160763144493103
v -0.03603135794401169 -0.12600000202655792 0.714924693107605
v -0.03242737799882889 -0.12600000202655792 0.7216672301292419
v -0.03939360752701759 -0.09861340373754501 0.7160763144493103
v -0.03242737799882889 -0.12600000202655792 0.7216672301292419
v -0.03535881265997887 -0.09861340373754501 0.7234508991241455
v -0.03535881265997887 -0.09861340373754501 0.7234508991241455
v -0.03242737799882889 -0.12600000202655792 0.7216672301292419
v -0.027577217668294907 -0.12600000202655792 0.7275771498680115
v -0.03535881265997887 -0.09861340373754501 0.7234508991241455
v -0.027577217668294907 -0.12600000202655792 0.7275771498680115
v -0.02996871806681156 -0.09861340373754501 0.7299686670303345
v -0.02996871806681156 -0.09861340373754501 0.7299686670303345
v -0.027577217668294907 -0.12600000202655792 0.7275771498680115
v -0.021667296066880226 -0.12600000202655792 0.7324273586273193
v -0.02996871806681156 -0.09861340373754501 0.7299686670303345
v -0.021667296066880226 -0.12600000202655792 0.7324273586273193
v -0.023450924083590508 -0.09861340373754501 0.7353587746620178
v -0.023450924083590508 -0.09861340373754501 0.7353587746620178
v -0.021667296066880226 -0.12600000202655792 0.7324273586273193
v -0.014924708753824234 -0.12600000202655792 0.7360312938690186
v -0.023450924083590508 -0.09861340373754501 0.7353587746620178
v -0.014924708753824234 -0.12600000202655792 0.7360312938690186
v -0.016076326370239258 -0.09861340373754501 0.7393935918807983
v -0.016076326370239258 -0.09861340373754501 0.7393935918807983
v -0.014924708753824234 -0.12600000202655792 0.7360312938690186
v -0.007608548738062382 -0.12600000202655792 0.7382506728172302
v -0.016076326370239258 -0.09861340373754501 0.7393935918807983
v -0.007608548738062382 -0.12600000202655792 0.7382506728172302
v -0.008149879053235054 -0.09861340373754501 0.7418965101242065
v -0.008149879053235054 -0.09861340373754501 0.7418965101242065
v -0.007608548738062382 -0.12600000202655792 0.7382506728172302
v 1.1854693893198487e-09 -0.12600000202655792 0.7389999628067017
v -0.008149879053235054 -0.09861340373754501 0.7418965101242065
v 1.1854693893198487e-09 -0.12600000202655792 0.7389999628067017
v 1.2614609357086692e-09 -0.09861340373754501 0.74274742603302
v 1.2614609357086692e-09 -0.09861340373754501 0.74274742603302
v 1.1854693893198487e-09 -0.12600000202655792 0.7389999628067017
v 0.007608551066368818 -0.12600000202655792 0.7382506728172302
v 1.2614609357086692e-09 -0.09861340373754501 0.74274742603302
v 0.007608551066368818 -0.12600000202655792 0.7382506728172302
v 0.008149881847202778 -0.09861340373754501 0.7418965101242065
v 0.008149881847202778 -0.09861340373754501 0.7418965101242065
v 0.007608551066368818 -0.12600000202655792 0.7382506728172302
v 0.014924711547791958 -0.12600000202655792 0.7360312938690186
v 0.008149881847202778 -0.09861340373754501 0.7418965101242065
v 0.014924711547791958 -0.12600000202655792 0.7360312938690186
v 0.016076330095529556 -0.09861340373754501 0.7393935918807983
v 0.016076330095529556 -0.09861340373754501 0.7393935918807983
v 0.014924711547791958 -0.12600000202655792 0.7360312938690186
v 0.021667297929525375 -0.12600000202655792 0.7324273586273193
v 0.016076330095529556 -0.09861340373754501 0.7393935918807983
v 0.021667297929525375 -0.12600000202655792 0.7324273586273193
v 0.023450925946235657 -0.09861340373754501 0.7353587746620178
v 0.023450925946235657 -0.09861340373754501 0.7353587746620178
v 0.021667297929525375 -0.12600000202655792 0.7324273586273193
v 0.027577219530940056 -0.12600000202655792 0.7275771498680115
v 0.023450925946235657 -0.09861340373754501 0.7353587746620178
v 0.027577219530940056 -0.12600000202655792 0.7275771498680115
v 0.02996871992945671 -0.09861340373754501 0.7299686670303345
v 0.02996871992945671 -0.09861340373754501 0.7299686670303345
v 0.027577219530940056 -0.12600000202655792 0.7275771498680115
v 0.03242737799882889 -0.12600000202655792 0.7216672301292419
v 0.02996871992945671 -0.09861340373754501 0.7299686670303345
v 0.03242737799882889 -0.12600000202655792 0.7216672301292419
v 0.03535881265997887 -0.09861340373754501 0.7234508991241455
v 0.03535881265997887 -0.09861340373754501 0.7234508991241455
v 0.03242737799882889 -0.12600000202655792 0.7216672301292419
v 0.03603135794401169 -0.12600000202655792 0.714924693107605
v 0.03535881265997887 -0.09861340373754501 0.7234508991241455
v 0.03603135794401169 -0.12600000202655792 0.714924693107605
v 0.03939360752701759 -0.09861340373754501 0.7160762548446655
v 0.03939360752701759 -0.09861340373754501 0.7160762548446655
v 0.03603135794401169 -0.12600000202655792 0.714924693107605
v 0.03825071454048157 -0.12600000202655792 0.7076085209846497
v 0.03939360752701759 -0.09861340373754501 0.7160762548446655
v 0.03825071454048157 -0.12600000202655792 0.7076085209846497
v 0.041896529495716095 -0.09861340373754501 0.7081498503684998
v 0.041896529495716095 -0.09861340373754501 0.7081498503684998
v 0.03825071454048157 -0.12600000202655792 0.7076085209846497
v 0.03899995982646942 -0.1260000467300415 0.699999988079071
v 0.041896529495716095 -0.09861340373754501 0.7081498503684998
v 0.03899995982646942 -0.1260000467300415 0.699999988079071
v 0.04274745658040047 -0.09861340373754501 0.6999999284744263
v -0.04384733736515045 -0.08064919710159302 0.6999999284744263
v -0.041896529495716095 -0.09861340373754501 0.7081498503684998
v -0.04315463453531265 -0.07100000232458115 0.7085839509963989
v -0.04315463453531265 -0.07100000232458115 0.7085839509963989
v -0.041896529495716095 -0.09861340373754501 0.7081498503684998
v -0.03939360752701759 -0.09861340373754501 0.7160763144493103
v -0.04315463453531265 -0.07100000232458115 0.7085839509963989
v -0.03939360752701759 -0.09861340373754501 0.7160763144493103
v -0.04065077751874924 -0.07100000232458115 0.7168380618095398
v -0.04065077751874924 -0.07100000232458115 0.7168380618095398
v -0.03939360752701759 -0.09861340373754501 0.7160763144493103
v -0.03535881265997887 -0.09861340373754501 0.7234508991241455
v -0.04065077751874924 -0.07100000232458115 0.7168380618095398
v -0.03535881265997887 -0.09861340373754501 0.7234508991241455
v -0.03658473864197731 -0.07100000232458115 0.724445104598999
v -0.03658473864197731 -0.07100000232458115 0.724445104598999
v -0.03535881265997887 -0.09861340373754501 0.7234508991241455
v -0.02996871806681156 -0.09861340373754501 0.7299686670303345
v -0.03658473864197731 -0.07100000232458115 0.724445104598999
v -0.02996871806681156 -0.09861340373754501 0.7299686670303345
v -0.031112760305404663 -0.07100000232458115 0.7311127185821533
v -0.031112760305404663 -0.07100000232458115 0.7311127185821533
v -0.02996871806681156 -0.09861340373754501 0.7299686670303345
v -0.023450924083590508 -0.09861340373754501 0.7353587746620178
v -0.031112760305404663 -0.07100000232458115 0.7311127185821533
v -0.023450924083590508 -0.09861340373754501 0.7353587746620178
v -0.024445144459605217 -0.07100000232458115 0.7365847229957581
v -0.024445144459605217 -0.07100000232458115 0.7365847229957581
v -0.023450924083590508 -0.09861340373754501 0.7353587746620178
v -0.016076326370239258 -0.09861340373754501 0.7393935918807983
v -0.024445144459605217 -0.07100000232458115 0.7365847229957581
v -0.016076326370239258 -0.09861340373754501 0.7393935918807983
v -0.016838114708662033 -0.07100000232458115 0.7406507134437561
v -0.016838114708662033 -0.07100000232458115 0.7406507134437561
v -0.016076326370239258 -0.09861340373754501 0.7393935918807983
v -0.008149879053235054 -0.09861340373754501 0.7418965101242065
v -0.016838114708662033 -0.07100000232458115 0.7406507134437561
v -0.008149879053235054 -0.09861340373754501 0.7418965101242065
v -0.008584006689488888 -0.07100000232458115 0.7431545853614807
v -0.008584006689488888 -0.07100000232458115 0.7431545853614807
v -0.008149879053235054 -0.09861340373754501 0.7418965101242065
v 1.2614609357086692e-09 -0.09861340373754501 0.74274742603302
v -0.008584006689488888 -0.07100000232458115 0.7431545853614807
v 1.2614609357086692e-09 -0.09861340373754501 0.74274742603302
v 1.3374525931197923e-09 -0.07100000232458115 0.7439999580383301
v 1.3374525931197923e-09 -0.07100000232458115 0.7439999580383301
v 1.2614609357086692e-09 -0.09861340373754501 0.74274742603302
v 0.008149881847202778 -0.09861340373754501 0.7418965101242065
v 1.3374525931197923e-09 -0.07100000232458115 0.7439999580383301
v 0.008149881847202778 -0.09861340373754501 0.7418965101242065
v 0.008584009483456612 -0.07100000232458115 0.7431545853614807
v 0.008584009483456612 -0.07100000232458115 0.7431545853614807
v 0.008149881847202778 -0.09861340373754501 0.7418965101242065
v 0.016076330095529556 -0.09861340373754501 0.7393935918807983
v 0.008584009483456612 -0.07100000232458115 0.7431545853614807
v 0.016076330095529556 -0.09861340373754501 0.7393935918807983
v 0.016838116571307182 -0.07100000232458115 0.7406507134437561
v 0.016838116571307182 -0.07100000232458115 0.7406507134437561
v 0.016076330095529556 -0.09861340373754501 0.7393935918807983
v 0.023450925946235657 -0.09861340373754501 0.7353587746620178
v 0.016838116571307182 -0.07100000232458115 0.7406507134437561
v 0.023450925946235657 -0.09861340373754501 0.7353587746620178
v 0.024445146322250366 -0.07100000232458115 0.7365846633911133
v 0.024445146322250366 -0.07100000232458115 0.7365846633911133
v 0.023450925946235657 -0.09861340373754501 0.7353587746620178
v 0.02996871992945671 -0.09861340373754501 0.7299686670303345
v 0.024445146322250366 -0.07100000232458115 0.7365846633911133
v 0.02996871992945671 -0.09861340373754501 0.7299686670303345
v 0.031112762168049812 -0.07100000232458115 0.7311127185821533
v 0.031112762168049812 -0.07100000232458115 0.7311127185821533
v 0.02996871992945671 -0.09861340373754501 0.7299686670303345
v 0.03535881265997887 -0.09861340373754501 0.7234508991241455
v 0.031112762168049812 -0.07100000232458115 0.7311127185821533
v 0.03535881265997887 -0.09861340373754501 0.7234508991241455
v 0.03658473864197731 -0.07100000232458115 0.724445104598999
v 0.03658473864197731 -0.07100000232458115 0.724445104598999
v 0.03535881265997887 -0.09861340373754501 0.7234508991241455
v 0.03939360752701759 -0.09861340373754501 0.7160762548446655
v 0.03658473864197731 -0.07100000232458115 0.724445104598999
v 0.03939360752701759 -0.09861340373754501 0.7160762548446655
v 0.04065077751874924 -0.07100000232458115 0.7168380618095398
v 0.04065077751874924 -0.07100000232458115 0.7168380618095398
v 0.03939360752701759 -0.09861340373754501 0.7160762548446655
v 0.041896529495716095 -0.09861340373754501 0.7081498503684998
v 0.04065077751874924 -0.07100000232458115 0.7168380618095398
v 0.041896529495716095 -0.09861340373754501 0.7081498503684998
v 0.04315463453531265 -0.07100000232458115 0.7085839509963989
v 0.04315463453531265 -0.07100000232458115 0.7085839509963989
v 0.041896529495716095 -0.09861340373754501 0.7081498503684998
v 0.04274745658040047 -0.09861340373754501 0.6999999284744263
v 0.04315463453531265 -0.07100000232458115 0.7085839509963989
v 0.04274745658040047 -0.09861340373754501 0.6999999284744263
v 0.043999917805194855 -0.07099999487400055 0.699999988079071
v 0.04067039489746094 -0.0717233419418335 0.6828553080558777
v 0.04136426001787186 -0.07100000232458115 0.684999942779541
v 0.042298052459955215 -0.07757766544818878 0.6891576647758484
v 0.042298052459955215 -0.07757766544818878 0.6891576647758484
v 0.04136426001787186 -0.07100000232458115 0.684999942779541
v 0.043336205184459686 -0.07099954038858414 0.6923859119415283
v 0.04274745658040047 -0.09861340373754501 0.6999999284744263
v 0.04104573279619217 -0.11247752606868744 0.6972697377204895
v 0.04257052019238472 -0.09845519810914993 0.6963087320327759
v 0.030262459069490433 -0.12588849663734436 0.6100001335144043
v 0.030902113765478134 -0.12296326458454132 0.60999995470047
v 0.032062698155641556 -0.11598383635282516 0.632602870464325
v 0.03658873215317726 -0.11324633657932281 0.6798281073570251
v 0.03278108313679695 -0.12601539492607117 0.6662313938140869
v 0.03377799317240715 -0.1137738823890686 0.668184757232666
v 0.03377799317240715 -0.1137738823890686 0.668184757232666
v 0.03278108313679695 -0.12601539492607117 0.6662313938140869
v 0.03204922750592232 -0.12601596117019653 0.6571019887924194
v 0.03377799317240715 -0.1137738823890686 0.668184757232666
v 0.03204922750592232 -0.12601596117019653 0.6571019887924194
v 0.032398927956819534 -0.11443512886762619 0.6564024686813354
v 0.032398927956819534 -0.11443512886762619 0.6564024686813354
v 0.03204922750592232 -0.12601596117019653 0.6571019887924194
v 0.03125710412859917 -0.1260051727294922 0.6429315209388733
v 0.038297347724437714 -0.1260017603635788 0.6925904750823975
v 0.03619693964719772 -0.12600509822368622 0.6854823231697083
v 0.03658873215317726 -0.11324633657932281 0.6798281073570251
v 0.03619693964719772 -0.12600509822368622 0.6854823231697083
v 0.03599991276860237 -0.12600533664226532 0.684999942779541
v 0.03658873215317726 -0.11324633657932281 0.6798281073570251
v 0.03658873215317726 -0.11324633657932281 0.6798281073570251
v 0.03599991276860237 -0.12600533664226532 0.684999942779541
v 0.03454284369945526 -0.12600934505462646 0.6796290874481201
v 0.03658873215317726 -0.11324633657932281 0.6798281073570251
v 0.03454284369945526 -0.12600934505462646 0.6796290874481201
v 0.03278108313679695 -0.12601539492607117 0.6662313938140869
v 0.04274745658040047 -0.09861340373754501 0.6999999284744263
v 0.03899995982646942 -0.1260000467300415 0.699999988079071
v 0.04104573279619217 -0.11247752606868744 0.6972697377204895
v 0.04104573279619217 -0.11247752606868744 0.6972697377204895
v 0.03899995982646942 -0.1260000467300415 0.699999988079071
v 0.038297347724437714 -0.1260017603635788 0.6925904750823975
v 0.04104573279619217 -0.11247752606868744 0.6972697377204895
v 0.038297347724437714 -0.1260017603635788 0.6925904750823975
v 0.04000317305326462 -0.11277518421411514 0.6914128065109253
v 0.04000317305326462 -0.11277518421411514 0.6914128065109253
v 0.038297347724437714 -0.1260017603635788 0.6925904750823975
v 0.03658873215317726 -0.11324633657932281 0.6798281073570251
v 0.03956117480993271 -0.07811210304498672 0.6775071620941162
v 0.04008046165108681 -0.07225179672241211 0.6806231141090393
v 0.042298052459955215 -0.07757766544818878 0.6891576647758484
v 0.042298052459955215 -0.07757766544818878 0.6891576647758484
v 0.04008046165108681 -0.07225179672241211 0.6806231141090393
v 0.040456779301166534 -0.07192134112119675 0.6820933222770691
v 0.042298052459955215 -0.07757766544818878 0.6891576647758484
v 0.040456779301166534 -0.07192134112119675 0.6820933222770691
v 0.04067039489746094 -0.0717233419418335 0.6828553080558777
v 0.03640362247824669 -0.0793973058462143 0.6539813280105591
v 0.03719928488135338 -0.07436493784189224 0.661476194858551
v 0.037617046386003494 -0.0787205770611763 0.665779709815979
v 0.037617046386003494 -0.0787205770611763 0.665779709815979
v 0.03719928488135338 -0.07436493784189224 0.661476194858551
v 0.03882335498929024 -0.07324256002902985 0.6743156313896179
v 0.037617046386003494 -0.0787205770611763 0.665779709815979
v 0.03882335498929024 -0.07324256002902985 0.6743156313896179
v 0.03956117480993271 -0.07811210304498672 0.6775071620941162
v 0.03956117480993271 -0.07811210304498672 0.6775071620941162
v 0.03882335498929024 -0.07324256002902985 0.6743156313896179
v 0.039124298840761185 -0.07301752269268036 0.6760482788085938
v 0.03956117480993271 -0.07811210304498672 0.6775071620941162
v 0.039124298840761185 -0.07301752269268036 0.6760482788085938
v 0.04008046165108681 -0.07225179672241211 0.6806231141090393
v 0.035684507340192795 -0.08641251176595688 0.6544576287269592
v 0.035004034638404846 -0.08792906254529953 0.630691409111023
v 0.035856831818819046 -0.07517649233341217 0.6428121328353882
v 0.03485103324055672 -0.09118347615003586 0.60999995470047
v 0.03483531251549721 -0.07556837797164917 0.60999995470047
v 0.035004034638404846 -0.08792906254529953 0.630691409111023
v 0.035004034638404846 -0.08792906254529953 0.630691409111023
v 0.03483531251549721 -0.07556837797164917 0.60999995470047
v 0.0352788120508194 -0.07545701414346695 0.6289461851119995
v 0.035004034638404846 -0.08792906254529953 0.630691409111023
v 0.0352788120508194 -0.07545701414346695 0.6289461851119995
v 0.035856831818819046 -0.07517649233341217 0.6428121328353882
v 0.030902113765478134 -0.12296326458454132 0.60999995470047
v 0.03348982706665993 -0.10757846385240555 0.60999995470047
v 0.032062698155641556 -0.11598383635282516 0.632602870464325
v 0.032062698155641556 -0.11598383635282516 0.632602870464325
v 0.03348982706665993 -0.10757846385240555 0.60999995470047
v 0.033695563673973083 -0.1019715964794159 0.6316314339637756
v 0.032062698155641556 -0.11598383635282516 0.632602870464325
v 0.033695563673973083 -0.1019715964794159 0.6316314339637756
v 0.03363070264458656 -0.10038543492555618 0.6554699540138245
v 0.04257052019238472 -0.09845519810914993 0.6963087320327759
v 0.04104573279619217 -0.11247752606868744 0.6972697377204895
v 0.041505150496959686 -0.09875071793794632 0.6904540657997131
v 0.041505150496959686 -0.09875071793794632 0.6904540657997131
v 0.04104573279619217 -0.11247752606868744 0.6972697377204895
v 0.04000317305326462 -0.11277518421411514 0.6914128065109253
v 0.041505150496959686 -0.09875071793794632 0.6904540657997131
v 0.04000317305326462 -0.11277518421411514 0.6914128065109253
v 0.03793146833777428 -0.09920700639486313 0.6788848042488098
v 0.03793146833777428 -0.09920700639486313 0.6788848042488098
v 0.04000317305326462 -0.11277518421411514 0.6914128065109253
v 0.03658873215317726 -0.11324633657932281 0.6798281073570251
v 0.03793146833777428 -0.09920700639486313 0.6788848042488098
v 0.03658873215317726 -0.11324633657932281 0.6798281073570251
v 0.03503291681408882 -0.09972634166479111 0.6672499775886536
v 0.03503291681408882 -0.09972634166479111 0.6672499775886536
v 0.03658873215317726 -0.11324633657932281 0.6798281073570251
v 0.03377799317240715 -0.1137738823890686 0.668184757232666
v 0.03503291681408882 -0.09972634166479111 0.6672499775886536
v 0.03377799317240715 -0.1137738823890686 0.668184757232666
v 0.03363070264458656 -0.10038543492555618 0.6554699540138245
v 0.03363070264458656 -0.10038543492555618 0.6554699540138245
v 0.03377799317240715 -0.1137738823890686 0.668184757232666
v 0.032398927956819534 -0.11443512886762619 0.6564024686813354
v 0.03363070264458656 -0.10038543492555618 0.6554699540138245
v 0.032398927956819534 -0.11443512886762619 0.6564024686813354
v 0.032062698155641556 -0.11598383635282516 0.632602870464325
v 0.032062698155641556 -0.11598383635282516 0.632602870464325
v 0.032398927956819534 -0.11443512886762619 0.6564024686813354
v 0.03125710412859917 -0.1260051727294922 0.6429315209388733
v 0.032062698155641556 -0.11598383635282516 0.632602870464325
v 0.03125710412859917 -0.1260051727294922 0.6429315209388733
v 0.030262459069490433 -0.12588849663734436 0.6100001335144043
v 0.043999917805194855 -0.07099999487400055 0.699999988079071
v 0.043356265872716904 -0.08436384052038193 0.6954194903373718
v 0.043336205184459686 -0.07099954038858414 0.6923859119415283
v 0.043336205184459686 -0.07099954038858414 0.6923859119415283
v 0.043356265872716904 -0.08436384052038193 0.6954194903373718
v 0.04212348535656929 -0.08464372903108597 0.6895810961723328
v 0.043336205184459686 -0.07099954038858414 0.6923859119415283
v 0.04212348535656929 -0.08464372903108597 0.6895810961723328
v 0.042298052459955215 -0.07757766544818878 0.6891576647758484
v 0.042298052459955215 -0.07757766544818878 0.6891576647758484
v 0.04212348535656929 -0.08464372903108597 0.6895810961723328
v 0.039232030510902405 -0.08516373485326767 0.677945613861084
v 0.042298052459955215 -0.07757766544818878 0.6891576647758484
v 0.039232030510902405 -0.08516373485326767 0.677945613861084
v 0.03956117480993271 -0.07811210304498672 0.6775071620941162
v 0.03956117480993271 -0.07811210304498672 0.6775071620941162
v 0.039232030510902405 -0.08516373485326767 0.677945613861084
v 0.03698142245411873 -0.08574358373880386 0.6662479043006897
v 0.03956117480993271 -0.07811210304498672 0.6775071620941162
v 0.03698142245411873 -0.08574358373880386 0.6662479043006897
v 0.037617046386003494 -0.0787205770611763 0.665779709815979
v 0.037617046386003494 -0.0787205770611763 0.665779709815979
v 0.03698142245411873 -0.08574358373880386 0.6662479043006897
v 0.035684507340192795 -0.08641251176595688 0.6544576287269592
v 0.037617046386003494 -0.0787205770611763 0.665779709815979
v 0.035684507340192795 -0.08641251176595688 0.6544576287269592
v 0.03640362247824669 -0.0793973058462143 0.6539813280105591
v 0.03640362247824669 -0.0793973058462143 0.6539813280105591
v 0.035684507340192795 -0.08641251176595688 0.6544576287269592
v 0.035856831818819046 -0.07517649233341217 0.6428121328353882
v 0.03640362247824669 -0.0793973058462143 0.6539813280105591
v 0.035856831818819046 -0.07517649233341217 0.6428121328353882
v 0.03719928488135338 -0.07436493784189224 0.661476194858551
v 0.043999917805194855 -0.07099999487400055 0.699999988079071
v 0.04274745658040047 -0.09861340373754501 0.6999999284744263
v 0.043356265872716904 -0.08436384052038193 0.6954194903373718
v 0.043356265872716904 -0.08436384052038193 0.6954194903373718
v 0.04274745658040047 -0.09861340373754501 0.6999999284744263
v 0.04257052019238472 -0.09845519810914993 0.6963087320327759
v 0.043356265872716904 -0.08436384052038193 0.6954194903373718
v 0.04257052019238472 -0.09845519810914993 0.6963087320327759
v 0.04212348535656929 -0.08464372903108597 0.6895810961723328
v 0.04212348535656929 -0.08464372903108597 0.6895810961723328
v 0.04257052019238472 -0.09845519810914993 0.6963087320327759
v 0.041505150496959686 -0.09875071793794632 0.6904540657997131
v 0.04212348535656929 -0.08464372903108597 0.6895810961723328
v 0.041505150496959686 -0.09875071793794632 0.6904540657997131
v 0.039232030510902405 -0.08516373485326767 0.677945613861084
v 0.039232030510902405 -0.08516373485326767 0.677945613861084
v 0.041505150496959686 -0.09875071793794632 0.6904540657997131
v 0.03793146833777428 -0.09920700639486313 0.6788848042488098
v 0.039232030510902405 -0.08516373485326767 0.677945613861084
v 0.03793146833777428 -0.09920700639486313 0.6788848042488098
v 0.03698142245411873 -0.08574358373880386 0.6662479043006897
v 0.03698142245411873 -0.08574358373880386 0.6662479043006897
v 0.03793146833777428 -0.09920700639486313 0.6788848042488098
v 0.03503291681408882 -0.09972634166479111 0.6672499775886536
v 0.03698142245411873 -0.08574358373880386 0.6662479043006897
v 0.03503291681408882 -0.09972634166479111 0.6672499775886536
v 0.035684507340192795 -0.08641251176595688 0.6544576287269592
v 0.035684507340192795 -0.08641251176595688 0.6544576287269592
v 0.03503291681408882 -0.09972634166479111 0.6672499775886536
v 0.03363070264458656 -0.10038543492555618 0.6554699540138245
v 0.035684507340192795 -0.08641251176595688 0.6544576287269592
v 0.03363070264458656 -0.10038543492555618 0.6554699540138245
v 0.035004034638404846 -0.08792906254529953 0.630691409111023
v 0.035004034638404846 -0.08792906254529953 0.630691409111023
v 0.03363070264458656 -0.10038543492555618 0.6554699540138245
v 0.033695563673973083 -0.1019715964794159 0.6316314339637756
v 0.035004034638404846 -0.08792906254529953 0.630691409111023
v 0.033695563673973083 -0.1019715964794159 0.6316314339637756
v 0.03485103324055672 -0.09118347615003586 0.60999995470047
v 0.03485103324055672 -0.09118347615003586 0.60999995470047
v 0.033695563673973083 -0.1019715964794159 0.6316314339637756
v 0.03348982706665993 -0.10757846385240555 0.60999995470047
v -0.008708859793841839 -0.0755695253610611 0.6099992394447327
v -4.249736562655926e-08 -0.07556983083486557 0.6099990606307983
v 0.0013050443958491087 -0.07587292790412903 0.5634719133377075
v 0.044326286762952805 -0.06223732605576515 0.33583885431289673
v 0.044810809195041656 -0.06149929016828537 0.32883399724960327
v 0.04195214435458183 -0.061587199568748474 0.32876574993133545
v 0.04195214435458183 -0.061587199568748474 0.32876574993133545
v 0.044810809195041656 -0.06149929016828537 0.32883399724960327
v 0.04725564643740654 -0.05734620988368988 0.296999990940094
v 0.04195214435458183 -0.061587199568748474 0.32876574993133545
v 0.04725564643740654 -0.05734620988368988 0.296999990940094
v 0.041861649602651596 -0.05877891927957535 0.30616649985313416
v 0.041861649602651596 -0.05877891927957535 0.30616649985313416
v 0.04725564643740654 -0.05734620988368988 0.296999990940094
v 0.04179535061120987 -0.054837897419929504 0.2843000888824463
v 0.04187193885445595 -0.06572920829057693 0.37484538555145264
v 0.04199478402733803 -0.0655621662735939 0.372745543718338
v 0.04195214435458183 -0.061587199568748474 0.32876574993133545
v 0.04195214435458183 -0.061587199568748474 0.32876574993133545
v 0.04199478402733803 -0.0655621662735939 0.372745543718338
v 0.04400330409407616 -0.06271824985742569 0.340634286403656
v 0.04195214435458183 -0.061587199568748474 0.32876574993133545
v 0.04400330409407616 -0.06271824985742569 0.340634286403656
v 0.044326286762952805 -0.06223732605576515 0.33583885431289673
v 0.02868105284869671 -0.07212398201227188 0.468374639749527
v 0.0379461906850338 -0.07081370055675507 0.453098863363266
v 0.028437573462724686 -0.06943216919898987 0.4212839603424072
v 0.028437573462724686 -0.06943216919898987 0.4212839603424072
v 0.0379461906850338 -0.07081370055675507 0.453098863363266
v 0.039286207407712936 -0.06911996006965637 0.4234604239463806
v 0.02893780916929245 -0.07419438660144806 0.515867292881012
v 0.02921278402209282 -0.07541198283433914 0.5639117360115051
v 0.034897930920124054 -0.07484818994998932 0.5564097762107849
v 0.034897930920124054 -0.07484818994998932 0.5564097762107849
v 0.035356342792510986 -0.0741501972079277 0.5314923524856567
v 0.02893780916929245 -0.07419438660144806 0.515867292881012
v 0.02893780916929245 -0.07419438660144806 0.515867292881012
v 0.035356342792510986 -0.0741501972079277 0.5314923524856567
v 0.03573528304696083 -0.07363226264715195 0.5162753462791443
v 0.02893780916929245 -0.07419438660144806 0.515867292881012
v 0.03573528304696083 -0.07363226264715195 0.5162753462791443
v 0.02868105284869671 -0.07212398201227188 0.468374639749527
v 0.02868105284869671 -0.07212398201227188 0.468374639749527
v 0.03573528304696083 -0.07363226264715195 0.5162753462791443
v 0.03738666698336601 -0.07151702046394348 0.4668344557285309
v 0.02868105284869671 -0.07212398201227188 0.468374639749527
v 0.03738666698336601 -0.07151702046394348 0.4668344557285309
v 0.0379461906850338 -0.07081370055675507 0.453098863363266
v 0.03483531251549721 -0.07556837797164917 0.60999995470047
v 0.034897930920124054 -0.07484818994998932 0.5564097762107849
v 0.029494142159819603 -0.07556899636983871 0.6099995970726013
v 0.029494142159819603 -0.07556899636983871 0.6099995970726013
v 0.034897930920124054 -0.07484818994998932 0.5564097762107849
v 0.02921278402209282 -0.07541198283433914 0.5639117360115051
v 0.029494142159819603 -0.07556899636983871 0.6099995970726013
v 0.02921278402209282 -0.07541198283433914 0.5639117360115051
v 0.017417633906006813 -0.07556981593370438 0.6099990606307983
v 0.017417633906006813 -0.07556981593370438 0.6099990606307983
v 0.02921278402209282 -0.07541198283433914 0.5639117360115051
v 0.00870879739522934 -0.07556995749473572 0.6099989414215088
v -0.008708859793841839 -0.0755695253610611 0.6099992394447327
v 0.0013050443958491087 -0.07587292790412903 0.5634719133377075
v -0.017417684197425842 -0.07556912302970886 0.6099994778633118
v -0.026585759595036507 -0.07554121315479279 0.5635448694229126
v -0.03480508551001549 -0.07501771301031113 0.5638527274131775
v -0.03473971411585808 -0.0751570612192154 0.5707409381866455
v -0.03480508551001549 -0.07501771301031113 0.5638527274131775
v -0.026585759595036507 -0.07554121315479279 0.5635448694229126
v -0.03521715849637985 -0.07434959709644318 0.537952721118927
v -0.03521715849637985 -0.07434959709644318 0.537952721118927
v -0.026585759595036507 -0.07554121315479279 0.5635448694229126
v -0.026858819648623466 -0.07423397898674011 0.5155584216117859
v -0.03521715849637985 -0.07434959709644318 0.537952721118927
v -0.026858819648623466 -0.07423397898674011 0.5155584216117859
v -0.03574508801102638 -0.07361918687820435 0.5159143209457397
v -0.03574508801102638 -0.07361918687820435 0.5159143209457397
v -0.026858819648623466 -0.07423397898674011 0.5155584216117859
v -0.03794537112116814 -0.07081472873687744 0.45311856269836426
v -0.03794537112116814 -0.07081472873687744 0.45311856269836426
v -0.026858819648623466 -0.07423397898674011 0.5155584216117859
v -0.027115078642964363 -0.07214031368494034 0.4680808186531067
v -0.03794537112116814 -0.07081472873687744 0.45311856269836426
v -0.027115078642964363 -0.07214031368494034 0.4680808186531067
v -0.0387546643614769 -0.0697944313287735 0.43475446105003357
v -0.0387546643614769 -0.0697944313287735 0.43475446105003357
v -0.027115078642964363 -0.07214031368494034 0.4680808186531067
v -0.02735665626823902 -0.06935949623584747 0.42104771733283997
v -0.0387546643614769 -0.0697944313287735 0.43475446105003357
v -0.02735665626823902 -0.06935949623584747 0.42104771733283997
v -0.039394304156303406 -0.06898219138383865 0.4212280809879303
v -0.0413334034383297 -0.06645437330007553 0.3842490613460541
v -0.04152880609035492 -0.0657186359167099 0.37450021505355835
v -0.0418708398938179 -0.06573072075843811 0.37486425042152405
v -0.0418708398938179 -0.06573072075843811 0.37486425042152405
v -0.04152880609035492 -0.0657186359167099 0.37450021505355835
v -0.04189179465174675 -0.06570227444171906 0.37450486421585083
v -0.043028514832258224 -0.06412743031978607 0.3557107746601105
v -0.027586335316300392 -0.06602175533771515 0.3743749260902405
v -0.04432607814669609 -0.062237586826086044 0.335842102766037
v -0.04432607814669609 -0.062237586826086044 0.335842102766037
v -0.027586335316300392 -0.06602175533771515 0.3743749260902405
v -0.027796894311904907 -0.061789002269506454 0.3282811641693115
v -0.039394304156303406 -0.06898219138383865 0.4212280809879303
v -0.02735665626823902 -0.06935949623584747 0.42104771733283997
v -0.0413334034383297 -0.06645437330007553 0.3842490613460541
v -0.0413334034383297 -0.06645437330007553 0.3842490613460541
v -0.02735665626823902 -0.06935949623584747 0.42104771733283997
v -0.027586335316300392 -0.06602175533771515 0.3743749260902405
v -0.0413334034383297 -0.06645437330007553 0.3842490613460541
v -0.027586335316300392 -0.06602175533771515 0.3743749260902405
v -0.04152880609035492 -0.0657186359167099 0.37450021505355835
v -0.04152880609035492 -0.0657186359167099 0.37450021505355835
v -0.027586335316300392 -0.06602175533771515 0.3743749260902405
v -0.043028514832258224 -0.06412743031978607 0.3557107746601105
v -0.04152880609035492 -0.0657186359167099 0.37450021505355835
v -0.043028514832258224 -0.06412743031978607 0.3557107746601105
v -0.04189179465174675 -0.06570227444171906 0.37450486421585083
v -0.04183061793446541 -0.05871299281716347 0.30578431487083435
v -0.04189688339829445 -0.05477062612771988 0.2839187681674957
v -0.047255635261535645 -0.057346537709236145 0.2969999611377716
v -0.047255635261535645 -0.057346537709236145 0.2969999611377716
v -0.04189688339829445 -0.05477062612771988 0.2839187681674957
v -0.04795432463288307 -0.05593322962522507 0.2890688180923462
v -0.04795432463288307 -0.05593322962522507 0.2890688180923462
v -0.04189688339829445 -0.05477062612771988 0.2839187681674957
v -0.041911713778972626 -0.05194268748164177 0.2735402584075928
v -0.04795432463288307 -0.05593322962522507 0.2890688180923462
v -0.041911713778972626 -0.05194268748164177 0.2735402584075928
v -0.049067988991737366 -0.05326249822974205 0.277773916721344
v -0.049067988991737366 -0.05326249822974205 0.277773916721344
v -0.041911713778972626 -0.05194268748164177 0.2735402584075928
v -0.04190853610634804 -0.04827190935611725 0.2637070417404175
v -0.049067988991737366 -0.05326249822974205 0.277773916721344
v -0.04190853610634804 -0.04827190935611725 0.2637070417404175
v -0.0502493791282177 -0.04975014925003052 0.26803287863731384
v -0.0502493791282177 -0.04975014925003052 0.26803287863731384
v -0.04190853610634804 -0.04827190935611725 0.2637070417404175
v -0.041885942220687866 -0.043692123144865036 0.2544619143009186
v -0.0502493791282177 -0.04975014925003052 0.26803287863731384
v -0.041885942220687866 -0.043692123144865036 0.2544619143009186
v -0.05195137858390808 -0.0449918657541275 0.2585138976573944
v -0.05195137858390808 -0.0449918657541275 0.2585138976573944
v -0.041885942220687866 -0.043692123144865036 0.2544619143009186
v -0.04939596727490425 -0.03909384086728096 0.24808058142662048
v -0.05195137858390808 -0.0449918657541275 0.2585138976573944
v -0.04939596727490425 -0.03909384086728096 0.24808058142662048
v -0.055132441222667694 -0.03910243138670921 0.2480805665254593
v 0.05377674847841263 -0.041721392422914505 0.2525199353694916
v 0.05513245239853859 -0.03910252824425697 0.2480805665254593
v 0.046992696821689606 -0.03930223360657692 0.24808043241500854
v 0.04178021103143692 -0.05202443152666092 0.273912250995636
v 0.05127269774675369 -0.04664706811308861 0.26169317960739136
v 0.04178278148174286 -0.04838209226727486 0.2640606164932251
v 0.04178278148174286 -0.04838209226727486 0.2640606164932251
v 0.05127269774675369 -0.04664706811308861 0.26169317960739136
v 0.05377674847841263 -0.041721392422914505 0.2525199353694916
v 0.04178278148174286 -0.04838209226727486 0.2640606164932251
v 0.05377674847841263 -0.041721392422914505 0.2525199353694916
v 0.041804540902376175 -0.04384147375822067 0.25479015707969666
v 0.041804540902376175 -0.04384147375822067 0.25479015707969666
v 0.05377674847841263 -0.041721392422914505 0.2525199353694916
v 0.046992696821689606 -0.03930223360657692 0.24808043241500854
v 0.04725564643740654 -0.05734620988368988 0.296999990940094
v 0.04840439185500145 -0.054921019822359085 0.28427839279174805
v 0.04179535061120987 -0.054837897419929504 0.2843000888824463
v 0.04179535061120987 -0.054837897419929504 0.2843000888824463
v 0.04840439185500145 -0.054921019822359085 0.28427839279174805
v 0.04877214878797531 -0.054027583450078964 0.28058305382728577
v 0.04179535061120987 -0.054837897419929504 0.2843000888824463
v 0.04877214878797531 -0.054027583450078964 0.28058305382728577
v 0.04178021103143692 -0.05202443152666092 0.273912250995636
v 0.04178021103143692 -0.05202443152666092 0.273912250995636
v 0.04877214878797531 -0.054027583450078964 0.28058305382728577
v 0.04978695884346962 -0.051199790090322495 0.27154284715652466
v 0.04178021103143692 -0.05202443152666092 0.273912250995636
v 0.04978695884346962 -0.051199790090322495 0.27154284715652466
v 0.05127269774675369 -0.04664706811308861 0.26169317960739136
v -0.047255635261535645 -0.057346537709236145 0.2969999611377716
v -0.046415358781814575 -0.05887630581855774 0.30725935101509094
v -0.04183061793446541 -0.05871299281716347 0.30578431487083435
v -0.04183061793446541 -0.05871299281716347 0.30578431487083435
v -0.046415358781814575 -0.05887630581855774 0.30725935101509094
v -0.04432607814669609 -0.062237586826086044 0.335842102766037
v -0.04183061793446541 -0.05871299281716347 0.30578431487083435
v -0.04432607814669609 -0.062237586826086044 0.335842102766037
v -0.04174024984240532 -0.061527471989393234 0.3283795416355133
v -0.04174024984240532 -0.061527471989393234 0.3283795416355133
v -0.04432607814669609 -0.062237586826086044 0.335842102766037
v -0.027796894311904907 -0.061789002269506454 0.3282811641693115
v -0.04174024984240532 -0.061527471989393234 0.3283795416355133
v -0.027796894311904907 -0.061789002269506454 0.3282811641693115
v -0.04183061793446541 -0.05871299281716347 0.30578431487083435
v -0.04183061793446541 -0.05871299281716347 0.30578431487083435
v -0.027796894311904907 -0.061789002269506454 0.3282811641693115
v -0.02788429893553257 -0.058835990726947784 0.30577555298805237
v -0.04183061793446541 -0.05871299281716347 0.30578431487083435
v -0.02788429893553257 -0.058835990726947784 0.30577555298805237
v -0.04189688339829445 -0.05477062612771988 0.2839187681674957
v -0.04189688339829445 -0.05477062612771988 0.2839187681674957
v -0.02788429893553257 -0.058835990726947784 0.30577555298805237
v -0.027944257482886314 -0.05459834262728691 0.28410103917121887
v -0.04189688339829445 -0.05477062612771988 0.2839187681674957
v -0.027944257482886314 -0.05459834262728691 0.28410103917121887
v -0.041911713778972626 -0.05194268748164177 0.2735402584075928
v -0.041911713778972626 -0.05194268748164177 0.2735402584075928
v -0.027944257482886314 -0.05459834262728691 0.28410103917121887
v -0.027957798913121223 -0.05171004310250282 0.2737616002559662
v -0.041911713778972626 -0.05194268748164177 0.2735402584075928
v -0.027957798913121223 -0.05171004310250282 0.2737616002559662
v -0.04190853610634804 -0.04827190935611725 0.2637070417404175
v -0.04190853610634804 -0.04827190935611725 0.2637070417404175
v -0.027957798913121223 -0.05171004310250282 0.2737616002559662
v -0.027956511825323105 -0.048127710819244385 0.2638711631298065
v -0.04190853610634804 -0.04827190935611725 0.2637070417404175
v -0.027956511825323105 -0.048127710819244385 0.2638711631298065
v -0.041885942220687866 -0.043692123144865036 0.2544619143009186
v -0.041885942220687866 -0.043692123144865036 0.2544619143009186
v -0.027956511825323105 -0.048127710819244385 0.2638711631298065
v -0.027937447652220726 -0.043713245540857315 0.2545190751552582
v -0.041885942220687866 -0.043692123144865036 0.2544619143009186
v -0.027937447652220726 -0.043713245540857315 0.2545190751552582
v -0.04939596727490425 -0.03909384086728096 0.24808058142662048
v -0.04939596727490425 -0.03909384086728096 0.24808058142662048
v -0.027937447652220726 -0.043713245540857315 0.2545190751552582
v -0.03649444505572319 -0.03996153175830841 0.24808019399642944
v -0.012842239812016487 -0.03962133079767227 0.2480805665254593
v -0.03649444505572319 -0.03996153175830841 0.24808019399642944
v -3.5828936233883724e-05 -0.04353880137205124 0.2547735571861267
v -3.5828936233883724e-05 -0.04353880137205124 0.2547735571861267
v -0.03649444505572319 -0.03996153175830841 0.24808019399642944
v -0.027937447652220726 -0.043713245540857315 0.2545190751552582
v -3.5828936233883724e-05 -0.04353880137205124 0.2547735571861267
v -0.027937447652220726 -0.043713245540857315 0.2545190751552582
v -5.524359585251659e-05 -0.04796963557600975 0.26411503553390503
v -5.524359585251659e-05 -0.04796963557600975 0.26411503553390503
v -0.027937447652220726 -0.043713245540857315 0.2545190751552582
v -0.027956511825323105 -0.048127710819244385 0.2638711631298065
v -5.524359585251659e-05 -0.04796963557600975 0.26411503553390503
v -0.027956511825323105 -0.048127710819244385 0.2638711631298065
v -5.740840424550697e-05 -0.051593054085969925 0.2739788889884949
v -5.740840424550697e-05 -0.051593054085969925 0.2739788889884949
v -0.027956511825323105 -0.048127710819244385 0.2638711631298065
v -0.027957798913121223 -0.05171004310250282 0.2737616002559662
v -5.740840424550697e-05 -0.051593054085969925 0.2739788889884949
v -0.027957798913121223 -0.05171004310250282 0.2737616002559662
v -4.516410990618169e-05 -0.054542023688554764 0.28427907824516296
v -4.516410990618169e-05 -0.054542023688554764 0.28427907824516296
v -0.027957798913121223 -0.05171004310250282 0.2737616002559662
v -0.027944257482886314 -0.05459834262728691 0.28410103917121887
v -4.516410990618169e-05 -0.054542023688554764 0.28427907824516296
v -0.027944257482886314 -0.05459834262728691 0.28410103917121887
v 1.2112574950151611e-05 -0.05890525504946709 0.3058723509311676
v 1.2112574950151611e-05 -0.05890525504946709 0.3058723509311676
v -0.027944257482886314 -0.05459834262728691 0.28410103917121887
v -0.02788429893553257 -0.058835990726947784 0.30577555298805237
v 1.2112574950151611e-05 -0.05890525504946709 0.3058723509311676
v -0.02788429893553257 -0.058835990726947784 0.30577555298805237
v 9.856544056674466e-05 -0.06190283223986626 0.32834914326667786
v 9.856544056674466e-05 -0.06190283223986626 0.32834914326667786
v -0.02788429893553257 -0.058835990726947784 0.30577555298805237
v -0.027796894311904907 -0.061789002269506454 0.3282811641693115
v 9.856544056674466e-05 -0.06190283223986626 0.32834914326667786
v -0.027796894311904907 -0.061789002269506454 0.3282811641693115
v 0.00031186555861495435 -0.06600724905729294 0.37452593445777893
v 0.00031186555861495435 -0.06600724905729294 0.37452593445777893
v -0.027796894311904907 -0.061789002269506454 0.3282811641693115
v -0.027586335316300392 -0.06602175533771515 0.3743749260902405
v 0.00031186555861495435 -0.06600724905729294 0.37452593445777893
v -0.027586335316300392 -0.06602175533771515 0.3743749260902405
v 0.0005412305472418666 -0.06935971230268478 0.42118924856185913
v 0.0005412305472418666 -0.06935971230268478 0.42118924856185913
v -0.027586335316300392 -0.06602175533771515 0.3743749260902405
v -0.02735665626823902 -0.06935949623584747 0.42104771733283997
v 0.0005412305472418666 -0.06935971230268478 0.42118924856185913
v -0.02735665626823902 -0.06935949623584747 0.42104771733283997
v 0.0007768377545289695 -0.07241999357938766 0.4680415391921997
v 0.0007768377545289695 -0.07241999357938766 0.4680415391921997
v -0.02735665626823902 -0.06935949623584747 0.42104771733283997
v -0.027115078642964363 -0.07214031368494034 0.4680808186531067
v 0.0007768377545289695 -0.07241999357938766 0.4680415391921997
v -0.027115078642964363 -0.07214031368494034 0.4680808186531067
v 0.001027794904075563 -0.0747617855668068 0.5153586268424988
v 0.001027794904075563 -0.0747617855668068 0.5153586268424988
v -0.027115078642964363 -0.07214031368494034 0.4680808186531067
v -0.026858819648623466 -0.07423397898674011 0.5155584216117859
v 0.001027794904075563 -0.0747617855668068 0.5153586268424988
v -0.026858819648623466 -0.07423397898674011 0.5155584216117859
v 0.0013050443958491087 -0.07587292790412903 0.5634719133377075
v 0.0013050443958491087 -0.07587292790412903 0.5634719133377075
v -0.026858819648623466 -0.07423397898674011 0.5155584216117859
v -0.026585759595036507 -0.07554121315479279 0.5635448694229126
v 0.0013050443958491087 -0.07587292790412903 0.5634719133377075
v -0.026585759595036507 -0.07554121315479279 0.5635448694229126
v -0.017417684197425842 -0.07556912302970886 0.6099994778633118
v -0.017417684197425842 -0.07556912302970886 0.6099994778633118
v -0.026585759595036507 -0.07554121315479279 0.5635448694229126
v -0.03473971411585808 -0.0751570612192154 0.5707409381866455
v -0.017417684197425842 -0.07556912302970886 0.6099994778633118
v -0.03473971411585808 -0.0751570612192154 0.5707409381866455
v -0.034835342317819595 -0.07556838542222977 0.60999995470047
v 0.039286207407712936 -0.06911996006965637 0.4234604239463806
v 0.039375513792037964 -0.06900614500045776 0.42161479592323303
v 0.028437573462724686 -0.06943216919898987 0.4212839603424072
v 0.028437573462724686 -0.06943216919898987 0.4212839603424072
v 0.039375513792037964 -0.06900614500045776 0.42161479592323303
v 0.0418681763112545 -0.06573431938886642 0.3749099671840668
v 0.028437573462724686 -0.06943216919898987 0.4212839603424072
v 0.0418681763112545 -0.06573431938886642 0.3749099671840668
v 0.02820718288421631 -0.0661277174949646 0.37458962202072144
v 0.02820718288421631 -0.0661277174949646 0.37458962202072144
v 0.0418681763112545 -0.06573431938886642 0.3749099671840668
v 0.04187193885445595 -0.06572920829057693 0.37484538555145264
v 0.02820718288421631 -0.0661277174949646 0.37458962202072144
v 0.04187193885445595 -0.06572920829057693 0.37484538555145264
v 0.027997184544801712 -0.06186874955892563 0.3285127878189087
v 0.027997184544801712 -0.06186874955892563 0.3285127878189087
v 0.04187193885445595 -0.06572920829057693 0.37484538555145264
v 0.04195214435458183 -0.061587199568748474 0.32876574993133545
v 0.027997184544801712 -0.06186874955892563 0.3285127878189087
v 0.04195214435458183 -0.061587199568748474 0.32876574993133545
v 0.02791033312678337 -0.058889783918857574 0.3060239851474762
v 0.02791033312678337 -0.058889783918857574 0.3060239851474762
v 0.04195214435458183 -0.061587199568748474 0.32876574993133545
v 0.041861649602651596 -0.05877891927957535 0.30616649985313416
v 0.02791033312678337 -0.058889783918857574 0.3060239851474762
v 0.041861649602651596 -0.05877891927957535 0.30616649985313416
v 0.02785058133304119 -0.05464242771267891 0.2843557298183441
v 0.02785058133304119 -0.05464242771267891 0.2843557298183441
v 0.041861649602651596 -0.05877891927957535 0.30616649985313416
v 0.04179535061120987 -0.054837897419929504 0.2843000888824463
v 0.02785058133304119 -0.05464242771267891 0.2843557298183441
v 0.04179535061120987 -0.054837897419929504 0.2843000888824463
v 0.027836892753839493 -0.05176111310720444 0.2740117907524109
v 0.027836892753839493 -0.05176111310720444 0.2740117907524109
v 0.04179535061120987 -0.054837897419929504 0.2843000888824463
v 0.04178021103143692 -0.05202443152666092 0.273912250995636
v 0.027836892753839493 -0.05176111310720444 0.2740117907524109
v 0.04178021103143692 -0.05202443152666092 0.273912250995636
v 0.02783781848847866 -0.04819565638899803 0.26411041617393494
v 0.02783781848847866 -0.04819565638899803 0.26411041617393494
v 0.04178021103143692 -0.05202443152666092 0.273912250995636
v 0.04178278148174286 -0.04838209226727486 0.2640606164932251
v 0.02783781848847866 -0.04819565638899803 0.26411041617393494
v 0.04178278148174286 -0.04838209226727486 0.2640606164932251
v 0.027856318280100822 -0.043807610869407654 0.25474125146865845
v 0.027856318280100822 -0.043807610869407654 0.25474125146865845
v 0.04178278148174286 -0.04838209226727486 0.2640606164932251
v 0.041804540902376175 -0.04384147375822067 0.25479015707969666
v 0.027856318280100822 -0.043807610869407654 0.25474125146865845
v 0.041804540902376175 -0.04384147375822067 0.25479015707969666
v 0.03370597958564758 -0.03994458168745041 0.24808049201965332
v 0.03370597958564758 -0.03994458168745041 0.24808049201965332
v 0.041804540902376175 -0.04384147375822067 0.25479015707969666
v 0.046992696821689606 -0.03930223360657692 0.24808043241500854
v -4.249736562655926e-08 -0.07556983083486557 0.6099990606307983
v 0.00870879739522934 -0.07556995749473572 0.6099989414215088
v 0.0013050443958491087 -0.07587292790412903 0.5634719133377075
v 0.0013050443958491087 -0.07587292790412903 0.5634719133377075
v 0.00870879739522934 -0.07556995749473572 0.6099989414215088
v 0.02921278402209282 -0.07541198283433914 0.5639117360115051
v 0.0013050443958491087 -0.07587292790412903 0.5634719133377075
v 0.02921278402209282 -0.07541198283433914 0.5639117360115051
v 0.001027794904075563 -0.0747617855668068 0.5153586268424988
v 0.001027794904075563 -0.0747617855668068 0.5153586268424988
v 0.02921278402209282 -0.07541198283433914 0.5639117360115051
v 0.02893780916929245 -0.07419438660144806 0.515867292881012
v 0.001027794904075563 -0.0747617855668068 0.5153586268424988
v 0.02893780916929245 -0.07419438660144806 0.515867292881012
v 0.0007768377545289695 -0.07241999357938766 0.4680415391921997
v 0.0007768377545289695 -0.07241999357938766 0.4680415391921997
v 0.02893780916929245 -0.07419438660144806 0.515867292881012
v 0.02868105284869671 -0.07212398201227188 0.468374639749527
v 0.0007768377545289695 -0.07241999357938766 0.4680415391921997
v 0.02868105284869671 -0.07212398201227188 0.468374639749527
v 0.0005412305472418666 -0.06935971230268478 0.42118924856185913
v 0.0005412305472418666 -0.06935971230268478 0.42118924856185913
v 0.02868105284869671 -0.07212398201227188 0.468374639749527
v 0.028437573462724686 -0.06943216919898987 0.4212839603424072
v 0.0005412305472418666 -0.06935971230268478 0.42118924856185913
v 0.028437573462724686 -0.06943216919898987 0.4212839603424072
v 0.00031186555861495435 -0.06600724905729294 0.37452593445777893
v 0.00031186555861495435 -0.06600724905729294 0.37452593445777893
v 0.028437573462724686 -0.06943216919898987 0.4212839603424072
v 0.02820718288421631 -0.0661277174949646 0.37458962202072144
v 0.00031186555861495435 -0.06600724905729294 0.37452593445777893
v 0.02820718288421631 -0.0661277174949646 0.37458962202072144
v 9.856544056674466e-05 -0.06190283223986626 0.32834914326667786
v 9.856544056674466e-05 -0.06190283223986626 0.32834914326667786
v 0.02820718288421631 -0.0661277174949646 0.37458962202072144
v 0.027997184544801712 -0.06186874955892563 0.3285127878189087
v 9.856544056674466e-05 -0.06190283223986626 0.32834914326667786
v 0.027997184544801712 -0.06186874955892563 0.3285127878189087
v 1.2112574950151611e-05 -0.05890525504946709 0.3058723509311676
v 1.2112574950151611e-05 -0.05890525504946709 0.3058723509311676
v 0.027997184544801712 -0.06186874955892563 0.3285127878189087
v 0.02791033312678337 -0.058889783918857574 0.3060239851474762
v 1.2112574950151611e-05 -0.05890525504946709 0.3058723509311676
v 0.02791033312678337 -0.058889783918857574 0.3060239851474762
v -4.516410990618169e-05 -0.054542023688554764 0.28427907824516296
v -4.516410990618169e-05 -0.054542023688554764 0.28427907824516296
v 0.02791033312678337 -0.058889783918857574 0.3060239851474762
v 0.02785058133304119 -0.05464242771267891 0.2843557298183441
v -4.516410990618169e-05 -0.054542023688554764 0.28427907824516296
v 0.02785058133304119 -0.05464242771267891 0.2843557298183441
v -5.740840424550697e-05 -0.051593054085969925 0.2739788889884949
v -5.740840424550697e-05 -0.051593054085969925 0.2739788889884949
v 0.02785058133304119 -0.05464242771267891 0.2843557298183441
v 0.027836892753839493 -0.05176111310720444 0.2740117907524109
v -5.740840424550697e-05 -0.051593054085969925 0.2739788889884949
v 0.027836892753839493 -0.05176111310720444 0.2740117907524109
v -5.524359585251659e-05 -0.04796963557600975 0.26411503553390503
v -5.524359585251659e-05 -0.04796963557600975 0.26411503553390503
v 0.027836892753839493 -0.05176111310720444 0.2740117907524109
v 0.02783781848847866 -0.04819565638899803 0.26411041617393494
v -5.524359585251659e-05 -0.04796963557600975 0.26411503553390503
v 0.02783781848847866 -0.04819565638899803 0.26411041617393494
v -3.5828936233883724e-05 -0.04353880137205124 0.2547735571861267
v -3.5828936233883724e-05 -0.04353880137205124 0.2547735571861267
v 0.02783781848847866 -0.04819565638899803 0.26411041617393494
v 0.027856318280100822 -0.043807610869407654 0.25474125146865845
v -3.5828936233883724e-05 -0.04353880137205124 0.2547735571861267
v 0.027856318280100822 -0.043807610869407654 0.25474125146865845
v -0.012842239812016487 -0.03962133079767227 0.2480805665254593
v -0.012842239812016487 -0.03962133079767227 0.2480805665254593
v 0.027856318280100822 -0.043807610869407654 0.25474125146865845
v 0.03370597958564758 -0.03994458168745041 0.24808049201965332
v 0.05966825783252716 0.006303221918642521 0.21520617604255676
v 0.05919237062335014 0.009811311960220337 0.21437600255012512
v 0.04573362320661545 0.009456070140004158 0.21409928798675537
v 0.043059092015028 0.04178377613425255 0.20923873782157898
v 0.03888537734746933 0.04569295793771744 0.20875103771686554
v 0.03108273260295391 0.042442601174116135 0.20855914056301117
v -0.055132441222667694 -0.03910243138670921 0.2480805665254593
v -0.04939596727490425 -0.03909384086728096 0.24808058142662048
v -0.05599842593073845 -0.037074629217386246 0.24490290880203247
v -0.05599842593073845 -0.037074629217386246 0.24490290880203247
v -0.04939596727490425 -0.03909384086728096 0.24808058142662048
v -0.045987773686647415 -0.03310751914978027 0.2397075742483139
v -0.05599842593073845 -0.037074629217386246 0.24490290880203247
v -0.045987773686647415 -0.03310751914978027 0.2397075742483139
v -0.05769985169172287 -0.03157403692603111 0.2374849170446396
v -0.05769985169172287 -0.03157403692603111 0.2374849170446396
v -0.045987773686647415 -0.03310751914978027 0.2397075742483139
v -0.04589858651161194 -0.02506645955145359 0.23150786757469177
v -0.04577454552054405 -0.01539398729801178 0.22436359524726868
v -0.059544287621974945 -0.017791587859392166 0.22525803744792938
v -0.04589858651161194 -0.02506645955145359 0.23150786757469177
v -0.04589858651161194 -0.02506645955145359 0.23150786757469177
v -0.059544287621974945 -0.017791587859392166 0.22525803744792938
v -0.058837324380874634 -0.025270646438002586 0.2309499830007553
v -0.04589858651161194 -0.02506645955145359 0.23150786757469177
v -0.058837324380874634 -0.025270646438002586 0.2309499830007553
v -0.05769985169172287 -0.03157403692603111 0.2374849170446396
v -0.05999988690018654 3.211539834069299e-08 0.21699997782707214
v -0.05998506397008896 -0.003868264611810446 0.21834558248519897
v -0.04560928791761398 -0.003792272647842765 0.21846745908260345
v -0.04560928791761398 -0.003792272647842765 0.21846745908260345
v -0.05998506397008896 -0.003868264611810446 0.21834558248519897
v -0.059889815747737885 -0.009737408719956875 0.22081539034843445
v -0.04560928791761398 -0.003792272647842765 0.21846745908260345
v -0.059889815747737885 -0.009737408719956875 0.22081539034843445
v -0.04577454552054405 -0.01539398729801178 0.22436359524726868
v -0.04577454552054405 -0.01539398729801178 0.22436359524726868
v -0.059889815747737885 -0.009737408719956875 0.22081539034843445
v -0.05965951085090637 -0.01580616645514965 0.2240268886089325
v -0.04577454552054405 -0.01539398729801178 0.22436359524726868
v -0.05965951085090637 -0.01580616645514965 0.2240268886089325
v -0.059544287621974945 -0.017791587859392166 0.22525803744792938
v -0.055885959416627884 0.02183465100824833 0.2120804339647293
v -0.05758802220225334 0.0168408565223217 0.21295326948165894
v -0.03021344356238842 0.009689997881650925 0.21386508643627167
v -0.03021344356238842 0.009689997881650925 0.21386508643627167
v -0.05758802220225334 0.0168408565223217 0.21295326948165894
v -0.05907434970140457 0.010499019175767899 0.21422410011291504
v -0.03021344356238842 0.009689997881650925 0.21386508643627167
v -0.05907434970140457 0.010499019175767899 0.21422410011291504
v -0.04560928791761398 -0.003792272647842765 0.21846745908260345
v -0.04560928791761398 -0.003792272647842765 0.21846745908260345
v -0.05907434970140457 0.010499019175767899 0.21422410011291504
v -0.05940968915820122 0.008396686986088753 0.21469877660274506
v -0.04560928791761398 -0.003792272647842765 0.21846745908260345
v -0.05940968915820122 0.008396686986088753 0.21469877660274506
v -0.05999988690018654 3.211539834069299e-08 0.21699997782707214
v -0.05438258498907089 0.025348957628011703 0.21151623129844666
v -0.045139867812395096 0.025912990793585777 0.21088159084320068
v -0.04989961162209511 0.033317238092422485 0.2103530317544937
v -0.04989961162209511 0.033317238092422485 0.2103530317544937
v -0.045139867812395096 0.025912990793585777 0.21088159084320068
v -0.044236745685338974 0.04053547605872154 0.2093973606824875
v -0.029671814292669296 0.04277510568499565 0.2084658145904541
v -0.029911700636148453 0.052012551575899124 0.20798048377037048
v -0.03391199931502342 0.049497831612825394 0.20828576385974884
v -0.045139867812395096 0.025912990793585777 0.21088159084320068
v -0.029964521527290344 0.025207793340086937 0.2105024755001068
v -0.044236745685338974 0.04053547605872154 0.2093973606824875
v -0.044236745685338974 0.04053547605872154 0.2093973606824875
v -0.029964521527290344 0.025207793340086937 0.2105024755001068
v -0.029671814292669296 0.04277510568499565 0.2084658145904541
v -0.044236745685338974 0.04053547605872154 0.2093973606824875
v -0.029671814292669296 0.04277510568499565 0.2084658145904541
v -0.037513893097639084 0.04682677984237671 0.2086116522550583
v -0.037513893097639084 0.04682677984237671 0.2086116522550583
v -0.029671814292669296 0.04277510568499565 0.2084658145904541
v -0.03391199931502342 0.049497831612825394 0.20828576385974884
v -0.02160445973277092 0.05597550421953201 0.20749858021736145
v -0.02339961752295494 0.05524919927120209 0.20758728682994843
v -0.014496278949081898 0.042078714817762375 0.20809239149093628
v 0.005514718126505613 0.05974586308002472 0.20703202486038208
v -3.251886226962597e-08 0.05999999865889549 0.2070000022649765
v 0.0006881822482682765 0.04180014505982399 0.20798929035663605
v 0.0006881822482682765 0.04180014505982399 0.20798929035663605
v -3.251886226962597e-08 0.05999999865889549 0.2070000022649765
v -0.003674325067549944 0.059887271374464035 0.20701423287391663
v 0.0006881822482682765 0.04180014505982399 0.20798929035663605
v -0.003674325067549944 0.059887271374464035 0.20701423287391663
v -0.014496278949081898 0.042078714817762375 0.20809239149093628
v -0.014496278949081898 0.042078714817762375 0.20809239149093628
v -0.003674325067549944 0.059887271374464035 0.20701423287391663
v -0.012787630781531334 0.05862177163362503 0.20717240869998932
v -0.014496278949081898 0.042078714817762375 0.20809239149093628
v -0.012787630781531334 0.05862177163362503 0.20717240869998932
v -0.02160445973277092 0.05597550421953201 0.20749858021736145
v 0.015881074592471123 0.04191618785262108 0.2081414759159088
v 0.014569762162864208 0.05820433050394058 0.20722422003746033
v 0.011941740289330482 0.05879988521337509 0.20715026557445526
v 0.03888537734746933 0.04569295793771744 0.20875103771686554
v 0.03391144424676895 0.04949739947915077 0.208285853266716
v 0.03108273260295391 0.042442601174116135 0.20855914056301117
v 0.03108273260295391 0.042442601174116135 0.20855914056301117
v 0.03391144424676895 0.04949739947915077 0.208285853266716
v 0.03145182877779007 0.051095690578222275 0.20809175074100494
v 0.03108273260295391 0.042442601174116135 0.20855914056301117
v 0.03145182877779007 0.051095690578222275 0.20809175074100494
v 0.023281941190361977 0.05529914051294327 0.20758119225502014
v 0.05085545778274536 0.03183985501527786 0.21055856347084045
v 0.045404911041259766 0.039222195744514465 0.2095658928155899
v 0.045991528779268265 0.025394434109330177 0.21100877225399017
v 0.045991528779268265 0.025394434109330177 0.21100877225399017
v 0.045404911041259766 0.039222195744514465 0.2095658928155899
v 0.030790003016591072 0.02487422339618206 0.21059511601924896
v 0.045991528779268265 0.025394434109330177 0.21100877225399017
v 0.030790003016591072 0.02487422339618206 0.21059511601924896
v 0.04573362320661545 0.009456070140004158 0.21409928798675537
v 0.05919237062335014 0.009811311960220337 0.21437600255012512
v 0.058055389672517776 0.015151359140872955 0.21327152848243713
v 0.04573362320661545 0.009456070140004158 0.21409928798675537
v 0.04573362320661545 0.009456070140004158 0.21409928798675537
v 0.058055389672517776 0.015151359140872955 0.21327152848243713
v 0.05588601157069206 0.021834561601281166 0.21208053827285767
v 0.04573362320661545 0.009456070140004158 0.21409928798675537
v 0.05588601157069206 0.021834561601281166 0.21208053827285767
v 0.045991528779268265 0.025394434109330177 0.21100877225399017
v 0.045991528779268265 0.025394434109330177 0.21100877225399017
v 0.05588601157069206 0.021834561601281166 0.21208053827285767
v 0.05510435625910759 0.023737946525216103 0.21177048981189728
v 0.045991528779268265 0.025394434109330177 0.21100877225399017
v 0.05510435625910759 0.023737946525216103 0.21177048981189728
v 0.05085545778274536 0.03183985501527786 0.21055856347084045
v 0.045523736625909805 -0.004234564024955034 0.21864399313926697
v 0.059982605278491974 -0.004186021629720926 0.21846570074558258
v 0.05999992787837982 4.092050787107837e-08 0.21699999272823334
v 0.059982605278491974 -0.004186021629720926 0.21846570074558258
v 0.045523736625909805 -0.004234564024955034 0.21864399313926697
v 0.059799667447805405 -0.012640143744647503 0.22225838899612427
v 0.059799667447805405 -0.012640143744647503 0.22225838899612427
v 0.045523736625909805 -0.004234564024955034 0.21864399313926697
v 0.04535963386297226 -0.015782291069626808 0.22457504272460938
v 0.059799667447805405 -0.012640143744647503 0.22225838899612427
v 0.04535963386297226 -0.015782291069626808 0.22457504272460938
v 0.05963350459933281 -0.01629207655787468 0.22431840002536774
v 0.05963350459933281 -0.01629207655787468 0.22431840002536774
v 0.04535963386297226 -0.015782291069626808 0.22457504272460938
v 0.0593530498445034 -0.020403612405061722 0.22703689336776733
v 0.0593530498445034 -0.020403612405061722 0.22703689336776733
v 0.04535963386297226 -0.015782291069626808 0.22457504272460938
v 0.045236580073833466 -0.025408608838915825 0.23174917697906494
v 0.0593530498445034 -0.020403612405061722 0.22703689336776733
v 0.045236580073833466 -0.025408608838915825 0.23174917697906494
v 0.0585961639881134 -0.026948705315589905 0.23250892758369446
v 0.0585961639881134 -0.026948705315589905 0.23250892758369446
v 0.045236580073833466 -0.025408608838915825 0.23174917697906494
v 0.04514816030859947 -0.033413711935281754 0.23997215926647186
v 0.0585961639881134 -0.026948705315589905 0.23250892758369446
v 0.04514816030859947 -0.033413711935281754 0.23997215926647186
v 0.05738712102174759 -0.03280732408165932 0.2390020191669464
v 0.029952818527817726 -0.03364446759223938 0.23974575102329254
v 0.03370597958564758 -0.03994458168745041 0.24808049201965332
v 0.046992696821689606 -0.03930223360657692 0.24808043241500854
v -0.05438258498907089 0.025348957628011703 0.21151623129844666
v -0.055885959416627884 0.02183465100824833 0.2120804339647293
v -0.045139867812395096 0.025912990793585777 0.21088159084320068
v -0.045139867812395096 0.025912990793585777 0.21088159084320068
v -0.055885959416627884 0.02183465100824833 0.2120804339647293
v -0.03021344356238842 0.009689997881650925 0.21386508643627167
v -0.045139867812395096 0.025912990793585777 0.21088159084320068
v -0.03021344356238842 0.009689997881650925 0.21386508643627167
v -0.029964521527290344 0.025207793340086937 0.2105024755001068
v -0.029964521527290344 0.025207793340086937 0.2105024755001068
v -0.03021344356238842 0.009689997881650925 0.21386508643627167
v 0.00016096069884952158 0.009389420039951801 0.21382483839988708
v -0.029964521527290344 0.025207793340086937 0.2105024755001068
v 0.00016096069884952158 0.009389420039951801 0.21382483839988708
v 0.00040367658948525786 0.024616755545139313 0.2102743238210678
v -0.03649444505572319 -0.03996153175830841 0.24808019399642944
v -0.012842239812016487 -0.03962133079767227 0.2480805665254593
v -0.03080536052584648 -0.03348200395703316 0.2395424097776413
v -0.03080536052584648 -0.03348200395703316 0.2395424097776413
v -0.012842239812016487 -0.03962133079767227 0.2480805665254593
v -0.0004208620812278241 -0.033310092985630035 0.2398078590631485
v -0.03080536052584648 -0.03348200395703316 0.2395424097776413
v -0.0004208620812278241 -0.033310092985630035 0.2398078590631485
v -0.030712459236383438 -0.02526707760989666 0.23145517706871033
v -0.030712459236383438 -0.02526707760989666 0.23145517706871033
v -0.0004208620812278241 -0.033310092985630035 0.2398078590631485
v -0.00032907503191381693 -0.02514728344976902 0.23168690502643585
v -0.030712459236383438 -0.02526707760989666 0.23145517706871033
v -0.00032907503191381693 -0.02514728344976902 0.23168690502643585
v -0.03058503195643425 -0.015436029992997646 0.22441351413726807
v -0.03058503195643425 -0.015436029992997646 0.22441351413726807
v -0.00032907503191381693 -0.02514728344976902 0.23168690502643585
v -0.00020341506751719862 -0.015398983843624592 0.2245917022228241
v -0.03058503195643425 -0.015436029992997646 0.22441351413726807
v -0.00020341506751719862 -0.015398983843624592 0.2245917022228241
v -0.03041963465511799 -0.0038277767598628998 0.2185216099023819
v -0.03041963465511799 -0.0038277767598628998 0.2185216099023819
v -0.00020341506751719862 -0.015398983843624592 0.2245917022228241
v -4.0865863411454484e-05 -0.00392400985583663 0.21861356496810913
v -0.04939596727490425 -0.03909384086728096 0.24808058142662048
v -0.03649444505572319 -0.03996153175830841 0.24808019399642944
v -0.045987773686647415 -0.03310751914978027 0.2397075742483139
v -0.045987773686647415 -0.03310751914978027 0.2397075742483139
v -0.03649444505572319 -0.03996153175830841 0.24808019399642944
v -0.03080536052584648 -0.03348200395703316 0.2395424097776413
v -0.045987773686647415 -0.03310751914978027 0.2397075742483139
v -0.03080536052584648 -0.03348200395703316 0.2395424097776413
v -0.04589858651161194 -0.02506645955145359 0.23150786757469177
v -0.04589858651161194 -0.02506645955145359 0.23150786757469177
v -0.03080536052584648 -0.03348200395703316 0.2395424097776413
v -0.030712459236383438 -0.02526707760989666 0.23145517706871033
v -0.04589858651161194 -0.02506645955145359 0.23150786757469177
v -0.030712459236383438 -0.02526707760989666 0.23145517706871033
v -0.04577454552054405 -0.01539398729801178 0.22436359524726868
v -0.04577454552054405 -0.01539398729801178 0.22436359524726868
v -0.030712459236383438 -0.02526707760989666 0.23145517706871033
v -0.03058503195643425 -0.015436029992997646 0.22441351413726807
v -0.04577454552054405 -0.01539398729801178 0.22436359524726868
v -0.03058503195643425 -0.015436029992997646 0.22441351413726807
v -0.04560928791761398 -0.003792272647842765 0.21846745908260345
v -0.04560928791761398 -0.003792272647842765 0.21846745908260345
v -0.03058503195643425 -0.015436029992997646 0.22441351413726807
v -0.03041963465511799 -0.0038277767598628998 0.2185216099023819
v -0.04560928791761398 -0.003792272647842765 0.21846745908260345
v -0.03041963465511799 -0.0038277767598628998 0.2185216099023819
v -0.03021344356238842 0.009689997881650925 0.21386508643627167
v -0.03021344356238842 0.009689997881650925 0.21386508643627167
v -0.03041963465511799 -0.0038277767598628998 0.2185216099023819
v -4.0865863411454484e-05 -0.00392400985583663 0.21861356496810913
v -0.03021344356238842 0.009689997881650925 0.21386508643627167
v -4.0865863411454484e-05 -0.00392400985583663 0.21861356496810913
v 0.00016096069884952158 0.009389420039951801 0.21382483839988708
v -0.012842239812016487 -0.03962133079767227 0.2480805665254593
v 0.03370597958564758 -0.03994458168745041 0.24808049201965332
v -0.0004208620812278241 -0.033310092985630035 0.2398078590631485
v -0.0004208620812278241 -0.033310092985630035 0.2398078590631485
v 0.03370597958564758 -0.03994458168745041 0.24808049201965332
v 0.029952818527817726 -0.03364446759223938 0.23974575102329254
v -0.0004208620812278241 -0.033310092985630035 0.2398078590631485
v 0.029952818527817726 -0.03364446759223938 0.23974575102329254
v -0.00032907503191381693 -0.02514728344976902 0.23168690502643585
v -0.00032907503191381693 -0.02514728344976902 0.23168690502643585
v 0.029952818527817726 -0.03364446759223938 0.23974575102329254
v 0.030044689774513245 -0.02547779493033886 0.23162730038166046
v -0.00032907503191381693 -0.02514728344976902 0.23168690502643585
v 0.030044689774513245 -0.02547779493033886 0.23162730038166046
v -0.00020341506751719862 -0.015398983843624592 0.2245917022228241
v -0.00020341506751719862 -0.015398983843624592 0.2245917022228241
v 0.030044689774513245 -0.02547779493033886 0.23162730038166046
v 0.030171165242791176 -0.015691276639699936 0.2245568186044693
v -0.00020341506751719862 -0.015398983843624592 0.2245917022228241
v 0.030171165242791176 -0.015691276639699936 0.2245568186044693
v -4.0865863411454484e-05 -0.00392400985583663 0.21861356496810913
v -4.0865863411454484e-05 -0.00392400985583663 0.21861356496810913
v 0.030171165242791176 -0.015691276639699936 0.2245568186044693
v 0.030335765331983566 -0.004120309371501207 0.2186407893896103
v -4.0865863411454484e-05 -0.00392400985583663 0.21861356496810913
v 0.030335765331983566 -0.004120309371501207 0.2186407893896103
v 0.00016096069884952158 0.009389420039951801 0.21382483839988708
v 0.045404911041259766 0.039222195744514465 0.2095658928155899
v 0.043059092015028 0.04178377613425255 0.20923873782157898
v 0.030790003016591072 0.02487422339618206 0.21059511601924896
v 0.030790003016591072 0.02487422339618206 0.21059511601924896
v 0.043059092015028 0.04178377613425255 0.20923873782157898
v 0.03108273260295391 0.042442601174116135 0.20855914056301117
v 0.030790003016591072 0.02487422339618206 0.21059511601924896
v 0.03108273260295391 0.042442601174116135 0.20855914056301117
v 0.015881074592471123 0.04191618785262108 0.2081414759159088
v 0.015881074592471123 0.04191618785262108 0.2081414759159088
v 0.03108273260295391 0.042442601174116135 0.20855914056301117
v 0.023281941190361977 0.05529914051294327 0.20758119225502014
v 0.015881074592471123 0.04191618785262108 0.2081414759159088
v 0.023281941190361977 0.05529914051294327 0.20758119225502014
v 0.014569762162864208 0.05820433050394058 0.20722422003746033
v 0.05999992787837982 4.092050787107837e-08 0.21699999272823334
v 0.05966825783252716 0.006303221918642521 0.21520617604255676
v 0.045523736625909805 -0.004234564024955034 0.21864399313926697
v 0.045523736625909805 -0.004234564024955034 0.21864399313926697
v 0.05966825783252716 0.006303221918642521 0.21520617604255676
v 0.04573362320661545 0.009456070140004158 0.21409928798675537
v 0.045523736625909805 -0.004234564024955034 0.21864399313926697
v 0.04573362320661545 0.009456070140004158 0.21409928798675537
v 0.030541380867362022 0.009370478801429272 0.21396681666374207
v 0.030541380867362022 0.009370478801429272 0.21396681666374207
v 0.04573362320661545 0.009456070140004158 0.21409928798675537
v 0.030790003016591072 0.02487422339618206 0.21059511601924896
v 0.030541380867362022 0.009370478801429272 0.21396681666374207
v 0.030790003016591072 0.02487422339618206 0.21059511601924896
v 0.015594620257616043 0.02464163675904274 0.21036753058433533
v 0.015594620257616043 0.02464163675904274 0.21036753058433533
v 0.030790003016591072 0.02487422339618206 0.21059511601924896
v 0.015881074592471123 0.04191618785262108 0.2081414759159088
v 0.015594620257616043 0.02464163675904274 0.21036753058433533
v 0.015881074592471123 0.04191618785262108 0.2081414759159088
v 0.0006881822482682765 0.04180014505982399 0.20798929035663605
v 0.0006881822482682765 0.04180014505982399 0.20798929035663605
v 0.015881074592471123 0.04191618785262108 0.2081414759159088
v 0.011941740289330482 0.05879988521337509 0.20715026557445526
v 0.0006881822482682765 0.04180014505982399 0.20798929035663605
v 0.011941740289330482 0.05879988521337509 0.20715026557445526
v 0.005514718126505613 0.05974586308002472 0.20703202486038208
v 0.05513245239853859 -0.03910252824425697 0.2480805665254593
v 0.05738712102174759 -0.03280732408165932 0.2390020191669464
v 0.046992696821689606 -0.03930223360657692 0.24808043241500854
v 0.046992696821689606 -0.03930223360657692 0.24808043241500854
v 0.05738712102174759 -0.03280732408165932 0.2390020191669464
v 0.04514816030859947 -0.033413711935281754 0.23997215926647186
v 0.046992696821689606 -0.03930223360657692 0.24808043241500854
v 0.04514816030859947 -0.033413711935281754 0.23997215926647186
v 0.029952818527817726 -0.03364446759223938 0.23974575102329254
v 0.029952818527817726 -0.03364446759223938 0.23974575102329254
v 0.04514816030859947 -0.033413711935281754 0.23997215926647186
v 0.045236580073833466 -0.025408608838915825 0.23174917697906494
v 0.029952818527817726 -0.03364446759223938 0.23974575102329254
v 0.045236580073833466 -0.025408608838915825 0.23174917697906494
v 0.030044689774513245 -0.02547779493033886 0.23162730038166046
v 0.030044689774513245 -0.02547779493033886 0.23162730038166046
v 0.045236580073833466 -0.025408608838915825 0.23174917697906494
v 0.04535963386297226 -0.015782291069626808 0.22457504272460938
v 0.030044689774513245 -0.02547779493033886 0.23162730038166046
v 0.04535963386297226 -0.015782291069626808 0.22457504272460938
v 0.030171165242791176 -0.015691276639699936 0.2245568186044693
v 0.030171165242791176 -0.015691276639699936 0.2245568186044693
v 0.04535963386297226 -0.015782291069626808 0.22457504272460938
v 0.045523736625909805 -0.004234564024955034 0.21864399313926697
v 0.030171165242791176 -0.015691276639699936 0.2245568186044693
v 0.045523736625909805 -0.004234564024955034 0.21864399313926697
v 0.030335765331983566 -0.004120309371501207 0.2186407893896103
v 0.030335765331983566 -0.004120309371501207 0.2186407893896103
v 0.045523736625909805 -0.004234564024955034 0.21864399313926697
v 0.030541380867362022 0.009370478801429272 0.21396681666374207
v 0.030335765331983566 -0.004120309371501207 0.2186407893896103
v 0.030541380867362022 0.009370478801429272 0.21396681666374207
v 0.00016096069884952158 0.009389420039951801 0.21382483839988708
v 0.00016096069884952158 0.009389420039951801 0.21382483839988708
v 0.030541380867362022 0.009370478801429272 0.21396681666374207
v 0.015594620257616043 0.02464163675904274 0.21036753058433533
v 0.00016096069884952158 0.009389420039951801 0.21382483839988708
v 0.015594620257616043 0.02464163675904274 0.21036753058433533
v 0.00040367658948525786 0.024616755545139313 0.2102743238210678
v 0.00040367658948525786 0.024616755545139313 0.2102743238210678
v 0.015594620257616043 0.02464163675904274 0.21036753058433533
v 0.0006881822482682765 0.04180014505982399 0.20798929035663605
v 0.00040367658948525786 0.024616755545139313 0.2102743238210678
v 0.0006881822482682765 0.04180014505982399 0.20798929035663605
v -0.029964521527290344 0.025207793340086937 0.2105024755001068
v -0.029964521527290344 0.025207793340086937 0.2105024755001068
v 0.0006881822482682765 0.04180014505982399 0.20798929035663605
v -0.014496278949081898 0.042078714817762375 0.20809239149093628
v -0.029964521527290344 0.025207793340086937 0.2105024755001068
v -0.014496278949081898 0.042078714817762375 0.20809239149093628
v -0.029671814292669296 0.04277510568499565 0.2084658145904541
v -0.029671814292669296 0.04277510568499565 0.2084658145904541
v -0.014496278949081898 0.042078714817762375 0.20809239149093628
v -0.02339961752295494 0.05524919927120209 0.20758728682994843
v -0.029671814292669296 0.04277510568499565 0.2084658145904541
v -0.02339961752295494 0.05524919927120209 0.20758728682994843
v -0.029911700636148453 0.052012551575899124 0.20798048377037048
v -0.031396448612213135 -0.12600886821746826 0.6458409428596497
v -0.030895644798874855 -0.12586610019207 0.6339171528816223
v -0.030262520536780357 -0.1258886754512787 0.6100000143051147
v -0.034191496670246124 -0.12601053714752197 0.677678644657135
v -0.03331516683101654 -0.12559212744235992 0.6705520749092102
v -0.032732147723436356 -0.1260155588388443 0.6657047271728516
v -0.0337042361497879 -0.1058182492852211 0.60999995470047
v -0.03263156861066818 -0.11359333246946335 0.60999995470047
v -0.033193401992321014 -0.10331132262945175 0.6312413215637207
v -0.033193401992321014 -0.10331132262945175 0.6312413215637207
v -0.03263156861066818 -0.11359333246946335 0.60999995470047
v -0.03135383129119873 -0.11832629889249802 0.6330409049987793
v -0.0337042361497879 -0.1058182492852211 0.60999995470047
v -0.033193401992321014 -0.10331132262945175 0.6312413215637207
v -0.034217674285173416 -0.10088017582893372 0.60999995470047
v -0.034217674285173416 -0.10088017582893372 0.60999995470047
v -0.033193401992321014 -0.10331132262945175 0.6312413215637207
v -0.03393867611885071 -0.09579161554574966 0.6303504705429077
v -0.034217674285173416 -0.10088017582893372 0.60999995470047
v -0.03393867611885071 -0.09579161554574966 0.6303504705429077
v -0.034875158220529556 -0.09055174887180328 0.60999995470047
v -0.03546600043773651 -0.08075477927923203 0.6285668015480042
v -0.03541184216737747 -0.07696505635976791 0.6281431913375854
v -0.03487416356801987 -0.07556501030921936 0.6122034192085266
v -0.03393867611885071 -0.09579161554574966 0.6303504705429077
v -0.03465096279978752 -0.08826960623264313 0.6294612884521484
v -0.034875158220529556 -0.09055174887180328 0.60999995470047
v -0.034875158220529556 -0.09055174887180328 0.60999995470047
v -0.03465096279978752 -0.08826960623264313 0.6294612884521484
v -0.03546600043773651 -0.08075477927923203 0.6285668015480042
v -0.034875158220529556 -0.09055174887180328 0.60999995470047
v -0.03546600043773651 -0.08075477927923203 0.6285668015480042
v -0.0350014790892601 -0.08288835734128952 0.60999995470047
v -0.0350014790892601 -0.08288835734128952 0.60999995470047
v -0.03546600043773651 -0.08075477927923203 0.6285668015480042
v -0.03487416356801987 -0.07556501030921936 0.6122034192085266
v -0.0350014790892601 -0.08288835734128952 0.60999995470047
v -0.03487416356801987 -0.07556501030921936 0.6122034192085266
v -0.034835342317819595 -0.07556838542222977 0.60999995470047
v -0.04066888615489006 -0.07172711193561554 0.6828564405441284
v -0.04007989913225174 -0.07224000990390778 0.6806191205978394
v -0.03945426270365715 -0.07539492100477219 0.6768059134483337
v -0.03945426270365715 -0.07539492100477219 0.6768059134483337
v -0.04007989913225174 -0.07224000990390778 0.6806191205978394
v -0.039352498948574066 -0.07349483668804169 0.6765979528427124
v -0.039352498948574066 -0.07349483668804169 0.6765979528427124
v -0.04007989913225174 -0.07224000990390778 0.6806191205978394
v -0.039214637130498886 -0.0729377344250679 0.6765512824058533
v -0.039352498948574066 -0.07349483668804169 0.6765979528427124
v -0.039214637130498886 -0.0729377344250679 0.6765512824058533
v -0.03912089392542839 -0.07300996035337448 0.6760446429252625
v -0.043453577905893326 -0.07100000232458115 0.6930854320526123
v -0.0413643941283226 -0.07100000977516174 0.684999942779541
v -0.043570466339588165 -0.07356839627027512 0.6947617530822754
v -0.043570466339588165 -0.07356839627027512 0.6947617530822754
v -0.0413643941283226 -0.07100000977516174 0.684999942779541
v -0.04229492321610451 -0.07418399304151535 0.6887715458869934
v -0.043570466339588165 -0.07356839627027512 0.6947617530822754
v -0.04229492321610451 -0.07418399304151535 0.6887715458869934
v -0.04238932952284813 -0.08176247030496597 0.6896195411682129
v -0.04399353265762329 -0.07298623770475388 0.6999999284744263
v -0.043556004762649536 -0.08113925158977509 0.695615291595459
v -0.04384733736515045 -0.08064919710159302 0.6999999284744263
v -0.04384733736515045 -0.08064919710159302 0.6999999284744263
v -0.043556004762649536 -0.08113925158977509 0.695615291595459
v -0.04285184666514397 -0.09623370319604874 0.6973568797111511
v -0.04384733736515045 -0.08064919710159302 0.6999999284744263
v -0.04285184666514397 -0.09623370319604874 0.6973568797111511
v -0.04297906532883644 -0.09593481570482254 0.6999999284744263
v -0.041317835450172424 -0.11127007007598877 0.6991409063339233
v -0.041342686861753464 -0.11117351055145264 0.6999999284744263
v -0.04285184666514397 -0.09623370319604874 0.6973568797111511
v -0.04285184666514397 -0.09623370319604874 0.6973568797111511
v -0.041342686861753464 -0.11117351055145264 0.6999999284744263
v -0.04274745658040047 -0.09861340373754501 0.6999999284744263
v -0.04285184666514397 -0.09623370319604874 0.6973568797111511
v -0.04274745658040047 -0.09861340373754501 0.6999999284744263
v -0.04297906532883644 -0.09593481570482254 0.6999999284744263
v -0.039000023156404495 -0.1260000467300415 0.6999999284744263
v -0.040235310792922974 -0.11877333372831345 0.6999999284744263
v -0.039554767310619354 -0.11942341178655624 0.694028377532959
v -0.03899896517395973 -0.1260000467300415 0.6997041702270508
v -0.03902015835046768 -0.12317192554473877 0.6944820880889893
v -0.03825134038925171 -0.12600195407867432 0.692356526851654
v -0.03825134038925171 -0.12600195407867432 0.692356526851654
v -0.03902015835046768 -0.12317192554473877 0.6944820880889893
v -0.037459757179021835 -0.12376758456230164 0.6885064244270325
v -0.03825134038925171 -0.12600195407867432 0.692356526851654
v -0.037459757179021835 -0.12376758456230164 0.6885064244270325
v -0.03600000590085983 -0.12600533664226532 0.684999942779541
v -0.03600000590085983 -0.12600533664226532 0.684999942779541
v -0.037459757179021835 -0.12376758456230164 0.6885064244270325
v -0.03564632311463356 -0.12434553354978561 0.6825436949729919
v -0.03600000590085983 -0.12600533664226532 0.684999942779541
v -0.03564632311463356 -0.12434553354978561 0.6825436949729919
v -0.03574807569384575 -0.12600558996200562 0.6843549013137817
v -0.03574807569384575 -0.12600558996200562 0.6843549013137817
v -0.03564632311463356 -0.12434553354978561 0.6825436949729919
v -0.034191496670246124 -0.12601053714752197 0.677678644657135
v -0.03263156861066818 -0.11359333246946335 0.60999995470047
v -0.030262520536780357 -0.1258886754512787 0.6100000143051147
v -0.03135383129119873 -0.11832629889249802 0.6330409049987793
v -0.03135383129119873 -0.11832629889249802 0.6330409049987793
v -0.030262520536780357 -0.1258886754512787 0.6100000143051147
v -0.030895644798874855 -0.12586610019207 0.6339171528816223
v -0.03135383129119873 -0.11832629889249802 0.6330409049987793
v -0.030895644798874855 -0.12586610019207 0.6339171528816223
v -0.031313031911849976 -0.1244855597615242 0.6460065245628357
v -0.031313031911849976 -0.1244855597615242 0.6460065245628357
v -0.030895644798874855 -0.12586610019207 0.6339171528816223
v -0.031396448612213135 -0.12600886821746826 0.6458409428596497
v -0.031313031911849976 -0.1244855597615242 0.6460065245628357
v -0.031396448612213135 -0.12600886821746826 0.6458409428596497
v -0.032732147723436356 -0.1260155588388443 0.6657047271728516
v -0.03694990649819374 -0.11307897418737411 0.6811979413032532
v -0.040543410927057266 -0.11192073673009872 0.6931250691413879
v -0.04186919331550598 -0.09686979651451111 0.6913517713546753
v -0.032787565141916275 -0.10046341270208359 0.6554834842681885
v -0.03133624047040939 -0.11550556123256683 0.6572632193565369
v -0.034690964967012405 -0.09918688237667084 0.6674969792366028
v -0.034690964967012405 -0.09918688237667084 0.6674969792366028
v -0.03133624047040939 -0.11550556123256683 0.6572632193565369
v -0.033326178789138794 -0.11423509567975998 0.6692723035812378
v -0.034690964967012405 -0.09918688237667084 0.6674969792366028
v -0.033326178789138794 -0.11423509567975998 0.6692723035812378
v -0.038205958902835846 -0.09802315384149551 0.6794281601905823
v -0.03899896517395973 -0.1260000467300415 0.6997041702270508
v -0.039000023156404495 -0.1260000467300415 0.6999999284744263
v -0.03902015835046768 -0.12317192554473877 0.6944820880889893
v -0.03902015835046768 -0.12317192554473877 0.6944820880889893
v -0.039000023156404495 -0.1260000467300415 0.6999999284744263
v -0.039554767310619354 -0.11942341178655624 0.694028377532959
v -0.03902015835046768 -0.12317192554473877 0.6944820880889893
v -0.039554767310619354 -0.11942341178655624 0.694028377532959
v -0.037459757179021835 -0.12376758456230164 0.6885064244270325
v -0.037459757179021835 -0.12376758456230164 0.6885064244270325
v -0.039554767310619354 -0.11942341178655624 0.694028377532959
v -0.03612895309925079 -0.12059338390827179 0.6820926666259766
v -0.037459757179021835 -0.12376758456230164 0.6885064244270325
v -0.03612895309925079 -0.12059338390827179 0.6820926666259766
v -0.03564632311463356 -0.12434553354978561 0.6825436949729919
v -0.03564632311463356 -0.12434553354978561 0.6825436949729919
v -0.03612895309925079 -0.12059338390827179 0.6820926666259766
v -0.03325957804918289 -0.12180230021476746 0.6701285243034363
v -0.037678658962249756 -0.0747874304652214 0.6645727157592773
v -0.036727845668792725 -0.07613062858581543 0.6525105834007263
v -0.03771737962961197 -0.07668310403823853 0.6647839546203613
v -0.03771737962961197 -0.07668310403823853 0.6647839546203613
v -0.036727845668792725 -0.07613062858581543 0.6525105834007263
v -0.03667584806680679 -0.07801996171474457 0.652726411819458
v -0.03771737962961197 -0.07668310403823853 0.6647839546203613
v -0.03667584806680679 -0.07801996171474457 0.652726411819458
v -0.03591737523674965 -0.08412899076938629 0.6657286882400513
v -0.03591737523674965 -0.08412899076938629 0.6657286882400513
v -0.03667584806680679 -0.07801996171474457 0.652726411819458
v -0.034483350813388824 -0.08543837070465088 0.6536912322044373
v -0.03591737523674965 -0.08412899076938629 0.6657286882400513
v -0.034483350813388824 -0.08543837070465088 0.6536912322044373
v -0.035207848995923996 -0.09165119379758835 0.666617751121521
v -0.035207848995923996 -0.09165119379758835 0.666617751121521
v -0.034483350813388824 -0.08543837070465088 0.6536912322044373
v -0.03345265984535217 -0.09293809533119202 0.6545966863632202
v -0.0413643941283226 -0.07100000977516174 0.684999942779541
v -0.04066888615489006 -0.07172711193561554 0.6828564405441284
v -0.04229492321610451 -0.07418399304151535 0.6887715458869934
v -0.04229492321610451 -0.07418399304151535 0.6887715458869934
v -0.04066888615489006 -0.07172711193561554 0.6828564405441284
v -0.03945426270365715 -0.07539492100477219 0.6768059134483337
v -0.04229492321610451 -0.07418399304151535 0.6887715458869934
v -0.03945426270365715 -0.07539492100477219 0.6768059134483337
v -0.04238932952284813 -0.08176247030496597 0.6896195411682129
v -0.04238932952284813 -0.08176247030496597 0.6896195411682129
v -0.03945426270365715 -0.07539492100477219 0.6768059134483337
v -0.03885548934340477 -0.08292488008737564 0.6776893138885498
v -0.04238932952284813 -0.08176247030496597 0.6896195411682129
v -0.03885548934340477 -0.08292488008737564 0.6776893138885498
v -0.038205958902835846 -0.09802315384149551 0.6794281601905823
v -0.043556004762649536 -0.08113925158977509 0.695615291595459
v -0.04186919331550598 -0.09686979651451111 0.6913517713546753
v -0.04285184666514397 -0.09623370319604874 0.6973568797111511
v -0.04285184666514397 -0.09623370319604874 0.6973568797111511
v -0.04186919331550598 -0.09686979651451111 0.6913517713546753
v -0.040543410927057266 -0.11192073673009872 0.6931250691413879
v -0.04285184666514397 -0.09623370319604874 0.6973568797111511
v -0.040543410927057266 -0.11192073673009872 0.6931250691413879
v -0.041317835450172424 -0.11127007007598877 0.6991409063339233
v -0.041317835450172424 -0.11127007007598877 0.6991409063339233
v -0.040543410927057266 -0.11192073673009872 0.6931250691413879
v -0.04031654819846153 -0.11825826019048691 0.6999999284744263
v -0.041317835450172424 -0.11127007007598877 0.6991409063339233
v -0.04031654819846153 -0.11825826019048691 0.6999999284744263
v -0.041342686861753464 -0.11117351055145264 0.6999999284744263
v -0.04399994760751724 -0.07099999487400055 0.6999999284744263
v -0.043453577905893326 -0.07100000232458115 0.6930854320526123
v -0.04399353265762329 -0.07298623770475388 0.6999999284744263
v -0.04399353265762329 -0.07298623770475388 0.6999999284744263
v -0.043453577905893326 -0.07100000232458115 0.6930854320526123
v -0.043570466339588165 -0.07356839627027512 0.6947617530822754
v -0.04399353265762329 -0.07298623770475388 0.6999999284744263
v -0.043570466339588165 -0.07356839627027512 0.6947617530822754
v -0.043556004762649536 -0.08113925158977509 0.695615291595459
v -0.043556004762649536 -0.08113925158977509 0.695615291595459
v -0.043570466339588165 -0.07356839627027512 0.6947617530822754
v -0.04238932952284813 -0.08176247030496597 0.6896195411682129
v -0.043556004762649536 -0.08113925158977509 0.695615291595459
v -0.04238932952284813 -0.08176247030496597 0.6896195411682129
v -0.04186919331550598 -0.09686979651451111 0.6913517713546753
v -0.04186919331550598 -0.09686979651451111 0.6913517713546753
v -0.04238932952284813 -0.08176247030496597 0.6896195411682129
v -0.038205958902835846 -0.09802315384149551 0.6794281601905823
v -0.04186919331550598 -0.09686979651451111 0.6913517713546753
v -0.038205958902835846 -0.09802315384149551 0.6794281601905823
v -0.03694990649819374 -0.11307897418737411 0.6811979413032532
v -0.03694990649819374 -0.11307897418737411 0.6811979413032532
v -0.038205958902835846 -0.09802315384149551 0.6794281601905823
v -0.033326178789138794 -0.11423509567975998 0.6692723035812378
v -0.03912089392542839 -0.07300996035337448 0.6760446429252625
v -0.03870904818177223 -0.07331901043653488 0.6736332178115845
v -0.039352498948574066 -0.07349483668804169 0.6765979528427124
v -0.039352498948574066 -0.07349483668804169 0.6765979528427124
v -0.03870904818177223 -0.07331901043653488 0.6736332178115845
v -0.037678658962249756 -0.0747874304652214 0.6645727157592773
v -0.039352498948574066 -0.07349483668804169 0.6765979528427124
v -0.037678658962249756 -0.0747874304652214 0.6645727157592773
v -0.03945426270365715 -0.07539492100477219 0.6768059134483337
v -0.03945426270365715 -0.07539492100477219 0.6768059134483337
v -0.037678658962249756 -0.0747874304652214 0.6645727157592773
v -0.03771737962961197 -0.07668310403823853 0.6647839546203613
v -0.03945426270365715 -0.07539492100477219 0.6768059134483337
v -0.03771737962961197 -0.07668310403823853 0.6647839546203613
v -0.03885548934340477 -0.08292488008737564 0.6776893138885498
v -0.03885548934340477 -0.08292488008737564 0.6776893138885498
v -0.03771737962961197 -0.07668310403823853 0.6647839546203613
v -0.03591737523674965 -0.08412899076938629 0.6657286882400513
v -0.03885548934340477 -0.08292488008737564 0.6776893138885498
v -0.03591737523674965 -0.08412899076938629 0.6657286882400513
v -0.038205958902835846 -0.09802315384149551 0.6794281601905823
v -0.038205958902835846 -0.09802315384149551 0.6794281601905823
v -0.03591737523674965 -0.08412899076938629 0.6657286882400513
v -0.035207848995923996 -0.09165119379758835 0.666617751121521
v -0.038205958902835846 -0.09802315384149551 0.6794281601905823
v -0.035207848995923996 -0.09165119379758835 0.666617751121521
v -0.034690964967012405 -0.09918688237667084 0.6674969792366028
v -0.034690964967012405 -0.09918688237667084 0.6674969792366028
v -0.035207848995923996 -0.09165119379758835 0.666617751121521
v -0.03345265984535217 -0.09293809533119202 0.6545966863632202
v -0.034690964967012405 -0.09918688237667084 0.6674969792366028
v -0.03345265984535217 -0.09293809533119202 0.6545966863632202
v -0.032787565141916275 -0.10046341270208359 0.6554834842681885
v -0.034191496670246124 -0.12601053714752197 0.677678644657135
v -0.03564632311463356 -0.12434553354978561 0.6825436949729919
v -0.03331516683101654 -0.12559212744235992 0.6705520749092102
v -0.03331516683101654 -0.12559212744235992 0.6705520749092102
v -0.03564632311463356 -0.12434553354978561 0.6825436949729919
v -0.03325957804918289 -0.12180230021476746 0.6701285243034363
v -0.03331516683101654 -0.12559212744235992 0.6705520749092102
v -0.03325957804918289 -0.12180230021476746 0.6701285243034363
v -0.032732147723436356 -0.1260155588388443 0.6657047271728516
v -0.032732147723436356 -0.1260155588388443 0.6657047271728516
v -0.03325957804918289 -0.12180230021476746 0.6701285243034363
v -0.031876225024461746 -0.12311522662639618 0.6580884456634521
v -0.032732147723436356 -0.1260155588388443 0.6657047271728516
v -0.031876225024461746 -0.12311522662639618 0.6580884456634521
v -0.031313031911849976 -0.1244855597615242 0.6460065245628357
v -0.031313031911849976 -0.1244855597615242 0.6460065245628357
v -0.031876225024461746 -0.12311522662639618 0.6580884456634521
v -0.030959108844399452 -0.11688891798257828 0.6451718211174011
v -0.031313031911849976 -0.1244855597615242 0.6460065245628357
v -0.030959108844399452 -0.11688891798257828 0.6451718211174011
v -0.03135383129119873 -0.11832629889249802 0.6330409049987793
v -0.03135383129119873 -0.11832629889249802 0.6330409049987793
v -0.030959108844399452 -0.11688891798257828 0.6451718211174011
v -0.03254414722323418 -0.10185612738132477 0.6433852314949036
v -0.03135383129119873 -0.11832629889249802 0.6330409049987793
v -0.03254414722323418 -0.10185612738132477 0.6433852314949036
v -0.033193401992321014 -0.10331132262945175 0.6312413215637207
v -0.033193401992321014 -0.10331132262945175 0.6312413215637207
v -0.03254414722323418 -0.10185612738132477 0.6433852314949036
v -0.03328605741262436 -0.09433618932962418 0.6424944996833801
v -0.033193401992321014 -0.10331132262945175 0.6312413215637207
v -0.03328605741262436 -0.09433618932962418 0.6424944996833801
v -0.03393867611885071 -0.09579161554574966 0.6303504705429077
v -0.03393867611885071 -0.09579161554574966 0.6303504705429077
v -0.03328605741262436 -0.09433618932962418 0.6424944996833801
v -0.034283626824617386 -0.0868341401219368 0.6415907144546509
v -0.03393867611885071 -0.09579161554574966 0.6303504705429077
v -0.034283626824617386 -0.0868341401219368 0.6415907144546509
v -0.03465096279978752 -0.08826960623264313 0.6294612884521484
v -0.03465096279978752 -0.08826960623264313 0.6294612884521484
v -0.034283626824617386 -0.0868341401219368 0.6415907144546509
v -0.0359807051718235 -0.0793810561299324 0.6406512260437012
v -0.03465096279978752 -0.08826960623264313 0.6294612884521484
v -0.0359807051718235 -0.0793810561299324 0.6406512260437012
v -0.03546600043773651 -0.08075477927923203 0.6285668015480042
v -0.03546600043773651 -0.08075477927923203 0.6285668015480042
v -0.0359807051718235 -0.0793810561299324 0.6406512260437012
v -0.03628459572792053 -0.07493346929550171 0.6500686407089233
v -0.03546600043773651 -0.08075477927923203 0.6285668015480042
v -0.03628459572792053 -0.07493346929550171 0.6500686407089233
v -0.03541184216737747 -0.07696505635976791 0.6281431913375854
v -0.03541184216737747 -0.07696505635976791 0.6281431913375854
v -0.03628459572792053 -0.07493346929550171 0.6500686407089233
v -0.035277556627988815 -0.0754559114575386 0.6289477348327637
v -0.03541184216737747 -0.07696505635976791 0.6281431913375854
v -0.035277556627988815 -0.0754559114575386 0.6289477348327637
v -0.03487416356801987 -0.07556501030921936 0.6122034192085266
v -0.03870904818177223 -0.07331901043653488 0.6736332178115845
v -0.03750753775238991 -0.07415992766618729 0.6644982695579529
v -0.037678658962249756 -0.0747874304652214 0.6645727157592773
v -0.037678658962249756 -0.0747874304652214 0.6645727157592773
v -0.03750753775238991 -0.07415992766618729 0.6644982695579529
v -0.03628459572792053 -0.07493346929550171 0.6500686407089233
v -0.037678658962249756 -0.0747874304652214 0.6645727157592773
v -0.03628459572792053 -0.07493346929550171 0.6500686407089233
v -0.036727845668792725 -0.07613062858581543 0.6525105834007263
v -0.036727845668792725 -0.07613062858581543 0.6525105834007263
v -0.03628459572792053 -0.07493346929550171 0.6500686407089233
v -0.0359807051718235 -0.0793810561299324 0.6406512260437012
v -0.036727845668792725 -0.07613062858581543 0.6525105834007263
v -0.0359807051718235 -0.0793810561299324 0.6406512260437012
v -0.03667584806680679 -0.07801996171474457 0.652726411819458
v -0.03667584806680679 -0.07801996171474457 0.652726411819458
v -0.0359807051718235 -0.0793810561299324 0.6406512260437012
v -0.034283626824617386 -0.0868341401219368 0.6415907144546509
v -0.03667584806680679 -0.07801996171474457 0.652726411819458
v -0.034283626824617386 -0.0868341401219368 0.6415907144546509
v -0.034483350813388824 -0.08543837070465088 0.6536912322044373
v -0.034483350813388824 -0.08543837070465088 0.6536912322044373
v -0.034283626824617386 -0.0868341401219368 0.6415907144546509
v -0.03328605741262436 -0.09433618932962418 0.6424944996833801
v -0.034483350813388824 -0.08543837070465088 0.6536912322044373
v -0.03328605741262436 -0.09433618932962418 0.6424944996833801
v -0.03345265984535217 -0.09293809533119202 0.6545966863632202
v -0.03345265984535217 -0.09293809533119202 0.6545966863632202
v -0.03328605741262436 -0.09433618932962418 0.6424944996833801
v -0.03254414722323418 -0.10185612738132477 0.6433852314949036
v -0.03345265984535217 -0.09293809533119202 0.6545966863632202
v -0.03254414722323418 -0.10185612738132477 0.6433852314949036
v -0.032787565141916275 -0.10046341270208359 0.6554834842681885
v -0.032787565141916275 -0.10046341270208359 0.6554834842681885
v -0.03254414722323418 -0.10185612738132477 0.6433852314949036
v -0.030959108844399452 -0.11688891798257828 0.6451718211174011
v -0.032787565141916275 -0.10046341270208359 0.6554834842681885
v -0.030959108844399452 -0.11688891798257828 0.6451718211174011
v -0.03133624047040939 -0.11550556123256683 0.6572632193565369
v -0.03133624047040939 -0.11550556123256683 0.6572632193565369
v -0.030959108844399452 -0.11688891798257828 0.6451718211174011
v -0.031876225024461746 -0.12311522662639618 0.6580884456634521
v -0.03133624047040939 -0.11550556123256683 0.6572632193565369
v -0.031876225024461746 -0.12311522662639618 0.6580884456634521
v -0.033326178789138794 -0.11423509567975998 0.6692723035812378
v -0.033326178789138794 -0.11423509567975998 0.6692723035812378
v -0.031876225024461746 -0.12311522662639618 0.6580884456634521
v -0.03325957804918289 -0.12180230021476746 0.6701285243034363
v -0.033326178789138794 -0.11423509567975998 0.6692723035812378
v -0.03325957804918289 -0.12180230021476746 0.6701285243034363
v -0.03694990649819374 -0.11307897418737411 0.6811979413032532
v -0.03694990649819374 -0.11307897418737411 0.6811979413032532
v -0.03325957804918289 -0.12180230021476746 0.6701285243034363
v -0.03612895309925079 -0.12059338390827179 0.6820926666259766
v -0.03694990649819374 -0.11307897418737411 0.6811979413032532
v -0.03612895309925079 -0.12059338390827179 0.6820926666259766
v -0.040543410927057266 -0.11192073673009872 0.6931250691413879
v -0.040543410927057266 -0.11192073673009872 0.6931250691413879
v -0.03612895309925079 -0.12059338390827179 0.6820926666259766
v -0.039554767310619354 -0.11942341178655624 0.694028377532959
v -0.040543410927057266 -0.11192073673009872 0.6931250691413879
v -0.039554767310619354 -0.11942341178655624 0.694028377532959
v -0.04031654819846153 -0.11825826019048691 0.6999999284744263
v -0.04031654819846153 -0.11825826019048691 0.6999999284744263
v -0.039554767310619354 -0.11942341178655624 0.694028377532959
v -0.040235310792922974 -0.11877333372831345 0.6999999284744263
v 0.04136426001787186 -0.07100000232458115 0.684999942779541
v 0.040063273161649704 -0.07100000232458115 0.6818062663078308
v -0.03658473864197731 -0.07100000232458115 0.724445104598999
v 0.04136426001787186 -0.07100000232458115 0.684999942779541
v -0.03658473864197731 -0.07100000232458115 0.724445104598999
v 0.043336205184459686 -0.07099954038858414 0.6923859119415283
v 0.040063273161649704 -0.07100000232458115 0.6818062663078308
v 0.038026824593544006 -0.07100000232458115 0.6778612732887268
v -0.03658473864197731 -0.07100000232458115 0.724445104598999
v -0.03658473864197731 -0.07100000232458115 0.724445104598999
v 0.038026824593544006 -0.07100000232458115 0.6778612732887268
v 0.03484167531132698 -0.07100000232458115 0.6731266975402832
v -0.03658473864197731 -0.07100000232458115 0.724445104598999
v 0.03484167531132698 -0.07100000232458115 0.6731266975402832
v 0.033546075224876404 -0.07100000232458115 0.671526312828064
v 0.027982598170638084 -0.07100000232458115 0.6660466194152832
v -0.029668141156435013 -0.07100000232458115 0.6675081253051758
v 0.033546075224876404 -0.07100000232458115 0.671526312828064
v 0.033546075224876404 -0.07100000232458115 0.671526312828064
v -0.029668141156435013 -0.07100000232458115 0.6675081253051758
v -0.03484175354242325 -0.07100000232458115 0.6731268167495728
v 0.033546075224876404 -0.07100000232458115 0.671526312828064
v -0.03484175354242325 -0.07100000232458115 0.6731268167495728
v -0.039134517312049866 -0.07100000232458115 0.6798849105834961
v -0.039134517312049866 -0.07100000232458115 0.6798849105834961
v -0.0413643941283226 -0.07100000977516174 0.684999942779541
v 0.033546075224876404 -0.07100000232458115 0.671526312828064
v 0.033546075224876404 -0.07100000232458115 0.671526312828064
v -0.0413643941283226 -0.07100000977516174 0.684999942779541
v -0.043453577905893326 -0.07100000232458115 0.6930854320526123
v 0.033546075224876404 -0.07100000232458115 0.671526312828064
v -0.043453577905893326 -0.07100000232458115 0.6930854320526123
v -0.04399994760751724 -0.07099999487400055 0.6999999284744263
v 0.027982598170638084 -0.07100000232458115 0.6660466194152832
v 0.02147778682410717 -0.07100000232458115 0.6615989208221436
v -0.029668141156435013 -0.07100000232458115 0.6675081253051758
v -0.029668141156435013 -0.07100000232458115 0.6675081253051758
v 0.02147778682410717 -0.07100000232458115 0.6615989208221436
v 0.014233754016458988 -0.07100000232458115 0.6583652496337891
v -0.029668141156435013 -0.07100000232458115 0.6675081253051758
v 0.014233754016458988 -0.07100000232458115 0.6583652496337891
v -0.02339099906384945 -0.07100000232458115 0.6627343893051147
v -0.02339099906384945 -0.07100000232458115 0.6627343893051147
v 0.014233754016458988 -0.07100000232458115 0.6583652496337891
v -0.016430985182523727 -0.07100000232458115 0.6591828465461731
v -0.024445144459605217 -0.07100000232458115 0.7365847229957581
v -0.016838114708662033 -0.07100000232458115 0.7406507134437561
v 0.043999917805194855 -0.07099999487400055 0.699999988079071
v -0.016430985182523727 -0.07100000232458115 0.6591828465461731
v 0.014233754016458988 -0.07100000232458115 0.6583652496337891
v -0.008993677794933319 -0.07100000232458115 0.6569262146949768
v -0.008993677794933319 -0.07100000232458115 0.6569262146949768
v 0.014233754016458988 -0.07100000232458115 0.6583652496337891
v 0.006836406420916319 -0.07100000232458115 0.6565322279930115
v -0.008993677794933319 -0.07100000232458115 0.6569262146949768
v 0.006836406420916319 -0.07100000232458115 0.6565322279930115
v -0.0011849736329168081 -0.07100000232458115 0.656015932559967
v -0.04399994760751724 -0.07099999487400055 0.6999999284744263
v -0.04315463453531265 -0.07100000232458115 0.7085839509963989
v 0.033546075224876404 -0.07100000232458115 0.671526312828064
v 0.033546075224876404 -0.07100000232458115 0.671526312828064
v -0.04315463453531265 -0.07100000232458115 0.7085839509963989
v -0.04065077751874924 -0.07100000232458115 0.7168380618095398
v 0.033546075224876404 -0.07100000232458115 0.671526312828064
v -0.04065077751874924 -0.07100000232458115 0.7168380618095398
v -0.03658473864197731 -0.07100000232458115 0.724445104598999
v 0.043336205184459686 -0.07099954038858414 0.6923859119415283
v -0.03658473864197731 -0.07100000232458115 0.724445104598999
v 0.043999917805194855 -0.07099999487400055 0.699999988079071
v 0.043999917805194855 -0.07099999487400055 0.699999988079071
v -0.03658473864197731 -0.07100000232458115 0.724445104598999
v -0.031112760305404663 -0.07100000232458115 0.7311127185821533
v 0.043999917805194855 -0.07099999487400055 0.699999988079071
v -0.031112760305404663 -0.07100000232458115 0.7311127185821533
v -0.024445144459605217 -0.07100000232458115 0.7365847229957581
v -0.016838114708662033 -0.07100000232458115 0.7406507134437561
v -0.008584006689488888 -0.07100000232458115 0.7431545853614807
v 0.043999917805194855 -0.07099999487400055 0.699999988079071
v 0.043999917805194855 -0.07099999487400055 0.699999988079071
v -0.008584006689488888 -0.07100000232458115 0.7431545853614807
v 1.3374525931197923e-09 -0.07100000232458115 0.7439999580383301
v 0.043999917805194855 -0.07099999487400055 0.699999988079071
v 1.3374525931197923e-09 -0.07100000232458115 0.7439999580383301
v 0.008584009483456612 -0.07100000232458115 0.7431545853614807
v 0.008584009483456612 -0.07100000232458115 0.7431545853614807
v 0.016838116571307182 -0.07100000232458115 0.7406507134437561
v 0.043999917805194855 -0.07099999487400055 0.699999988079071
v 0.043999917805194855 -0.07099999487400055 0.699999988079071
v 0.016838116571307182 -0.07100000232458115 0.7406507134437561
v 0.024445146322250366 -0.07100000232458115 0.7365846633911133
v 0.043999917805194855 -0.07099999487400055 0.699999988079071
v 0.024445146322250366 -0.07100000232458115 0.7365846633911133
v 0.031112762168049812 -0.07100000232458115 0.7311127185821533
v 0.031112762168049812 -0.07100000232458115 0.7311127185821533
v 0.03658473864197731 -0.07100000232458115 0.724445104598999
v 0.043999917805194855 -0.07099999487400055 0.699999988079071
v 0.043999917805194855 -0.07099999487400055 0.699999988079071
v 0.03658473864197731 -0.07100000232458115 0.724445104598999
v 0.04065077751874924 -0.07100000232458115 0.7168380618095398
v 0.043999917805194855 -0.07099999487400055 0.699999988079071
v 0.04065077751874924 -0.07100000232458115 0.7168380618095398
v 0.04315463453531265 -0.07100000232458115 0.7085839509963989
v -0.026763916015625 -0.07535264641046524 0.6260297894477844
v -0.035277556627988815 -0.0754559114575386 0.6289477348327637
v -0.03628459572792053 -0.07493346929550171 0.6500686407089233
v -0.02969813160598278 -0.07175981253385544 0.6665809750556946
v -0.029668141156435013 -0.07100000232458115 0.6675081253051758
v -0.02339099906384945 -0.07100000232458115 0.6627343893051147
v -0.016430985182523727 -0.07100000232458115 0.6591828465461731
v -0.01864132285118103 -0.07227656245231628 0.6577609181404114
v -0.02411942183971405 -0.07228598743677139 0.6609426736831665
v 0.02147778682410717 -0.07100000232458115 0.6615989208221436
v 0.0178755484521389 -0.07285988330841064 0.6546605229377747
v 0.012191211804747581 -0.07288578897714615 0.6524718403816223
v 0.033546075224876404 -0.07100000232458115 0.671526312828064
v 0.03484167531132698 -0.07100000232458115 0.6731266975402832
v 0.03411020338535309 -0.07167132943868637 0.6713403463363647
v 0.04136426001787186 -0.07100000232458115 0.684999942779541
v 0.04067039489746094 -0.0717233419418335 0.6828553080558777
v 0.03934192657470703 -0.07170571386814117 0.6797569394111633
v 0.026761479675769806 -0.07533600926399231 0.6260032653808594
v 0.028226511552929878 -0.07483170181512833 0.6419499516487122
v 0.0352788120508194 -0.07545701414346695 0.6289461851119995
v 0.0352788120508194 -0.07545701414346695 0.6289461851119995
v 0.028226511552929878 -0.07483170181512833 0.6419499516487122
v 0.035856831818819046 -0.07517649233341217 0.6428121328353882
v 0.03719928488135338 -0.07436493784189224 0.661476194858551
v 0.035856831818819046 -0.07517649233341217 0.6428121328353882
v 0.03063018061220646 -0.07381057739257812 0.6578090786933899
v 0.037797823548316956 -0.07169180363416672 0.6767993569374084
v 0.038026824593544006 -0.07100000232458115 0.6778612732887268
v 0.040063273161649704 -0.07100000232458115 0.6818062663078308
v 0.033546075224876404 -0.07100000232458115 0.671526312828064
v 0.03411020338535309 -0.07167132943868637 0.6713403463363647
v 0.027982598170638084 -0.07100000232458115 0.6660466194152832
v -0.016430985182523727 -0.07100000232458115 0.6591828465461731
v -0.02411942183971405 -0.07228598743677139 0.6609426736831665
v -0.02339099906384945 -0.07100000232458115 0.6627343893051147
v -0.02339099906384945 -0.07100000232458115 0.6627343893051147
v -0.02411942183971405 -0.07228598743677139 0.6609426736831665
v -0.029089801013469696 -0.07228776812553406 0.6648840308189392
v -0.02339099906384945 -0.07100000232458115 0.6627343893051147
v -0.029089801013469696 -0.07228776812553406 0.6648840308189392
v -0.02969813160598278 -0.07175981253385544 0.6665809750556946
v 0.019410250708460808 -0.07476773858070374 0.6373681426048279
v 0.017998922616243362 -0.07528545707464218 0.6237117052078247
v 0.009927458129823208 -0.0747961774468422 0.6343957185745239
v 0.009927458129823208 -0.0747961774468422 0.6343957185745239
v 0.017998922616243362 -0.07528545707464218 0.6237117052078247
v 0.009057792834937572 -0.07529300451278687 0.6222106218338013
v -0.019408412277698517 -0.07490987330675125 0.6374292373657227
v -0.009924921207129955 -0.07489173114299774 0.6344337463378906
v -0.009058580733835697 -0.07531902194023132 0.6222289800643921
v -0.009058580733835697 -0.07531902194023132 0.6222289800643921
v -0.009924921207129955 -0.07489173114299774 0.6344337463378906
v -0.00500496756285429 -0.07487288117408752 0.6336303949356079
v -0.009058580733835697 -0.07531902194023132 0.6222289800643921
v -0.00500496756285429 -0.07487288117408752 0.6336303949356079
v -2.7689523562912655e-07 -0.07531116157770157 0.621675968170166
v -2.7689523562912655e-07 -0.07531116157770157 0.621675968170166
v -0.00500496756285429 -0.07487288117408752 0.6336303949356079
v 1.3888758303437498e-06 -0.07484982162714005 0.6333466172218323
v -2.7689523562912655e-07 -0.07531116157770157 0.621675968170166
v 1.3888758303437498e-06 -0.07484982162714005 0.6333466172218323
v 0.009057792834937572 -0.07529300451278687 0.6222106218338013
v 0.009057792834937572 -0.07529300451278687 0.6222106218338013
v 1.3888758303437498e-06 -0.07484982162714005 0.6333466172218323
v 0.005007684230804443 -0.0748225599527359 0.6336104273796082
v 0.009057792834937572 -0.07529300451278687 0.6222106218338013
v 0.005007684230804443 -0.0748225599527359 0.6336104273796082
v 0.009927458129823208 -0.0747961774468422 0.6343957185745239
v 0.02147778682410717 -0.07100000232458115 0.6615989208221436
v 0.012191211804747581 -0.07288578897714615 0.6524718403816223
v 0.014233754016458988 -0.07100000232458115 0.6583652496337891
v 0.014233754016458988 -0.07100000232458115 0.6583652496337891
v 0.012191211804747581 -0.07288578897714615 0.6524718403816223
v 0.00621221587061882 -0.07291879504919052 0.6511191129684448
v 0.014233754016458988 -0.07100000232458115 0.6583652496337891
v 0.00621221587061882 -0.07291879504919052 0.6511191129684448
v 0.006836406420916319 -0.07100000232458115 0.6565322279930115
v 0.006836406420916319 -0.07100000232458115 0.6565322279930115
v 0.00621221587061882 -0.07291879504919052 0.6511191129684448
v 1.5464054285985185e-06 -0.07295463979244232 0.6506630778312683
v 0.006836406420916319 -0.07100000232458115 0.6565322279930115
v 1.5464054285985185e-06 -0.07295463979244232 0.6506630778312683
v -0.0011849736329168081 -0.07100000232458115 0.656015932559967
v -0.0011849736329168081 -0.07100000232458115 0.656015932559967
v 1.5464054285985185e-06 -0.07295463979244232 0.6506630778312683
v -0.006209142040461302 -0.07298911362886429 0.6511436104774475
v -0.0011849736329168081 -0.07100000232458115 0.656015932559967
v -0.006209142040461302 -0.07298911362886429 0.6511436104774475
v -0.008993677794933319 -0.07100000232458115 0.6569262146949768
v -0.008993677794933319 -0.07100000232458115 0.6569262146949768
v -0.006209142040461302 -0.07298911362886429 0.6511436104774475
v -0.012188194319605827 -0.07301964610815048 0.6525183916091919
v -0.008993677794933319 -0.07100000232458115 0.6569262146949768
v -0.012188194319605827 -0.07301964610815048 0.6525183916091919
v -0.016430985182523727 -0.07100000232458115 0.6591828465461731
v -0.016430985182523727 -0.07100000232458115 0.6591828465461731
v -0.012188194319605827 -0.07301964610815048 0.6525183916091919
v -0.017872624099254608 -0.0730431079864502 0.6547244787216187
v -0.016430985182523727 -0.07100000232458115 0.6591828465461731
v -0.017872624099254608 -0.0730431079864502 0.6547244787216187
v -0.01864132285118103 -0.07227656245231628 0.6577609181404114
v -0.01864132285118103 -0.07227656245231628 0.6577609181404114
v -0.017872624099254608 -0.0730431079864502 0.6547244787216187
v -0.02317732200026512 -0.07305643707513809 0.6576987504959106
v -0.01864132285118103 -0.07227656245231628 0.6577609181404114
v -0.02317732200026512 -0.07305643707513809 0.6576987504959106
v -0.02411942183971405 -0.07228598743677139 0.6609426736831665
v -0.02411942183971405 -0.07228598743677139 0.6609426736831665
v -0.02317732200026512 -0.07305643707513809 0.6576987504959106
v -0.02803197130560875 -0.07305992394685745 0.661378800868988
v -0.02411942183971405 -0.07228598743677139 0.6609426736831665
v -0.02803197130560875 -0.07305992394685745 0.661378800868988
v -0.029089801013469696 -0.07228776812553406 0.6648840308189392
v -0.02822580188512802 -0.0749436542391777 0.6420042514801025
v -0.03445453941822052 -0.0740111842751503 0.6620774865150452
v -0.0306276623159647 -0.07400666177272797 0.6578792929649353
v -0.0306276623159647 -0.07400666177272797 0.6578792929649353
v -0.03445453941822052 -0.0740111842751503 0.6620774865150452
v -0.03607974573969841 -0.07304553687572479 0.670611560344696
v -0.03912089392542839 -0.07300996035337448 0.6760446429252625
v -0.039214637130498886 -0.0729377344250679 0.6765512824058533
v -0.03871912509202957 -0.07225730270147324 0.6776366233825684
v -0.03871912509202957 -0.07225730270147324 0.6776366233825684
v -0.039214637130498886 -0.0729377344250679 0.6765512824058533
v -0.04007989913225174 -0.07224000990390778 0.6806191205978394
v -0.03871912509202957 -0.07225730270147324 0.6776366233825684
v -0.04007989913225174 -0.07224000990390778 0.6806191205978394
v -0.039339639246463776 -0.07173856347799301 0.6797696352005005
v -0.039339639246463776 -0.07173856347799301 0.6797696352005005
v -0.04007989913225174 -0.07224000990390778 0.6806191205978394
v -0.04066888615489006 -0.07172711193561554 0.6828564405441284
v -0.039339639246463776 -0.07173856347799301 0.6797696352005005
v -0.04066888615489006 -0.07172711193561554 0.6828564405441284
v -0.0413643941283226 -0.07100000977516174 0.684999942779541
v -0.03607974573969841 -0.07304553687572479 0.670611560344696
v -0.03912089392542839 -0.07300996035337448 0.6760446429252625
v -0.037155698984861374 -0.07226992398500443 0.6747863292694092
v -0.037155698984861374 -0.07226992398500443 0.6747863292694092
v -0.03912089392542839 -0.07300996035337448 0.6760446429252625
v -0.03871912509202957 -0.07225730270147324 0.6776366233825684
v -0.037155698984861374 -0.07226992398500443 0.6747863292694092
v -0.03871912509202957 -0.07225730270147324 0.6776366233825684
v -0.037795498967170715 -0.07174709439277649 0.6768209338188171
v -0.037795498967170715 -0.07174709439277649 0.6768209338188171
v -0.03871912509202957 -0.07225730270147324 0.6776366233825684
v -0.039339639246463776 -0.07173856347799301 0.6797696352005005
v -0.037795498967170715 -0.07174709439277649 0.6768209338188171
v -0.039339639246463776 -0.07173856347799301 0.6797696352005005
v -0.039134517312049866 -0.07100000232458115 0.6798849105834961
v -0.039134517312049866 -0.07100000232458115 0.6798849105834961
v -0.039339639246463776 -0.07173856347799301 0.6797696352005005
v -0.0413643941283226 -0.07100000977516174 0.684999942779541
v -0.039134517312049866 -0.07100000232458115 0.6798849105834961
v -0.03484175354242325 -0.07100000232458115 0.6731268167495728
v -0.037795498967170715 -0.07174709439277649 0.6768209338188171
v -0.037795498967170715 -0.07174709439277649 0.6768209338188171
v -0.03484175354242325 -0.07100000232458115 0.6731268167495728
v -0.034107815474271774 -0.07175659388303757 0.6713737845420837
v -0.037795498967170715 -0.07174709439277649 0.6768209338188171
v -0.034107815474271774 -0.07175659388303757 0.6713737845420837
v -0.037155698984861374 -0.07226992398500443 0.6747863292694092
v -0.037155698984861374 -0.07226992398500443 0.6747863292694092
v -0.034107815474271774 -0.07175659388303757 0.6713737845420837
v -0.03346330299973488 -0.07228326052427292 0.6695200204849243
v -0.037155698984861374 -0.07226992398500443 0.6747863292694092
v -0.03346330299973488 -0.07228326052427292 0.6695200204849243
v -0.03607974573969841 -0.07304553687572479 0.670611560344696
v -0.03607974573969841 -0.07304553687572479 0.670611560344696
v -0.03346330299973488 -0.07228326052427292 0.6695200204849243
v -0.03235765919089317 -0.07305750995874405 0.6657032370567322
v -0.03607974573969841 -0.07304553687572479 0.670611560344696
v -0.03235765919089317 -0.07305750995874405 0.6657032370567322
v -0.0306276623159647 -0.07400666177272797 0.6578792929649353
v -0.0306276623159647 -0.07400666177272797 0.6578792929649353
v -0.03235765919089317 -0.07305750995874405 0.6657032370567322
v -0.026339033618569374 -0.07399962097406387 0.6541757583618164
v -0.0306276623159647 -0.07400666177272797 0.6578792929649353
v -0.026339033618569374 -0.07399962097406387 0.6541757583618164
v -0.02822580188512802 -0.0749436542391777 0.6420042514801025
v -0.02822580188512802 -0.0749436542391777 0.6420042514801025
v -0.026339033618569374 -0.07399962097406387 0.6541757583618164
v -0.019408412277698517 -0.07490987330675125 0.6374292373657227
v -0.02822580188512802 -0.0749436542391777 0.6420042514801025
v -0.019408412277698517 -0.07490987330675125 0.6374292373657227
v -0.018000364303588867 -0.07531748712062836 0.6237412691116333
v -0.018000364303588867 -0.07531748712062836 0.6237412691116333
v -0.019408412277698517 -0.07490987330675125 0.6374292373657227
v -0.009058580733835697 -0.07531902194023132 0.6222289800643921
v 0.04067039489746094 -0.0717233419418335 0.6828553080558777
v 0.040456779301166534 -0.07192134112119675 0.6820933222770691
v 0.03934192657470703 -0.07170571386814117 0.6797569394111633
v 0.03934192657470703 -0.07170571386814117 0.6797569394111633
v 0.040456779301166534 -0.07192134112119675 0.6820933222770691
v 0.04008046165108681 -0.07225179672241211 0.6806231141090393
v 0.03934192657470703 -0.07170571386814117 0.6797569394111633
v 0.04008046165108681 -0.07225179672241211 0.6806231141090393
v 0.038718752562999725 -0.07221682369709015 0.6776224374771118
v 0.038718752562999725 -0.07221682369709015 0.6776224374771118
v 0.04008046165108681 -0.07225179672241211 0.6806231141090393
v 0.039124298840761185 -0.07301752269268036 0.6760482788085938
v 0.03484167531132698 -0.07100000232458115 0.6731266975402832
v 0.038026824593544006 -0.07100000232458115 0.6778612732887268
v 0.03411020338535309 -0.07167132943868637 0.6713403463363647
v 0.03411020338535309 -0.07167132943868637 0.6713403463363647
v 0.038026824593544006 -0.07100000232458115 0.6778612732887268
v 0.037797823548316956 -0.07169180363416672 0.6767993569374084
v 0.03411020338535309 -0.07167132943868637 0.6713403463363647
v 0.037797823548316956 -0.07169180363416672 0.6767993569374084
v 0.03346312418580055 -0.07215825468301773 0.6694732904434204
v 0.03346312418580055 -0.07215825468301773 0.6694732904434204
v 0.037797823548316956 -0.07169180363416672 0.6767993569374084
v 0.0371553935110569 -0.07219347357749939 0.6747583150863647
v 0.03346312418580055 -0.07215825468301773 0.6694732904434204
v 0.0371553935110569 -0.07219347357749939 0.6747583150863647
v 0.03608192875981331 -0.07293181121349335 0.6705723404884338
v 0.03882335498929024 -0.07324256002902985 0.6743156313896179
v 0.03608192875981331 -0.07293181121349335 0.6705723404884338
v 0.039124298840761185 -0.07301752269268036 0.6760482788085938
v 0.039124298840761185 -0.07301752269268036 0.6760482788085938
v 0.03608192875981331 -0.07293181121349335 0.6705723404884338
v 0.0371553935110569 -0.07219347357749939 0.6747583150863647
v 0.039124298840761185 -0.07301752269268036 0.6760482788085938
v 0.0371553935110569 -0.07219347357749939 0.6747583150863647
v 0.038718752562999725 -0.07221682369709015 0.6776224374771118
v 0.038718752562999725 -0.07221682369709015 0.6776224374771118
v 0.0371553935110569 -0.07219347357749939 0.6747583150863647
v 0.037797823548316956 -0.07169180363416672 0.6767993569374084
v 0.038718752562999725 -0.07221682369709015 0.6776224374771118
v 0.037797823548316956 -0.07169180363416672 0.6767993569374084
v 0.03934192657470703 -0.07170571386814117 0.6797569394111633
v 0.03934192657470703 -0.07170571386814117 0.6797569394111633
v 0.037797823548316956 -0.07169180363416672 0.6767993569374084
v 0.040063273161649704 -0.07100000232458115 0.6818062663078308
v 0.03934192657470703 -0.07170571386814117 0.6797569394111633
v 0.040063273161649704 -0.07100000232458115 0.6818062663078308
v 0.04136426001787186 -0.07100000232458115 0.684999942779541
v 0.035856831818819046 -0.07517649233341217 0.6428121328353882
v 0.028226511552929878 -0.07483170181512833 0.6419499516487122
v 0.03063018061220646 -0.07381057739257812 0.6578090786933899
v 0.03063018061220646 -0.07381057739257812 0.6578090786933899
v 0.028226511552929878 -0.07483170181512833 0.6419499516487122
v 0.026341939345002174 -0.0737697035074234 0.6540937423706055
v 0.03063018061220646 -0.07381057739257812 0.6578090786933899
v 0.026341939345002174 -0.0737697035074234 0.6540937423706055
v 0.028034603223204613 -0.07284901291131973 0.6613035798072815
v 0.03882335498929024 -0.07324256002902985 0.6743156313896179
v 0.03445659577846527 -0.07388845086097717 0.6620345711708069
v 0.03608192875981331 -0.07293181121349335 0.6705723404884338
v 0.03608192875981331 -0.07293181121349335 0.6705723404884338
v 0.03445659577846527 -0.07388845086097717 0.6620345711708069
v 0.03236008808016777 -0.07287657260894775 0.6656389236450195
v 0.03608192875981331 -0.07293181121349335 0.6705723404884338
v 0.03236008808016777 -0.07287657260894775 0.6656389236450195
v 0.03346312418580055 -0.07215825468301773 0.6694732904434204
v 0.03346312418580055 -0.07215825468301773 0.6694732904434204
v 0.03236008808016777 -0.07287657260894775 0.6656389236450195
v 0.02908972278237343 -0.07214101403951645 0.6648290753364563
v 0.03346312418580055 -0.07215825468301773 0.6694732904434204
v 0.02908972278237343 -0.07214101403951645 0.6648290753364563
v 0.03411020338535309 -0.07167132943868637 0.6713403463363647
v 0.03411020338535309 -0.07167132943868637 0.6713403463363647
v 0.02908972278237343 -0.07214101403951645 0.6648290753364563
v 0.029700569808483124 -0.07166172564029694 0.6665425896644592
v 0.03411020338535309 -0.07167132943868637 0.6713403463363647
v 0.029700569808483124 -0.07166172564029694 0.6665425896644592
v 0.027982598170638084 -0.07100000232458115 0.6660466194152832
v 0.027982598170638084 -0.07100000232458115 0.6660466194152832
v 0.029700569808483124 -0.07166172564029694 0.6665425896644592
v 0.02908972278237343 -0.07214101403951645 0.6648290753364563
v 0.027982598170638084 -0.07100000232458115 0.6660466194152832
v 0.02908972278237343 -0.07214101403951645 0.6648290753364563
v 0.02147778682410717 -0.07100000232458115 0.6615989208221436
v 0.024119427427649498 -0.07213932275772095 0.6608882546424866
v 0.028034603223204613 -0.07284901291131973 0.6613035798072815
v 0.023180117830634117 -0.07284561544656754 0.6576244235038757
v 0.023180117830634117 -0.07284561544656754 0.6576244235038757
v 0.028034603223204613 -0.07284901291131973 0.6613035798072815
v 0.026341939345002174 -0.0737697035074234 0.6540937423706055
v 0.023180117830634117 -0.07284561544656754 0.6576244235038757
v 0.026341939345002174 -0.0737697035074234 0.6540937423706055
v 0.021649299189448357 -0.07376176863908768 0.6509377956390381
v 0.021649299189448357 -0.07376176863908768 0.6509377956390381
v 0.026341939345002174 -0.0737697035074234 0.6540937423706055
v 0.028226511552929878 -0.07483170181512833 0.6419499516487122
v 0.021649299189448357 -0.07376176863908768 0.6509377956390381
v 0.028226511552929878 -0.07483170181512833 0.6419499516487122
v 0.019410250708460808 -0.07476773858070374 0.6373681426048279
v 0.019410250708460808 -0.07476773858070374 0.6373681426048279
v 0.028226511552929878 -0.07483170181512833 0.6419499516487122
v 0.026761479675769806 -0.07533600926399231 0.6260032653808594
v 0.019410250708460808 -0.07476773858070374 0.6373681426048279
v 0.026761479675769806 -0.07533600926399231 0.6260032653808594
v 0.017998922616243362 -0.07528545707464218 0.6237117052078247
v 0.0178755484521389 -0.07285988330841064 0.6546605229377747
v 0.016612723469734192 -0.07377700507640839 0.6483925580978394
v 0.012191211804747581 -0.07288578897714615 0.6524718403816223
v 0.012191211804747581 -0.07288578897714615 0.6524718403816223
v 0.016612723469734192 -0.07377700507640839 0.6483925580978394
v 0.011285708285868168 -0.07380655407905579 0.6465111374855042
v 0.012191211804747581 -0.07288578897714615 0.6524718403816223
v 0.011285708285868168 -0.07380655407905579 0.6465111374855042
v 0.00621221587061882 -0.07291879504919052 0.6511191129684448
v 0.00621221587061882 -0.07291879504919052 0.6511191129684448
v 0.011285708285868168 -0.07380655407905579 0.6465111374855042
v 0.005732996389269829 -0.07384438067674637 0.6453478932380676
v 0.00621221587061882 -0.07291879504919052 0.6511191129684448
v 0.005732996389269829 -0.07384438067674637 0.6453478932380676
v 1.5464054285985185e-06 -0.07295463979244232 0.6506630778312683
v 1.5464054285985185e-06 -0.07295463979244232 0.6506630778312683
v 0.005732996389269829 -0.07384438067674637 0.6453478932380676
v 1.8924961295851972e-06 -0.0738850086927414 0.6449572443962097
v 1.5464054285985185e-06 -0.07295463979244232 0.6506630778312683
v 1.8924961295851972e-06 -0.0738850086927414 0.6449572443962097
v -0.006209142040461302 -0.07298911362886429 0.6511436104774475
v -0.006209142040461302 -0.07298911362886429 0.6511436104774475
v 1.8924961295851972e-06 -0.0738850086927414 0.6449572443962097
v -0.0057292478159070015 -0.0739230066537857 0.6453745365142822
v -0.006209142040461302 -0.07298911362886429 0.6511436104774475
v -0.0057292478159070015 -0.0739230066537857 0.6453745365142822
v -0.012188194319605827 -0.07301964610815048 0.6525183916091919
v -0.012188194319605827 -0.07301964610815048 0.6525183916091919
v -0.0057292478159070015 -0.0739230066537857 0.6453745365142822
v -0.011282065883278847 -0.07395613193511963 0.646561861038208
v -0.012188194319605827 -0.07301964610815048 0.6525183916091919
v -0.011282065883278847 -0.07395613193511963 0.646561861038208
v -0.017872624099254608 -0.0730431079864502 0.6547244787216187
v -0.017872624099254608 -0.0730431079864502 0.6547244787216187
v -0.011282065883278847 -0.07395613193511963 0.646561861038208
v -0.016609257087111473 -0.07398101687431335 0.6484622955322266
v -0.017872624099254608 -0.0730431079864502 0.6547244787216187
v -0.016609257087111473 -0.07398101687431335 0.6484622955322266
v -0.02317732200026512 -0.07305643707513809 0.6576987504959106
v -0.02317732200026512 -0.07305643707513809 0.6576987504959106
v -0.016609257087111473 -0.07398101687431335 0.6484622955322266
v -0.021646076813340187 -0.0739944651722908 0.6510187983512878
v -0.02317732200026512 -0.07305643707513809 0.6576987504959106
v -0.021646076813340187 -0.0739944651722908 0.6510187983512878
v -0.02803197130560875 -0.07305992394685745 0.661378800868988
v -0.017417684197425842 -0.07556912302970886 0.6099994778633118
v -0.034835342317819595 -0.07556838542222977 0.60999995470047
v -0.026763916015625 -0.07535264641046524 0.6260297894477844
v -0.026763916015625 -0.07535264641046524 0.6260297894477844
v -0.034835342317819595 -0.07556838542222977 0.60999995470047
v -0.03487416356801987 -0.07556501030921936 0.6122034192085266
v -0.026763916015625 -0.07535264641046524 0.6260297894477844
v -0.03487416356801987 -0.07556501030921936 0.6122034192085266
v -0.035277556627988815 -0.0754559114575386 0.6289477348327637
v 0.0352788120508194 -0.07545701414346695 0.6289461851119995
v 0.03483531251549721 -0.07556837797164917 0.60999995470047
v 0.026761479675769806 -0.07533600926399231 0.6260032653808594
v 0.026761479675769806 -0.07533600926399231 0.6260032653808594
v 0.03483531251549721 -0.07556837797164917 0.60999995470047
v 0.029494142159819603 -0.07556899636983871 0.6099995970726013
v 0.026761479675769806 -0.07533600926399231 0.6260032653808594
v 0.029494142159819603 -0.07556899636983871 0.6099995970726013
v 0.017998922616243362 -0.07528545707464218 0.6237117052078247
v 0.017998922616243362 -0.07528545707464218 0.6237117052078247
v 0.029494142159819603 -0.07556899636983871 0.6099995970726013
v 0.017417633906006813 -0.07556981593370438 0.6099990606307983
v 0.017998922616243362 -0.07528545707464218 0.6237117052078247
v 0.017417633906006813 -0.07556981593370438 0.6099990606307983
v 0.009057792834937572 -0.07529300451278687 0.6222106218338013
v 0.009057792834937572 -0.07529300451278687 0.6222106218338013
v 0.017417633906006813 -0.07556981593370438 0.6099990606307983
v 0.00870879739522934 -0.07556995749473572 0.6099989414215088
v 0.009057792834937572 -0.07529300451278687 0.6222106218338013
v 0.00870879739522934 -0.07556995749473572 0.6099989414215088
v -2.7689523562912655e-07 -0.07531116157770157 0.621675968170166
v -2.7689523562912655e-07 -0.07531116157770157 0.621675968170166
v 0.00870879739522934 -0.07556995749473572 0.6099989414215088
v -4.249736562655926e-08 -0.07556983083486557 0.6099990606307983
v -2.7689523562912655e-07 -0.07531116157770157 0.621675968170166
v -4.249736562655926e-08 -0.07556983083486557 0.6099990606307983
v -0.009058580733835697 -0.07531902194023132 0.6222289800643921
v -0.009058580733835697 -0.07531902194023132 0.6222289800643921
v -4.249736562655926e-08 -0.07556983083486557 0.6099990606307983
v -0.008708859793841839 -0.0755695253610611 0.6099992394447327
v -0.009058580733835697 -0.07531902194023132 0.6222289800643921
v -0.008708859793841839 -0.0755695253610611 0.6099992394447327
v -0.018000364303588867 -0.07531748712062836 0.6237412691116333
v -0.008708859793841839 -0.0755695253610611 0.6099992394447327
v -0.017417684197425842 -0.07556912302970886 0.6099994778633118
v -0.018000364303588867 -0.07531748712062836 0.6237412691116333
v -0.018000364303588867 -0.07531748712062836 0.6237412691116333
v -0.017417684197425842 -0.07556912302970886 0.6099994778633118
v -0.026763916015625 -0.07535264641046524 0.6260297894477844
v -0.018000364303588867 -0.07531748712062836 0.6237412691116333
v -0.026763916015625 -0.07535264641046524 0.6260297894477844
v -0.02822580188512802 -0.0749436542391777 0.6420042514801025
v -0.02822580188512802 -0.0749436542391777 0.6420042514801025
v -0.026763916015625 -0.07535264641046524 0.6260297894477844
v -0.03628459572792053 -0.07493346929550171 0.6500686407089233
v -0.02822580188512802 -0.0749436542391777 0.6420042514801025
v -0.03628459572792053 -0.07493346929550171 0.6500686407089233
v -0.03445453941822052 -0.0740111842751503 0.6620774865150452
v -0.03445453941822052 -0.0740111842751503 0.6620774865150452
v -0.03628459572792053 -0.07493346929550171 0.6500686407089233
v -0.03750753775238991 -0.07415992766618729 0.6644982695579529
v -0.03445453941822052 -0.0740111842751503 0.6620774865150452
v -0.03750753775238991 -0.07415992766618729 0.6644982695579529
v -0.03607974573969841 -0.07304553687572479 0.670611560344696
v -0.03607974573969841 -0.07304553687572479 0.670611560344696
v -0.03750753775238991 -0.07415992766618729 0.6644982695579529
v -0.03870904818177223 -0.07331901043653488 0.6736332178115845
v -0.03607974573969841 -0.07304553687572479 0.670611560344696
v -0.03870904818177223 -0.07331901043653488 0.6736332178115845
v -0.03912089392542839 -0.07300996035337448 0.6760446429252625
v -0.03484175354242325 -0.07100000232458115 0.6731268167495728
v -0.029668141156435013 -0.07100000232458115 0.6675081253051758
v -0.034107815474271774 -0.07175659388303757 0.6713737845420837
v -0.034107815474271774 -0.07175659388303757 0.6713737845420837
v -0.029668141156435013 -0.07100000232458115 0.6675081253051758
v -0.02969813160598278 -0.07175981253385544 0.6665809750556946
v -0.034107815474271774 -0.07175659388303757 0.6713737845420837
v -0.02969813160598278 -0.07175981253385544 0.6665809750556946
v -0.03346330299973488 -0.07228326052427292 0.6695200204849243
v -0.03346330299973488 -0.07228326052427292 0.6695200204849243
v -0.02969813160598278 -0.07175981253385544 0.6665809750556946
v -0.029089801013469696 -0.07228776812553406 0.6648840308189392
v -0.03346330299973488 -0.07228326052427292 0.6695200204849243
v -0.029089801013469696 -0.07228776812553406 0.6648840308189392
v -0.03235765919089317 -0.07305750995874405 0.6657032370567322
v -0.03235765919089317 -0.07305750995874405 0.6657032370567322
v -0.029089801013469696 -0.07228776812553406 0.6648840308189392
v -0.02803197130560875 -0.07305992394685745 0.661378800868988
v -0.03235765919089317 -0.07305750995874405 0.6657032370567322
v -0.02803197130560875 -0.07305992394685745 0.661378800868988
v -0.026339033618569374 -0.07399962097406387 0.6541757583618164
v -0.026339033618569374 -0.07399962097406387 0.6541757583618164
v -0.02803197130560875 -0.07305992394685745 0.661378800868988
v -0.021646076813340187 -0.0739944651722908 0.6510187983512878
v -0.026339033618569374 -0.07399962097406387 0.6541757583618164
v -0.021646076813340187 -0.0739944651722908 0.6510187983512878
v -0.019408412277698517 -0.07490987330675125 0.6374292373657227
v -0.019408412277698517 -0.07490987330675125 0.6374292373657227
v -0.021646076813340187 -0.0739944651722908 0.6510187983512878
v -0.016609257087111473 -0.07398101687431335 0.6484622955322266
v -0.019408412277698517 -0.07490987330675125 0.6374292373657227
v -0.016609257087111473 -0.07398101687431335 0.6484622955322266
v -0.009924921207129955 -0.07489173114299774 0.6344337463378906
v -0.009924921207129955 -0.07489173114299774 0.6344337463378906
v -0.016609257087111473 -0.07398101687431335 0.6484622955322266
v -0.011282065883278847 -0.07395613193511963 0.646561861038208
v -0.009924921207129955 -0.07489173114299774 0.6344337463378906
v -0.011282065883278847 -0.07395613193511963 0.646561861038208
v -0.00500496756285429 -0.07487288117408752 0.6336303949356079
v -0.00500496756285429 -0.07487288117408752 0.6336303949356079
v -0.011282065883278847 -0.07395613193511963 0.646561861038208
v -0.0057292478159070015 -0.0739230066537857 0.6453745365142822
v -0.00500496756285429 -0.07487288117408752 0.6336303949356079
v -0.0057292478159070015 -0.0739230066537857 0.6453745365142822
v 1.3888758303437498e-06 -0.07484982162714005 0.6333466172218323
v 1.3888758303437498e-06 -0.07484982162714005 0.6333466172218323
v -0.0057292478159070015 -0.0739230066537857 0.6453745365142822
v 1.8924961295851972e-06 -0.0738850086927414 0.6449572443962097
v 1.3888758303437498e-06 -0.07484982162714005 0.6333466172218323
v 1.8924961295851972e-06 -0.0738850086927414 0.6449572443962097
v 0.005007684230804443 -0.0748225599527359 0.6336104273796082
v 0.005007684230804443 -0.0748225599527359 0.6336104273796082
v 1.8924961295851972e-06 -0.0738850086927414 0.6449572443962097
v 0.005732996389269829 -0.07384438067674637 0.6453478932380676
v 0.005007684230804443 -0.0748225599527359 0.6336104273796082
v 0.005732996389269829 -0.07384438067674637 0.6453478932380676
v 0.009927458129823208 -0.0747961774468422 0.6343957185745239
v 0.009927458129823208 -0.0747961774468422 0.6343957185745239
v 0.005732996389269829 -0.07384438067674637 0.6453478932380676
v 0.011285708285868168 -0.07380655407905579 0.6465111374855042
v 0.009927458129823208 -0.0747961774468422 0.6343957185745239
v 0.011285708285868168 -0.07380655407905579 0.6465111374855042
v 0.019410250708460808 -0.07476773858070374 0.6373681426048279
v 0.019410250708460808 -0.07476773858070374 0.6373681426048279
v 0.011285708285868168 -0.07380655407905579 0.6465111374855042
v 0.016612723469734192 -0.07377700507640839 0.6483925580978394
v 0.019410250708460808 -0.07476773858070374 0.6373681426048279
v 0.016612723469734192 -0.07377700507640839 0.6483925580978394
v 0.021649299189448357 -0.07376176863908768 0.6509377956390381
v 0.021649299189448357 -0.07376176863908768 0.6509377956390381
v 0.016612723469734192 -0.07377700507640839 0.6483925580978394
v 0.0178755484521389 -0.07285988330841064 0.6546605229377747
v 0.021649299189448357 -0.07376176863908768 0.6509377956390381
v 0.0178755484521389 -0.07285988330841064 0.6546605229377747
v 0.023180117830634117 -0.07284561544656754 0.6576244235038757
v 0.023180117830634117 -0.07284561544656754 0.6576244235038757
v 0.0178755484521389 -0.07285988330841064 0.6546605229377747
v 0.02147778682410717 -0.07100000232458115 0.6615989208221436
v 0.023180117830634117 -0.07284561544656754 0.6576244235038757
v 0.02147778682410717 -0.07100000232458115 0.6615989208221436
v 0.024119427427649498 -0.07213932275772095 0.6608882546424866
v 0.024119427427649498 -0.07213932275772095 0.6608882546424866
v 0.02147778682410717 -0.07100000232458115 0.6615989208221436
v 0.02908972278237343 -0.07214101403951645 0.6648290753364563
v 0.024119427427649498 -0.07213932275772095 0.6608882546424866
v 0.02908972278237343 -0.07214101403951645 0.6648290753364563
v 0.028034603223204613 -0.07284901291131973 0.6613035798072815
v 0.028034603223204613 -0.07284901291131973 0.6613035798072815
v 0.02908972278237343 -0.07214101403951645 0.6648290753364563
v 0.03236008808016777 -0.07287657260894775 0.6656389236450195
v 0.028034603223204613 -0.07284901291131973 0.6613035798072815
v 0.03236008808016777 -0.07287657260894775 0.6656389236450195
v 0.03063018061220646 -0.07381057739257812 0.6578090786933899
v 0.03063018061220646 -0.07381057739257812 0.6578090786933899
v 0.03236008808016777 -0.07287657260894775 0.6656389236450195
v 0.03445659577846527 -0.07388845086097717 0.6620345711708069
v 0.03063018061220646 -0.07381057739257812 0.6578090786933899
v 0.03445659577846527 -0.07388845086097717 0.6620345711708069
v 0.03719928488135338 -0.07436493784189224 0.661476194858551
v 0.03719928488135338 -0.07436493784189224 0.661476194858551
v 0.03445659577846527 -0.07388845086097717 0.6620345711708069
v 0.03882335498929024 -0.07324256002902985 0.6743156313896179
v -0.01175461895763874 -0.13099999725818634 0.6697001457214355
v -0.019269108772277832 -0.13099999725818634 0.6738283634185791
v -0.017601093277335167 -0.12985894083976746 0.6726787090301514
v -0.017601093277335167 -0.12985894083976746 0.6726787090301514
v -0.019269108772277832 -0.13099999725818634 0.6738283634185791
v -0.022615255787968636 -0.12870757281780243 0.6766589879989624
v -0.022615255787968636 -0.12870757281780243 0.6766589879989624
v -0.019269108772277832 -0.13099999725818634 0.6738283634185791
v -0.02675042860209942 -0.13099999725818634 0.6815428733825684
v -0.022615255787968636 -0.12870757281780243 0.6766589879989624
v -0.02675042860209942 -0.13099999725818634 0.6815428733825684
v -0.026763075962662697 -0.12778648734092712 0.6815611720085144
v -0.026763075962662697 -0.12778648734092712 0.6815611720085144
v -0.02675042860209942 -0.13099999725818634 0.6815428733825684
v -0.02975449711084366 -0.12730734050273895 0.6869263052940369
v -0.02975449711084366 -0.12730734050273895 0.6869263052940369
v -0.02675042860209942 -0.13099999725818634 0.6815428733825684
v -0.03130703419446945 -0.13099999725818634 0.6912752985954285
v -0.02975449711084366 -0.12730734050273895 0.6869263052940369
v -0.03130703419446945 -0.13099999725818634 0.6912752985954285
v -0.03176286816596985 -0.12716837227344513 0.6931173801422119
v -0.03176286816596985 -0.12716837227344513 0.6931173801422119
v -0.03130703419446945 -0.13099999725818634 0.6912752985954285
v -0.032499998807907104 -0.13099999725818634 0.6999999284744263
v -0.03176286816596985 -0.12716837227344513 0.6931173801422119
v -0.032499998807907104 -0.13099999725818634 0.6999999284744263
v -0.032499998807907104 -0.12711961567401886 0.6999999284744263
v -0.032499998807907104 -0.12711961567401886 0.6999999284744263
v -0.032499998807907104 -0.13099999725818634 0.6999999284744263
v -0.03197983279824257 -0.1270698755979538 0.7057913541793823
v -0.03197983279824257 -0.1270698755979538 0.7057913541793823
v -0.032499998807907104 -0.13099999725818634 0.6999999284744263
v -0.0312797948718071 -0.13099999725818634 0.7088217735290527
v -0.02940008044242859 -0.12697242200374603 0.7138522267341614
v -0.030013343319296837 -0.12699143588542938 0.7124679088592529
v -0.0312797948718071 -0.13099999725818634 0.7088217735290527
v -0.0312797948718071 -0.13099999725818634 0.7088217735290527
v -0.030013343319296837 -0.12699143588542938 0.7124679088592529
v -0.030025754123926163 -0.12699183821678162 0.7124379873275757
v -0.0312797948718071 -0.13099999725818634 0.7088217735290527
v -0.030025754123926163 -0.12699183821678162 0.7124379873275757
v -0.03197983279824257 -0.1270698755979538 0.7057913541793823
v -0.02940008044242859 -0.12697242200374603 0.7138522267341614
v -0.0312797948718071 -0.13099999725818634 0.7088217735290527
v -0.026120204478502274 -0.12689208984375 0.7193386554718018
v -0.026120204478502274 -0.12689208984375 0.7193386554718018
v -0.0312797948718071 -0.13099999725818634 0.7088217735290527
v -0.024713193997740746 -0.13099999725818634 0.721107006072998
v -0.026120204478502274 -0.12689208984375 0.7193386554718018
v -0.024713193997740746 -0.13099999725818634 0.721107006072998
v -0.024713201448321342 -0.12686437368392944 0.721107006072998
v -0.013606441207230091 -0.13099999725818634 0.7295145988464355
v -0.013606456108391285 -0.12672315537929535 0.7295145988464355
v -0.015661217272281647 -0.12674149870872498 0.7284775972366333
v -0.013606441207230091 -0.13099999725818634 0.7295145988464355
v -0.015661217272281647 -0.12674149870872498 0.7284775972366333
v -0.024713193997740746 -0.13099999725818634 0.721107006072998
v -0.024713193997740746 -0.13099999725818634 0.721107006072998
v -0.015661217272281647 -0.12674149870872498 0.7284775972366333
v -0.021420175209641457 -0.12681013345718384 0.7244422435760498
v -0.024713193997740746 -0.13099999725818634 0.721107006072998
v -0.021420175209641457 -0.12681013345718384 0.7244422435760498
v -0.024713201448321342 -0.12686437368392944 0.721107006072998
v -1.9900509700147753e-18 -0.13099999725818634 0.7324999570846558
v 3.5768496498000957e-10 -0.12666712701320648 0.7324999570846558
v -0.0027000911068171263 -0.12666982412338257 0.7323876023292542
v -1.9900509700147753e-18 -0.13099999725818634 0.7324999570846558
v -0.0027000911068171263 -0.12666982412338257 0.7323876023292542
v -0.013606441207230091 -0.13099999725818634 0.7295145988464355
v -0.013606441207230091 -0.13099999725818634 0.7295145988464355
v -0.0027000911068171263 -0.12666982412338257 0.7323876023292542
v -0.009547109715640545 -0.12669512629508972 0.7310660481452942
v -0.013606441207230091 -0.13099999725818634 0.7295145988464355
v -0.009547109715640545 -0.12669512629508972 0.7310660481452942
v -0.013606456108391285 -0.12672315537929535 0.7295145988464355
v 0.013606441207230091 -0.13099999725818634 0.7295145988464355
v 0.01360645703971386 -0.12671761214733124 0.7295145988464355
v 0.010692017152905464 -0.1266975849866867 0.7306908369064331
v 0.013606441207230091 -0.13099999725818634 0.7295145988464355
v 0.010692017152905464 -0.1266975849866867 0.7306908369064331
v -1.9900509700147753e-18 -0.13099999725818634 0.7324999570846558
v -1.9900509700147753e-18 -0.13099999725818634 0.7324999570846558
v 0.010692017152905464 -0.1266975849866867 0.7306908369064331
v 0.0038544656708836555 -0.12667059898376465 0.7322705984115601
v -1.9900509700147753e-18 -0.13099999725818634 0.7324999570846558
v 0.0038544656708836555 -0.12667059898376465 0.7322705984115601
v 3.5768496498000957e-10 -0.12666712701320648 0.7324999570846558
v 0.024713193997740746 -0.13099999725818634 0.721107006072998
v 0.02471320331096649 -0.12685537338256836 0.721107006072998
v 0.02205565758049488 -0.12681123614311218 0.7238703966140747
v 0.024713193997740746 -0.13099999725818634 0.721107006072998
v 0.02205565758049488 -0.12681123614311218 0.7238703966140747
v 0.013606441207230091 -0.13099999725818634 0.7295145988464355
v 0.013606441207230091 -0.13099999725818634 0.7295145988464355
v 0.02205565758049488 -0.12681123614311218 0.7238703966140747
v 0.016548752784729004 -0.12674368917942047 0.7279711961746216
v 0.013606441207230091 -0.13099999725818634 0.7295145988464355
v 0.016548752784729004 -0.12674368917942047 0.7279711961746216
v 0.01360645703971386 -0.12671761214733124 0.7295145988464355
v 0.0312797948718071 -0.13099999725818634 0.7088217735290527
v 0.032499998807907104 -0.13099999725818634 0.6999999284744263
v 0.032499998807907104 -0.12711961567401886 0.6999999284744263
v 0.032499998807907104 -0.12711961567401886 0.6999999284744263
v 0.03172953799366951 -0.1270512044429779 0.7070345878601074
v 0.0312797948718071 -0.13099999725818634 0.7088217735290527
v 0.0312797948718071 -0.13099999725818634 0.7088217735290527
v 0.03172953799366951 -0.1270512044429779 0.7070345878601074
v 0.02969173900783062 -0.12697318196296692 0.7132155299186707
v 0.0312797948718071 -0.13099999725818634 0.7088217735290527
v 0.02969173900783062 -0.12697318196296692 0.7132155299186707
v 0.024713193997740746 -0.13099999725818634 0.721107006072998
v 0.024713193997740746 -0.13099999725818634 0.721107006072998
v 0.02969173900783062 -0.12697318196296692 0.7132155299186707
v 0.026577183976769447 -0.12689274549484253 0.7187056541442871
v 0.024713193997740746 -0.13099999725818634 0.721107006072998
v 0.026577183976769447 -0.12689274549484253 0.7187056541442871
v 0.02471320331096649 -0.12685537338256836 0.721107006072998
usemtl material_CAD1EE
f 1 2 3
f 4 5 6
f 7 8 9
f 10 11 12
f 13 14 15
f 16 17 18
f 19 20 21
f 22 23 24
f 25 26 27
f 28 29 30
f 31 32 33
f 34 35 36
f 37 38 39
f 40 41 42
f 43 44 45
f 46 47 48
f 49 50 51
f 52 53 54
f 55 56 57
f 58 59 60
f 61 62 63
f 64 65 66
f 67 68 69
f 70 71 72
f 73 74 75
f 76 77 78
f 79 80 81
f 82 83 84
f 85 86 87
f 88 89 90
f 91 92 93
f 94 95 96
f 97 98 99
f 100 101 102
f 103 104 105
f 106 107 108
f 109 110 111
f 112 113 114
f 115 116 117
f 118 119 120
f 121 122 123
f 124 125 126
f 127 128 129
f 130 131 132
f 133 134 135
f 136 137 138
f 139 140 141
f 142 143 144
f 145 146 147
f 148 149 150
f 151 152 153
f 154 155 156
f 157 158 159
f 160 161 162
f 163 164 165
f 166 167 168
f 169 170 171
f 172 173 174
f 175 176 177
f 178 179 180
f 181 182 183
f 184 185 186
f 187 188 189
f 190 191 192
f 193 194 195
f 196 197 198
f 199 200 201
f 202 203 204
f 205 206 207
f 208 209 210
f 211 212 213
f 214 215 216
f 217 218 219
f 220 221 222
f 223 224 225
f 226 227 228
f 229 230 231
f 232 233 234
f 235 236 237
f 238 239 240
f 241 242 243
f 244 245 246
f 247 248 249
f 250 251 252
f 253 254 255
f 256 257 258
f 259 260 261
f 262 263 264
f 265 266 267
f 268 269 270
f 271 272 273
f 274 275 276
f 277 278 279
f 280 281 282
f 283 284 285
f 286 287 288
f 289 290 291
f 292 293 294
f 295 296 297
f 298 299 300
f 301 302 303
f 304 305 306
f 307 308 309
f 310 311 312
f 313 314 315
f 316 317 318
f 319 320 321
f 322 323 324
f 325 326 327
f 328 329 330
f 331 332 333
f 334 335 336
f 337 338 339
f 340 341 342
f 343 344 345
f 346 347 348
f 349 350 351
f 352 353 354
f 355 356 357
f 358 359 360
f 361 362 363
f 364 365 366
f 367 368 369
f 370 371 372
f 373 374 375
f 376 377 378
f 379 380 381
f 382 383 384
f 385 386 387
f 388 389 390
f 391 392 393
f 394 395 396
f 397 398 399
f 400 401 402
f 403 404 405
f 406 407 408
f 409 410 411
f 412 413 414
f 415 416 417
f 418 419 420
f 421 422 423
f 424 425 426
f 427 428 429
f 430 431 432
f 433 434 435
f 436 437 438
f 439 440 441
f 442 443 444
f 445 446 447
f 448 449 450
f 451 452 453
f 454 455 456
f 457 458 459
f 460 461 462
f 463 464 465
f 466 467 468
f 469 470 471
f 472 473 474
f 475 476 477
f 478 479 480
f 481 482 483
f 484 485 486
f 487 488 489
f 490 491 492
f 493 494 495
f 496 497 498
f 499 500 501
f 502 503 504
f 505 506 507
f 508 509 510
f 511 512 513
f 514 515 516
f 517 518 519
f 520 521 522
f 523 524 525
f 526 527 528
f 529 530 531
f 532 533 534
f 535 536 537
f 538 539 540
f 541 542 543
f 544 545 546
f 547 548 549
f 550 551 552
f 553 554 555
f 556 557 558
f 559 560 561
f 562 563 564
f 565 566 567
f 568 569 570
f 571 572 573
f 574 575 576
f 577 578 579
f 580 581 582
f 583 584 585
f 586 587 588
f 589 590 591
f 592 593 594
f 595 596 597
f 598 599 600
f 601 602 603
f 604 605 606
f 607 608 609
f 610 611 612
f 613 614 615
f 616 617 618
f 619 620 621
f 622 623 624
f 625 626 627
f 628 629 630
f 631 632 633
f 634 635 636
f 637 638 639
f 640 641 642
f 643 644 645
f 646 647 648
f 649 650 651
f 652 653 654
f 655 656 657
f 658 659 660
f 661 662 663
f 664 665 666
f 667 668 669
f 670 671 672
f 673 674 675
f 676 677 678
f 679 680 681
f 682 683 684
f 685 686 687
f 688 689 690
f 691 692 693
f 694 695 696
f 697 698 699
f 700 701 702
f 703 704 705
f 706 707 708
f 709 710 711
f 712 713 714
f 715 716 717
f 718 719 720
f 721 722 723
f 724 725 726
f 727 728 729
f 730 731 732
f 733 734 735
f 736 737 738
f 739 740 741
f 742 743 744
f 745 746 747
f 748 749 750
f 751 752 753
f 754 755 756
f 757 758 759
f 760 761 762
f 763 764 765
f 766 767 768
f 769 770 771
f 772 773 774
f 775 776 777
f 778 779 780
f 781 782 783
f 784 785 786
f 787 788 789
f 790 791 792
f 793 794 795
f 796 797 798
f 799 800 801
f 802 803 804
f 805 806 807
f 808 809 810
f 811 812 813
f 814 815 816
f 817 818 819
f 820 821 822
f 823 824 825
f 826 827 828
f 829 830 831
f 832 833 834
f 835 836 837
f 838 839 840
f 841 842 843
f 844 845 846
f 847 848 849
f 850 851 852
f 853 854 855
f 856 857 858
f 859 860 861
f 862 863 864
f 865 866 867
f 868 869 870
f 871 872 873
f 874 875 876
f 877 878 879
f 880 881 882
f 883 884 885
f 886 887 888
f 889 890 891
f 892 893 894
f 895 896 897
f 898 899 900
f 901 902 903
f 904 905 906
f 907 908 909
f 910 911 912
f 913 914 915
f 916 917 918
f 919 920 921
f 922 923 924
f 925 926 927
f 928 929 930
f 931 932 933
f 934 935 936
f 937 938 939
f 940 941 942
f 943 944 945
f 946 947 948
f 949 950 951
f 952 953 954
f 955 956 957
f 958 959 960
f 961 962 963
f 964 965 966
f 967 968 969
f 970 971 972
f 973 974 975
f 976 977 978
f 979 980 981
f 982 983 984
f 985 986 987
f 988 989 990
f 991 992 993
f 994 995 996
f 997 998 999
f 1000 1001 1002
f 1003 1004 1005
f 1006 1007 1008
f 1009 1010 1011
f 1012 1013 1014
f 1015 1016 1017
f 1018 1019 1020
f 1021 1022 1023
f 1024 1025 1026
f 1027 1028 1029
f 1030 1031 1032
f 1033 1034 1035
f 1036 1037 1038
f 1039 1040 1041
f 1042 1043 1044
f 1045 1046 1047
f 1048 1049 1050
f 1051 1052 1053
f 1054 1055 1056
f 1057 1058 1059
f 1060 1061 1062
f 1063 1064 1065
f 1066 1067 1068
f 1069 1070 1071
f 1072 1073 1074
f 1075 1076 1077
f 1078 1079 1080
f 1081 1082 1083
f 1084 1085 1086
f 1087 1088 1089
f 1090 1091 1092
f 1093 1094 1095
f 1096 1097 1098
f 1099 1100 1101
f 1102 1103 1104
f 1105 1106 1107
f 1108 1109 1110
f 1111 1112 1113
f 1114 1115 1116
f 1117 1118 1119
f 1120 1121 1122
f 1123 1124 1125
f 1126 1127 1128
f 1129 1130 1131
f 1132 1133 1134
f 1135 1136 1137
f 1138 1139 1140
f 1141 1142 1143
f 1144 1145 1146
f 1147 1148 1149
f 1150 1151 1152
f 1153 1154 1155
f 1156 1157 1158
f 1159 1160 1161
f 1162 1163 1164
f 1165 1166 1167
f 1168 1169 1170
f 1171 1172 1173
f 1174 1175 1176
f 1177 1178 1179
f 1180 1181 1182
f 1183 1184 1185
f 1186 1187 1188
f 1189 1190 1191
f 1192 1193 1194
f 1195 1196 1197
f 1198 1199 1200
f 1201 1202 1203
f 1204 1205 1206
f 1207 1208 1209
f 1210 1211 1212
f 1213 1214 1215
f 1216 1217 1218
f 1219 1220 1221
f 1222 1223 1224
f 1225 1226 1227
f 1228 1229 1230
f 1231 1232 1233
f 1234 1235 1236
f 1237 1238 1239
f 1240 1241 1242
f 1243 1244 1245
f 1246 1247 1248
f 1249 1250 1251
f 1252 1253 1254
f 1255 1256 1257
f 1258 1259 1260
f 1261 1262 1263
f 1264 1265 1266
f 1267 1268 1269
f 1270 1271 1272
f 1273 1274 1275
f 1276 1277 1278
f 1279 1280 1281
f 1282 1283 1284
f 1285 1286 1287
f 1288 1289 1290
f 1291 1292 1293
f 1294 1295 1296
f 1297 1298 1299
f 1300 1301 1302
f 1303 1304 1305
f 1306 1307 1308
f 1309 1310 1311
f 1312 1313 1314
f 1315 1316 1317
f 1318 1319 1320
f 1321 1322 1323
f 1324 1325 1326
f 1327 1328 1329
f 1330 1331 1332
f 1333 1334 1335
f 1336 1337 1338
f 1339 1340 1341
f 1342 1343 1344
f 1345 1346 1347
f 1348 1349 1350
f 1351 1352 1353
f 1354 1355 1356
f 1357 1358 1359
f 1360 1361 1362
f 1363 1364 1365
f 1366 1367 1368
f 1369 1370 1371
f 1372 1373 1374
f 1375 1376 1377
f 1378 1379 1380
f 1381 1382 1383
f 1384 1385 1386
f 1387 1388 1389
f 1390 1391 1392
f 1393 1394 1395
f 1396 1397 1398
f 1399 1400 1401
f 1402 1403 1404
f 1405 1406 1407
f 1408 1409 1410
f 1411 1412 1413
f 1414 1415 1416
f 1417 1418 1419
f 1420 1421 1422
f 1423 1424 1425
f 1426 1427 1428
f 1429 1430 1431
f 1432 1433 1434
f 1435 1436 1437
f 1438 1439 1440
f 1441 1442 1443
f 1444 1445 1446
f 1447 1448 1449
f 1450 1451 1452
f 1453 1454 1455
f 1456 1457 1458
f 1459 1460 1461
f 1462 1463 1464
f 1465 1466 1467
f 1468 1469 1470
f 1471 1472 1473
f 1474 1475 1476
f 1477 1478 1479
f 1480 1481 1482
f 1483 1484 1485
f 1486 1487 1488
f 1489 1490 1491
f 1492 1493 1494
f 1495 1496 1497
f 1498 1499 1500
f 1501 1502 1503
f 1504 1505 1506
f 1507 1508 1509
f 1510 1511 1512
f 1513 1514 1515
f 1516 1517 1518
f 1519 1520 1521
f 1522 1523 1524
f 1525 1526 1527
f 1528 1529 1530
f 1531 1532 1533
f 1534 1535 1536
f 1537 1538 1539
f 1540 1541 1542
f 1543 1544 1545
f 1546 1547 1548
f 1549 1550 1551
f 1552 1553 1554
f 1555 1556 1557
f 1558 1559 1560
f 1561 1562 1563
f 1564 1565 1566
f 1567 1568 1569
f 1570 1571 1572
f 1573 1574 1575
f 1576 1577 1578
f 1579 1580 1581
f 1582 1583 1584
f 1585 1586 1587
f 1588 1589 1590
f 1591 1592 1593
f 1594 1595 1596
f 1597 1598 1599
f 1600 1601 1602
f 1603 1604 1605
f 1606 1607 1608
f 1609 1610 1611
f 1612 1613 1614
f 1615 1616 1617
f 1618 1619 1620
f 1621 1622 1623
f 1624 1625 1626
f 1627 1628 1629
f 1630 1631 1632
f 1633 1634 1635
f 1636 1637 1638
f 1639 1640 1641
f 1642 1643 1644
f 1645 1646 1647
f 1648 1649 1650
f 1651 1652 1653
f 1654 1655 1656
f 1657 1658 1659
f 1660 1661 1662
f 1663 1664 1665
f 1666 1667 1668
f 1669 1670 1671
f 1672 1673 1674
f 1675 1676 1677
f 1678 1679 1680
f 1681 1682 1683
f 1684 1685 1686
f 1687 1688 1689
f 1690 1691 1692
f 1693 1694 1695
f 1696 1697 1698
f 1699 1700 1701
f 1702 1703 1704
f 1705 1706 1707
f 1708 1709 1710
f 1711 1712 1713
f 1714 1715 1716
f 1717 1718 1719
f 1720 1721 1722
f 1723 1724 1725
f 1726 1727 1728
f 1729 1730 1731
f 1732 1733 1734
f 1735 1736 1737
f 1738 1739 1740
f 1741 1742 1743
f 1744 1745 1746
f 1747 1748 1749
f 1750 1751 1752
f 1753 1754 1755
f 1756 1757 1758
f 1759 1760 1761
f 1762 1763 1764
f 1765 1766 1767
f 1768 1769 1770
f 1771 1772 1773
f 1774 1775 1776
f 1777 1778 1779
f 1780 1781 1782
f 1783 1784 1785
f 1786 1787 1788
f 1789 1790 1791
f 1792 1793 1794
f 1795 1796 1797
f 1798 1799 1800
f 1801 1802 1803
f 1804 1805 1806
f 1807 1808 1809
f 1810 1811 1812
f 1813 1814 1815
f 1816 1817 1818
f 1819 1820 1821
f 1822 1823 1824
f 1825 1826 1827
f 1828 1829 1830
f 1831 1832 1833
f 1834 1835 1836
f 1837 1838 1839
f 1840 1841 1842
f 1843 1844 1845
f 1846 1847 1848
f 1849 1850 1851
f 1852 1853 1854
f 1855 1856 1857
f 1858 1859 1860
f 1861 1862 1863
f 1864 1865 1866
f 1867 1868 1869
f 1870 1871 1872
f 1873 1874 1875
f 1876 1877 1878
f 1879 1880 1881
f 1882 1883 1884
f 1885 1886 1887
f 1888 1889 1890
f 1891 1892 1893
f 1894 1895 1896
f 1897 1898 1899
f 1900 1901 1902
f 1903 1904 1905
f 1906 1907 1908
f 1909 1910 1911
f 1912 1913 1914
f 1915 1916 1917
f 1918 1919 1920
f 1921 1922 1923
f 1924 1925 1926
f 1927 1928 1929
f 1930 1931 1932
f 1933 1934 1935
f 1936 1937 1938
f 1939 1940 1941
f 1942 1943 1944
f 1945 1946 1947
f 1948 1949 1950
f 1951 1952 1953
f 1954 1955 1956
f 1957 1958 1959
f 1960 1961 1962
f 1963 1964 1965
f 1966 1967 1968
f 1969 1970 1971
f 1972 1973 1974
f 1975 1976 1977
f 1978 1979 1980
f 1981 1982 1983
f 1984 1985 1986
f 1987 1988 1989
f 1990 1991 1992
f 1993 1994 1995
f 1996 1997 1998
f 1999 2000 2001
f 2002 2003 2004
f 2005 2006 2007
f 2008 2009 2010
f 2011 2012 2013
f 2014 2015 2016
f 2017 2018 2019
f 2020 2021 2022
f 2023 2024 2025
f 2026 2027 2028
f 2029 2030 2031
f 2032 2033 2034
f 2035 2036 2037
f 2038 2039 2040
f 2041 2042 2043
f 2044 2045 2046
f 2047 2048 2049
f 2050 2051 2052
f 2053 2054 2055
f 2056 2057 2058
f 2059 2060 2061
f 2062 2063 2064
f 2065 2066 2067
f 2068 2069 2070
f 2071 2072 2073
f 2074 2075 2076
f 2077 2078 2079
f 2080 2081 2082
f 2083 2084 2085
f 2086 2087 2088
f 2089 2090 2091
f 2092 2093 2094
f 2095 2096 2097
f 2098 2099 2100
f 2101 2102 2103
f 2104 2105 2106
f 2107 2108 2109
f 2110 2111 2112
f 2113 2114 2115
f 2116 2117 2118
f 2119 2120 2121
f 2122 2123 2124
f 2125 2126 2127
f 2128 2129 2130
f 2131 2132 2133
f 2134 2135 2136
f 2137 2138 2139
f 2140 2141 2142
f 2143 2144 2145
f 2146 2147 2148
f 2149 2150 2151
f 2152 2153 2154
f 2155 2156 2157
f 2158 2159 2160
f 2161 2162 2163
f 2164 2165 2166
f 2167 2168 2169
f 2170 2171 2172
f 2173 2174 2175
f 2176 2177 2178
f 2179 2180 2181
f 2182 2183 2184
f 2185 2186 2187
f 2188 2189 2190
f 2191 2192 2193
f 2194 2195 2196
f 2197 2198 2199
f 2200 2201 2202
f 2203 2204 2205
f 2206 2207 2208
f 2209 2210 2211
f 2212 2213 2214
f 2215 2216 2217
f 2218 2219 2220
f 2221 2222 2223
f 2224 2225 2226
f 2227 2228 2229
f 2230 2231 2232
f 2233 2234 2235
f 2236 2237 2238
f 2239 2240 2241
f 2242 2243 2244
f 2245 2246 2247
f 2248 2249 2250
f 2251 2252 2253
f 2254 2255 2256
f 2257 2258 2259
f 2260 2261 2262
f 2263 2264 2265
f 2266 2267 2268
f 2269 2270 2271
f 2272 2273 2274
f 2275 2276 2277
f 2278 2279 2280
f 2281 2282 2283
f 2284 2285 2286
f 2287 2288 2289
f 2290 2291 2292
f 2293 2294 2295
f 2296 2297 2298
f 2299 2300 2301
f 2302 2303 2304
f 2305 2306 2307
f 2308 2309 2310
f 2311 2312 2313
f 2314 2315 2316
f 2317 2318 2319
f 2320 2321 2322
f 2323 2324 2325
f 2326 2327 2328
f 2329 2330 2331
f 2332 2333 2334
f 2335 2336 2337
f 2338 2339 2340
f 2341 2342 2343
f 2344 2345 2346
f 2347 2348 2349
f 2350 2351 2352
f 2353 2354 2355
f 2356 2357 2358
f 2359 2360 2361
f 2362 2363 2364
f 2365 2366 2367
f 2368 2369 2370
f 2371 2372 2373
f 2374 2375 2376
f 2377 2378 2379
f 2380 2381 2382
f 2383 2384 2385
f 2386 2387 2388
f 2389 2390 2391
f 2392 2393 2394
f 2395 2396 2397
f 2398 2399 2400
f 2401 2402 2403
f 2404 2405 2406
f 2407 2408 2409
f 2410 2411 2412
f 2413 2414 2415
f 2416 2417 2418
f 2419 2420 2421
f 2422 2423 2424
f 2425 2426 2427
f 2428 2429 2430
f 2431 2432 2433
f 2434 2435 2436
f 2437 2438 2439
f 2440 2441 2442
f 2443 2444 2445
f 2446 2447 2448
f 2449 2450 2451
f 2452 2453 2454
f 2455 2456 2457
f 2458 2459 2460
f 2461 2462 2463
f 2464 2465 2466
f 2467 2468 2469
f 2470 2471 2472
f 2473 2474 2475
f 2476 2477 2478
f 2479 2480 2481
f 2482 2483 2484
f 2485 2486 2487
f 2488 2489 2490
f 2491 2492 2493
f 2494 2495 2496
f 2497 2498 2499
f 2500 2501 2502
f 2503 2504 2505
f 2506 2507 2508
f 2509 2510 2511
f 2512 2513 2514
f 2515 2516 2517
f 2518 2519 2520
f 2521 2522 2523
f 2524 2525 2526
f 2527 2528 2529
f 2530 2531 2532
f 2533 2534 2535
f 2536 2537 2538
f 2539 2540 2541
f 2542 2543 2544
f 2545 2546 2547
f 2548 2549 2550
f 2551 2552 2553
f 2554 2555 2556
f 2557 2558 2559
f 2560 2561 2562
f 2563 2564 2565
f 2566 2567 2568
f 2569 2570 2571
f 2572 2573 2574
f 2575 2576 2577
f 2578 2579 2580
f 2581 2582 2583
f 2584 2585 2586
f 2587 2588 2589
f 2590 2591 2592
f 2593 2594 2595
f 2596 2597 2598
f 2599 2600 2601
f 2602 2603 2604
f 2605 2606 2607
f 2608 2609 2610
f 2611 2612 2613
f 2614 2615 2616
f 2617 2618 2619
f 2620 2621 2622
f 2623 2624 2625
f 2626 2627 2628
f 2629 2630 2631
f 2632 2633 2634
f 2635 2636 2637
f 2638 2639 2640
f 2641 2642 2643
f 2644 2645 2646
f 2647 2648 2649
f 2650 2651 2652
f 2653 2654 2655
f 2656 2657 2658
f 2659 2660 2661
f 2662 2663 2664
f 2665 2666 2667
f 2668 2669 2670
f 2671 2672 2673
f 2674 2675 2676
f 2677 2678 2679
f 2680 2681 2682
f 2683 2684 2685
f 2686 2687 2688
f 2689 2690 2691
f 2692 2693 2694
f 2695 2696 2697
f 2698 2699 2700
f 2701 2702 2703
f 2704 2705 2706
f 2707 2708 2709
f 2710 2711 2712
f 2713 2714 2715
f 2716 2717 2718
f 2719 2720 2721
f 2722 2723 2724
f 2725 2726 2727
f 2728 2729 2730
f 2731 2732 2733
f 2734 2735 2736
f 2737 2738 2739
f 2740 2741 2742
f 2743 2744 2745
f 2746 2747 2748
f 2749 2750 2751
f 2752 2753 2754
f 2755 2756 2757
f 2758 2759 2760
f 2761 2762 2763
f 2764 2765 2766
f 2767 2768 2769
f 2770 2771 2772
f 2773 2774 2775
f 2776 2777 2778
f 2779 2780 2781
f 2782 2783 2784
f 2785 2786 2787
f 2788 2789 2790
f 2791 2792 2793
f 2794 2795 2796
f 2797 2798 2799
f 2800 2801 2802
f 2803 2804 2805
f 2806 2807 2808
f 2809 2810 2811
f 2812 2813 2814
f 2815 2816 2817
f 2818 2819 2820
f 2821 2822 2823
f 2824 2825 2826
f 2827 2828 2829
f 2830 2831 2832
f 2833 2834 2835
f 2836 2837 2838
f 2839 2840 2841
f 2842 2843 2844
f 2845 2846 2847
f 2848 2849 2850
f 2851 2852 2853
f 2854 2855 2856
f 2857 2858 2859
f 2860 2861 2862
f 2863 2864 2865
f 2866 2867 2868
f 2869 2870 2871
f 2872 2873 2874
f 2875 2876 2877
f 2878 2879 2880
f 2881 2882 2883
f 2884 2885 2886
f 2887 2888 2889
f 2890 2891 2892
f 2893 2894 2895
f 2896 2897 2898
f 2899 2900 2901
f 2902 2903 2904
f 2905 2906 2907
f 2908 2909 2910
f 2911 2912 2913
f 2914 2915 2916
f 2917 2918 2919
f 2920 2921 2922
f 2923 2924 2925
f 2926 2927 2928
f 2929 2930 2931
f 2932 2933 2934
f 2935 2936 2937
f 2938 2939 2940
f 2941 2942 2943
f 2944 2945 2946
f 2947 2948 2949
f 2950 2951 2952
f 2953 2954 2955
f 2956 2957 2958
f 2959 2960 2961
f 2962 2963 2964
f 2965 2966 2967
f 2968 2969 2970
f 2971 2972 2973
f 2974 2975 2976
f 2977 2978 2979
f 2980 2981 2982
f 2983 2984 2985
f 2986 2987 2988
f 2989 2990 2991
f 2992 2993 2994
f 2995 2996 2997
f 2998 2999 3000
f 3001 3002 3003
f 3004 3005 3006
f 3007 3008 3009
f 3010 3011 3012
f 3013 3014 3015
f 3016 3017 3018
f 3019 3020 3021
f 3022 3023 3024
f 3025 3026 3027
f 3028 3029 3030
f 3031 3032 3033
f 3034 3035 3036
f 3037 3038 3039
f 3040 3041 3042
f 3043 3044 3045
f 3046 3047 3048
f 3049 3050 3051
f 3052 3053 3054
f 3055 3056 3057
f 3058 3059 3060
f 3061 3062 3063
f 3064 3065 3066
f 3067 3068 3069
f 3070 3071 3072
f 3073 3074 3075
f 3076 3077 3078
f 3079 3080 3081
f 3082 3083 3084
f 3085 3086 3087
f 3088 3089 3090
f 3091 3092 3093
f 3094 3095 3096
f 3097 3098 3099
f 3100 3101 3102
f 3103 3104 3105
f 3106 3107 3108
f 3109 3110 3111
f 3112 3113 3114
f 3115 3116 3117
f 3118 3119 3120
f 3121 3122 3123
f 3124 3125 3126
f 3127 3128 3129
f 3130 3131 3132
f 3133 3134 3135
f 3136 3137 3138
f 3139 3140 3141
f 3142 3143 3144
f 3145 3146 3147
f 3148 3149 3150
f 3151 3152 3153
f 3154 3155 3156
f 3157 3158 3159
f 3160 3161 3162
f 3163 3164 3165
f 3166 3167 3168
f 3169 3170 3171
f 3172 3173 3174
f 3175 3176 3177
f 3178 3179 3180
f 3181 3182 3183
f 3184 3185 3186
f 3187 3188 3189
f 3190 3191 3192
f 3193 3194 3195
f 3196 3197 3198
f 3199 3200 3201
f 3202 3203 3204
f 3205 3206 3207
f 3208 3209 3210
f 3211 3212 3213
f 3214 3215 3216
f 3217 3218 3219
f 3220 3221 3222
f 3223 3224 3225
f 3226 3227 3228
f 3229 3230 3231
f 3232 3233 3234
f 3235 3236 3237
f 3238 3239 3240
f 3241 3242 3243
f 3244 3245 3246
f 3247 3248 3249
f 3250 3251 3252
f 3253 3254 3255
f 3256 3257 3258
f 3259 3260 3261
f 3262 3263 3264
f 3265 3266 3267
f 3268 3269 3270
f 3271 3272 3273
f 3274 3275 3276
f 3277 3278 3279
f 3280 3281 3282
f 3283 3284 3285
f 3286 3287 3288
f 3289 3290 3291
f 3292 3293 3294
f 3295 3296 3297
f 3298 3299 3300
f 3301 3302 3303
f 3304 3305 3306
f 3307 3308 3309
f 3310 3311 3312
f 3313 3314 3315
f 3316 3317 3318
f 3319 3320 3321
f 3322 3323 3324
f 3325 3326 3327
f 3328 3329 3330
f 3331 3332 3333
f 3334 3335 3336
f 3337 3338 3339
f 3340 3341 3342
f 3343 3344 3345
f 3346 3347 3348
f 3349 3350 3351
f 3352 3353 3354
f 3355 3356 3357
f 3358 3359 3360
f 3361 3362 3363
f 3364 3365 3366
f 3367 3368 3369
f 3370 3371 3372
f 3373 3374 3375
f 3376 3377 3378
f 3379 3380 3381
f 3382 3383 3384
f 3385 3386 3387
f 3388 3389 3390
f 3391 3392 3393
f 3394 3395 3396
f 3397 3398 3399
f 3400 3401 3402
f 3403 3404 3405
f 3406 3407 3408
f 3409 3410 3411
f 3412 3413 3414
f 3415 3416 3417
f 3418 3419 3420
f 3421 3422 3423
f 3424 3425 3426
f 3427 3428 3429
f 3430 3431 3432
f 3433 3434 3435
f 3436 3437 3438
f 3439 3440 3441
f 3442 3443 3444
f 3445 3446 3447
f 3448 3449 3450
f 3451 3452 3453
f 3454 3455 3456
f 3457 3458 3459
f 3460 3461 3462
f 3463 3464 3465
f 3466 3467 3468
f 3469 3470 3471
f 3472 3473 3474
f 3475 3476 3477
f 3478 3479 3480
f 3481 3482 3483
f 3484 3485 3486
f 3487 3488 3489
f 3490 3491 3492
f 3493 3494 3495
f 3496 3497 3498
f 3499 3500 3501
f 3502 3503 3504
f 3505 3506 3507
f 3508 3509 3510
f 3511 3512 3513
f 3514 3515 3516
f 3517 3518 3519
f 3520 3521 3522
f 3523 3524 3525
f 3526 3527 3528
f 3529 3530 3531
f 3532 3533 3534
f 3535 3536 3537
f 3538 3539 3540
f 3541 3542 3543
f 3544 3545 3546
f 3547 3548 3549
f 3550 3551 3552
f 3553 3554 3555
f 3556 3557 3558
f 3559 3560 3561
f 3562 3563 3564
f 3565 3566 3567
f 3568 3569 3570
f 3571 3572 3573
f 3574 3575 3576
f 3577 3578 3579
f 3580 3581 3582
f 3583 3584 3585
f 3586 3587 3588
f 3589 3590 3591
f 3592 3593 3594
f 3595 3596 3597
f 3598 3599 3600
f 3601 3602 3603
f 3604 3605 3606
f 3607 3608 3609
f 3610 3611 3612
f 3613 3614 3615
f 3616 3617 3618
f 3619 3620 3621
f 3622 3623 3624
f 3625 3626 3627
f 3628 3629 3630
f 3631 3632 3633
f 3634 3635 3636
f 3637 3638 3639
f 3640 3641 3642
f 3643 3644 3645
f 3646 3647 3648
f 3649 3650 3651
f 3652 3653 3654
f 3655 3656 3657
f 3658 3659 3660
f 3661 3662 3663
f 3664 3665 3666
f 3667 3668 3669
f 3670 3671 3672
f 3673 3674 3675
f 3676 3677 3678
f 3679 3680 3681
f 3682 3683 3684
f 3685 3686 3687
f 3688 3689 3690
f 3691 3692 3693
f 3694 3695 3696
f 3697 3698 3699
f 3700 3701 3702
f 3703 3704 3705
f 3706 3707 3708
f 3709 3710 3711
f 3712 3713 3714
f 3715 3716 3717
f 3718 3719 3720
f 3721 3722 3723
f 3724 3725 3726
f 3727 3728 3729
f 3730 3731 3732
f 3733 3734 3735
f 3736 3737 3738
f 3739 3740 3741
f 3742 3743 3744
f 3745 3746 3747
f 3748 3749 3750
f 3751 3752 3753
f 3754 3755 3756
f 3757 3758 3759
f 3760 3761 3762
f 3763 3764 3765
f 3766 3767 3768
f 3769 3770 3771
f 3772 3773 3774
f 3775 3776 3777
f 3778 3779 3780
f 3781 3782 3783
f 3784 3785 3786
f 3787 3788 3789
f 3790 3791 3792
f 3793 3794 3795
f 3796 3797 3798
f 3799 3800 3801
f 3802 3803 3804
f 3805 3806 3807
f 3808 3809 3810
f 3811 3812 3813
f 3814 3815 3816
f 3817 3818 3819
f 3820 3821 3822
f 3823 3824 3825
f 3826 3827 3828
f 3829 3830 3831
f 3832 3833 3834
f 3835 3836 3837
f 3838 3839 3840
f 3841 3842 3843
f 3844 3845 3846
f 3847 3848 3849
f 3850 3851 3852
f 3853 3854 3855
f 3856 3857 3858
f 3859 3860 3861
f 3862 3863 3864
f 3865 3866 3867
f 3868 3869 3870
f 3871 3872 3873
f 3874 3875 3876
f 3877 3878 3879
f 3880 3881 3882
f 3883 3884 3885
f 3886 3887 3888
f 3889 3890 3891
f 3892 3893 3894
f 3895 3896 3897
f 3898 3899 3900
f 3901 3902 3903
f 3904 3905 3906
f 3907 3908 3909
f 3910 3911 3912
f 3913 3914 3915
f 3916 3917 3918
f 3919 3920 3921
f 3922 3923 3924
f 3925 3926 3927
f 3928 3929 3930
f 3931 3932 3933
f 3934 3935 3936
f 3937 3938 3939
f 3940 3941 3942
f 3943 3944 3945
f 3946 3947 3948
f 3949 3950 3951
f 3952 3953 3954
f 3955 3956 3957
f 3958 3959 3960
f 3961 3962 3963
f 3964 3965 3966
f 3967 3968 3969
f 3970 3971 3972
f 3973 3974 3975
f 3976 3977 3978
f 3979 3980 3981
f 3982 3983 3984
f 3985 3986 3987
f 3988 3989 3990
f 3991 3992 3993
f 3994 3995 3996
f 3997 3998 3999
f 4000 4001 4002
f 4003 4004 4005
f 4006 4007 4008
f 4009 4010 4011
f 4012 4013 4014
f 4015 4016 4017
f 4018 4019 4020
f 4021 4022 4023
f 4024 4025 4026
f 4027 4028 4029
f 4030 4031 4032
f 4033 4034 4035
f 4036 4037 4038
f 4039 4040 4041
f 4042 4043 4044
f 4045 4046 4047
f 4048 4049 4050
f 4051 4052 4053
f 4054 4055 4056
f 4057 4058 4059
f 4060 4061 4062
f 4063 4064 4065
f 4066 4067 4068
f 4069 4070 4071
f 4072 4073 4074
f 4075 4076 4077
f 4078 4079 4080
f 4081 4082 4083
f 4084 4085 4086
f 4087 4088 4089
f 4090 4091 4092
f 4093 4094 4095
f 4096 4097 4098
f 4099 4100 4101
f 4102 4103 4104
f 4105 4106 4107
f 4108 4109 4110
f 4111 4112 4113
f 4114 4115 4116
f 4117 4118 4119
f 4120 4121 4122
f 4123 4124 4125
f 4126 4127 4128
f 4129 4130 4131
f 4132 4133 4134
f 4135 4136 4137
f 4138 4139 4140
f 4141 4142 4143
f 4144 4145 4146
f 4147 4148 4149
f 4150 4151 4152
f 4153 4154 4155
f 4156 4157 4158
f 4159 4160 4161
f 4162 4163 4164
f 4165 4166 4167
f 4168 4169 4170
f 4171 4172 4173
f 4174 4175 4176
f 4177 4178 4179
f 4180 4181 4182
f 4183 4184 4185
f 4186 4187 4188
f 4189 4190 4191
f 4192 4193 4194
f 4195 4196 4197
f 4198 4199 4200
f 4201 4202 4203
f 4204 4205 4206
f 4207 4208 4209
f 4210 4211 4212
f 4213 4214 4215
f 4216 4217 4218
f 4219 4220 4221
f 4222 4223 4224
f 4225 4226 4227
f 4228 4229 4230
f 4231 4232 4233
f 4234 4235 4236
f 4237 4238 4239
f 4240 4241 4242
f 4243 4244 4245
f 4246 4247 4248
f 4249 4250 4251
f 4252 4253 4254
f 4255 4256 4257
f 4258 4259 4260
f 4261 4262 4263
f 4264 4265 4266
f 4267 4268 4269
f 4270 4271 4272
f 4273 4274 4275
f 4276 4277 4278
f 4279 4280 4281
f 4282 4283 4284
f 4285 4286 4287
f 4288 4289 4290
f 4291 4292 4293
f 4294 4295 4296
f 4297 4298 4299
f 4300 4301 4302
f 4303 4304 4305
f 4306 4307 4308
f 4309 4310 4311
f 4312 4313 4314
f 4315 4316 4317
f 4318 4319 4320
f 4321 4322 4323
f 4324 4325 4326
f 4327 4328 4329
f 4330 4331 4332
f 4333 4334 4335
f 4336 4337 4338
f 4339 4340 4341
f 4342 4343 4344
f 4345 4346 4347
f 4348 4349 4350
f 4351 4352 4353
f 4354 4355 4356
f 4357 4358 4359
f 4360 4361 4362
f 4363 4364 4365
f 4366 4367 4368
f 4369 4370 4371
f 4372 4373 4374
f 4375 4376 4377
f 4378 4379 4380
f 4381 4382 4383
f 4384 4385 4386
f 4387 4388 4389
f 4390 4391 4392
f 4393 4394 4395
f 4396 4397 4398
f 4399 4400 4401
f 4402 4403 4404
f 4405 4406 4407
f 4408 4409 4410
f 4411 4412 4413
f 4414 4415 4416
f 4417 4418 4419
f 4420 4421 4422
f 4423 4424 4425
f 4426 4427 4428
f 4429 4430 4431
f 4432 4433 4434
f 4435 4436 4437
f 4438 4439 4440
f 4441 4442 4443
f 4444 4445 4446
f 4447 4448 4449
f 4450 4451 4452
f 4453 4454 4455
f 4456 4457 4458
f 4459 4460 4461
f 4462 4463 4464
f 4465 4466 4467
f 4468 4469 4470
f 4471 4472 4473
f 4474 4475 4476
f 4477 4478 4479
f 4480 4481 4482
f 4483 4484 4485
f 4486 4487 4488
f 4489 4490 4491
f 4492 4493 4494
f 4495 4496 4497
f 4498 4499 4500
f 4501 4502 4503
f 4504 4505 4506
f 4507 4508 4509
f 4510 4511 4512
f 4513 4514 4515
f 4516 4517 4518
f 4519 4520 4521
f 4522 4523 4524
f 4525 4526 4527
f 4528 4529 4530
f 4531 4532 4533
f 4534 4535 4536
f 4537 4538 4539
f 4540 4541 4542
f 4543 4544 4545
f 4546 4547 4548
f 4549 4550 4551
f 4552 4553 4554
f 4555 4556 4557
f 4558 4559 4560
f 4561 4562 4563
f 4564 4565 4566
f 4567 4568 4569
f 4570 4571 4572
f 4573 4574 4575
f 4576 4577 4578
f 4579 4580 4581
f 4582 4583 4584
f 4585 4586 4587
f 4588 4589 4590
f 4591 4592 4593
f 4594 4595 4596
f 4597 4598 4599
f 4600 4601 4602
f 4603 4604 4605
f 4606 4607 4608
f 4609 4610 4611
f 4612 4613 4614
f 4615 4616 4617
f 4618 4619 4620
f 4621 4622 4623
f 4624 4625 4626
f 4627 4628 4629
f 4630 4631 4632
f 4633 4634 4635
f 4636 4637 4638
f 4639 4640 4641
f 4642 4643 4644
f 4645 4646 4647
f 4648 4649 4650
f 4651 4652 4653
f 4654 4655 4656
f 4657 4658 4659
f 4660 4661 4662
f 4663 4664 4665
f 4666 4667 4668
f 4669 4670 4671
f 4672 4673 4674
f 4675 4676 4677
f 4678 4679 4680
f 4681 4682 4683
f 4684 4685 4686
f 4687 4688 4689
f 4690 4691 4692
f 4693 4694 4695
f 4696 4697 4698
f 4699 4700 4701
f 4702 4703 4704
f 4705 4706 4707
f 4708 4709 4710
f 4711 4712 4713
f 4714 4715 4716
f 4717 4718 4719
f 4720 4721 4722
f 4723 4724 4725
f 4726 4727 4728
f 4729 4730 4731
f 4732 4733 4734
f 4735 4736 4737
f 4738 4739 4740
f 4741 4742 4743
f 4744 4745 4746
f 4747 4748 4749
f 4750 4751 4752
f 4753 4754 4755
f 4756 4757 4758
f 4759 4760 4761
f 4762 4763 4764
f 4765 4766 4767
f 4768 4769 4770
f 4771 4772 4773
f 4774 4775 4776
f 4777 4778 4779
f 4780 4781 4782
f 4783 4784 4785
f 4786 4787 4788
f 4789 4790 4791
f 4792 4793 4794
f 4795 4796 4797
f 4798 4799 4800
f 4801 4802 4803
f 4804 4805 4806
f 4807 4808 4809
f 4810 4811 4812
f 4813 4814 4815
f 4816 4817 4818
f 4819 4820 4821
f 4822 4823 4824
f 4825 4826 4827
f 4828 4829 4830
f 4831 4832 4833
f 4834 4835 4836
f 4837 4838 4839
f 4840 4841 4842
f 4843 4844 4845
f 4846 4847 4848
f 4849 4850 4851
f 4852 4853 4854
f 4855 4856 4857
f 4858 4859 4860
f 4861 4862 4863
f 4864 4865 4866
f 4867 4868 4869
f 4870 4871 4872
f 4873 4874 4875
f 4876 4877 4878
f 4879 4880 4881
f 4882 4883 4884
f 4885 4886 4887
f 4888 4889 4890
f 4891 4892 4893
f 4894 4895 4896
f 4897 4898 4899
f 4900 4901 4902
f 4903 4904 4905
f 4906 4907 4908
f 4909 4910 4911
f 4912 4913 4914
f 4915 4916 4917
f 4918 4919 4920
f 4921 4922 4923
f 4924 4925 4926
f 4927 4928 4929
f 4930 4931 4932
f 4933 4934 4935
f 4936 4937 4938
f 4939 4940 4941
f 4942 4943 4944
f 4945 4946 4947
f 4948 4949 4950
f 4951 4952 4953
f 4954 4955 4956
f 4957 4958 4959
f 4960 4961 4962
f 4963 4964 4965
f 4966 4967 4968
f 4969 4970 4971
f 4972 4973 4974
f 4975 4976 4977
f 4978 4979 4980
f 4981 4982 4983
f 4984 4985 4986
f 4987 4988 4989
f 4990 4991 4992
f 4993 4994 4995
f 4996 4997 4998
f 4999 5000 5001
f 5002 5003 5004
f 5005 5006 5007
f 5008 5009 5010
f 5011 5012 5013
f 5014 5015 5016
f 5017 5018 5019
f 5020 5021 5022
f 5023 5024 5025
f 5026 5027 5028
