mtllib elfin10_l_elfin_link2_collisions_elfin_link2_node_STL_BINARY__mesh.mtl
v -0.004044951405376196 0.02642262727022171 0.1994999796152115
v -0.009706802666187286 -0.06128633767366409 0.1994999796152115
v 0.0001639466790948063 0.025688286870718002 0.1994999796152115
v 0.0001639466790948063 0.025688286870718002 0.1994999796152115
v -0.009706802666187286 -0.06128633767366409 0.1994999796152115
v 0.009706802666187286 -0.06128633767366409 0.1994999796152115
v 0.0001639466790948063 0.025688286870718002 0.1994999796152115
v 0.009706802666187286 -0.06128633767366409 0.1994999796152115
v 0.004244695417582989 0.026590967550873756 0.1994999796152115
v -0.008207802660763264 0.028974484652280807 0.1994999796152115
v -0.043876174837350845 -0.043876174837350845 0.1994999796152115
v -0.004044951405376196 0.02642262727022171 0.1994999796152115
v -0.004044951405376196 0.02642262727022171 0.1994999796152115
v -0.043876174837350845 -0.043876174837350845 0.1994999796152115
v -0.028170237317681313 -0.055287204682826996 0.1994999796152115
v -0.004044951405376196 0.02642262727022171 0.1994999796152115
v -0.028170237317681313 -0.055287204682826996 0.1994999796152115
v -0.009706802666187286 -0.06128633767366409 0.1994999796152115
v 0.009706802666187286 -0.06128633767366409 0.1994999796152115
v 0.028170237317681313 -0.055287204682826996 0.1994999796152115
v 0.004244695417582989 0.026590967550873756 0.1994999796152115
v 0.004244695417582989 0.026590967550873756 0.1994999796152115
v 0.028170237317681313 -0.055287204682826996 0.1994999796152115
v 0.043876174837350845 -0.043876174837350845 0.1994999796152115
v 0.004244695417582989 0.026590967550873756 0.1994999796152115
v 0.043876174837350845 -0.043876174837350845 0.1994999796152115
v 0.008150934241712093 0.029130470007658005 0.1994999796152115
v -0.011730383150279522 0.03304319083690643 0.1994999796152115
v -0.06128633767366409 -0.009706802666187286 0.1994999796152115
v -0.008207802660763264 0.028974484652280807 0.1994999796152115
v -0.008207802660763264 0.028974484652280807 0.1994999796152115
v -0.06128633767366409 -0.009706802666187286 0.1994999796152115
v -0.055287204682826996 -0.028170237317681313 0.1994999796152115
v -0.008207802660763264 0.028974484652280807 0.1994999796152115
v -0.055287204682826996 -0.028170237317681313 0.1994999796152115
v -0.043876174837350845 -0.043876174837350845 0.1994999796152115
v 0.030901318415999413 0.05380841717123985 0.1994999796152115
v 0.019158093258738518 0.059018682688474655 0.1994999796152115
v 0.01769614964723587 0.04981667920947075 0.19949999451637268
v 0.043876174837350845 -0.043876174837350845 0.1994999796152115
v 0.055287204682826996 -0.028170237317681313 0.1994999796152115
v 0.008150934241712093 0.029130470007658005 0.1994999796152115
v 0.008150934241712093 0.029130470007658005 0.1994999796152115
v 0.055287204682826996 -0.028170237317681313 0.1994999796152115
v 0.06128633767366409 -0.009706802666187286 0.1994999796152115
v 0.008150934241712093 0.029130470007658005 0.1994999796152115
v 0.06128633767366409 -0.009706802666187286 0.1994999796152115
v 0.011848918162286282 0.033617038279771805 0.1994999796152115
v -0.014889753423631191 0.039116330444812775 0.1994999796152115
v -0.06063470244407654 0.01317839790135622 0.1994999796152115
v -0.011730383150279522 0.03304319083690643 0.1994999796152115
v -0.011730383150279522 0.03304319083690643 0.1994999796152115
v -0.06063470244407654 0.01317839790135622 0.1994999796152115
v -0.06205028295516968 -1.8712809080057013e-13 0.1994999796152115
v -0.011730383150279522 0.03304319083690643 0.1994999796152115
v -0.06205028295516968 -1.8712809080057013e-13 0.1994999796152115
v -0.06128633767366409 -0.009706802666187286 0.1994999796152115
v 0.06128633767366409 -0.009706802666187286 0.1994999796152115
v 0.06205028295516968 -1.8712809080057013e-13 0.1994999796152115
v 0.011848918162286282 0.033617038279771805 0.1994999796152115
v 0.011848918162286282 0.033617038279771805 0.1994999796152115
v 0.06205028295516968 -1.8712809080057013e-13 0.1994999796152115
v 0.06062221899628639 0.01323571428656578 0.1994999796152115
v 0.011848918162286282 0.033617038279771805 0.1994999796152115
v 0.06062221899628639 0.01323571428656578 0.1994999796152115
v 0.015048960223793983 0.04025609418749809 0.1994999796152115
v 0.015048960223793983 0.04025609418749809 0.1994999796152115
v 0.06062221899628639 0.01323571428656578 0.1994999796152115
v 0.05465707555413246 0.02937416359782219 0.1994999796152115
v 0.015048960223793983 0.04025609418749809 0.1994999796152115
v 0.05465707555413246 0.02937416359782219 0.1994999796152115
v 0.01769614964723587 0.04981667920947075 0.19949999451637268
v 0.01769614964723587 0.04981667920947075 0.19949999451637268
v 0.05465707555413246 0.02937416359782219 0.1994999796152115
v 0.04448952525854111 0.043254125863313675 0.1994999796152115
v 0.01769614964723587 0.04981667920947075 0.19949999451637268
v 0.04448952525854111 0.043254125863313675 0.1994999796152115
v 0.030901318415999413 0.05380841717123985 0.1994999796152115
v -0.01948404498398304 0.05891187861561775 0.1994999796152115
v -0.031149350106716156 0.05366521701216698 0.1994999796152115
v -0.01739879883825779 0.047079265117645264 0.19949999451637268
v -0.01739879883825779 0.047079265117645264 0.19949999451637268
v -0.031149350106716156 0.05366521701216698 0.1994999796152115
v -0.04463599622249603 0.04310296103358269 0.1994999796152115
v -0.01739879883825779 0.047079265117645264 0.19949999451637268
v -0.04463599622249603 0.04310296103358269 0.1994999796152115
v -0.014889753423631191 0.039116330444812775 0.1994999796152115
v -0.014889753423631191 0.039116330444812775 0.1994999796152115
v -0.04463599622249603 0.04310296103358269 0.1994999796152115
v -0.05472065508365631 0.02925555408000946 0.1994999796152115
v -0.014889753423631191 0.039116330444812775 0.1994999796152115
v -0.05472065508365631 0.02925555408000946 0.1994999796152115
v -0.06063470244407654 0.01317839790135622 0.1994999796152115
v -0.06205028295516968 -1.80855330711438e-13 0.19278189539909363
v -0.06205028295516968 -1.8712809080057013e-13 0.1994999796152115
v -0.06158473342657089 0.007586712948977947 0.1928371787071228
v -0.06158473342657089 0.007586712948977947 0.1928371787071228
v -0.06205028295516968 -1.8712809080057013e-13 0.1994999796152115
v -0.06063470244407654 0.01317839790135622 0.1994999796152115
v -0.06158473342657089 0.007586712948977947 0.1928371787071228
v -0.06063470244407654 0.01317839790135622 0.1994999796152115
v -0.05968765169382095 0.016959410160779953 0.19296395778656006
v -0.05968765169382095 0.016959410160779953 0.19296395778656006
v -0.06063470244407654 0.01317839790135622 0.1994999796152115
v -0.05472065508365631 0.02925555408000946 0.1994999796152115
v -0.05968765169382095 0.016959410160779953 0.19296395778656006
v -0.05472065508365631 0.02925555408000946 0.1994999796152115
v -0.05620071291923523 0.026300519704818726 0.19333834946155548
v -0.04463599622249603 0.04310296103358269 0.1994999796152115
v -0.044908370822668076 0.042819105088710785 0.19526752829551697
v -0.05472065508365631 0.02925555408000946 0.1994999796152115
v -0.05472065508365631 0.02925555408000946 0.1994999796152115
v -0.044908370822668076 0.042819105088710785 0.19526752829551697
v -0.05124586075544357 0.034987129271030426 0.19410476088523865
v -0.05472065508365631 0.02925555408000946 0.1994999796152115
v -0.05124586075544357 0.034987129271030426 0.19410476088523865
v -0.05620071291923523 0.026300519704818726 0.19333834946155548
v -0.01948404498398304 0.05891187861561775 0.1994999796152115
v -0.028981756418943405 0.054866157472133636 0.19817021489143372
v -0.031149350106716156 0.05366521701216698 0.1994999796152115
v -0.031149350106716156 0.05366521701216698 0.1994999796152115
v -0.028981756418943405 0.054866157472133636 0.19817021489143372
v -0.03475591167807579 0.05140295624732971 0.1971801370382309
v -0.031149350106716156 0.05366521701216698 0.1994999796152115
v -0.03475591167807579 0.05140295624732971 0.1971801370382309
v -0.04463599622249603 0.04310296103358269 0.1994999796152115
v -0.04463599622249603 0.04310296103358269 0.1994999796152115
v -0.03475591167807579 0.05140295624732971 0.1971801370382309
v -0.03765449672937393 0.04931912571191788 0.1966480314731598
v -0.04463599622249603 0.04310296103358269 0.1994999796152115
v -0.03765449672937393 0.04931912571191788 0.1966480314731598
v -0.044908370822668076 0.042819105088710785 0.19526752829551697
v 0.02974092774093151 0.5602158308029175 0.1679999828338623
v 0.03988523408770561 0.57039475440979 0.1679999828338623
v 0.02753385342657566 0.5765554904937744 0.16799993813037872
v 0.02753385342657566 0.5765554904937744 0.16799993813037872
v 0.03988523408770561 0.57039475440979 0.1679999828338623
v 0.04751316085457802 0.5855154395103455 0.1679999828338623
v 0.02753385342657566 0.5765554904937744 0.16799993813037872
v 0.04751316085457802 0.5855154395103455 0.1679999828338623
v 0.025461386889219284 0.5855204463005066 0.16799986362457275
v 0.025461386889219284 0.5855204463005066 0.16799986362457275
v 0.04751316085457802 0.5855154395103455 0.1679999828338623
v 0.0496719591319561 0.6000000238418579 0.1679999828338623
v 0.025461386889219284 0.5855204463005066 0.16799986362457275
v 0.0496719591319561 0.6000000238418579 0.1679999828338623
v 0.022826774045825005 0.5923030972480774 0.1679999828338623
v 0.022826774045825005 0.5923030972480774 0.1679999828338623
v 0.0496719591319561 0.6000000238418579 0.1679999828338623
v 0.04879213124513626 0.609307587146759 0.1679999828338623
v 0.022826774045825005 0.5923030972480774 0.1679999828338623
v 0.04879213124513626 0.609307587146759 0.1679999828338623
v 0.019392533227801323 0.5976362228393555 0.1679999828338623
v 0.019392533227801323 0.5976362228393555 0.1679999828338623
v 0.04879213124513626 0.609307587146759 0.1679999828338623
v 0.04275473952293396 0.6252850890159607 0.1679999828338623
v 0.019392533227801323 0.5976362228393555 0.1679999828338623
v 0.04275473952293396 0.6252850890159607 0.1679999828338623
v 0.014882272109389305 0.6018045544624329 0.16799995303153992
v 0.014882272109389305 0.6018045544624329 0.16799995303153992
v 0.04275473952293396 0.6252850890159607 0.1679999828338623
v 0.013477902859449387 0.6026988625526428 0.1679999679327011
v 0.013477902859449387 0.6026988625526428 0.1679999679327011
v 0.04275473952293396 0.6252850890159607 0.1679999828338623
v 0.031662099063396454 0.6382728815078735 0.1679999828338623
v 0.013477902859449387 0.6026988625526428 0.1679999679327011
v 0.031662099063396454 0.6382728815078735 0.1679999828338623
v 0.010200852528214455 0.6042070388793945 0.1679999828338623
v 0.010200852528214455 0.6042070388793945 0.1679999828338623
v 0.031662099063396454 0.6382728815078735 0.1679999828338623
v 0.016825774684548378 0.6467353701591492 0.1679999828338623
v 0.010200852528214455 0.6042070388793945 0.1679999828338623
v 0.016825774684548378 0.6467353701591492 0.1679999828338623
v 0.004827779717743397 0.6051869988441467 0.1679999977350235
v 0.004827779717743397 0.6051869988441467 0.1679999977350235
v 0.016825774684548378 0.6467353701591492 0.1679999828338623
v 1.51369936046476e-16 0.6496719717979431 0.1679999828338623
v 0.004827779717743397 0.6051869988441467 0.1679999977350235
v 1.51369936046476e-16 0.6496719717979431 0.1679999828338623
v -0.0002943639410659671 0.6048976182937622 0.1679999977350235
v -0.0002943639410659671 0.6048976182937622 0.1679999977350235
v 1.51369936046476e-16 0.6496719717979431 0.1679999828338623
v -0.016825774684548378 0.6467353701591492 0.1679999828338623
v -0.0002943639410659671 0.6048976182937622 0.1679999977350235
v -0.016825774684548378 0.6467353701591492 0.1679999828338623
v -0.004313724115490913 0.6032302975654602 0.1679999977350235
v -0.004313724115490913 0.6032302975654602 0.1679999977350235
v -0.016825774684548378 0.6467353701591492 0.1679999828338623
v -0.031662099063396454 0.6382728815078735 0.1679999828338623
v -0.004313724115490913 0.6032302975654602 0.1679999977350235
v -0.031662099063396454 0.6382728815078735 0.1679999828338623
v -0.009468846023082733 0.5990278124809265 0.1679999977350235
v -0.009468846023082733 0.5990278124809265 0.1679999977350235
v -0.031662099063396454 0.6382728815078735 0.1679999828338623
v -0.04275473952293396 0.6252850890159607 0.1679999828338623
v -0.009468846023082733 0.5990278124809265 0.1679999977350235
v -0.04275473952293396 0.6252850890159607 0.1679999828338623
v -0.014400877058506012 0.59334397315979 0.1680000275373459
v -0.014400877058506012 0.59334397315979 0.1680000275373459
v -0.04275473952293396 0.6252850890159607 0.1679999828338623
v -0.04879213124513626 0.609307587146759 0.1679999828338623
v -0.014400877058506012 0.59334397315979 0.1680000275373459
v -0.04879213124513626 0.609307587146759 0.1679999828338623
v -0.018593434244394302 0.5855222940444946 0.1679999977350235
v -0.018593434244394302 0.5855222940444946 0.1679999977350235
v -0.04879213124513626 0.609307587146759 0.1679999828338623
v -0.0496719591319561 0.6000000238418579 0.1679999828338623
v -0.018593434244394302 0.5855222940444946 0.1679999977350235
v -0.0496719591319561 0.6000000238418579 0.1679999828338623
v -0.02194037288427353 0.57547926902771 0.1679999828338623
v -0.02194037288427353 0.57547926902771 0.1679999828338623
v -0.0496719591319561 0.6000000238418579 0.1679999828338623
v -0.04702822491526604 0.5840109586715698 0.1679999828338623
v -0.02194037288427353 0.57547926902771 0.1679999828338623
v -0.04702822491526604 0.5840109586715698 0.1679999828338623
v -0.025182615965604782 0.5600627064704895 0.1680000126361847
v -0.025182615965604782 0.5600627064704895 0.1680000126361847
v -0.04702822491526604 0.5840109586715698 0.1679999828338623
v -0.037759751081466675 0.5677276253700256 0.1679999828338623
v -0.025182615965604782 0.5600627064704895 0.1680000126361847
v -0.037759751081466675 0.5677276253700256 0.1679999828338623
v -0.02562493458390236 0.5574480891227722 0.1679999828338623
v 0.049548521637916565 0.5965003371238708 0.1622375249862671
v 0.0496719591319561 0.6000000238418579 0.16228672862052917
v 0.0496719591319561 0.6000000238418579 0.1679999828338623
v 0.049548521637916565 0.5965003371238708 0.1622375249862671
v 0.0496719591319561 0.6000000238418579 0.1679999828338623
v 0.04830380901694298 0.5884221792221069 0.1622024029493332
v 0.04830380901694298 0.5884221792221069 0.1622024029493332
v 0.0496719591319561 0.6000000238418579 0.1679999828338623
v 0.04751316085457802 0.5855154395103455 0.1679999828338623
v 0.04830380901694298 0.5884221792221069 0.1622024029493332
v 0.04751316085457802 0.5855154395103455 0.1679999828338623
v 0.04751186817884445 0.5855112075805664 0.16228607296943665
v 0.02974092774093151 0.5602158308029175 0.1679999828338623
v 0.03599005937576294 0.5657652616500854 0.1658008098602295
v 0.03988523408770561 0.57039475440979 0.1679999828338623
v 0.03988523408770561 0.57039475440979 0.1679999828338623
v 0.03599005937576294 0.5657652616500854 0.1658008098602295
v 0.04139552265405655 0.572546124458313 0.16393448412418365
v 0.03988523408770561 0.57039475440979 0.1679999828338623
v 0.04139552265405655 0.572546124458313 0.16393448412418365
v 0.04751316085457802 0.5855154395103455 0.1679999828338623
v 0.04751316085457802 0.5855154395103455 0.1679999828338623
v 0.04139552265405655 0.572546124458313 0.16393448412418365
v 0.04565085843205452 0.5804218649864197 0.1626635044813156
v 0.04751316085457802 0.5855154395103455 0.1679999828338623
v 0.04565085843205452 0.5804218649864197 0.1626635044813156
v 0.04751186817884445 0.5855112075805664 0.16228607296943665
v -0.055023618042469025 0.5760694146156311 0.0859999880194664
v -0.056655123829841614 0.5802438259124756 0.0859999880194664
v 0.05537861958146095 0.6230915784835815 0.0859999880194664
v 0.05537861958146095 0.6230915784835815 0.0859999880194664
v -0.056655123829841614 0.5802438259124756 0.0859999880194664
v -0.058094851672649384 0.5849999785423279 0.085999995470047
v 0.05537861958146095 0.6230915784835815 0.0859999880194664
v -0.058094851672649384 0.5849999785423279 0.085999995470047
v -0.05981770530343056 0.5953169465065002 0.0859999880194664
v 0.05999999865889549 0.6000000238418579 0.0859999880194664
v 0.05951946973800659 0.5924341678619385 0.0859999880194664
v -0.052656520158052444 0.5712307691574097 0.0859999880194664
v -0.052656520158052444 0.5712307691574097 0.0859999880194664
v 0.05951946973800659 0.5924341678619385 0.0859999880194664
v 0.058094751089811325 0.5849999785423279 0.0859999880194664
v -0.052656520158052444 0.5712307691574097 0.0859999880194664
v 0.058094751089811325 0.5849999785423279 0.0859999880194664
v 0.056655123829841614 0.5802438259124756 0.0859999880194664
v -0.04302201792597771 0.6418224573135376 0.0859999880194664
v -0.033977970480918884 0.6494520902633667 0.0859999880194664
v -0.023612501099705696 0.655158519744873 0.0859999880194664
v -0.012328722514212132 0.6587198376655579 0.0859999880194664
v -0.0005654885317198932 0.6599973440170288 0.0859999880194664
v -0.05904487892985344 0.6106637120246887 0.0859999880194664
v -0.05904487892985344 0.6106637120246887 0.0859999880194664
v -0.0005654885317198932 0.6599973440170288 0.0859999880194664
v 0.011219746433198452 0.6589418053627014 0.0859999880194664
v -0.055023618042469025 0.5760694146156311 0.0859999880194664
v 0.05537861958146095 0.6230915784835815 0.0859999880194664
v -0.052656520158052444 0.5712307691574097 0.0859999880194664
v -0.052656520158052444 0.5712307691574097 0.0859999880194664
v 0.05537861958146095 0.6230915784835815 0.0859999880194664
v 0.05883342772722244 0.611774742603302 0.0859999880194664
v -0.052656520158052444 0.5712307691574097 0.0859999880194664
v 0.05883342772722244 0.611774742603302 0.0859999880194664
v 0.05999999865889549 0.6000000238418579 0.0859999880194664
v 0.056655123829841614 0.5802438259124756 0.0859999880194664
v 0.054806433618068695 0.5755757689476013 0.0859999880194664
v -0.052656520158052444 0.5712307691574097 0.0859999880194664
v -0.052656520158052444 0.5712307691574097 0.0859999880194664
v 0.054806433618068695 0.5755757689476013 0.0859999880194664
v 0.052656520158052444 0.5712307691574097 0.0859999880194664
v -0.052656520158052444 0.5712307691574097 0.0859999880194664
v 0.052656520158052444 0.5712307691574097 0.0859999880194664
v -0.050370823591947556 0.5673946142196655 0.0859999880194664
v -0.050370823591947556 0.5673946142196655 0.0859999880194664
v 0.052656520158052444 0.5712307691574097 0.0859999880194664
v 0.05005326867103577 0.5669094324111938 0.0859999880194664
v -0.050370823591947556 0.5673946142196655 0.0859999880194664
v 0.05005326867103577 0.5669094324111938 0.0859999880194664
v -0.04431982710957527 0.5595565438270569 0.0859999880194664
v -0.04431982710957527 0.5595565438270569 0.0859999880194664
v 0.05005326867103577 0.5669094324111938 0.0859999880194664
v -0.03702826425433159 0.5527886748313904 0.0859999880194664
v -0.04302201792597771 0.6418224573135376 0.0859999880194664
v -0.023612501099705696 0.655158519744873 0.0859999880194664
v -0.05039292946457863 0.6325663328170776 0.0859999880194664
v 0.011219746433198452 0.6589418053627014 0.0859999880194664
v 0.02256864309310913 0.6555938124656677 0.0859999880194664
v -0.05904487892985344 0.6106637120246887 0.0859999880194664
v -0.05904487892985344 0.6106637120246887 0.0859999880194664
v 0.02256864309310913 0.6555938124656677 0.0859999880194664
v 0.03303983435034752 0.6500837802886963 0.0859999880194664
v -0.05904487892985344 0.6106637120246887 0.0859999880194664
v 0.03303983435034752 0.6500837802886963 0.0859999880194664
v 0.04222608730196953 0.6426259279251099 0.0859999880194664
v -0.05981770530343056 0.5953169465065002 0.0859999880194664
v -0.06000012904405594 0.5999999642372131 0.085999995470047
v 0.05537861958146095 0.6230915784835815 0.0859999880194664
v 0.05537861958146095 0.6230915784835815 0.0859999880194664
v -0.06000012904405594 0.5999999642372131 0.085999995470047
v -0.05904487892985344 0.6106637120246887 0.0859999880194664
v 0.05537861958146095 0.6230915784835815 0.0859999880194664
v -0.05904487892985344 0.6106637120246887 0.0859999880194664
v 0.049770161509513855 0.633510410785675 0.0859999880194664
v 0.049770161509513855 0.633510410785675 0.0859999880194664
v -0.05904487892985344 0.6106637120246887 0.0859999880194664
v 0.04222608730196953 0.6426259279251099 0.0859999880194664
v -0.012328722514212132 0.6587198376655579 0.0859999880194664
v -0.05904487892985344 0.6106637120246887 0.0859999880194664
v -0.023612501099705696 0.655158519744873 0.0859999880194664
v -0.023612501099705696 0.655158519744873 0.0859999880194664
v -0.05904487892985344 0.6106637120246887 0.0859999880194664
v -0.05580401048064232 0.6220436692237854 0.0859999880194664
v -0.023612501099705696 0.655158519744873 0.0859999880194664
v -0.05580401048064232 0.6220436692237854 0.0859999880194664
v -0.05039292946457863 0.6325663328170776 0.0859999880194664
v 0.04395565390586853 0.5591612458229065 0.0859999880194664
v 0.036630623042583466 0.5524795055389404 0.0859999880194664
v 0.028274253010749817 0.5470811128616333 0.0859999880194664
v -0.010163110680878162 0.5408682227134705 0.0859999880194664
v -0.019741786643862724 0.5433388948440552 0.0859999880194664
v 0.05005326867103577 0.5669094324111938 0.0859999880194664
v 0.05005326867103577 0.5669094324111938 0.0859999880194664
v -0.019741786643862724 0.5433388948440552 0.0859999880194664
v -0.02874927967786789 0.5473378300666809 0.0859999880194664
v 0.05005326867103577 0.5669094324111938 0.0859999880194664
v -0.02874927967786789 0.5473378300666809 0.0859999880194664
v -0.03702826425433159 0.5527886748313904 0.0859999880194664
v 0.028274253010749817 0.5470811128616333 0.0859999880194664
v 0.019194280728697777 0.5431511402130127 0.0859999880194664
v 0.04395565390586853 0.5591612458229065 0.0859999880194664
v 0.04395565390586853 0.5591612458229065 0.0859999880194664
v 0.019194280728697777 0.5431511402130127 0.0859999880194664
v 0.009631107561290264 0.5407794117927551 0.0859999880194664
v 0.04395565390586853 0.5591612458229065 0.0859999880194664
v 0.009631107561290264 0.5407794117927551 0.0859999880194664
v 0.05005326867103577 0.5669094324111938 0.0859999880194664
v 0.05005326867103577 0.5669094324111938 0.0859999880194664
v 0.009631107561290264 0.5407794117927551 0.0859999880194664
v -0.0002518089022487402 0.5400005578994751 0.0859999880194664
v 0.05005326867103577 0.5669094324111938 0.0859999880194664
v -0.0002518089022487402 0.5400005578994751 0.0859999880194664
v -0.010163110680878162 0.5408682227134705 0.0859999880194664
v 0.055854953825473785 0.5761984586715698 0.08745976537466049
v 0.05724320933222771 0.5809497237205505 0.08746019005775452
v 0.05651845782995224 0.5760560631752014 0.08864188194274902
v -0.05420660227537155 0.5412520170211792 0.09350793063640594
v -0.054994698613882065 0.5585454106330872 0.0914885625243187
v -0.05161872133612633 0.5423683524131775 0.09238789230585098
v -0.05615299940109253 0.5729333162307739 0.08926176279783249
v -0.05662235990166664 0.5768565535545349 0.08846985548734665
v -0.05526871606707573 0.5721121430397034 0.08847025781869888
v -0.05196826905012131 0.5672338604927063 0.087447889149189
v -0.051445282995700836 0.5631213188171387 0.08847105503082275
v -0.053538985550403595 0.5675272345542908 0.08847065269947052
v -0.03702826425433159 0.5527886748313904 0.0859999880194664
v -0.0435122475028038 0.5552629828453064 0.08744916319847107
v -0.04431982710957527 0.5595565438270569 0.0859999880194664
v -0.04431982710957527 0.5595565438270569 0.0859999880194664
v -0.0435122475028038 0.5552629828453064 0.08744916319847107
v -0.049485765397548676 0.5630180239677429 0.08744831383228302
v -0.04431982710957527 0.5595565438270569 0.0859999880194664
v -0.049485765397548676 0.5630180239677429 0.08744831383228302
v -0.050370823591947556 0.5673946142196655 0.0859999880194664
v -0.052656520158052444 0.5712307691574097 0.0859999880194664
v -0.05196826905012131 0.5672338604927063 0.087447889149189
v -0.05409817025065422 0.571648895740509 0.08744746446609497
v -0.052656520158052444 0.5712307691574097 0.0859999880194664
v -0.05409817025065422 0.571648895740509 0.08744746446609497
v -0.055023618042469025 0.5760694146156311 0.0859999880194664
v -0.055023618042469025 0.5760694146156311 0.0859999880194664
v -0.05409817025065422 0.571648895740509 0.08744746446609497
v -0.05586332082748413 0.5762433409690857 0.08744703978300095
v -0.055023618042469025 0.5760694146156311 0.0859999880194664
v -0.05586332082748413 0.5762433409690857 0.08744703978300095
v -0.056655123829841614 0.5802438259124756 0.0859999880194664
v -0.056655123829841614 0.5802438259124756 0.0859999880194664
v -0.05586332082748413 0.5762433409690857 0.08744703978300095
v -0.057251572608947754 0.5809975862503052 0.08744661509990692
v -0.056655123829841614 0.5802438259124756 0.0859999880194664
v -0.057251572608947754 0.5809975862503052 0.08744661509990692
v -0.058094851672649384 0.5849999785423279 0.085999995470047
v -0.05196826905012131 0.5672338604927063 0.087447889149189
v -0.053538985550403595 0.5675272345542908 0.08847065269947052
v -0.05409817025065422 0.571648895740509 0.08744746446609497
v -0.05409817025065422 0.571648895740509 0.08744746446609497
v -0.053538985550403595 0.5675272345542908 0.08847065269947052
v -0.05526871606707573 0.5721121430397034 0.08847025781869888
v -0.05409817025065422 0.571648895740509 0.08744746446609497
v -0.05526871606707573 0.5721121430397034 0.08847025781869888
v -0.05586332082748413 0.5762433409690857 0.08744703978300095
v -0.05586332082748413 0.5762433409690857 0.08744703978300095
v -0.05526871606707573 0.5721121430397034 0.08847025781869888
v -0.05662235990166664 0.5768565535545349 0.08846985548734665
v -0.05586332082748413 0.5762433409690857 0.08744703978300095
v -0.05662235990166664 0.5768565535545349 0.08846985548734665
v -0.057251572608947754 0.5809975862503052 0.08744661509990692
v -0.04826286435127258 0.5506166815757751 0.09004804491996765
v -0.05271012336015701 0.5591558814048767 0.09004771709442139
v -0.051445282995700836 0.5631213188171387 0.08847105503082275
v -0.051445282995700836 0.5631213188171387 0.08847105503082275
v -0.05271012336015701 0.5591558814048767 0.09004771709442139
v -0.053538985550403595 0.5675272345542908 0.08847065269947052
v -0.053538985550403595 0.5675272345542908 0.08847065269947052
v -0.05271012336015701 0.5591558814048767 0.09004771709442139
v -0.05439838767051697 0.5637015700340271 0.09004755318164825
v -0.053538985550403595 0.5675272345542908 0.08847065269947052
v -0.05439838767051697 0.5637015700340271 0.09004755318164825
v -0.05526871606707573 0.5721121430397034 0.08847025781869888
v -0.05526871606707573 0.5721121430397034 0.08847025781869888
v -0.05439838767051697 0.5637015700340271 0.09004755318164825
v -0.0557137206196785 0.5684053301811218 0.09004738926887512
v -0.05526871606707573 0.5721121430397034 0.08847025781869888
v -0.0557137206196785 0.5684053301811218 0.09004738926887512
v -0.05615299940109253 0.5729333162307739 0.08926176279783249
v -0.05420660227537155 0.5412520170211792 0.09350793063640594
v -0.05161872133612633 0.5423683524131775 0.09238789230585098
v -0.05372040346264839 0.5212332606315613 0.09540709853172302
v -0.014545883983373642 0.37249284982681274 0.103851318359375
v -0.028765233233571053 0.37395304441452026 0.10385128110647202
v -0.023488039150834084 0.4291008710861206 0.10048885643482208
v -0.042367950081825256 0.37621140480041504 0.10385124385356903
v -0.03746866434812546 0.4351441264152527 0.10048883408308029
v -0.028765233233571053 0.37395304441452026 0.10385128110647202
v -0.028765233233571053 0.37395304441452026 0.10385128110647202
v -0.03746866434812546 0.4351441264152527 0.10048883408308029
v -0.030728798359632492 0.4317990243434906 0.10048884898424149
v -0.028765233233571053 0.37395304441452026 0.10385128110647202
v -0.030728798359632492 0.4317990243434906 0.10048884898424149
v -0.023488039150834084 0.4291008710861206 0.10048885643482208
v -0.05512590333819389 0.3790227174758911 0.10385120660066605
v -0.04904503747820854 0.44334039092063904 0.1004888191819191
v -0.042367950081825256 0.37621140480041504 0.10385124385356903
v -0.042367950081825256 0.37621140480041504 0.10385124385356903
v -0.04904503747820854 0.44334039092063904 0.1004888191819191
v -0.043597374111413956 0.43902313709259033 0.1004888266324997
v -0.042367950081825256 0.37621140480041504 0.10385124385356903
v -0.043597374111413956 0.43902313709259033 0.1004888266324997
v -0.03746866434812546 0.4351441264152527 0.10048883408308029
v 0.042368147522211075 0.37620577216148376 0.10385147482156754
v 0.04359741136431694 0.4390210807323456 0.10048894584178925
v 0.049045074731111526 0.443338006734848 0.10048895329236984
v 0.05512610077857971 0.3790152370929718 0.10385151207447052
v 0.042368147522211075 0.37620577216148376 0.10385147482156754
v 0.05486894026398659 0.3892800807952881 0.10341440886259079
v 0.05486894026398659 0.3892800807952881 0.10341440886259079
v 0.042368147522211075 0.37620577216148376 0.10385147482156754
v 0.049045074731111526 0.443338006734848 0.10048895329236984
v 0.05486894026398659 0.3892800807952881 0.10341440886259079
v 0.049045074731111526 0.443338006734848 0.10048895329236984
v 0.05376269668340683 0.4480140805244446 0.10048896074295044
v 0.05376269668340683 0.4480140805244446 0.10048896074295044
v 0.049045074731111526 0.443338006734848 0.10048895329236984
v 0.05348314717411995 0.49199897050857544 0.09769923985004425
v 0.02876543067395687 0.3739492893218994 0.10385143756866455
v 0.01454608142375946 0.3724909722805023 0.10385140031576157
v 0.01588703878223896 0.4271283745765686 0.10048890858888626
v 0.01588703878223896 0.4271283745765686 0.10048890858888626
v 0.02348807454109192 0.4290998578071594 0.10048891603946686
v 0.02876543067395687 0.3739492893218994 0.10385143756866455
v 0.02876543067395687 0.3739492893218994 0.10385143756866455
v 0.02348807454109192 0.4290998578071594 0.10048891603946686
v 0.030728833749890327 0.43179765343666077 0.10048892349004745
v 0.02876543067395687 0.3739492893218994 0.10385143756866455
v 0.030728833749890327 0.43179765343666077 0.10048892349004745
v 0.042368147522211075 0.37620577216148376 0.10385147482156754
v 0.042368147522211075 0.37620577216148376 0.10385147482156754
v 0.030728833749890327 0.43179765343666077 0.10048892349004745
v 0.03746870160102844 0.4351424276828766 0.10048893094062805
v 0.042368147522211075 0.37620577216148376 0.10385147482156754
v 0.03746870160102844 0.4351424276828766 0.10048893094062805
v 0.04359741136431694 0.4390210807323456 0.10048894584178925
v -0.023488039150834084 0.4291008710861206 0.10048885643482208
v -0.015887005254626274 0.4271290600299835 0.10048886388540268
v -0.014545883983373642 0.37249284982681274 0.103851318359375
v -0.014545883983373642 0.37249284982681274 0.103851318359375
v -0.015887005254626274 0.4271290600299835 0.10048886388540268
v -0.00802354421466589 0.42592480778694153 0.10048887878656387
v -0.014545883983373642 0.37249284982681274 0.103851318359375
v -0.00802354421466589 0.42592480778694153 0.10048887878656387
v 9.877616236053655e-08 0.3719877600669861 0.10385136306285858
v 9.877616236053655e-08 0.3719877600669861 0.10385136306285858
v -0.00802354421466589 0.42592480778694153 0.10048887878656387
v 1.7372300931128848e-08 0.42551544308662415 0.10048888623714447
v 9.877616236053655e-08 0.3719877600669861 0.10385136306285858
v 1.7372300931128848e-08 0.42551544308662415 0.10048888623714447
v 0.01454608142375946 0.3724909722805023 0.10385140031576157
v 0.01454608142375946 0.3724909722805023 0.10385140031576157
v 1.7372300931128848e-08 0.42551544308662415 0.10048888623714447
v 0.00802357867360115 0.4259244501590729 0.10048889368772507
v 0.01454608142375946 0.3724909722805023 0.10385140031576157
v 0.00802357867360115 0.4259244501590729 0.10048889368772507
v 0.01588703878223896 0.4271283745765686 0.10048890858888626
v 0.055260952562093735 0.5720571279525757 0.08848224580287933
v 0.05651845782995224 0.5760560631752014 0.08864188194274902
v 0.055710893124341965 0.5683730244636536 0.09005261957645416
v 0.055260952562093735 0.5720571279525757 0.08848224580287933
v 0.054395560175180435 0.5636712312698364 0.09005245566368103
v 0.0535312183201313 0.5674758553504944 0.0884818434715271
v 0.0535312183201313 0.5674758553504944 0.0884818434715271
v 0.054395560175180435 0.5636712312698364 0.09005245566368103
v 0.05270729213953018 0.5591275691986084 0.0900522917509079
v 0.0535312183201313 0.5674758553504944 0.0884818434715271
v 0.05270729213953018 0.5591275691986084 0.0900522917509079
v 0.05143751949071884 0.5630736351013184 0.08848144859075546
v 0.05143751949071884 0.5630736351013184 0.08848144859075546
v 0.05270729213953018 0.5591275691986084 0.0900522917509079
v 0.04899197444319725 0.5588701367378235 0.08848104625940323
v 0.055260952562093735 0.5720571279525757 0.08848224580287933
v 0.055710893124341965 0.5683730244636536 0.09005261957645416
v 0.054395560175180435 0.5636712312698364 0.09005245566368103
v 0.054395560175180435 0.5636712312698364 0.09005245566368103
v 0.055710893124341965 0.5683730244636536 0.09005261957645416
v 0.054484348744153976 0.5484791398048401 0.09271737933158875
v 0.054395560175180435 0.5636712312698364 0.09005245566368103
v 0.054484348744153976 0.5484791398048401 0.09271737933158875
v 0.05270729213953018 0.5591275691986084 0.0900522917509079
v 0.036630623042583466 0.5524795055389404 0.0859999880194664
v 0.04395565390586853 0.5591612458229065 0.0859999880194664
v 0.04350388050079346 0.5552330613136292 0.08745764195919037
v 0.04350388050079346 0.5552330613136292 0.08745764195919037
v 0.04395565390586853 0.5591612458229065 0.0859999880194664
v 0.05005326867103577 0.5669094324111938 0.0859999880194664
v 0.04350388050079346 0.5552330613136292 0.08745764195919037
v 0.05005326867103577 0.5669094324111938 0.0859999880194664
v 0.04947740212082863 0.5629821419715881 0.08745849132537842
v 0.04947740212082863 0.5629821419715881 0.08745849132537842
v 0.05005326867103577 0.5669094324111938 0.0859999880194664
v 0.052656520158052444 0.5712307691574097 0.0859999880194664
v 0.04947740212082863 0.5629821419715881 0.08745849132537842
v 0.052656520158052444 0.5712307691574097 0.0859999880194664
v 0.05195990204811096 0.5671949982643127 0.08745891600847244
v 0.05195990204811096 0.5671949982643127 0.08745891600847244
v 0.052656520158052444 0.5712307691574097 0.0859999880194664
v 0.054806433618068695 0.5755757689476013 0.0859999880194664
v 0.05195990204811096 0.5671949982643127 0.08745891600847244
v 0.054806433618068695 0.5755757689476013 0.0859999880194664
v 0.054089803248643875 0.5716069936752319 0.08745934069156647
v 0.054089803248643875 0.5716069936752319 0.08745934069156647
v 0.054806433618068695 0.5755757689476013 0.0859999880194664
v 0.056655123829841614 0.5802438259124756 0.0859999880194664
v 0.054089803248643875 0.5716069936752319 0.08745934069156647
v 0.056655123829841614 0.5802438259124756 0.0859999880194664
v 0.055854953825473785 0.5761984586715698 0.08745976537466049
v 0.055854953825473785 0.5761984586715698 0.08745976537466049
v 0.056655123829841614 0.5802438259124756 0.0859999880194664
v 0.058094751089811325 0.5849999785423279 0.0859999880194664
v 0.055854953825473785 0.5761984586715698 0.08745976537466049
v 0.058094751089811325 0.5849999785423279 0.0859999880194664
v 0.05724320933222771 0.5809497237205505 0.08746019005775452
v 0.05651845782995224 0.5760560631752014 0.08864188194274902
v 0.055260952562093735 0.5720571279525757 0.08848224580287933
v 0.055854953825473785 0.5761984586715698 0.08745976537466049
v 0.055854953825473785 0.5761984586715698 0.08745976537466049
v 0.055260952562093735 0.5720571279525757 0.08848224580287933
v 0.0535312183201313 0.5674758553504944 0.0884818434715271
v 0.055854953825473785 0.5761984586715698 0.08745976537466049
v 0.0535312183201313 0.5674758553504944 0.0884818434715271
v 0.054089803248643875 0.5716069936752319 0.08745934069156647
v 0.054089803248643875 0.5716069936752319 0.08745934069156647
v 0.0535312183201313 0.5674758553504944 0.0884818434715271
v 0.05143751949071884 0.5630736351013184 0.08848144859075546
v 0.054089803248643875 0.5716069936752319 0.08745934069156647
v 0.05143751949071884 0.5630736351013184 0.08848144859075546
v 0.05195990204811096 0.5671949982643127 0.08745891600847244
v 0.05195990204811096 0.5671949982643127 0.08745891600847244
v 0.05143751949071884 0.5630736351013184 0.08848144859075546
v 0.04899197444319725 0.5588701367378235 0.08848104625940323
v 0.05195990204811096 0.5671949982643127 0.08745891600847244
v 0.04899197444319725 0.5588701367378235 0.08848104625940323
v 0.04947740212082863 0.5629821419715881 0.08745849132537842
v 0.04947740212082863 0.5629821419715881 0.08745849132537842
v 0.04899197444319725 0.5588701367378235 0.08848104625940323
v 0.04309453070163727 0.5511384010314941 0.08848024904727936
v 0.04947740212082863 0.5629821419715881 0.08745849132537842
v 0.04309453070163727 0.5511384010314941 0.08848024904727936
v 0.04350388050079346 0.5552330613136292 0.08745764195919037
v 0.04350388050079346 0.5552330613136292 0.08745764195919037
v 0.04309453070163727 0.5511384010314941 0.08848024904727936
v 0.035978253930807114 0.5444713830947876 0.08847945183515549
v 0.04350388050079346 0.5552330613136292 0.08745764195919037
v 0.035978253930807114 0.5444713830947876 0.08847945183515549
v 0.036630623042583466 0.5524795055389404 0.0859999880194664
v 0.036630623042583466 0.5524795055389404 0.0859999880194664
v 0.035978253930807114 0.5444713830947876 0.08847945183515549
v 0.027863074094057083 0.5390945672988892 0.08847864717245102
v 0.036630623042583466 0.5524795055389404 0.0859999880194664
v 0.027863074094057083 0.5390945672988892 0.08847864717245102
v 0.028274253010749817 0.5470811128616333 0.0859999880194664
v 0.028274253010749817 0.5470811128616333 0.0859999880194664
v 0.027863074094057083 0.5390945672988892 0.08847864717245102
v 0.019029414281249046 0.5351662635803223 0.08847784996032715
v 0.028274253010749817 0.5470811128616333 0.0859999880194664
v 0.019029414281249046 0.5351662635803223 0.08847784996032715
v 0.019194280728697777 0.5431511402130127 0.0859999880194664
v 0.009539809077978134 0.524701714515686 0.09005033224821091
v 0.019029414281249046 0.5351662635803223 0.08847784996032715
v 0.018764426931738853 0.5270808935165405 0.09005066007375717
v 0.018764426931738853 0.5270808935165405 0.09005066007375717
v 0.019029414281249046 0.5351662635803223 0.08847784996032715
v 0.027863074094057083 0.5390945672988892 0.08847864717245102
v 0.018764426931738853 0.5270808935165405 0.09005066007375717
v 0.027863074094057083 0.5390945672988892 0.08847864717245102
v 0.02747008576989174 0.5309778451919556 0.09005098789930344
v 0.02747008576989174 0.5309778451919556 0.09005098789930344
v 0.027863074094057083 0.5390945672988892 0.08847864717245102
v 0.035978253930807114 0.5444713830947876 0.08847945183515549
v 0.02747008576989174 0.5309778451919556 0.09005098789930344
v 0.035978253930807114 0.5444713830947876 0.08847945183515549
v 0.03546329215168953 0.5363112092018127 0.0900513157248497
v 0.03546329215168953 0.5363112092018127 0.0900513157248497
v 0.035978253930807114 0.5444713830947876 0.08847945183515549
v 0.04309453070163727 0.5511384010314941 0.08848024904727936
v 0.03546329215168953 0.5363112092018127 0.0900513157248497
v 0.04309453070163727 0.5511384010314941 0.08848024904727936
v 0.042465969920158386 0.5429239273071289 0.09005163609981537
v 0.042465969920158386 0.5429239273071289 0.09005163609981537
v 0.04309453070163727 0.5511384010314941 0.08848024904727936
v 0.04899197444319725 0.5588701367378235 0.08848104625940323
v 0.042465969920158386 0.5429239273071289 0.09005163609981537
v 0.04899197444319725 0.5588701367378235 0.08848104625940323
v 0.04826003685593605 0.5505924224853516 0.09005196392536163
v 0.04826003685593605 0.5505924224853516 0.09005196392536163
v 0.04899197444319725 0.5588701367378235 0.08848104625940323
v 0.05270729213953018 0.5591275691986084 0.0900522917509079
v 0.019194280728697777 0.5431511402130127 0.0859999880194664
v 0.009672407992184162 0.5327686667442322 0.08847705274820328
v 0.009631107561290264 0.5407794117927551 0.0859999880194664
v 0.009631107561290264 0.5407794117927551 0.0859999880194664
v 0.009672407992184162 0.5327686667442322 0.08847705274820328
v -3.881967131746933e-06 0.5319563150405884 0.08847624808549881
v 0.009631107561290264 0.5407794117927551 0.0859999880194664
v -3.881967131746933e-06 0.5319563150405884 0.08847624808549881
v -0.0002518089022487402 0.5400005578994751 0.0859999880194664
v -0.0002518089022487402 0.5400005578994751 0.0859999880194664
v -3.881967131746933e-06 0.5319563150405884 0.08847624808549881
v -0.009680172428488731 0.5327759981155396 0.08847545087337494
v -0.0002518089022487402 0.5400005578994751 0.0859999880194664
v -0.009680172428488731 0.5327759981155396 0.08847545087337494
v -0.010163110680878162 0.5408682227134705 0.0859999880194664
v -0.010163110680878162 0.5408682227134705 0.0859999880194664
v -0.009680172428488731 0.5327759981155396 0.08847545087337494
v -0.01903717778623104 0.5351809859275818 0.08847465366125107
v -0.010163110680878162 0.5408682227134705 0.0859999880194664
v -0.01903717778623104 0.5351809859275818 0.08847465366125107
v -0.019741786643862724 0.5433388948440552 0.0859999880194664
v -0.019741786643862724 0.5433388948440552 0.0859999880194664
v -0.01903717778623104 0.5351809859275818 0.08847465366125107
v -0.027870837599039078 0.5391165614128113 0.0884738489985466
v -0.019741786643862724 0.5433388948440552 0.0859999880194664
v -0.027870837599039078 0.5391165614128113 0.0884738489985466
v -0.02874927967786789 0.5473378300666809 0.0859999880194664
v -0.02874927967786789 0.5473378300666809 0.0859999880194664
v -0.027870837599039078 0.5391165614128113 0.0884738489985466
v -0.03598601743578911 0.5445007681846619 0.08847305178642273
v -0.02874927967786789 0.5473378300666809 0.0859999880194664
v -0.03598601743578911 0.5445007681846619 0.08847305178642273
v -0.03702826425433159 0.5527886748313904 0.0859999880194664
v -0.03702826425433159 0.5527886748313904 0.0859999880194664
v -0.03598601743578911 0.5445007681846619 0.08847305178642273
v -0.04310229420661926 0.5511751174926758 0.08847225457429886
v -0.03702826425433159 0.5527886748313904 0.0859999880194664
v -0.04310229420661926 0.5511751174926758 0.08847225457429886
v -0.0435122475028038 0.5552629828453064 0.08744916319847107
v -0.0435122475028038 0.5552629828453064 0.08744916319847107
v -0.04310229420661926 0.5511751174926758 0.08847225457429886
v -0.048999737948179245 0.5589141845703125 0.08847145736217499
v -0.0435122475028038 0.5552629828453064 0.08744916319847107
v -0.048999737948179245 0.5589141845703125 0.08847145736217499
v -0.049485765397548676 0.5630180239677429 0.08744831383228302
v -0.052656520158052444 0.5712307691574097 0.0859999880194664
v -0.050370823591947556 0.5673946142196655 0.0859999880194664
v -0.05196826905012131 0.5672338604927063 0.087447889149189
v -0.05196826905012131 0.5672338604927063 0.087447889149189
v -0.050370823591947556 0.5673946142196655 0.0859999880194664
v -0.049485765397548676 0.5630180239677429 0.08744831383228302
v -0.05196826905012131 0.5672338604927063 0.087447889149189
v -0.049485765397548676 0.5630180239677429 0.08744831383228302
v -0.051445282995700836 0.5631213188171387 0.08847105503082275
v -0.051445282995700836 0.5631213188171387 0.08847105503082275
v -0.049485765397548676 0.5630180239677429 0.08744831383228302
v -0.048999737948179245 0.5589141845703125 0.08847145736217499
v -0.051445282995700836 0.5631213188171387 0.08847105503082275
v -0.048999737948179245 0.5589141845703125 0.08847145736217499
v -0.04826286435127258 0.5506166815757751 0.09004804491996765
v -0.04826286435127258 0.5506166815757751 0.09004804491996765
v -0.048999737948179245 0.5589141845703125 0.08847145736217499
v -0.04310229420661926 0.5511751174926758 0.08847225457429886
v -0.04826286435127258 0.5506166815757751 0.09004804491996765
v -0.04310229420661926 0.5511751174926758 0.08847225457429886
v -0.04246879741549492 0.5429441332817078 0.09004837274551392
v -0.04246879741549492 0.5429441332817078 0.09004837274551392
v -0.04310229420661926 0.5511751174926758 0.08847225457429886
v -0.03598601743578911 0.5445007681846619 0.08847305178642273
v -0.04246879741549492 0.5429441332817078 0.09004837274551392
v -0.03598601743578911 0.5445007681846619 0.08847305178642273
v -0.03546611964702606 0.5363273620605469 0.09004870057106018
v -0.03546611964702606 0.5363273620605469 0.09004870057106018
v -0.03598601743578911 0.5445007681846619 0.08847305178642273
v -0.027870837599039078 0.5391165614128113 0.0884738489985466
v -0.03546611964702606 0.5363273620605469 0.09004870057106018
v -0.027870837599039078 0.5391165614128113 0.0884738489985466
v -0.02747291512787342 0.530989944934845 0.09004902839660645
v -0.02747291512787342 0.530989944934845 0.09004902839660645
v -0.027870837599039078 0.5391165614128113 0.0884738489985466
v -0.01903717778623104 0.5351809859275818 0.08847465366125107
v -0.02747291512787342 0.530989944934845 0.09004902839660645
v -0.01903717778623104 0.5351809859275818 0.08847465366125107
v -0.018767256289720535 0.5270889401435852 0.09004934877157211
v -0.018767256289720535 0.5270889401435852 0.09004934877157211
v -0.01903717778623104 0.5351809859275818 0.08847465366125107
v -0.009680172428488731 0.5327759981155396 0.08847545087337494
v -0.018767256289720535 0.5270889401435852 0.09004934877157211
v -0.009680172428488731 0.5327759981155396 0.08847545087337494
v -0.009542638435959816 0.5247057676315308 0.09004967659711838
v -0.009542638435959816 0.5247057676315308 0.09004967659711838
v -0.009680172428488731 0.5327759981155396 0.08847545087337494
v -3.881967131746933e-06 0.5319563150405884 0.08847624808549881
v -0.009542638435959816 0.5247057676315308 0.09004967659711838
v -3.881967131746933e-06 0.5319563150405884 0.08847624808549881
v -1.4144148963168846e-06 0.5238945484161377 0.09005000442266464
v -1.4144148963168846e-06 0.5238945484161377 0.09005000442266464
v -3.881967131746933e-06 0.5319563150405884 0.08847624808549881
v 0.009672407992184162 0.5327686667442322 0.08847705274820328
v -2.802691483339004e-07 0.5082472562789917 0.09238851070404053
v 0.009539809077978134 0.524701714515686 0.09005033224821091
v 0.009320626966655254 0.509029746055603 0.09238860011100769
v 0.009320626966655254 0.509029746055603 0.09238860011100769
v 0.009539809077978134 0.524701714515686 0.09005033224821091
v 0.018764426931738853 0.5270808935165405 0.09005066007375717
v 0.009320626966655254 0.509029746055603 0.09238860011100769
v 0.018764426931738853 0.5270808935165405 0.09005066007375717
v 0.018335090950131416 0.511333703994751 0.09238868951797485
v 0.018335090950131416 0.511333703994751 0.09238868951797485
v 0.018764426931738853 0.5270808935165405 0.09005066007375717
v 0.02747008576989174 0.5309778451919556 0.09005098789930344
v 0.018335090950131416 0.511333703994751 0.09238868951797485
v 0.02747008576989174 0.5309778451919556 0.09005098789930344
v 0.02684725448489189 0.5151067972183228 0.09238877892494202
v 0.02684725448489189 0.5151067972183228 0.09238877892494202
v 0.02747008576989174 0.5309778451919556 0.09005098789930344
v 0.03546329215168953 0.5363112092018127 0.0900513157248497
v 0.02684725448489189 0.5151067972183228 0.09238877892494202
v 0.03546329215168953 0.5363112092018127 0.0900513157248497
v 0.03466983139514923 0.5202701091766357 0.09238886833190918
v 0.03466983139514923 0.5202701091766357 0.09238886833190918
v 0.03546329215168953 0.5363112092018127 0.0900513157248497
v 0.042465969920158386 0.5429239273071289 0.09005163609981537
v 0.03466983139514923 0.5202701091766357 0.09238886833190918
v 0.042465969920158386 0.5429239273071289 0.09005163609981537
v 0.04153367877006531 0.5266717672348022 0.09238895773887634
v 0.04153367877006531 0.5266717672348022 0.09238895773887634
v 0.042465969920158386 0.5429239273071289 0.09005163609981537
v 0.04826003685593605 0.5505924224853516 0.09005196392536163
v 0.04153367877006531 0.5266717672348022 0.09238895773887634
v 0.04826003685593605 0.5505924224853516 0.09005196392536163
v 0.047227706760168076 0.5340953469276428 0.0923890471458435
v 0.047227706760168076 0.5340953469276428 0.0923890471458435
v 0.04826003685593605 0.5505924224853516 0.09005196392536163
v 0.05270729213953018 0.5591275691986084 0.0900522917509079
v 0.047227706760168076 0.5340953469276428 0.0923890471458435
v 0.05270729213953018 0.5591275691986084 0.0900522917509079
v 0.05161815881729126 0.5423577427864075 0.09238913655281067
v 0.05161815881729126 0.5423577427864075 0.09238913655281067
v 0.05270729213953018 0.5591275691986084 0.0900522917509079
v 0.054484348744153976 0.5484791398048401 0.09271737933158875
v 0.019194280728697777 0.5431511402130127 0.0859999880194664
v 0.019029414281249046 0.5351662635803223 0.08847784996032715
v 0.009672407992184162 0.5327686667442322 0.08847705274820328
v 0.009672407992184162 0.5327686667442322 0.08847705274820328
v 0.019029414281249046 0.5351662635803223 0.08847784996032715
v 0.009539809077978134 0.524701714515686 0.09005033224821091
v 0.009672407992184162 0.5327686667442322 0.08847705274820328
v 0.009539809077978134 0.524701714515686 0.09005033224821091
v -1.4144148963168846e-06 0.5238945484161377 0.09005000442266464
v -1.4144148963168846e-06 0.5238945484161377 0.09005000442266464
v 0.009539809077978134 0.524701714515686 0.09005033224821091
v -2.802691483339004e-07 0.5082472562789917 0.09238851070404053
v -1.4144148963168846e-06 0.5238945484161377 0.09005000442266464
v -2.802691483339004e-07 0.5082472562789917 0.09238851070404053
v -0.009542638435959816 0.5247057676315308 0.09004967659711838
v -0.009542638435959816 0.5247057676315308 0.09004967659711838
v -2.802691483339004e-07 0.5082472562789917 0.09238851070404053
v -0.009321187622845173 0.5090312361717224 0.09238842129707336
v -0.009542638435959816 0.5247057676315308 0.09004967659711838
v -0.009321187622845173 0.5090312361717224 0.09238842129707336
v -0.018767256289720535 0.5270889401435852 0.09004934877157211
v -0.018767256289720535 0.5270889401435852 0.09004934877157211
v -0.009321187622845173 0.5090312361717224 0.09238842129707336
v -0.018335651606321335 0.5113367438316345 0.0923883393406868
v -0.018767256289720535 0.5270889401435852 0.09004934877157211
v -0.018335651606321335 0.5113367438316345 0.0923883393406868
v -0.02747291512787342 0.530989944934845 0.09004902839660645
v -0.02747291512787342 0.530989944934845 0.09004902839660645
v -0.018335651606321335 0.5113367438316345 0.0923883393406868
v -0.02684781514108181 0.5151113271713257 0.09238824993371964
v -0.02747291512787342 0.530989944934845 0.09004902839660645
v -0.02684781514108181 0.5151113271713257 0.09238824993371964
v -0.03546611964702606 0.5363273620605469 0.09004870057106018
v -0.03546611964702606 0.5363273620605469 0.09004870057106018
v -0.02684781514108181 0.5151113271713257 0.09238824993371964
v -0.0346703939139843 0.5202761888504028 0.09238816052675247
v -0.03546611964702606 0.5363273620605469 0.09004870057106018
v -0.0346703939139843 0.5202761888504028 0.09238816052675247
v -0.04246879741549492 0.5429441332817078 0.09004837274551392
v -0.04246879741549492 0.5429441332817078 0.09004837274551392
v -0.0346703939139843 0.5202761888504028 0.09238816052675247
v -0.04153423756361008 0.5266793370246887 0.09238807111978531
v -0.04246879741549492 0.5429441332817078 0.09004837274551392
v -0.04153423756361008 0.5266793370246887 0.09238807111978531
v -0.04826286435127258 0.5506166815757751 0.09004804491996765
v -0.04826286435127258 0.5506166815757751 0.09004804491996765
v -0.04153423756361008 0.5266793370246887 0.09238807111978531
v -0.04722826927900314 0.5341044664382935 0.09238798171281815
v -0.04826286435127258 0.5506166815757751 0.09004804491996765
v -0.04722826927900314 0.5341044664382935 0.09238798171281815
v -0.05271012336015701 0.5591558814048767 0.09004771709442139
v -0.05271012336015701 0.5591558814048767 0.09004771709442139
v -0.04722826927900314 0.5341044664382935 0.09238798171281815
v -0.05161872133612633 0.5423683524131775 0.09238789230585098
v -0.05271012336015701 0.5591558814048767 0.09004771709442139
v -0.05161872133612633 0.5423683524131775 0.09238789230585098
v -0.05439838767051697 0.5637015700340271 0.09004755318164825
v -0.05439838767051697 0.5637015700340271 0.09004755318164825
v -0.05161872133612633 0.5423683524131775 0.09238789230585098
v -0.054994698613882065 0.5585454106330872 0.0914885625243187
v -0.05439838767051697 0.5637015700340271 0.09004755318164825
v -0.054994698613882065 0.5585454106330872 0.0914885625243187
v -0.0557137206196785 0.5684053301811218 0.09004738926887512
v 0.054484348744153976 0.5484791398048401 0.09271737933158875
v 0.053656913340091705 0.5169246792793274 0.09577392041683197
v 0.05161815881729126 0.5423577427864075 0.09238913655281067
v 0.05161815881729126 0.5423577427864075 0.09238913655281067
v 0.053656913340091705 0.5169246792793274 0.09577392041683197
v 0.05032934993505478 0.5090353488922119 0.09577376395463943
v 0.05161815881729126 0.5423577427864075 0.09238913655281067
v 0.05032934993505478 0.5090353488922119 0.09577376395463943
v 0.047227706760168076 0.5340953469276428 0.0923890471458435
v 0.047227706760168076 0.5340953469276428 0.0923890471458435
v 0.05032934993505478 0.5090353488922119 0.09577376395463943
v 0.04576985910534859 0.5017520785331726 0.0957736149430275
v 0.047227706760168076 0.5340953469276428 0.0923890471458435
v 0.04576985910534859 0.5017520785331726 0.0957736149430275
v 0.04153367877006531 0.5266717672348022 0.09238895773887634
v 0.04153367877006531 0.5266717672348022 0.09238895773887634
v 0.04576985910534859 0.5017520785331726 0.0957736149430275
v 0.0400610975921154 0.4952083230018616 0.09577346593141556
v 0.04153367877006531 0.5266717672348022 0.09238895773887634
v 0.0400610975921154 0.4952083230018616 0.09577346593141556
v 0.03466983139514923 0.5202701091766357 0.09238886833190918
v 0.03466983139514923 0.5202701091766357 0.09238886833190918
v 0.0400610975921154 0.4952083230018616 0.09577346593141556
v 0.033320989459753036 0.48956552147865295 0.09577331691980362
v 0.03466983139514923 0.5202701091766357 0.09238886833190918
v 0.033320989459753036 0.48956552147865295 0.09577331691980362
v 0.02684725448489189 0.5151067972183228 0.09238877892494202
v 0.02684725448489189 0.5151067972183228 0.09238877892494202
v 0.033320989459753036 0.48956552147865295 0.09577331691980362
v 0.025735627859830856 0.4850144684314728 0.09577316045761108
v 0.02684725448489189 0.5151067972183228 0.09238877892494202
v 0.025735627859830856 0.4850144684314728 0.09577316045761108
v 0.018335090950131416 0.511333703994751 0.09238868951797485
v 0.018335090950131416 0.511333703994751 0.09238868951797485
v 0.025735627859830856 0.4850144684314728 0.09577316045761108
v 0.01754230633378029 0.48168912529945374 0.09577301144599915
v 0.018335090950131416 0.511333703994751 0.09238868951797485
v 0.01754230633378029 0.48168912529945374 0.09577301144599915
v 0.009320626966655254 0.509029746055603 0.09238860011100769
v 0.009320626966655254 0.509029746055603 0.09238860011100769
v 0.01754230633378029 0.48168912529945374 0.09577301144599915
v 0.008906140923500061 0.47965899109840393 0.09577286243438721
v 0.009320626966655254 0.509029746055603 0.09238860011100769
v 0.008906140923500061 0.47965899109840393 0.09577286243438721
v -2.802691483339004e-07 0.5082472562789917 0.09238851070404053
v -2.802691483339004e-07 0.5082472562789917 0.09238851070404053
v 0.008906140923500061 0.47965899109840393 0.09577286243438721
v -1.9563287878554547e-07 0.4789702594280243 0.09577271342277527
v -2.802691483339004e-07 0.5082472562789917 0.09238851070404053
v -1.9563287878554547e-07 0.4789702594280243 0.09577271342277527
v -0.009321187622845173 0.5090312361717224 0.09238842129707336
v -0.009321187622845173 0.5090312361717224 0.09238842129707336
v -1.9563287878554547e-07 0.4789702594280243 0.09577271342277527
v -0.0089065320789814 0.47966256737709045 0.09577256441116333
v -0.009321187622845173 0.5090312361717224 0.09238842129707336
v -0.0089065320789814 0.47966256737709045 0.09577256441116333
v -0.018335651606321335 0.5113367438316345 0.0923883393406868
v -0.018335651606321335 0.5113367438316345 0.0923883393406868
v -0.0089065320789814 0.47966256737709045 0.09577256441116333
v -0.017542697489261627 0.4816962778568268 0.0957724079489708
v -0.018335651606321335 0.5113367438316345 0.0923883393406868
v -0.017542697489261627 0.4816962778568268 0.0957724079489708
v -0.02684781514108181 0.5151113271713257 0.09238824993371964
v -0.02684781514108181 0.5151113271713257 0.09238824993371964
v -0.017542697489261627 0.4816962778568268 0.0957724079489708
v -0.025736019015312195 0.48502519726753235 0.09577225893735886
v -0.02684781514108181 0.5151113271713257 0.09238824993371964
v -0.025736019015312195 0.48502519726753235 0.09577225893735886
v -0.0346703939139843 0.5202761888504028 0.09238816052675247
v -0.0346703939139843 0.5202761888504028 0.09238816052675247
v -0.025736019015312195 0.48502519726753235 0.09577225893735886
v -0.033321380615234375 0.48957985639572144 0.09577210992574692
v -0.0346703939139843 0.5202761888504028 0.09238816052675247
v -0.033321380615234375 0.48957985639572144 0.09577210992574692
v -0.04153423756361008 0.5266793370246887 0.09238807111978531
v -0.04153423756361008 0.5266793370246887 0.09238807111978531
v -0.033321380615234375 0.48957985639572144 0.09577210992574692
v -0.04006148874759674 0.4952262341976166 0.09577196091413498
v -0.04153423756361008 0.5266793370246887 0.09238807111978531
v -0.04006148874759674 0.4952262341976166 0.09577196091413498
v -0.04722826927900314 0.5341044664382935 0.09238798171281815
v -0.04722826927900314 0.5341044664382935 0.09238798171281815
v -0.04006148874759674 0.4952262341976166 0.09577196091413498
v -0.045770250260829926 0.5017735362052917 0.09577181190252304
v -0.04722826927900314 0.5341044664382935 0.09238798171281815
v -0.045770250260829926 0.5017735362052917 0.09577181190252304
v -0.05161872133612633 0.5423683524131775 0.09238789230585098
v -0.05161872133612633 0.5423683524131775 0.09238789230585098
v -0.045770250260829926 0.5017735362052917 0.09577181190252304
v -0.05032974109053612 0.5090603828430176 0.0957716554403305
v -0.05161872133612633 0.5423683524131775 0.09238789230585098
v -0.05032974109053612 0.5090603828430176 0.0957716554403305
v -0.05372040346264839 0.5212332606315613 0.09540709853172302
v -0.05372040346264839 0.5212332606315613 0.09540709853172302
v -0.05032974109053612 0.5090603828430176 0.0957716554403305
v -0.053762659430503845 0.44801679253578186 0.1004888117313385
v 0.05512610077857971 0.3790152370929718 0.10385151207447052
v 0.05705714225769043 0.31509315967559814 0.10615374147891998
v 0.042368147522211075 0.37620577216148376 0.10385147482156754
v 0.042368147522211075 0.37620577216148376 0.10385147482156754
v 0.05705714225769043 0.31509315967559814 0.10615374147891998
v 0.057233359664678574 0.3100000023841858 0.10630704462528229
v 0.042368147522211075 0.37620577216148376 0.10385147482156754
v 0.057233359664678574 0.3100000023841858 0.10630704462528229
v 0.02876543067395687 0.3739492893218994 0.10385143756866455
v 0.02876543067395687 0.3739492893218994 0.10385143756866455
v 0.057233359664678574 0.3100000023841858 0.10630704462528229
v 0.028616679832339287 0.3100000023841858 0.10630704462528229
v 0.02876543067395687 0.3739492893218994 0.10385143756866455
v 0.028616679832339287 0.3100000023841858 0.10630704462528229
v 0.01454608142375946 0.3724909722805023 0.10385140031576157
v 0.01454608142375946 0.3724909722805023 0.10385140031576157
v 0.028616679832339287 0.3100000023841858 0.10630704462528229
v 0.014308339916169643 0.3100000023841858 0.10630704462528229
v 0.01454608142375946 0.3724909722805023 0.10385140031576157
v 0.014308339916169643 0.3100000023841858 0.10630704462528229
v 9.877616236053655e-08 0.3719877600669861 0.10385136306285858
v 9.877616236053655e-08 0.3719877600669861 0.10385136306285858
v 0.014308339916169643 0.3100000023841858 0.10630704462528229
v -6.432181454130159e-10 0.3100000023841858 0.10630704462528229
v 9.877616236053655e-08 0.3719877600669861 0.10385136306285858
v -6.432181454130159e-10 0.3100000023841858 0.10630704462528229
v -0.014545883983373642 0.37249284982681274 0.103851318359375
v -0.014545883983373642 0.37249284982681274 0.103851318359375
v -6.432181454130159e-10 0.3100000023841858 0.10630704462528229
v -0.014308340847492218 0.3100000023841858 0.10630704462528229
v -0.014545883983373642 0.37249284982681274 0.103851318359375
v -0.014308340847492218 0.3100000023841858 0.10630704462528229
v -0.028765233233571053 0.37395304441452026 0.10385128110647202
v -0.028765233233571053 0.37395304441452026 0.10385128110647202
v -0.014308340847492218 0.3100000023841858 0.10630704462528229
v -0.028616681694984436 0.3100000023841858 0.10630704462528229
v -0.028765233233571053 0.37395304441452026 0.10385128110647202
v -0.028616681694984436 0.3100000023841858 0.10630704462528229
v -0.042367950081825256 0.37621140480041504 0.10385124385356903
v -0.042367950081825256 0.37621140480041504 0.10385124385356903
v -0.028616681694984436 0.3100000023841858 0.10630704462528229
v -0.057233359664678574 0.3100000023841858 0.10630704462528229
v -0.042367950081825256 0.37621140480041504 0.10385124385356903
v -0.057233359664678574 0.3100000023841858 0.10630704462528229
v -0.05512590333819389 0.3790227174758911 0.10385120660066605
v -0.05512590333819389 0.3790227174758911 0.10385120660066605
v -0.053762659430503845 0.44801679253578186 0.1004888117313385
v -0.04904503747820854 0.44334039092063904 0.1004888191819191
v -0.04904503747820854 0.44334039092063904 0.1004888191819191
v -0.053762659430503845 0.44801679253578186 0.1004888117313385
v -0.05032974109053612 0.5090603828430176 0.0957716554403305
v -0.04904503747820854 0.44334039092063904 0.1004888191819191
v -0.05032974109053612 0.5090603828430176 0.0957716554403305
v -0.043597374111413956 0.43902313709259033 0.1004888266324997
v -0.043597374111413956 0.43902313709259033 0.1004888266324997
v -0.05032974109053612 0.5090603828430176 0.0957716554403305
v -0.045770250260829926 0.5017735362052917 0.09577181190252304
v -0.043597374111413956 0.43902313709259033 0.1004888266324997
v -0.045770250260829926 0.5017735362052917 0.09577181190252304
v -0.03746866434812546 0.4351441264152527 0.10048883408308029
v -0.03746866434812546 0.4351441264152527 0.10048883408308029
v -0.045770250260829926 0.5017735362052917 0.09577181190252304
v -0.04006148874759674 0.4952262341976166 0.09577196091413498
v -0.03746866434812546 0.4351441264152527 0.10048883408308029
v -0.04006148874759674 0.4952262341976166 0.09577196091413498
v -0.030728798359632492 0.4317990243434906 0.10048884898424149
v -0.030728798359632492 0.4317990243434906 0.10048884898424149
v -0.04006148874759674 0.4952262341976166 0.09577196091413498
v -0.033321380615234375 0.48957985639572144 0.09577210992574692
v -0.030728798359632492 0.4317990243434906 0.10048884898424149
v -0.033321380615234375 0.48957985639572144 0.09577210992574692
v -0.023488039150834084 0.4291008710861206 0.10048885643482208
v -0.023488039150834084 0.4291008710861206 0.10048885643482208
v -0.033321380615234375 0.48957985639572144 0.09577210992574692
v -0.025736019015312195 0.48502519726753235 0.09577225893735886
v -0.023488039150834084 0.4291008710861206 0.10048885643482208
v -0.025736019015312195 0.48502519726753235 0.09577225893735886
v -0.015887005254626274 0.4271290600299835 0.10048886388540268
v -0.015887005254626274 0.4271290600299835 0.10048886388540268
v -0.025736019015312195 0.48502519726753235 0.09577225893735886
v -0.017542697489261627 0.4816962778568268 0.0957724079489708
v -0.015887005254626274 0.4271290600299835 0.10048886388540268
v -0.017542697489261627 0.4816962778568268 0.0957724079489708
v -0.00802354421466589 0.42592480778694153 0.10048887878656387
v -0.00802354421466589 0.42592480778694153 0.10048887878656387
v -0.017542697489261627 0.4816962778568268 0.0957724079489708
v -0.0089065320789814 0.47966256737709045 0.09577256441116333
v -0.00802354421466589 0.42592480778694153 0.10048887878656387
v -0.0089065320789814 0.47966256737709045 0.09577256441116333
v 1.7372300931128848e-08 0.42551544308662415 0.10048888623714447
v 1.7372300931128848e-08 0.42551544308662415 0.10048888623714447
v -0.0089065320789814 0.47966256737709045 0.09577256441116333
v -1.9563287878554547e-07 0.4789702594280243 0.09577271342277527
v 1.7372300931128848e-08 0.42551544308662415 0.10048888623714447
v -1.9563287878554547e-07 0.4789702594280243 0.09577271342277527
v 0.00802357867360115 0.4259244501590729 0.10048889368772507
v 0.00802357867360115 0.4259244501590729 0.10048889368772507
v -1.9563287878554547e-07 0.4789702594280243 0.09577271342277527
v 0.008906140923500061 0.47965899109840393 0.09577286243438721
v 0.00802357867360115 0.4259244501590729 0.10048889368772507
v 0.008906140923500061 0.47965899109840393 0.09577286243438721
v 0.01588703878223896 0.4271283745765686 0.10048890858888626
v 0.01588703878223896 0.4271283745765686 0.10048890858888626
v 0.008906140923500061 0.47965899109840393 0.09577286243438721
v 0.01754230633378029 0.48168912529945374 0.09577301144599915
v 0.01588703878223896 0.4271283745765686 0.10048890858888626
v 0.01754230633378029 0.48168912529945374 0.09577301144599915
v 0.02348807454109192 0.4290998578071594 0.10048891603946686
v 0.02348807454109192 0.4290998578071594 0.10048891603946686
v 0.01754230633378029 0.48168912529945374 0.09577301144599915
v 0.025735627859830856 0.4850144684314728 0.09577316045761108
v 0.02348807454109192 0.4290998578071594 0.10048891603946686
v 0.025735627859830856 0.4850144684314728 0.09577316045761108
v 0.030728833749890327 0.43179765343666077 0.10048892349004745
v 0.030728833749890327 0.43179765343666077 0.10048892349004745
v 0.025735627859830856 0.4850144684314728 0.09577316045761108
v 0.033320989459753036 0.48956552147865295 0.09577331691980362
v 0.030728833749890327 0.43179765343666077 0.10048892349004745
v 0.033320989459753036 0.48956552147865295 0.09577331691980362
v 0.03746870160102844 0.4351424276828766 0.10048893094062805
v 0.03746870160102844 0.4351424276828766 0.10048893094062805
v 0.033320989459753036 0.48956552147865295 0.09577331691980362
v 0.0400610975921154 0.4952083230018616 0.09577346593141556
v 0.03746870160102844 0.4351424276828766 0.10048893094062805
v 0.0400610975921154 0.4952083230018616 0.09577346593141556
v 0.04359741136431694 0.4390210807323456 0.10048894584178925
v 0.04359741136431694 0.4390210807323456 0.10048894584178925
v 0.0400610975921154 0.4952083230018616 0.09577346593141556
v 0.04576985910534859 0.5017520785331726 0.0957736149430275
v 0.04359741136431694 0.4390210807323456 0.10048894584178925
v 0.04576985910534859 0.5017520785331726 0.0957736149430275
v 0.049045074731111526 0.443338006734848 0.10048895329236984
v 0.049045074731111526 0.443338006734848 0.10048895329236984
v 0.04576985910534859 0.5017520785331726 0.0957736149430275
v 0.05032934993505478 0.5090353488922119 0.09577376395463943
v 0.049045074731111526 0.443338006734848 0.10048895329236984
v 0.05032934993505478 0.5090353488922119 0.09577376395463943
v 0.05348314717411995 0.49199897050857544 0.09769923985004425
v 0.05348314717411995 0.49199897050857544 0.09769923985004425
v 0.05032934993505478 0.5090353488922119 0.09577376395463943
v 0.053656913340091705 0.5169246792793274 0.09577392041683197
v 0.05552641302347183 0.5924301147460938 0.14275550842285156
v 0.05243252217769623 0.5924206376075745 0.16150055825710297
v 0.05083306133747101 0.5849999189376831 0.16149979829788208
v 0.057655565440654755 0.5849999785423279 0.10464796423912048
v 0.058094751089811325 0.5849999785423279 0.0859999880194664
v 0.05951946973800659 0.5924341678619385 0.0859999880194664
v 0.05627515912055969 0.5850000381469727 0.12392431497573853
v 0.05763933062553406 0.5849999785423279 0.10498930513858795
v 0.059056542813777924 0.5924389362335205 0.10499241948127747
v 0.059056542813777924 0.5924389362335205 0.10499241948127747
v 0.05763933062553406 0.5849999785423279 0.10498930513858795
v 0.057655565440654755 0.5849999785423279 0.10464796423912048
v 0.05627515912055969 0.5850000381469727 0.12392431497573853
v 0.057726502418518066 0.5924367904663086 0.12391476333141327
v 0.05402165278792381 0.5849999785423279 0.14265912771224976
v 0.05402165278792381 0.5849999785423279 0.14265912771224976
v 0.057726502418518066 0.5924367904663086 0.12391476333141327
v 0.05552641302347183 0.5924301147460938 0.14275550842285156
v 0.05402165278792381 0.5849999785423279 0.14265912771224976
v 0.05552641302347183 0.5924301147460938 0.14275550842285156
v 0.05400535836815834 0.5849999785423279 0.14277176558971405
v 0.05400535836815834 0.5849999785423279 0.14277176558971405
v 0.05552641302347183 0.5924301147460938 0.14275550842285156
v 0.05083306133747101 0.5849999189376831 0.16149979829788208
v 0.057655565440654755 0.5849999785423279 0.10464796423912048
v 0.05951946973800659 0.5924341678619385 0.0859999880194664
v 0.059056542813777924 0.5924389362335205 0.10499241948127747
v 0.059056542813777924 0.5924389362335205 0.10499241948127747
v 0.05951946973800659 0.5924341678619385 0.0859999880194664
v 0.05999999865889549 0.6000000238418579 0.0859999880194664
v 0.059056542813777924 0.5924389362335205 0.10499241948127747
v 0.05999999865889549 0.6000000238418579 0.0859999880194664
v 0.05824628472328186 0.6000000238418579 0.12391189485788345
v 0.05627515912055969 0.5850000381469727 0.12392431497573853
v 0.059056542813777924 0.5924389362335205 0.10499241948127747
v 0.057726502418518066 0.5924367904663086 0.12391476333141327
v 0.057726502418518066 0.5924367904663086 0.12391476333141327
v 0.059056542813777924 0.5924389362335205 0.10499241948127747
v 0.05824628472328186 0.6000000238418579 0.12391189485788345
v 0.057726502418518066 0.5924367904663086 0.12391476333141327
v 0.05824628472328186 0.6000000238418579 0.12391189485788345
v 0.05552641302347183 0.5924301147460938 0.14275550842285156
v 0.05552641302347183 0.5924301147460938 0.14275550842285156
v 0.05824628472328186 0.6000000238418579 0.12391189485788345
v 0.05299999937415123 0.6000000238418579 0.1614999920129776
v 0.05552641302347183 0.5924301147460938 0.14275550842285156
v 0.05299999937415123 0.6000000238418579 0.1614999920129776
v 0.05243252217769623 0.5924206376075745 0.16150055825710297
v 0.040628183633089066 0.6410204172134399 0.12391189485788345
v 0.037299662828445435 0.6376528739929199 0.1615000069141388
v 0.04053688421845436 0.6341428756713867 0.1615000218153
v 0.040628183633089066 0.6410204172134399 0.12391189485788345
v 0.04053688421845436 0.6341428756713867 0.1615000218153
v 0.048055119812488556 0.6321136951446533 0.12391189485788345
v 0.018100807443261147 0.6498135328292847 0.16149994730949402
v 0.026462921872735023 0.6459211707115173 0.16149988770484924
v 0.03165585547685623 0.6483651399612427 0.12391189485788345
v 0.03165585547685623 0.6483651399612427 0.12391189485788345
v 0.026462921872735023 0.6459211707115173 0.16149988770484924
v 0.02918514981865883 0.6442406177520752 0.1614999920129776
v 0.03165585547685623 0.6483651399612427 0.12391189485788345
v 0.02918514981865883 0.6442406177520752 0.1614999920129776
v 0.040628183633089066 0.6410204172134399 0.12391189485788345
v 0.040628183633089066 0.6410204172134399 0.12391189485788345
v 0.02918514981865883 0.6442406177520752 0.1614999920129776
v 0.0340258851647377 0.6406360864639282 0.16149984300136566
v 0.040628183633089066 0.6410204172134399 0.12391189485788345
v 0.0340258851647377 0.6406360864639282 0.16149984300136566
v 0.037299662828445435 0.6376528739929199 0.1615000069141388
v -0.00933176651597023 0.6521720886230469 0.1614999920129776
v -6.293471233220771e-05 0.6529999375343323 0.1614999920129776
v -0.0005326895625330508 0.6582435965538025 0.12391189485788345
v -0.0005326895625330508 0.6582435965538025 0.12391189485788345
v -6.293471233220771e-05 0.6529999375343323 0.1614999920129776
v 0.009174054488539696 0.6522001028060913 0.1614999771118164
v -0.0005326895625330508 0.6582435965538025 0.12391189485788345
v 0.009174054488539696 0.6522001028060913 0.1614999771118164
v 0.010634388774633408 0.657180666923523 0.12391189485788345
v 0.010634388774633408 0.657180666923523 0.12391189485788345
v 0.009174054488539696 0.6522001028060913 0.1614999771118164
v 0.018100807443261147 0.6498135328292847 0.16149994730949402
v 0.010634388774633408 0.657180666923523 0.12391189485788345
v 0.018100807443261147 0.6498135328292847 0.16149994730949402
v 0.021516209468245506 0.6538330316543579 0.12391189485788345
v 0.021516209468245506 0.6538330316543579 0.12391189485788345
v 0.018100807443261147 0.6498135328292847 0.16149994730949402
v 0.03165585547685623 0.6483651399612427 0.12391189485788345
v -0.0005326895625330508 0.6582435965538025 0.12391189485788345
v -0.01169249601662159 0.6569578647613525 0.12391189485788345
v -0.00933176651597023 0.6521720886230469 0.1614999920129776
v -0.00933176651597023 0.6521720886230469 0.1614999920129776
v -0.01169249601662159 0.6569578647613525 0.12391189485788345
v -0.02252284251153469 0.6533994674682617 0.12391189485788345
v -0.00933176651597023 0.6521720886230469 0.1614999920129776
v -0.02252284251153469 0.6533994674682617 0.12391189485788345
v -0.01834702119231224 0.6497232913970947 0.1614999771118164
v -0.01834702119231224 0.6497232913970947 0.1614999771118164
v -0.02252284251153469 0.6533994674682617 0.12391189485788345
v -0.026828231289982796 0.6457082033157349 0.1614999920129776
v -0.026828231289982796 0.6457082033157349 0.1614999920129776
v -0.02252284251153469 0.6533994674682617 0.12391189485788345
v -0.032568804919719696 0.6477407813072205 0.12391189485788345
v -0.026828231289982796 0.6457082033157349 0.1614999920129776
v -0.032568804919719696 0.6477407813072205 0.12391189485788345
v -0.030013957992196083 0.6436828374862671 0.16149994730949402
v -0.030013957992196083 0.6436828374862671 0.16149994730949402
v -0.032568804919719696 0.6477407813072205 0.12391189485788345
v -0.03447310999035835 0.6402574181556702 0.16149988770484924
v -0.03447310999035835 0.6402574181556702 0.16149988770484924
v -0.032568804919719696 0.6477407813072205 0.12391189485788345
v -0.04140911623835564 0.6402323842048645 0.12391189485788345
v -0.03447310999035835 0.6402574181556702 0.16149988770484924
v -0.04140911623835564 0.6402323842048645 0.12391189485788345
v -0.03800278156995773 0.6369431614875793 0.1614999920129776
v -0.04867090657353401 0.6311953663825989 0.12391189485788345
v -0.04168517142534256 0.6327313780784607 0.1614999771118164
v -0.04140911623835564 0.6402323842048645 0.12391189485788345
v -0.04140911623835564 0.6402323842048645 0.12391189485788345
v -0.04168517142534256 0.6327313780784607 0.1614999771118164
v -0.041028477251529694 0.633550763130188 0.1614999771118164
v -0.04140911623835564 0.6402323842048645 0.12391189485788345
v -0.041028477251529694 0.633550763130188 0.1614999771118164
v -0.03800278156995773 0.6369431614875793 0.1614999920129776
v -0.05014387145638466 0.6171634197235107 0.1614999920129776
v -0.04632334038615227 0.6257508397102356 0.16150005161762238
v -0.04867090657353401 0.6311953663825989 0.12391189485788345
v -0.04867090657353401 0.6311953663825989 0.12391189485788345
v -0.04632334038615227 0.6257508397102356 0.16150005161762238
v -0.04451371356844902 0.6287668943405151 0.1614999920129776
v -0.04867090657353401 0.6311953663825989 0.12391189485788345
v -0.04451371356844902 0.6287668943405151 0.1614999920129776
v -0.04168517142534256 0.6327313780784607 0.1614999771118164
v -0.04867090657353401 0.6311953663825989 0.12391189485788345
v -0.05404254049062729 0.6210103034973145 0.12391189485788345
v -0.05014387145638466 0.6171634197235107 0.1614999920129776
v -0.05014387145638466 0.6171634197235107 0.1614999920129776
v -0.05404254049062729 0.6210103034973145 0.12391189485788345
v -0.05728423222899437 0.6101043224334717 0.12391189485788345
v -0.05014387145638466 0.6171634197235107 0.1614999920129776
v -0.05728423222899437 0.6101043224334717 0.12391189485788345
v -0.05237371847033501 0.6081240773200989 0.1614999771118164
v -0.05904487892985344 0.6106637120246887 0.0859999880194664
v -0.06000012904405594 0.5999999642372131 0.085999995470047
v -0.05824628472328186 0.5999999642372131 0.12391189485788345
v 0.04053688421845436 0.6341428756713867 0.1615000218153
v 0.04396364465355873 0.6296008229255676 0.1614999920129776
v 0.048055119812488556 0.6321136951446533 0.12391189485788345
v 0.048055119812488556 0.6321136951446533 0.12391189485788345
v 0.04396364465355873 0.6296008229255676 0.1614999920129776
v 0.045842304825782776 0.6265983581542969 0.1615000069141388
v 0.048055119812488556 0.6321136951446533 0.12391189485788345
v 0.045842304825782776 0.6265983581542969 0.1615000069141388
v 0.053618673235177994 0.622020423412323 0.12391189485788345
v 0.045842304825782776 0.6265983581542969 0.1615000069141388
v 0.049766696989536285 0.6182280778884888 0.1615000218153
v 0.053618673235177994 0.622020423412323 0.12391189485788345
v 0.053618673235177994 0.622020423412323 0.12391189485788345
v 0.049766696989536285 0.6182280778884888 0.1615000218153
v 0.052185483276844025 0.6092561483383179 0.1615000218153
v 0.053618673235177994 0.622020423412323 0.12391189485788345
v 0.052185483276844025 0.6092561483383179 0.1615000218153
v 0.05707186460494995 0.6111637949943542 0.12391189485788345
v 0.05707186460494995 0.6111637949943542 0.12391189485788345
v 0.052185483276844025 0.6092561483383179 0.1615000218153
v 0.05299999937415123 0.6000000238418579 0.1614999920129776
v 0.05707186460494995 0.6111637949943542 0.12391189485788345
v 0.05299999937415123 0.6000000238418579 0.1614999920129776
v 0.05824628472328186 0.6000000238418579 0.12391189485788345
v -0.05300013720989227 0.5999999642372131 0.1615000069141388
v -0.05237371847033501 0.6081240773200989 0.1614999771118164
v -0.05824628472328186 0.5999999642372131 0.12391189485788345
v -0.05824628472328186 0.5999999642372131 0.12391189485788345
v -0.05237371847033501 0.6081240773200989 0.1614999771118164
v -0.05728423222899437 0.6101043224334717 0.12391189485788345
v -0.05824628472328186 0.5999999642372131 0.12391189485788345
v -0.05728423222899437 0.6101043224334717 0.12391189485788345
v -0.05904487892985344 0.6106637120246887 0.0859999880194664
v -0.05904487892985344 0.6106637120246887 0.0859999880194664
v -0.05728423222899437 0.6101043224334717 0.12391189485788345
v -0.05404254049062729 0.6210103034973145 0.12391189485788345
v -0.05904487892985344 0.6106637120246887 0.0859999880194664
v -0.05404254049062729 0.6210103034973145 0.12391189485788345
v -0.05580401048064232 0.6220436692237854 0.0859999880194664
v -0.05580401048064232 0.6220436692237854 0.0859999880194664
v -0.05404254049062729 0.6210103034973145 0.12391189485788345
v -0.04867090657353401 0.6311953663825989 0.12391189485788345
v -0.05580401048064232 0.6220436692237854 0.0859999880194664
v -0.04867090657353401 0.6311953663825989 0.12391189485788345
v -0.05039292946457863 0.6325663328170776 0.0859999880194664
v -0.05039292946457863 0.6325663328170776 0.0859999880194664
v -0.04867090657353401 0.6311953663825989 0.12391189485788345
v -0.04140911623835564 0.6402323842048645 0.12391189485788345
v -0.05039292946457863 0.6325663328170776 0.0859999880194664
v -0.04140911623835564 0.6402323842048645 0.12391189485788345
v -0.04302201792597771 0.6418224573135376 0.0859999880194664
v -0.04302201792597771 0.6418224573135376 0.0859999880194664
v -0.04140911623835564 0.6402323842048645 0.12391189485788345
v -0.032568804919719696 0.6477407813072205 0.12391189485788345
v -0.04302201792597771 0.6418224573135376 0.0859999880194664
v -0.032568804919719696 0.6477407813072205 0.12391189485788345
v -0.033977970480918884 0.6494520902633667 0.0859999880194664
v -0.033977970480918884 0.6494520902633667 0.0859999880194664
v -0.032568804919719696 0.6477407813072205 0.12391189485788345
v -0.02252284251153469 0.6533994674682617 0.12391189485788345
v -0.033977970480918884 0.6494520902633667 0.0859999880194664
v -0.02252284251153469 0.6533994674682617 0.12391189485788345
v -0.023612501099705696 0.655158519744873 0.0859999880194664
v -0.023612501099705696 0.655158519744873 0.0859999880194664
v -0.02252284251153469 0.6533994674682617 0.12391189485788345
v -0.01169249601662159 0.6569578647613525 0.12391189485788345
v -0.023612501099705696 0.655158519744873 0.0859999880194664
v -0.01169249601662159 0.6569578647613525 0.12391189485788345
v -0.012328722514212132 0.6587198376655579 0.0859999880194664
v -0.012328722514212132 0.6587198376655579 0.0859999880194664
v -0.01169249601662159 0.6569578647613525 0.12391189485788345
v -0.0005326895625330508 0.6582435965538025 0.12391189485788345
v -0.012328722514212132 0.6587198376655579 0.0859999880194664
v -0.0005326895625330508 0.6582435965538025 0.12391189485788345
v -0.0005654885317198932 0.6599973440170288 0.0859999880194664
v -0.0005654885317198932 0.6599973440170288 0.0859999880194664
v -0.0005326895625330508 0.6582435965538025 0.12391189485788345
v 0.010634388774633408 0.657180666923523 0.12391189485788345
v -0.0005654885317198932 0.6599973440170288 0.0859999880194664
v 0.010634388774633408 0.657180666923523 0.12391189485788345
v 0.011219746433198452 0.6589418053627014 0.0859999880194664
v 0.011219746433198452 0.6589418053627014 0.0859999880194664
v 0.010634388774633408 0.657180666923523 0.12391189485788345
v 0.021516209468245506 0.6538330316543579 0.12391189485788345
v 0.011219746433198452 0.6589418053627014 0.0859999880194664
v 0.021516209468245506 0.6538330316543579 0.12391189485788345
v 0.02256864309310913 0.6555938124656677 0.0859999880194664
v 0.02256864309310913 0.6555938124656677 0.0859999880194664
v 0.021516209468245506 0.6538330316543579 0.12391189485788345
v 0.03165585547685623 0.6483651399612427 0.12391189485788345
v 0.02256864309310913 0.6555938124656677 0.0859999880194664
v 0.03165585547685623 0.6483651399612427 0.12391189485788345
v 0.03303983435034752 0.6500837802886963 0.0859999880194664
v 0.03303983435034752 0.6500837802886963 0.0859999880194664
v 0.03165585547685623 0.6483651399612427 0.12391189485788345
v 0.040628183633089066 0.6410204172134399 0.12391189485788345
v 0.03303983435034752 0.6500837802886963 0.0859999880194664
v 0.040628183633089066 0.6410204172134399 0.12391189485788345
v 0.04222608730196953 0.6426259279251099 0.0859999880194664
v 0.04222608730196953 0.6426259279251099 0.0859999880194664
v 0.040628183633089066 0.6410204172134399 0.12391189485788345
v 0.048055119812488556 0.6321136951446533 0.12391189485788345
v 0.04222608730196953 0.6426259279251099 0.0859999880194664
v 0.048055119812488556 0.6321136951446533 0.12391189485788345
v 0.049770161509513855 0.633510410785675 0.0859999880194664
v 0.049770161509513855 0.633510410785675 0.0859999880194664
v 0.048055119812488556 0.6321136951446533 0.12391189485788345
v 0.053618673235177994 0.622020423412323 0.12391189485788345
v 0.049770161509513855 0.633510410785675 0.0859999880194664
v 0.053618673235177994 0.622020423412323 0.12391189485788345
v 0.05537861958146095 0.6230915784835815 0.0859999880194664
v 0.05537861958146095 0.6230915784835815 0.0859999880194664
v 0.053618673235177994 0.622020423412323 0.12391189485788345
v 0.05707186460494995 0.6111637949943542 0.12391189485788345
v 0.05537861958146095 0.6230915784835815 0.0859999880194664
v 0.05707186460494995 0.6111637949943542 0.12391189485788345
v 0.05883342772722244 0.611774742603302 0.0859999880194664
v 0.05883342772722244 0.611774742603302 0.0859999880194664
v 0.05707186460494995 0.6111637949943542 0.12391189485788345
v 0.05824628472328186 0.6000000238418579 0.12391189485788345
v 0.05883342772722244 0.611774742603302 0.0859999880194664
v 0.05824628472328186 0.6000000238418579 0.12391189485788345
v 0.05999999865889549 0.6000000238418579 0.0859999880194664
v -0.05300013720989227 0.5999999642372131 0.1615000069141388
v -0.05824628472328186 0.5999999642372131 0.12391189485788345
v -0.05742398276925087 0.5923240780830383 0.12661297619342804
v -0.05300013720989227 0.5999999642372131 0.1615000069141388
v -0.05742398276925087 0.5923240780830383 0.12661297619342804
v -0.05218418315052986 0.5907361507415771 0.1614999622106552
v -0.05218418315052986 0.5907361507415771 0.1614999622106552
v -0.05742398276925087 0.5923240780830383 0.12661297619342804
v -0.054113488644361496 0.5849999785423279 0.1420200616121292
v -0.05218418315052986 0.5907361507415771 0.1614999622106552
v -0.054113488644361496 0.5849999785423279 0.1420200616121292
v -0.05083320662379265 0.5849998593330383 0.16149987280368805
v -0.0562751479446888 0.5849999785423279 0.12392420321702957
v -0.059343673288822174 0.5924521088600159 0.09739933907985687
v -0.05763931944966316 0.5849999785423279 0.10498939454555511
v -0.05763931944966316 0.5849999785423279 0.10498939454555511
v -0.059343673288822174 0.5924521088600159 0.09739933907985687
v -0.05981770530343056 0.5953169465065002 0.0859999880194664
v -0.05763931944966316 0.5849999785423279 0.10498939454555511
v -0.05981770530343056 0.5953169465065002 0.0859999880194664
v -0.058094851672649384 0.5849999785423279 0.085999995470047
v -0.06000012904405594 0.5999999642372131 0.085999995470047
v -0.05981770530343056 0.5953169465065002 0.0859999880194664
v -0.05824628472328186 0.5999999642372131 0.12391189485788345
v -0.05824628472328186 0.5999999642372131 0.12391189485788345
v -0.05981770530343056 0.5953169465065002 0.0859999880194664
v -0.059343673288822174 0.5924521088600159 0.09739933907985687
v -0.05824628472328186 0.5999999642372131 0.12391189485788345
v -0.059343673288822174 0.5924521088600159 0.09739933907985687
v -0.05742398276925087 0.5923240780830383 0.12661297619342804
v -0.05742398276925087 0.5923240780830383 0.12661297619342804
v -0.059343673288822174 0.5924521088600159 0.09739933907985687
v -0.0562751479446888 0.5849999785423279 0.12392420321702957
v -0.05742398276925087 0.5923240780830383 0.12661297619342804
v -0.0562751479446888 0.5849999785423279 0.12392420321702957
v -0.054113488644361496 0.5849999785423279 0.1420200616121292
v -0.052758052945137024 0.4479365646839142 0.11733296513557434
v -0.05049575865268707 0.4478554129600525 0.13406164944171906
v -0.050624947994947433 0.5167627930641174 0.12997831404209137
v -0.05763931944966316 0.5849999785423279 0.10498939454555511
v -0.058094851672649384 0.5849999785423279 0.085999995470047
v -0.057251572608947754 0.5809975862503052 0.08744661509990692
v -0.05083320662379265 0.5849998593330383 0.16149987280368805
v -0.054113488644361496 0.5849999785423279 0.1420200616121292
v -0.04852687940001488 0.5746594667434692 0.16164205968379974
v -0.04852687940001488 0.5746594667434692 0.16164205968379974
v -0.054113488644361496 0.5849999785423279 0.1420200616121292
v -0.052172765135765076 0.5766696929931641 0.14346574246883392
v -0.052172765135765076 0.5766696929931641 0.14346574246883392
v -0.05092886835336685 0.5681751370429993 0.14401814341545105
v -0.04852687940001488 0.5746594667434692 0.16164205968379974
v -0.04852687940001488 0.5746594667434692 0.16164205968379974
v -0.05092886835336685 0.5681751370429993 0.14401814341545105
v -0.04927000403404236 0.5510562658309937 0.14502504467964172
v -0.04852687940001488 0.5746594667434692 0.16164205968379974
v -0.04927000403404236 0.5510562658309937 0.14502504467964172
v -0.046433962881565094 0.5592920780181885 0.16207383573055267
v -0.046433962881565094 0.5592920780181885 0.16207383573055267
v -0.04927000403404236 0.5510562658309937 0.14502504467964172
v -0.04437863081693649 0.5332692265510559 0.16302721202373505
v -0.04437863081693649 0.5332692265510559 0.16302721202373505
v -0.04927000403404236 0.5510562658309937 0.14502504467964172
v -0.04758535698056221 0.5166669487953186 0.14692488312721252
v -0.04437863081693649 0.5332692265510559 0.16302721202373505
v -0.04758535698056221 0.5166669487953186 0.14692488312721252
v -0.04356401413679123 0.5165716409683228 0.16371463239192963
v -0.04918508976697922 0.3100000023841858 0.16163823008537292
v -0.04485922306776047 0.31000009179115295 0.17452387511730194
v -0.048153139650821686 0.3788720667362213 0.15424014627933502
v -0.048153139650821686 0.3788720667362213 0.15424014627933502
v -0.04485922306776047 0.31000009179115295 0.17452387511730194
v -0.04289567470550537 0.38370969891548157 0.17021575570106506
v -0.048153139650821686 0.3788720667362213 0.15424014627933502
v -0.04289567470550537 0.38370969891548157 0.17021575570106506
v -0.042316850274801254 0.4496591091156006 0.16680018603801727
v -0.05259346961975098 0.3100000023841858 0.14850671589374542
v -0.05194857344031334 0.37892359495162964 0.13766776025295258
v -0.05507650226354599 0.3100000023841858 0.13517163693904877
v -0.05507650226354599 0.3100000023841858 0.13517163693904877
v -0.05194857344031334 0.37892359495162964 0.13766776025295258
v -0.054278600960969925 0.37897366285324097 0.12083791941404343
v -0.05507650226354599 0.3100000023841858 0.13517163693904877
v -0.054278600960969925 0.37897366285324097 0.12083791941404343
v -0.05645058676600456 0.3100000023841858 0.12372691929340363
v -0.05645058676600456 0.3100000023841858 0.12372691929340363
v -0.054278600960969925 0.37897366285324097 0.12083791941404343
v -0.056623321026563644 0.3100000023841858 0.12168871611356735
v -0.056623321026563644 0.3100000023841858 0.12168871611356735
v -0.054278600960969925 0.37897366285324097 0.12083791941404343
v -0.05512590333819389 0.3790227174758911 0.10385120660066605
v -0.056623321026563644 0.3100000023841858 0.12168871611356735
v -0.05512590333819389 0.3790227174758911 0.10385120660066605
v -0.057233359664678574 0.3100000023841858 0.10630704462528229
v -0.05763931944966316 0.5849999785423279 0.10498939454555511
v -0.057251572608947754 0.5809975862503052 0.08744661509990692
v -0.056048907339572906 0.5767942667007446 0.10686768591403961
v -0.056048907339572906 0.5767942667007446 0.10686768591403961
v -0.057251572608947754 0.5809975862503052 0.08744661509990692
v -0.05662235990166664 0.5768565535545349 0.08846985548734665
v -0.056048907339572906 0.5767942667007446 0.10686768591403961
v -0.05662235990166664 0.5768565535545349 0.08846985548734665
v -0.05503443628549576 0.5683286190032959 0.10810478031635284
v -0.05662235990166664 0.5768565535545349 0.08846985548734665
v -0.05615299940109253 0.5729333162307739 0.08926176279783249
v -0.05503443628549576 0.5683286190032959 0.10810478031635284
v -0.05503443628549576 0.5683286190032959 0.10810478031635284
v -0.05615299940109253 0.5729333162307739 0.08926176279783249
v -0.0557137206196785 0.5684053301811218 0.09004738926887512
v -0.05503443628549576 0.5683286190032959 0.10810478031635284
v -0.0557137206196785 0.5684053301811218 0.09004738926887512
v -0.0537693127989769 0.5512320399284363 0.11000551283359528
v -0.0557137206196785 0.5684053301811218 0.09004738926887512
v -0.054994698613882065 0.5585454106330872 0.0914885625243187
v -0.0537693127989769 0.5512320399284363 0.11000551283359528
v -0.0537693127989769 0.5512320399284363 0.11000551283359528
v -0.054994698613882065 0.5585454106330872 0.0914885625243187
v -0.05420660227537155 0.5412520170211792 0.09350793063640594
v -0.0537693127989769 0.5512320399284363 0.11000551283359528
v -0.05420660227537155 0.5412520170211792 0.09350793063640594
v -0.052650850266218185 0.5168582201004028 0.11291174590587616
v -0.052650850266218185 0.5168582201004028 0.11291174590587616
v -0.05420660227537155 0.5412520170211792 0.09350793063640594
v -0.05372040346264839 0.5212332606315613 0.09540709853172302
v -0.052650850266218185 0.5168582201004028 0.11291174590587616
v -0.05372040346264839 0.5212332606315613 0.09540709853172302
v -0.053762659430503845 0.44801679253578186 0.1004888117313385
v -0.053762659430503845 0.44801679253578186 0.1004888117313385
v -0.052758052945137024 0.4479365646839142 0.11733296513557434
v -0.052650850266218185 0.5168582201004028 0.11291174590587616
v -0.052650850266218185 0.5168582201004028 0.11291174590587616
v -0.052758052945137024 0.4479365646839142 0.11733296513557434
v -0.050624947994947433 0.5167627930641174 0.12997831404209137
v -0.052650850266218185 0.5168582201004028 0.11291174590587616
v -0.050624947994947433 0.5167627930641174 0.12997831404209137
v -0.0537693127989769 0.5512320399284363 0.11000551283359528
v -0.0537693127989769 0.5512320399284363 0.11000551283359528
v -0.050624947994947433 0.5167627930641174 0.12997831404209137
v -0.0519874133169651 0.5511442422866821 0.12756338715553284
v -0.0537693127989769 0.5512320399284363 0.11000551283359528
v -0.0519874133169651 0.5511442422866821 0.12756338715553284
v -0.05503443628549576 0.5683286190032959 0.10810478031635284
v -0.05503443628549576 0.5683286190032959 0.10810478031635284
v -0.0519874133169651 0.5511442422866821 0.12756338715553284
v -0.05343838036060333 0.56825190782547 0.12610620260238647
v -0.05503443628549576 0.5683286190032959 0.10810478031635284
v -0.05343838036060333 0.56825190782547 0.12610620260238647
v -0.056048907339572906 0.5767942667007446 0.10686768591403961
v -0.056048907339572906 0.5767942667007446 0.10686768591403961
v -0.05343838036060333 0.56825190782547 0.12610620260238647
v -0.05456465110182762 0.5767319798469543 0.12521056830883026
v -0.056048907339572906 0.5767942667007446 0.10686768591403961
v -0.05456465110182762 0.5767319798469543 0.12521056830883026
v -0.05763931944966316 0.5849999785423279 0.10498939454555511
v -0.05763931944966316 0.5849999785423279 0.10498939454555511
v -0.05456465110182762 0.5767319798469543 0.12521056830883026
v -0.0562751479446888 0.5849999785423279 0.12392420321702957
v -0.05259346961975098 0.3100000023841858 0.14850671589374542
v -0.04918508976697922 0.3100000023841858 0.16163823008537292
v -0.05194857344031334 0.37892359495162964 0.13766776025295258
v -0.05194857344031334 0.37892359495162964 0.13766776025295258
v -0.04918508976697922 0.3100000023841858 0.16163823008537292
v -0.048153139650821686 0.3788720667362213 0.15424014627933502
v -0.05194857344031334 0.37892359495162964 0.13766776025295258
v -0.048153139650821686 0.3788720667362213 0.15424014627933502
v -0.04698731005191803 0.4477729797363281 0.15059959888458252
v -0.04698731005191803 0.4477729797363281 0.15059959888458252
v -0.048153139650821686 0.3788720667362213 0.15424014627933502
v -0.042316850274801254 0.4496591091156006 0.16680018603801727
v -0.04698731005191803 0.4477729797363281 0.15059959888458252
v -0.042316850274801254 0.4496591091156006 0.16680018603801727
v -0.04758535698056221 0.5166669487953186 0.14692488312721252
v -0.04758535698056221 0.5166669487953186 0.14692488312721252
v -0.042316850274801254 0.4496591091156006 0.16680018603801727
v -0.042959682643413544 0.4985857903957367 0.16449788212776184
v -0.04758535698056221 0.5166669487953186 0.14692488312721252
v -0.042959682643413544 0.4985857903957367 0.16449788212776184
v -0.04356401413679123 0.5165716409683228 0.16371463239192963
v -0.054113488644361496 0.5849999785423279 0.1420200616121292
v -0.0562751479446888 0.5849999785423279 0.12392420321702957
v -0.052172765135765076 0.5766696929931641 0.14346574246883392
v -0.052172765135765076 0.5766696929931641 0.14346574246883392
v -0.0562751479446888 0.5849999785423279 0.12392420321702957
v -0.05456465110182762 0.5767319798469543 0.12521056830883026
v -0.052172765135765076 0.5766696929931641 0.14346574246883392
v -0.05456465110182762 0.5767319798469543 0.12521056830883026
v -0.05092886835336685 0.5681751370429993 0.14401814341545105
v -0.05092886835336685 0.5681751370429993 0.14401814341545105
v -0.05456465110182762 0.5767319798469543 0.12521056830883026
v -0.05343838036060333 0.56825190782547 0.12610620260238647
v -0.05092886835336685 0.5681751370429993 0.14401814341545105
v -0.05343838036060333 0.56825190782547 0.12610620260238647
v -0.04927000403404236 0.5510562658309937 0.14502504467964172
v -0.04927000403404236 0.5510562658309937 0.14502504467964172
v -0.05343838036060333 0.56825190782547 0.12610620260238647
v -0.0519874133169651 0.5511442422866821 0.12756338715553284
v -0.04927000403404236 0.5510562658309937 0.14502504467964172
v -0.0519874133169651 0.5511442422866821 0.12756338715553284
v -0.04758535698056221 0.5166669487953186 0.14692488312721252
v -0.04758535698056221 0.5166669487953186 0.14692488312721252
v -0.0519874133169651 0.5511442422866821 0.12756338715553284
v -0.050624947994947433 0.5167627930641174 0.12997831404209137
v -0.04758535698056221 0.5166669487953186 0.14692488312721252
v -0.050624947994947433 0.5167627930641174 0.12997831404209137
v -0.04698731005191803 0.4477729797363281 0.15059959888458252
v -0.04698731005191803 0.4477729797363281 0.15059959888458252
v -0.050624947994947433 0.5167627930641174 0.12997831404209137
v -0.05049575865268707 0.4478554129600525 0.13406164944171906
v -0.04698731005191803 0.4477729797363281 0.15059959888458252
v -0.05049575865268707 0.4478554129600525 0.13406164944171906
v -0.05194857344031334 0.37892359495162964 0.13766776025295258
v -0.05194857344031334 0.37892359495162964 0.13766776025295258
v -0.05049575865268707 0.4478554129600525 0.13406164944171906
v -0.052758052945137024 0.4479365646839142 0.11733296513557434
v -0.05194857344031334 0.37892359495162964 0.13766776025295258
v -0.052758052945137024 0.4479365646839142 0.11733296513557434
v -0.054278600960969925 0.37897366285324097 0.12083791941404343
v -0.054278600960969925 0.37897366285324097 0.12083791941404343
v -0.052758052945137024 0.4479365646839142 0.11733296513557434
v -0.053762659430503845 0.44801679253578186 0.1004888117313385
v -0.054278600960969925 0.37897366285324097 0.12083791941404343
v -0.053762659430503845 0.44801679253578186 0.1004888117313385
v -0.05512590333819389 0.3790227174758911 0.10385120660066605
v 0.05763933062553406 0.5849999785423279 0.10498930513858795
v 0.05627515912055969 0.5850000381469727 0.12392431497573853
v 0.05458438768982887 0.5767034292221069 0.12499744445085526
v 0.04698379710316658 0.4477728307247162 0.15049336850643158
v 0.0505121648311615 0.4478552043437958 0.13385868072509766
v 0.05064794793725014 0.5167509317398071 0.12977400422096252
v 0.05486894026398659 0.3892800807952881 0.10341440886259079
v 0.05376269668340683 0.4480140805244446 0.10048896074295044
v 0.05277880281209946 0.44793611764907837 0.11702991276979446
v 0.05724320933222771 0.5809497237205505 0.08746019005775452
v 0.058094751089811325 0.5849999785423279 0.0859999880194664
v 0.057655565440654755 0.5849999785423279 0.10464796423912048
v 0.05479412153363228 0.3100000023841858 0.13699181377887726
v 0.056478455662727356 0.3100000023841858 0.12341461330652237
v 0.05429784208536148 0.3789687752723694 0.12053288519382477
v 0.04814928025007248 0.3788696527481079 0.1541338413953781
v 0.04298829287290573 0.3788236677646637 0.17048421502113342
v 0.043780840933322906 0.344828337430954 0.17240138351917267
v 0.04918508976697922 0.3100000023841858 0.16163823008537292
v 0.04476120322942734 0.3129938542842865 0.17433768510818481
v 0.04753892496228218 0.3100000023841858 0.16690224409103394
v 0.04753892496228218 0.3100000023841858 0.16690224409103394
v 0.04476120322942734 0.3129938542842865 0.17433768510818481
v 0.044859226793050766 0.3100001811981201 0.17452386021614075
v 0.042338792234659195 0.4321615397930145 0.16767270863056183
v 0.042357999831438065 0.4281649589538574 0.1678752303123474
v 0.04698379710316658 0.4477728307247162 0.15049336850643158
v 0.04929449409246445 0.5510541200637817 0.14492137730121613
v 0.043558962643146515 0.5164681673049927 0.16371887922286987
v 0.047595422714948654 0.5166622996330261 0.14682117104530334
v 0.047595422714948654 0.5166622996330261 0.14682117104530334
v 0.043558962643146515 0.5164681673049927 0.16371887922286987
v 0.04231364279985428 0.4476943910121918 0.1668970137834549
v 0.05094538629055023 0.5681679248809814 0.1439121961593628
v 0.04670440033078194 0.5616798400878906 0.1619981974363327
v 0.04929449409246445 0.5510541200637817 0.14492137730121613
v 0.04929449409246445 0.5510541200637817 0.14492137730121613
v 0.04670440033078194 0.5616798400878906 0.1619981974363327
v 0.04564008489251137 0.5509691834449768 0.16235840320587158
v 0.04929449409246445 0.5510541200637817 0.14492137730121613
v 0.04564008489251137 0.5509691834449768 0.16235840320587158
v 0.043558962643146515 0.5164681673049927 0.16371887922286987
v 0.05402165278792381 0.5849999785423279 0.14265912771224976
v 0.05400535836815834 0.5849999785423279 0.14277176558971405
v 0.05218852683901787 0.5766556262969971 0.14335988461971283
v 0.05218852683901787 0.5766556262969971 0.14335988461971283
v 0.05400535836815834 0.5849999785423279 0.14277176558971405
v 0.05083306133747101 0.5849999189376831 0.16149979829788208
v 0.05218852683901787 0.5766556262969971 0.14335988461971283
v 0.05083306133747101 0.5849999189376831 0.16149979829788208
v 0.05094538629055023 0.5681679248809814 0.1439121961593628
v 0.05094538629055023 0.5681679248809814 0.1439121961593628
v 0.05083306133747101 0.5849999189376831 0.16149979829788208
v 0.04751163721084595 0.5680990219116211 0.16180776059627533
v 0.05094538629055023 0.5681679248809814 0.1439121961593628
v 0.04751163721084595 0.5680990219116211 0.16180776059627533
v 0.04670440033078194 0.5616798400878906 0.1619981974363327
v 0.05724320933222771 0.5809497237205505 0.08746019005775452
v 0.057655565440654755 0.5849999785423279 0.10464796423912048
v 0.05651845782995224 0.5760560631752014 0.08864188194274902
v 0.057655565440654755 0.5849999785423279 0.10464796423912048
v 0.05606165528297424 0.5767512321472168 0.10654661804437637
v 0.05651845782995224 0.5760560631752014 0.08864188194274902
v 0.05651845782995224 0.5760560631752014 0.08864188194274902
v 0.05606165528297424 0.5767512321472168 0.10654661804437637
v 0.055052485316991806 0.5683057904243469 0.10778409987688065
v 0.05651845782995224 0.5760560631752014 0.08864188194274902
v 0.055052485316991806 0.5683057904243469 0.10778409987688065
v 0.055710893124341965 0.5683730244636536 0.09005261957645416
v 0.055710893124341965 0.5683730244636536 0.09005261957645416
v 0.055052485316991806 0.5683057904243469 0.10778409987688065
v 0.05379427224397659 0.5512245893478394 0.10969020426273346
v 0.055710893124341965 0.5683730244636536 0.09005261957645416
v 0.05379427224397659 0.5512245893478394 0.10969020426273346
v 0.054484348744153976 0.5484791398048401 0.09271737933158875
v 0.054484348744153976 0.5484791398048401 0.09271737933158875
v 0.05379427224397659 0.5512245893478394 0.10969020426273346
v 0.05267434939742088 0.5168390274047852 0.11260520666837692
v 0.054484348744153976 0.5484791398048401 0.09271737933158875
v 0.05267434939742088 0.5168390274047852 0.11260520666837692
v 0.053656913340091705 0.5169246792793274 0.09577392041683197
v 0.05277880281209946 0.44793611764907837 0.11702991276979446
v 0.05376269668340683 0.4480140805244446 0.10048896074295044
v 0.05267434939742088 0.5168390274047852 0.11260520666837692
v 0.05267434939742088 0.5168390274047852 0.11260520666837692
v 0.05376269668340683 0.4480140805244446 0.10048896074295044
v 0.05348314717411995 0.49199897050857544 0.09769923985004425
v 0.05267434939742088 0.5168390274047852 0.11260520666837692
v 0.05348314717411995 0.49199897050857544 0.09769923985004425
v 0.053656913340091705 0.5169246792793274 0.09577392041683197
v 0.05429784208536148 0.3789687752723694 0.12053288519382477
v 0.05512610077857971 0.3790152370929718 0.10385151207447052
v 0.05486894026398659 0.3892800807952881 0.10341440886259079
v 0.056623317301273346 0.3100000023841858 0.12168873101472855
v 0.057233359664678574 0.3100000023841858 0.10630704462528229
v 0.05705714225769043 0.31509315967559814 0.10615374147891998
v 0.05512610077857971 0.3790152370929718 0.10385151207447052
v 0.05429784208536148 0.3789687752723694 0.12053288519382477
v 0.05705714225769043 0.31509315967559814 0.10615374147891998
v 0.05705714225769043 0.31509315967559814 0.10615374147891998
v 0.05429784208536148 0.3789687752723694 0.12053288519382477
v 0.056478455662727356 0.3100000023841858 0.12341461330652237
v 0.05705714225769043 0.31509315967559814 0.10615374147891998
v 0.056478455662727356 0.3100000023841858 0.12341461330652237
v 0.056623317301273346 0.3100000023841858 0.12168873101472855
v 0.05627515912055969 0.5850000381469727 0.12392431497573853
v 0.05402165278792381 0.5849999785423279 0.14265912771224976
v 0.05458438768982887 0.5767034292221069 0.12499744445085526
v 0.05458438768982887 0.5767034292221069 0.12499744445085526
v 0.05402165278792381 0.5849999785423279 0.14265912771224976
v 0.05218852683901787 0.5766556262969971 0.14335988461971283
v 0.05458438768982887 0.5767034292221069 0.12499744445085526
v 0.05218852683901787 0.5766556262969971 0.14335988461971283
v 0.053461186587810516 0.5682368874549866 0.1258932501077652
v 0.053461186587810516 0.5682368874549866 0.1258932501077652
v 0.05218852683901787 0.5766556262969971 0.14335988461971283
v 0.05094538629055023 0.5681679248809814 0.1439121961593628
v 0.053461186587810516 0.5682368874549866 0.1258932501077652
v 0.05094538629055023 0.5681679248809814 0.1439121961593628
v 0.05201781541109085 0.5511394739151001 0.12735435366630554
v 0.05201781541109085 0.5511394739151001 0.12735435366630554
v 0.05094538629055023 0.5681679248809814 0.1439121961593628
v 0.04929449409246445 0.5510541200637817 0.14492137730121613
v 0.05201781541109085 0.5511394739151001 0.12735435366630554
v 0.04929449409246445 0.5510541200637817 0.14492137730121613
v 0.05064794793725014 0.5167509317398071 0.12977400422096252
v 0.05064794793725014 0.5167509317398071 0.12977400422096252
v 0.04929449409246445 0.5510541200637817 0.14492137730121613
v 0.047595422714948654 0.5166622996330261 0.14682117104530334
v 0.05064794793725014 0.5167509317398071 0.12977400422096252
v 0.047595422714948654 0.5166622996330261 0.14682117104530334
v 0.04698379710316658 0.4477728307247162 0.15049336850643158
v 0.04698379710316658 0.4477728307247162 0.15049336850643158
v 0.047595422714948654 0.5166622996330261 0.14682117104530334
v 0.04231364279985428 0.4476943910121918 0.1668970137834549
v 0.04698379710316658 0.4477728307247162 0.15049336850643158
v 0.04231364279985428 0.4476943910121918 0.1668970137834549
v 0.042338792234659195 0.4321615397930145 0.16767270863056183
v 0.05486894026398659 0.3892800807952881 0.10341440886259079
v 0.05277880281209946 0.44793611764907837 0.11702991276979446
v 0.05429784208536148 0.3789687752723694 0.12053288519382477
v 0.05429784208536148 0.3789687752723694 0.12053288519382477
v 0.05277880281209946 0.44793611764907837 0.11702991276979446
v 0.05196543037891388 0.3789200484752655 0.13746413588523865
v 0.05429784208536148 0.3789687752723694 0.12053288519382477
v 0.05196543037891388 0.3789200484752655 0.13746413588523865
v 0.05479412153363228 0.3100000023841858 0.13699181377887726
v 0.05479412153363228 0.3100000023841858 0.13699181377887726
v 0.05196543037891388 0.3789200484752655 0.13746413588523865
v 0.04814928025007248 0.3788696527481079 0.1541338413953781
v 0.05479412153363228 0.3100000023841858 0.13699181377887726
v 0.04814928025007248 0.3788696527481079 0.1541338413953781
v 0.04918508976697922 0.3100000023841858 0.16163823008537292
v 0.04918508976697922 0.3100000023841858 0.16163823008537292
v 0.04814928025007248 0.3788696527481079 0.1541338413953781
v 0.043780840933322906 0.344828337430954 0.17240138351917267
v 0.04918508976697922 0.3100000023841858 0.16163823008537292
v 0.043780840933322906 0.344828337430954 0.17240138351917267
v 0.04476120322942734 0.3129938542842865 0.17433768510818481
v 0.057655565440654755 0.5849999785423279 0.10464796423912048
v 0.05763933062553406 0.5849999785423279 0.10498930513858795
v 0.05606165528297424 0.5767512321472168 0.10654661804437637
v 0.05606165528297424 0.5767512321472168 0.10654661804437637
v 0.05763933062553406 0.5849999785423279 0.10498930513858795
v 0.05458438768982887 0.5767034292221069 0.12499744445085526
v 0.05606165528297424 0.5767512321472168 0.10654661804437637
v 0.05458438768982887 0.5767034292221069 0.12499744445085526
v 0.055052485316991806 0.5683057904243469 0.10778409987688065
v 0.055052485316991806 0.5683057904243469 0.10778409987688065
v 0.05458438768982887 0.5767034292221069 0.12499744445085526
v 0.053461186587810516 0.5682368874549866 0.1258932501077652
v 0.055052485316991806 0.5683057904243469 0.10778409987688065
v 0.053461186587810516 0.5682368874549866 0.1258932501077652
v 0.05379427224397659 0.5512245893478394 0.10969020426273346
v 0.05379427224397659 0.5512245893478394 0.10969020426273346
v 0.053461186587810516 0.5682368874549866 0.1258932501077652
v 0.05201781541109085 0.5511394739151001 0.12735435366630554
v 0.05379427224397659 0.5512245893478394 0.10969020426273346
v 0.05201781541109085 0.5511394739151001 0.12735435366630554
v 0.05267434939742088 0.5168390274047852 0.11260520666837692
v 0.05267434939742088 0.5168390274047852 0.11260520666837692
v 0.05201781541109085 0.5511394739151001 0.12735435366630554
v 0.05064794793725014 0.5167509317398071 0.12977400422096252
v 0.05267434939742088 0.5168390274047852 0.11260520666837692
v 0.05064794793725014 0.5167509317398071 0.12977400422096252
v 0.05277880281209946 0.44793611764907837 0.11702991276979446
v 0.05277880281209946 0.44793611764907837 0.11702991276979446
v 0.05064794793725014 0.5167509317398071 0.12977400422096252
v 0.0505121648311615 0.4478552043437958 0.13385868072509766
v 0.05277880281209946 0.44793611764907837 0.11702991276979446
v 0.0505121648311615 0.4478552043437958 0.13385868072509766
v 0.05196543037891388 0.3789200484752655 0.13746413588523865
v 0.05196543037891388 0.3789200484752655 0.13746413588523865
v 0.0505121648311615 0.4478552043437958 0.13385868072509766
v 0.04698379710316658 0.4477728307247162 0.15049336850643158
v 0.05196543037891388 0.3789200484752655 0.13746413588523865
v 0.04698379710316658 0.4477728307247162 0.15049336850643158
v 0.04814928025007248 0.3788696527481079 0.1541338413953781
v 0.04814928025007248 0.3788696527481079 0.1541338413953781
v 0.04698379710316658 0.4477728307247162 0.15049336850643158
v 0.042357999831438065 0.4281649589538574 0.1678752303123474
v 0.04814928025007248 0.3788696527481079 0.1541338413953781
v 0.042357999831438065 0.4281649589538574 0.1678752303123474
v 0.04298829287290573 0.3788236677646637 0.17048421502113342
v 0.028616679832339287 0.3100000023841858 0.10630704462528229
v 0.057233359664678574 0.3100000023841858 0.10630704462528229
v 0.05995217710733414 0.24000053107738495 0.10796640068292618
v -0.014308340847492218 0.3100000023841858 0.10630704462528229
v -6.432181454130159e-10 0.3100000023841858 0.10630704462528229
v 0.05995217710733414 0.24000053107738495 0.10796640068292618
v 0.05995217710733414 0.24000053107738495 0.10796640068292618
v -6.432181454130159e-10 0.3100000023841858 0.10630704462528229
v 0.014308339916169643 0.3100000023841858 0.10630704462528229
v 0.05995217710733414 0.24000053107738495 0.10796640068292618
v 0.014308339916169643 0.3100000023841858 0.10630704462528229
v 0.028616679832339287 0.3100000023841858 0.10630704462528229
v -0.014308340847492218 0.3100000023841858 0.10630704462528229
v 0.05995217710733414 0.24000053107738495 0.10796640068292618
v -0.028616681694984436 0.3100000023841858 0.10630704462528229
v -0.028616681694984436 0.3100000023841858 0.10630704462528229
v 0.05995217710733414 0.24000053107738495 0.10796640068292618
v -0.05857909098267555 0.2735937237739563 0.10727668553590775
v -0.028616681694984436 0.3100000023841858 0.10630704462528229
v -0.05857909098267555 0.2735937237739563 0.10727668553590775
v -0.057233359664678574 0.3100000023841858 0.10630704462528229
v -0.03161034733057022 0.17000000178813934 0.10868734121322632
v -0.04741552099585533 0.17000000178813934 0.10868734121322632
v 0.06133570149540901 0.20886285603046417 0.10841778665781021
v 0.06133570149540901 0.20886285603046417 0.10841778665781021
v -0.04741552099585533 0.17000000178813934 0.10868734121322632
v -0.06322069466114044 0.17000000178813934 0.10868734121322632
v 0.06133570149540901 0.20886285603046417 0.10841778665781021
v -0.06322069466114044 0.17000000178813934 0.10868734121322632
v 0.05995217710733414 0.24000053107738495 0.10796640068292618
v 0.05995217710733414 0.24000053107738495 0.10796640068292618
v -0.06322069466114044 0.17000000178813934 0.10868734121322632
v -0.059952542185783386 0.23999200761318207 0.10796654969453812
v 0.05995217710733414 0.24000053107738495 0.10796640068292618
v -0.059952542185783386 0.23999200761318207 0.10796654969453812
v -0.05857909098267555 0.2735937237739563 0.10727668553590775
v 0.06322069466114044 0.17000000178813934 0.10868734121322632
v 0.04741552099585533 0.17000000178813934 0.10868734121322632
v 0.06133570149540901 0.20886285603046417 0.10841778665781021
v 0.06133570149540901 0.20886285603046417 0.10841778665781021
v 0.04741552099585533 0.17000000178813934 0.10868734121322632
v 0.03161034733057022 0.17000000178813934 0.10868734121322632
v 0.06133570149540901 0.20886285603046417 0.10841778665781021
v 0.03161034733057022 0.17000000178813934 0.10868734121322632
v 0.01580517366528511 0.17000000178813934 0.10868734121322632
v 0.01580517366528511 0.17000000178813934 0.10868734121322632
v 3.2229169333319874e-10 0.17000000178813934 0.10868734121322632
v 0.06133570149540901 0.20886285603046417 0.10841778665781021
v 0.06133570149540901 0.20886285603046417 0.10841778665781021
v 3.2229169333319874e-10 0.17000000178813934 0.10868734121322632
v -0.01580517366528511 0.17000000178813934 0.10868734121322632
v 0.06133570149540901 0.20886285603046417 0.10841778665781021
v -0.01580517366528511 0.17000000178813934 0.10868734121322632
v -0.03161034733057022 0.17000000178813934 0.10868734121322632
v -0.02562493458390236 0.5574480891227722 0.1679999828338623
v -0.026802727952599525 0.5233860015869141 0.16954028606414795
v -0.013392859138548374 0.5250391960144043 0.17412620782852173
v 0.03011574223637581 0.31000030040740967 0.18622185289859772
v 0.026859430596232414 0.3928753435611725 0.18094943463802338
v 0.020155439153313637 0.39401334524154663 0.1841178834438324
v 0.04476120322942734 0.3129938542842865 0.17433768510818481
v 0.043780840933322906 0.344828337430954 0.17240138351917267
v 0.04027555137872696 0.3460938036441803 0.17564328014850616
v -0.04168517142534256 0.6327313780784607 0.1614999771118164
v -0.040233056992292404 0.6327618956565857 0.16172485053539276
v -0.041028477251529694 0.633550763130188 0.1614999771118164
v -0.04019598662853241 0.4334167540073395 0.16894777119159698
v -0.042316850274801254 0.4496591091156006 0.16680018603801727
v -0.04289567470550537 0.38370969891548157 0.17021575570106506
v -0.05237371847033501 0.6081240773200989 0.1614999771118164
v -0.05300013720989227 0.5999999642372131 0.1615000069141388
v -0.0496719591319561 0.6000000238418579 0.1619744896888733
v -0.0496719591319561 0.6000000238418579 0.1619744896888733
v -0.05300013720989227 0.5999999642372131 0.1615000069141388
v -0.05218418315052986 0.5907361507415771 0.1614999622106552
v -0.0496719591319561 0.6000000238418579 0.1619744896888733
v -0.05218418315052986 0.5907361507415771 0.1614999622106552
v -0.048808373510837555 0.5907779335975647 0.16186177730560303
v -0.048808373510837555 0.5907779335975647 0.16186177730560303
v -0.05218418315052986 0.5907361507415771 0.1614999622106552
v -0.05083320662379265 0.5849998593330383 0.16149987280368805
v -0.048808373510837555 0.5907779335975647 0.16186177730560303
v -0.05083320662379265 0.5849998593330383 0.16149987280368805
v -0.046543680131435394 0.5826509594917297 0.16205212473869324
v -0.046543680131435394 0.5826509594917297 0.16205212473869324
v -0.05083320662379265 0.5849998593330383 0.16149987280368805
v -0.04852687940001488 0.5746594667434692 0.16164205968379974
v -0.046543680131435394 0.5826509594917297 0.16205212473869324
v -0.04852687940001488 0.5746594667434692 0.16164205968379974
v -0.0469256192445755 0.5655158162117004 0.16191990673542023
v -0.0469256192445755 0.5655158162117004 0.16191990673542023
v -0.04852687940001488 0.5746594667434692 0.16164205968379974
v -0.046433962881565094 0.5592920780181885 0.16207383573055267
v -0.0469256192445755 0.5655158162117004 0.16191990673542023
v -0.046433962881565094 0.5592920780181885 0.16207383573055267
v -0.04022081568837166 0.5660696029663086 0.16345447301864624
v -0.04022081568837166 0.5660696029663086 0.16345447301864624
v -0.046433962881565094 0.5592920780181885 0.16207383573055267
v -0.04437863081693649 0.5332692265510559 0.16302721202373505
v -0.04022081568837166 0.5660696029663086 0.16345447301864624
v -0.04437863081693649 0.5332692265510559 0.16302721202373505
v -0.040212661027908325 0.5215966105461121 0.16457563638687134
v -0.040212661027908325 0.5215966105461121 0.16457563638687134
v -0.04437863081693649 0.5332692265510559 0.16302721202373505
v -0.04356401413679123 0.5165716409683228 0.16371463239192963
v -0.040212661027908325 0.5215966105461121 0.16457563638687134
v -0.04356401413679123 0.5165716409683228 0.16371463239192963
v -0.042959682643413544 0.4985857903957367 0.16449788212776184
v -0.0496719591319561 0.6000000238418579 0.1619744896888733
v -0.04952815920114517 0.6037768721580505 0.16203546524047852
v -0.05237371847033501 0.6081240773200989 0.1614999771118164
v -0.05237371847033501 0.6081240773200989 0.1614999771118164
v -0.04952815920114517 0.6037768721580505 0.16203546524047852
v -0.04813998192548752 0.6122411489486694 0.16214340925216675
v -0.05237371847033501 0.6081240773200989 0.1614999771118164
v -0.04813998192548752 0.6122411489486694 0.16214340925216675
v -0.05014387145638466 0.6171634197235107 0.1614999920129776
v -0.05014387145638466 0.6171634197235107 0.1614999920129776
v -0.04813998192548752 0.6122411489486694 0.16214340925216675
v -0.04632334038615227 0.6257508397102356 0.16150005161762238
v -0.04813998192548752 0.6122411489486694 0.16214340925216675
v -0.0451674684882164 0.620668888092041 0.1621829867362976
v -0.04632334038615227 0.6257508397102356 0.16150005161762238
v -0.04632334038615227 0.6257508397102356 0.16150005161762238
v -0.0451674684882164 0.620668888092041 0.1621829867362976
v -0.04275473579764366 0.6252850890159607 0.1621750146150589
v -0.04632334038615227 0.6257508397102356 0.16150005161762238
v -0.04275473579764366 0.6252850890159607 0.1621750146150589
v -0.04451371356844902 0.6287668943405151 0.1614999920129776
v -0.04451371356844902 0.6287668943405151 0.1614999920129776
v -0.04275473579764366 0.6252850890159607 0.1621750146150589
v -0.0408833771944046 0.6282108426094055 0.1621609628200531
v -0.04451371356844902 0.6287668943405151 0.1614999920129776
v -0.0408833771944046 0.6282108426094055 0.1621609628200531
v -0.04168517142534256 0.6327313780784607 0.1614999771118164
v -0.041028477251529694 0.633550763130188 0.1614999771118164
v -0.040233056992292404 0.6327618956565857 0.16172485053539276
v -0.03800278156995773 0.6369431614875793 0.1614999920129776
v -0.04168517142534256 0.6327313780784607 0.1614999771118164
v -0.0408833771944046 0.6282108426094055 0.1621609628200531
v -0.040233056992292404 0.6327618956565857 0.16172485053539276
v -0.040233056992292404 0.6327618956565857 0.16172485053539276
v -0.0408833771944046 0.6282108426094055 0.1621609628200531
v -0.03711960092186928 0.6330066323280334 0.16212762892246246
v -0.040233056992292404 0.6327618956565857 0.16172485053539276
v -0.03711960092186928 0.6330066323280334 0.16212762892246246
v -0.03800278156995773 0.6369431614875793 0.1614999920129776
v -0.03800278156995773 0.6369431614875793 0.1614999920129776
v -0.03711960092186928 0.6330066323280334 0.16212762892246246
v -0.03547757863998413 0.6347655653953552 0.16211333870887756
v -0.03800278156995773 0.6369431614875793 0.1614999920129776
v -0.03547757863998413 0.6347655653953552 0.16211333870887756
v -0.03447310999035835 0.6402574181556702 0.16149988770484924
v -0.03447310999035835 0.6402574181556702 0.16149988770484924
v -0.03547757863998413 0.6347655653953552 0.16211333870887756
v -0.031662099063396454 0.6382728815078735 0.1620819866657257
v -0.03447310999035835 0.6402574181556702 0.16149988770484924
v -0.031662099063396454 0.6382728815078735 0.1620819866657257
v -0.030013957992196083 0.6436828374862671 0.16149994730949402
v -0.030013957992196083 0.6436828374862671 0.16149994730949402
v -0.031662099063396454 0.6382728815078735 0.1620819866657257
v -0.029607608914375305 0.6398835182189941 0.1620662361383438
v -0.030013957992196083 0.6436828374862671 0.16149994730949402
v -0.029607608914375305 0.6398835182189941 0.1620662361383438
v -0.026828231289982796 0.6457082033157349 0.1614999920129776
v -0.026828231289982796 0.6457082033157349 0.1614999920129776
v -0.029607608914375305 0.6398835182189941 0.1620662361383438
v -0.022566063329577446 0.6442501544952393 0.1620209515094757
v -0.026828231289982796 0.6457082033157349 0.1614999920129776
v -0.022566063329577446 0.6442501544952393 0.1620209515094757
v -0.01834702119231224 0.6497232913970947 0.1614999771118164
v -0.01834702119231224 0.6497232913970947 0.1614999771118164
v -0.022566063329577446 0.6442501544952393 0.1620209515094757
v -0.016825778409838676 0.6467353701591492 0.16199402511119843
v -0.01834702119231224 0.6497232913970947 0.1614999771118164
v -0.016825778409838676 0.6467353701591492 0.16199402511119843
v -0.00933176651597023 0.6521720886230469 0.1614999920129776
v -0.016825778409838676 0.6467353701591492 0.16199402511119843
v -0.014483240433037281 0.6475135684013367 0.16198408603668213
v -0.00933176651597023 0.6521720886230469 0.1614999920129776
v -0.00933176651597023 0.6521720886230469 0.1614999920129776
v -0.014483240433037281 0.6475135684013367 0.16198408603668213
v -0.007471220102161169 0.6491068601608276 0.16196085512638092
v -0.00933176651597023 0.6521720886230469 0.1614999920129776
v -0.007471220102161169 0.6491068601608276 0.16196085512638092
v -6.293471233220771e-05 0.6529999375343323 0.1614999920129776
v -0.007471220102161169 0.6491068601608276 0.16196085512638092
v 0.0016732546500861645 0.6496437788009644 0.16197247803211212
v -6.293471233220771e-05 0.6529999375343323 0.1614999920129776
v -6.293471233220771e-05 0.6529999375343323 0.1614999920129776
v 0.0016732546500861645 0.6496437788009644 0.16197247803211212
v 0.010176246054470539 0.6486184000968933 0.16202419996261597
v -6.293471233220771e-05 0.6529999375343323 0.1614999920129776
v 0.010176246054470539 0.6486184000968933 0.16202419996261597
v 0.009174054488539696 0.6522001028060913 0.1614999771118164
v 0.009174054488539696 0.6522001028060913 0.1614999771118164
v 0.010176246054470539 0.6486184000968933 0.16202419996261597
v 0.018100807443261147 0.6498135328292847 0.16149994730949402
v 0.018100807443261147 0.6498135328292847 0.16149994730949402
v 0.010176246054470539 0.6486184000968933 0.16202419996261597
v 0.018286293372511864 0.6461834907531738 0.16209836304187775
v 0.018100807443261147 0.6498135328292847 0.16149994730949402
v 0.018286293372511864 0.6461834907531738 0.16209836304187775
v 0.026462921872735023 0.6459211707115173 0.16149988770484924
v 0.026462921872735023 0.6459211707115173 0.16149988770484924
v 0.018286293372511864 0.6461834907531738 0.16209836304187775
v 0.02521190606057644 0.6427979469299316 0.16217036545276642
v 0.026462921872735023 0.6459211707115173 0.16149988770484924
v 0.02521190606057644 0.6427979469299316 0.16217036545276642
v 0.02918514981865883 0.6442406177520752 0.1614999920129776
v 0.02918514981865883 0.6442406177520752 0.1614999920129776
v 0.02521190606057644 0.6427979469299316 0.16217036545276642
v 0.0340258851647377 0.6406360864639282 0.16149984300136566
v 0.0340258851647377 0.6406360864639282 0.16149984300136566
v 0.02521190606057644 0.6427979469299316 0.16217036545276642
v 0.03228125721216202 0.637752115726471 0.16225765645503998
v 0.0340258851647377 0.6406360864639282 0.16149984300136566
v 0.03228125721216202 0.637752115726471 0.16225765645503998
v 0.037299662828445435 0.6376528739929199 0.1615000069141388
v 0.037299662828445435 0.6376528739929199 0.1615000069141388
v 0.03228125721216202 0.637752115726471 0.16225765645503998
v 0.03704032301902771 0.6330955624580383 0.16232620179653168
v 0.037299662828445435 0.6376528739929199 0.1615000069141388
v 0.03704032301902771 0.6330955624580383 0.16232620179653168
v 0.04053688421845436 0.6341428756713867 0.1615000218153
v 0.04053688421845436 0.6341428756713867 0.1615000218153
v 0.04022141546010971 0.6328078508377075 0.16179388761520386
v 0.04396364465355873 0.6296008229255676 0.1614999920129776
v 0.04396364465355873 0.6296008229255676 0.1614999920129776
v 0.04022141546010971 0.6328078508377075 0.16179388761520386
v 0.045842304825782776 0.6265983581542969 0.1615000069141388
v 0.04053688421845436 0.6341428756713867 0.1615000218153
v 0.03704032301902771 0.6330955624580383 0.16232620179653168
v 0.04022141546010971 0.6328078508377075 0.16179388761520386
v 0.04022141546010971 0.6328078508377075 0.16179388761520386
v 0.03704032301902771 0.6330955624580383 0.16232620179653168
v 0.03832421824336052 0.6315999627113342 0.1623457372188568
v 0.04022141546010971 0.6328078508377075 0.16179388761520386
v 0.03832421824336052 0.6315999627113342 0.1623457372188568
v 0.045842304825782776 0.6265983581542969 0.1615000069141388
v 0.045842304825782776 0.6265983581542969 0.1615000069141388
v 0.03832421824336052 0.6315999627113342 0.1623457372188568
v 0.04327002167701721 0.6243928074836731 0.1624174863100052
v 0.045842304825782776 0.6265983581542969 0.1615000069141388
v 0.04327002167701721 0.6243928074836731 0.1624174863100052
v 0.049766696989536285 0.6182280778884888 0.1615000218153
v 0.049766696989536285 0.6182280778884888 0.1615000218153
v 0.04327002167701721 0.6243928074836731 0.1624174863100052
v 0.04702090844511986 0.6160105466842651 0.16243761777877808
v 0.049766696989536285 0.6182280778884888 0.1615000218153
v 0.04702090844511986 0.6160105466842651 0.16243761777877808
v 0.052185483276844025 0.6092561483383179 0.1615000218153
v 0.04702090844511986 0.6160105466842651 0.16243761777877808
v 0.048518285155296326 0.6106432676315308 0.1624116748571396
v 0.052185483276844025 0.6092561483383179 0.1615000218153
v 0.052185483276844025 0.6092561483383179 0.1615000218153
v 0.048518285155296326 0.6106432676315308 0.1624116748571396
v 0.049017224460840225 0.6080383658409119 0.16238854825496674
v 0.052185483276844025 0.6092561483383179 0.1615000218153
v 0.049017224460840225 0.6080383658409119 0.16238854825496674
v 0.05299999937415123 0.6000000238418579 0.1614999920129776
v 0.05299999937415123 0.6000000238418579 0.1614999920129776
v 0.049017224460840225 0.6080383658409119 0.16238854825496674
v 0.0496719591319561 0.6000000238418579 0.16228672862052917
v 0.05299999937415123 0.6000000238418579 0.1614999920129776
v 0.0496719591319561 0.6000000238418579 0.16228672862052917
v 0.05243252217769623 0.5924206376075745 0.16150055825710297
v 0.05243252217769623 0.5924206376075745 0.16150055825710297
v 0.0496719591319561 0.6000000238418579 0.16228672862052917
v 0.049548521637916565 0.5965003371238708 0.1622375249862671
v 0.05243252217769623 0.5924206376075745 0.16150055825710297
v 0.049548521637916565 0.5965003371238708 0.1622375249862671
v 0.05083306133747101 0.5849999189376831 0.16149979829788208
v 0.043558962643146515 0.5164681673049927 0.16371887922286987
v 0.04564008489251137 0.5509691834449768 0.16235840320587158
v 0.0402337871491909 0.5663946866989136 0.16429950296878815
v 0.0402337871491909 0.5663946866989136 0.16429950296878815
v 0.04564008489251137 0.5509691834449768 0.16235840320587158
v 0.04670440033078194 0.5616798400878906 0.1619981974363327
v 0.0402337871491909 0.5663946866989136 0.16429950296878815
v 0.04670440033078194 0.5616798400878906 0.1619981974363327
v 0.04693792015314102 0.5655523538589478 0.16195298731327057
v 0.04693792015314102 0.5655523538589478 0.16195298731327057
v 0.04670440033078194 0.5616798400878906 0.1619981974363327
v 0.04751163721084595 0.5680990219116211 0.16180776059627533
v 0.0402337871491909 0.5663946866989136 0.16429950296878815
v 0.040241874754428864 0.5217832326889038 0.1650356501340866
v 0.043558962643146515 0.5164681673049927 0.16371887922286987
v 0.043558962643146515 0.5164681673049927 0.16371887922286987
v 0.040241874754428864 0.5217832326889038 0.1650356501340866
v 0.040250129997730255 0.4775165617465973 0.16673043370246887
v 0.043558962643146515 0.5164681673049927 0.16371887922286987
v 0.040250129997730255 0.4775165617465973 0.16673043370246887
v 0.04231364279985428 0.4476943910121918 0.1668970137834549
v 0.04231364279985428 0.4476943910121918 0.1668970137834549
v 0.040250129997730255 0.4775165617465973 0.16673043370246887
v 0.040258489549160004 0.43347465991973877 0.16905002295970917
v 0.04231364279985428 0.4476943910121918 0.1668970137834549
v 0.040258489549160004 0.43347465991973877 0.16905002295970917
v 0.042338792234659195 0.4321615397930145 0.16767270863056183
v 0.042338792234659195 0.4321615397930145 0.16767270863056183
v 0.040258489549160004 0.43347465991973877 0.16905002295970917
v 0.042357999831438065 0.4281649589538574 0.1678752303123474
v 0.042357999831438065 0.4281649589538574 0.1678752303123474
v 0.040258489549160004 0.43347465991973877 0.16905002295970917
v 0.040266960859298706 0.38966062664985657 0.17200304567813873
v 0.042357999831438065 0.4281649589538574 0.1678752303123474
v 0.040266960859298706 0.38966062664985657 0.17200304567813873
v 0.04298829287290573 0.3788236677646637 0.17048421502113342
v -0.006662109401077032 0.3952634334564209 0.1876126229763031
v -0.013366901315748692 0.39473432302474976 0.18614664673805237
v -0.013358314521610737 0.35116109251976013 0.18976904451847076
v -0.01859622448682785 0.3100002706050873 0.19126635789871216
v -0.012641409412026405 0.3100000023841858 0.19284462928771973
v -0.013358314521610737 0.35116109251976013 0.18976904451847076
v -0.013358314521610737 0.35116109251976013 0.18976904451847076
v -0.012641409412026405 0.3100000023841858 0.19284462928771973
v -0.009938633069396019 0.31000012159347534 0.19335342943668365
v -0.013358314521610737 0.35116109251976013 0.18976904451847076
v -0.009938633069396019 0.31000012159347534 0.19335342943668365
v -0.006662109401077032 0.3952634334564209 0.1876126229763031
v -0.006662109401077032 0.3952634334564209 0.1876126229763031
v -0.009938633069396019 0.31000012159347534 0.19335342943668365
v 9.993218752502031e-11 0.3100000023841858 0.19416794180870056
v -0.006662109401077032 0.3952634334564209 0.1876126229763031
v 9.993218752502031e-11 0.3100000023841858 0.19416794180870056
v 4.2522857256699353e-05 0.3954606056213379 0.18815584480762482
v 4.2522857256699353e-05 0.3954606056213379 0.18815584480762482
v 9.993218752502031e-11 0.3100000023841858 0.19416794180870056
v 0.0026002523954957724 0.31000012159347534 0.19411253929138184
v 4.2522857256699353e-05 0.3954606056213379 0.18815584480762482
v 0.0026002523954957724 0.31000012159347534 0.19411253929138184
v 0.006746990606188774 0.3953152894973755 0.1877470463514328
v 0.006746990606188774 0.3953152894973755 0.1877470463514328
v 0.0026002523954957724 0.31000012159347534 0.19411253929138184
v 0.012508365325629711 0.3100000023841858 0.19287264347076416
v 0.006746990606188774 0.3953152894973755 0.1877470463514328
v 0.012508365325629711 0.3100000023841858 0.19287264347076416
v 0.013451294973492622 0.39482972025871277 0.18639227747917175
v 0.013451294973492622 0.39482972025871277 0.18639227747917175
v 0.012508365325629711 0.3100000023841858 0.19287264347076416
v 0.013492913916707039 0.3100000321865082 0.19265802204608917
v 0.013451294973492622 0.39482972025871277 0.18639227747917175
v 0.013492913916707039 0.3100000321865082 0.19265802204608917
v 0.020155439153313637 0.39401334524154663 0.1841178834438324
v 0.020155439153313637 0.39401334524154663 0.1841178834438324
v 0.013492913916707039 0.3100000321865082 0.19265802204608917
v 0.021056462079286575 0.3100002110004425 0.19042126834392548
v 0.020155439153313637 0.39401334524154663 0.1841178834438324
v 0.021056462079286575 0.3100002110004425 0.19042126834392548
v 0.03011574223637581 0.31000030040740967 0.18622185289859772
v -0.03347347676753998 0.34793755412101746 0.18082256615161896
v -0.03542424738407135 0.3100000023841858 0.18283773958683014
v -0.027825362980365753 0.3100002110004425 0.18745717406272888
v -0.04485922306776047 0.31000009179115295 0.17452387511730194
v -0.04305567219853401 0.3100002110004425 0.1763966679573059
v -0.040178898721933365 0.3460901081562042 0.17569170892238617
v -0.040178898721933365 0.3460901081562042 0.17569170892238617
v -0.04305567219853401 0.3100002110004425 0.1763966679573059
v -0.03542424738407135 0.3100000023841858 0.18283773958683014
v -0.026802727952599525 0.5233860015869141 0.16954028606414795
v -0.02562493458390236 0.5574480891227722 0.1679999828338623
v -0.040212661027908325 0.5215966105461121 0.16457563638687134
v -0.040212661027908325 0.5215966105461121 0.16457563638687134
v -0.02562493458390236 0.5574480891227722 0.1679999828338623
v -0.0321529395878315 0.5621384978294373 0.16585251688957214
v -0.040212661027908325 0.5215966105461121 0.16457563638687134
v -0.0321529395878315 0.5621384978294373 0.16585251688957214
v -0.04022081568837166 0.5660696029663086 0.16345447301864624
v -0.04022081568837166 0.5660696029663086 0.16345447301864624
v -0.0321529395878315 0.5621384978294373 0.16585251688957214
v -0.03819015249609947 0.5682381391525269 0.164004847407341
v -0.04022081568837166 0.5660696029663086 0.16345447301864624
v -0.03819015249609947 0.5682381391525269 0.164004847407341
v -0.0469256192445755 0.5655158162117004 0.16191990673542023
v -0.0469256192445755 0.5655158162117004 0.16191990673542023
v -0.03819015249609947 0.5682381391525269 0.164004847407341
v -0.04313857853412628 0.575375497341156 0.16271798312664032
v -0.0469256192445755 0.5655158162117004 0.16191990673542023
v -0.04313857853412628 0.575375497341156 0.16271798312664032
v -0.046543680131435394 0.5826509594917297 0.16205212473869324
v -0.014400877058506012 0.59334397315979 0.1680000275373459
v -0.018593434244394302 0.5855222940444946 0.1679999977350235
v -0.013401487842202187 0.5685243010520935 0.17025882005691528
v -0.013401487842202187 0.5685243010520935 0.17025882005691528
v -0.018593434244394302 0.5855222940444946 0.1679999977350235
v -0.02194037288427353 0.57547926902771 0.1679999828338623
v -0.013401487842202187 0.5685243010520935 0.17025882005691528
v -0.02194037288427353 0.57547926902771 0.1679999828338623
v -0.025182615965604782 0.5600627064704895 0.1680000126361847
v -0.014400877058506012 0.59334397315979 0.1680000275373459
v -0.013401487842202187 0.5685243010520935 0.17025882005691528
v -0.009468846023082733 0.5990278124809265 0.1679999977350235
v -0.009468846023082733 0.5990278124809265 0.1679999977350235
v -0.013401487842202187 0.5685243010520935 0.17025882005691528
v -0.006696790922433138 0.5688570141792297 0.17117880284786224
v -0.009468846023082733 0.5990278124809265 0.1679999977350235
v -0.006696790922433138 0.5688570141792297 0.17117880284786224
v -0.004313724115490913 0.6032302975654602 0.1679999977350235
v -0.004313724115490913 0.6032302975654602 0.1679999977350235
v -0.006696790922433138 0.5688570141792297 0.17117880284786224
v 7.83247196523007e-06 0.5690360069274902 0.171671524643898
v -0.004313724115490913 0.6032302975654602 0.1679999977350235
v 7.83247196523007e-06 0.5690360069274902 0.171671524643898
v -0.0002943639410659671 0.6048976182937622 0.1679999977350235
v -0.0002943639410659671 0.6048976182937622 0.1679999977350235
v 7.83247196523007e-06 0.5690360069274902 0.171671524643898
v 0.004827779717743397 0.6051869988441467 0.1679999977350235
v 0.004827779717743397 0.6051869988441467 0.1679999977350235
v 7.83247196523007e-06 0.5690360069274902 0.171671524643898
v 0.00671237800270319 0.569052517414093 0.17171253263950348
v 0.004827779717743397 0.6051869988441467 0.1679999977350235
v 0.00671237800270319 0.569052517414093 0.17171253263950348
v 0.010200852528214455 0.6042070388793945 0.1679999828338623
v 0.010200852528214455 0.6042070388793945 0.1679999828338623
v 0.00671237800270319 0.569052517414093 0.17171253263950348
v 0.013416825793683529 0.568866491317749 0.17119047045707703
v 0.010200852528214455 0.6042070388793945 0.1679999828338623
v 0.013416825793683529 0.568866491317749 0.17119047045707703
v 0.013477902859449387 0.6026988625526428 0.1679999679327011
v 0.013416825793683529 0.568866491317749 0.17119047045707703
v 0.025461386889219284 0.5855204463005066 0.16799986362457275
v 0.022826774045825005 0.5923030972480774 0.1679999828338623
v 0.022826774045825005 0.5923030972480774 0.1679999828338623
v 0.019392533227801323 0.5976362228393555 0.1679999828338623
v 0.013416825793683529 0.568866491317749 0.17119047045707703
v 0.013416825793683529 0.568866491317749 0.17119047045707703
v 0.019392533227801323 0.5976362228393555 0.1679999828338623
v 0.014882272109389305 0.6018045544624329 0.16799995303153992
v 0.013416825793683529 0.568866491317749 0.17119047045707703
v 0.014882272109389305 0.6018045544624329 0.16799995303153992
v 0.013477902859449387 0.6026988625526428 0.1679999679327011
v 0.025461386889219284 0.5855204463005066 0.16799986362457275
v 0.013416825793683529 0.568866491317749 0.17119047045707703
v 0.02753385342657566 0.5765554904937744 0.16799993813037872
v 0.02753385342657566 0.5765554904937744 0.16799993813037872
v 0.013416825793683529 0.568866491317749 0.17119047045707703
v 0.026825446635484695 0.5679208040237427 0.1685517132282257
v 0.02753385342657566 0.5765554904937744 0.16799993813037872
v 0.026825446635484695 0.5679208040237427 0.1685517132282257
v 0.02974092774093151 0.5602158308029175 0.1679999828338623
v 0.02974092774093151 0.5602158308029175 0.1679999828338623
v 0.026825446635484695 0.5679208040237427 0.1685517132282257
v 0.0268337931483984 0.5238500237464905 0.17079107463359833
v 0.02974092774093151 0.5602158308029175 0.1679999828338623
v 0.0268337931483984 0.5238500237464905 0.17079107463359833
v 0.03599005937576294 0.5657652616500854 0.1658008098602295
v -0.03542424738407135 0.3100000023841858 0.18283773958683014
v -0.03347347676753998 0.34793755412101746 0.18082256615161896
v -0.040178898721933365 0.3460901081562042 0.17569170892238617
v -0.040178898721933365 0.3460901081562042 0.17569170892238617
v -0.03347347676753998 0.34793755412101746 0.18082256615161896
v -0.0334821492433548 0.39133039116859436 0.17669865489006042
v -0.040178898721933365 0.3460901081562042 0.17569170892238617
v -0.0334821492433548 0.39133039116859436 0.17669865489006042
v -0.04018750414252281 0.3896303176879883 0.17197749018669128
v -0.013366901315748692 0.39473432302474976 0.18614664673805237
v -0.026776926591992378 0.3927534520626068 0.1806497722864151
v -0.013358314521610737 0.35116109251976013 0.18976904451847076
v -0.013358314521610737 0.35116109251976013 0.18976904451847076
v -0.026776926591992378 0.3927534520626068 0.1806497722864151
v -0.026768255978822708 0.34935539960861206 0.18475915491580963
v -0.013358314521610737 0.35116109251976013 0.18976904451847076
v -0.026768255978822708 0.34935539960861206 0.18475915491580963
v -0.01859622448682785 0.3100002706050873 0.19126635789871216
v -0.01859622448682785 0.3100002706050873 0.19126635789871216
v -0.026768255978822708 0.34935539960861206 0.18475915491580963
v -0.025756720453500748 0.3100000321865082 0.1884678304195404
v -0.04485922306776047 0.31000009179115295 0.17452387511730194
v -0.040178898721933365 0.3460901081562042 0.17569170892238617
v -0.04289567470550537 0.38370969891548157 0.17021575570106506
v -0.04289567470550537 0.38370969891548157 0.17021575570106506
v -0.040178898721933365 0.3460901081562042 0.17569170892238617
v -0.04018750414252281 0.3896303176879883 0.17197749018669128
v -0.04289567470550537 0.38370969891548157 0.17021575570106506
v -0.04018750414252281 0.3896303176879883 0.17197749018669128
v -0.04019598662853241 0.4334167540073395 0.16894777119159698
v -0.04019598662853241 0.4334167540073395 0.16894777119159698
v -0.04018750414252281 0.3896303176879883 0.17197749018669128
v -0.0334821492433548 0.39133039116859436 0.17669865489006042
v -0.04019598662853241 0.4334167540073395 0.16894777119159698
v -0.0334821492433548 0.39133039116859436 0.17669865489006042
v -0.026776926591992378 0.3927534520626068 0.1806497722864151
v -0.026776926591992378 0.3927534520626068 0.1806497722864151
v -0.0334821492433548 0.39133039116859436 0.17669865489006042
v -0.03347347676753998 0.34793755412101746 0.18082256615161896
v -0.026776926591992378 0.3927534520626068 0.1806497722864151
v -0.03347347676753998 0.34793755412101746 0.18082256615161896
v -0.026768255978822708 0.34935539960861206 0.18475915491580963
v -0.026768255978822708 0.34935539960861206 0.18475915491580963
v -0.03347347676753998 0.34793755412101746 0.18082256615161896
v -0.027825362980365753 0.3100002110004425 0.18745717406272888
v -0.026768255978822708 0.34935539960861206 0.18475915491580963
v -0.027825362980365753 0.3100002110004425 0.18745717406272888
v -0.025756720453500748 0.3100000321865082 0.1884678304195404
v -0.006679368671029806 0.4822293817996979 0.17986592650413513
v -0.013392859138548374 0.5250391960144043 0.17412620782852173
v -0.013384198769927025 0.48161986470222473 0.1781764179468155
v -0.013384198769927025 0.48161986470222473 0.1781764179468155
v -0.013392859138548374 0.5250391960144043 0.17412620782852173
v -0.026802727952599525 0.5233860015869141 0.16954028606414795
v -0.013384198769927025 0.48161986470222473 0.1781764179468155
v -0.026802727952599525 0.5233860015869141 0.16954028606414795
v -0.026794206351041794 0.4796803891658783 0.1727946400642395
v -0.026794206351041794 0.4796803891658783 0.1727946400642395
v -0.026802727952599525 0.5233860015869141 0.16954028606414795
v -0.040212661027908325 0.5215966105461121 0.16457563638687134
v -0.026794206351041794 0.4796803891658783 0.1727946400642395
v -0.040212661027908325 0.5215966105461121 0.16457563638687134
v -0.04020436853170395 0.4774171710014343 0.1665128916501999
v -0.04020436853170395 0.4774171710014343 0.1665128916501999
v -0.040212661027908325 0.5215966105461121 0.16457563638687134
v -0.042959682643413544 0.4985857903957367 0.16449788212776184
v -0.025182615965604782 0.5600627064704895 0.1680000126361847
v -0.02562493458390236 0.5574480891227722 0.1679999828338623
v -0.013401487842202187 0.5685243010520935 0.17025882005691528
v -0.013401487842202187 0.5685243010520935 0.17025882005691528
v -0.02562493458390236 0.5574480891227722 0.1679999828338623
v -0.013392859138548374 0.5250391960144043 0.17412620782852173
v -0.013401487842202187 0.5685243010520935 0.17025882005691528
v -0.013392859138548374 0.5250391960144043 0.17412620782852173
v -0.006696790922433138 0.5688570141792297 0.17117880284786224
v -0.006696790922433138 0.5688570141792297 0.17117880284786224
v -0.013392859138548374 0.5250391960144043 0.17412620782852173
v -0.006679368671029806 0.4822293817996979 0.17986592650413513
v -0.006696790922433138 0.5688570141792297 0.17117880284786224
v -0.006679368671029806 0.4822293817996979 0.17986592650413513
v 7.83247196523007e-06 0.5690360069274902 0.171671524643898
v 7.83247196523007e-06 0.5690360069274902 0.171671524643898
v -0.006679368671029806 0.4822293817996979 0.17986592650413513
v 2.5295124942203984e-05 0.4824928045272827 0.1805933564901352
v 7.83247196523007e-06 0.5690360069274902 0.171671524643898
v 2.5295124942203984e-05 0.4824928045272827 0.1805933564901352
v 0.00671237800270319 0.569052517414093 0.17171253263950348
v 0.00671237800270319 0.569052517414093 0.17171253263950348
v 2.5295124942203984e-05 0.4824928045272827 0.1805933564901352
v 0.00672977464273572 0.4823726415634155 0.18025444447994232
v 0.00671237800270319 0.569052517414093 0.17171253263950348
v 0.00672977464273572 0.4823726415634155 0.18025444447994232
v 0.013416825793683529 0.568866491317749 0.17119047045707703
v 0.013416825793683529 0.568866491317749 0.17119047045707703
v 0.00672977464273572 0.4823726415634155 0.18025444447994232
v 0.013434077613055706 0.4818839728832245 0.17889109253883362
v 0.013416825793683529 0.568866491317749 0.17119047045707703
v 0.013434077613055706 0.4818839728832245 0.17889109253883362
v 0.026825446635484695 0.5679208040237427 0.1685517132282257
v 0.026825446635484695 0.5679208040237427 0.1685517132282257
v 0.013434077613055706 0.4818839728832245 0.17889109253883362
v 0.020138228312134743 0.48107993602752686 0.1766510307788849
v 0.026825446635484695 0.5679208040237427 0.1685517132282257
v 0.020138228312134743 0.48107993602752686 0.1766510307788849
v 0.0268337931483984 0.5238500237464905 0.17079107463359833
v 0.0268337931483984 0.5238500237464905 0.17079107463359833
v 0.020138228312134743 0.48107993602752686 0.1766510307788849
v 0.026842262595891953 0.48003172874450684 0.17373217642307281
v 0.049548521637916565 0.5965003371238708 0.1622375249862671
v 0.04830380901694298 0.5884221792221069 0.1622024029493332
v 0.05083306133747101 0.5849999189376831 0.16149979829788208
v 0.05083306133747101 0.5849999189376831 0.16149979829788208
v 0.04830380901694298 0.5884221792221069 0.1622024029493332
v 0.04751186817884445 0.5855112075805664 0.16228607296943665
v 0.05083306133747101 0.5849999189376831 0.16149979829788208
v 0.04751186817884445 0.5855112075805664 0.16228607296943665
v 0.04751163721084595 0.5680990219116211 0.16180776059627533
v 0.04751163721084595 0.5680990219116211 0.16180776059627533
v 0.04751186817884445 0.5855112075805664 0.16228607296943665
v 0.04565085843205452 0.5804218649864197 0.1626635044813156
v 0.04751163721084595 0.5680990219116211 0.16180776059627533
v 0.04565085843205452 0.5804218649864197 0.1626635044813156
v 0.04693792015314102 0.5655523538589478 0.16195298731327057
v 0.04693792015314102 0.5655523538589478 0.16195298731327057
v 0.04565085843205452 0.5804218649864197 0.1626635044813156
v 0.04139552265405655 0.572546124458313 0.16393448412418365
v 0.04693792015314102 0.5655523538589478 0.16195298731327057
v 0.04139552265405655 0.572546124458313 0.16393448412418365
v 0.0402337871491909 0.5663946866989136 0.16429950296878815
v 0.0402337871491909 0.5663946866989136 0.16429950296878815
v 0.04139552265405655 0.572546124458313 0.16393448412418365
v 0.03599005937576294 0.5657652616500854 0.1658008098602295
v 0.0402337871491909 0.5663946866989136 0.16429950296878815
v 0.03599005937576294 0.5657652616500854 0.1658008098602295
v 0.040241874754428864 0.5217832326889038 0.1650356501340866
v 0.040241874754428864 0.5217832326889038 0.1650356501340866
v 0.03599005937576294 0.5657652616500854 0.1658008098602295
v 0.0268337931483984 0.5238500237464905 0.17079107463359833
v 0.040241874754428864 0.5217832326889038 0.1650356501340866
v 0.0268337931483984 0.5238500237464905 0.17079107463359833
v 0.040250129997730255 0.4775165617465973 0.16673043370246887
v 0.040250129997730255 0.4775165617465973 0.16673043370246887
v 0.0268337931483984 0.5238500237464905 0.17079107463359833
v 0.026842262595891953 0.48003172874450684 0.17373217642307281
v 0.040250129997730255 0.4775165617465973 0.16673043370246887
v 0.026842262595891953 0.48003172874450684 0.17373217642307281
v 0.040258489549160004 0.43347465991973877 0.16905002295970917
v 0.040258489549160004 0.43347465991973877 0.16905002295970917
v 0.026842262595891953 0.48003172874450684 0.17373217642307281
v 0.033563271164894104 0.3914220631122589 0.1769045740365982
v 0.040258489549160004 0.43347465991973877 0.16905002295970917
v 0.033563271164894104 0.3914220631122589 0.1769045740365982
v 0.040266960859298706 0.38966062664985657 0.17200304567813873
v 0.040266960859298706 0.38966062664985657 0.17200304567813873
v 0.033563271164894104 0.3914220631122589 0.1769045740365982
v 0.04027555137872696 0.3460938036441803 0.17564328014850616
v 0.040266960859298706 0.38966062664985657 0.17200304567813873
v 0.04027555137872696 0.3460938036441803 0.17564328014850616
v 0.04298829287290573 0.3788236677646637 0.17048421502113342
v 0.04298829287290573 0.3788236677646637 0.17048421502113342
v 0.04027555137872696 0.3460938036441803 0.17564328014850616
v 0.043780840933322906 0.344828337430954 0.17240138351917267
v -0.042959682643413544 0.4985857903957367 0.16449788212776184
v -0.042316850274801254 0.4496591091156006 0.16680018603801727
v -0.04020436853170395 0.4774171710014343 0.1665128916501999
v -0.04020436853170395 0.4774171710014343 0.1665128916501999
v -0.042316850274801254 0.4496591091156006 0.16680018603801727
v -0.04019598662853241 0.4334167540073395 0.16894777119159698
v -0.04020436853170395 0.4774171710014343 0.1665128916501999
v -0.04019598662853241 0.4334167540073395 0.16894777119159698
v -0.026794206351041794 0.4796803891658783 0.1727946400642395
v -0.026794206351041794 0.4796803891658783 0.1727946400642395
v -0.04019598662853241 0.4334167540073395 0.16894777119159698
v -0.026776926591992378 0.3927534520626068 0.1806497722864151
v -0.026794206351041794 0.4796803891658783 0.1727946400642395
v -0.026776926591992378 0.3927534520626068 0.1806497722864151
v -0.013384198769927025 0.48161986470222473 0.1781764179468155
v -0.013384198769927025 0.48161986470222473 0.1781764179468155
v -0.026776926591992378 0.3927534520626068 0.1806497722864151
v -0.013366901315748692 0.39473432302474976 0.18614664673805237
v -0.013384198769927025 0.48161986470222473 0.1781764179468155
v -0.013366901315748692 0.39473432302474976 0.18614664673805237
v -0.006679368671029806 0.4822293817996979 0.17986592650413513
v -0.006679368671029806 0.4822293817996979 0.17986592650413513
v -0.013366901315748692 0.39473432302474976 0.18614664673805237
v -0.006662109401077032 0.3952634334564209 0.1876126229763031
v -0.006679368671029806 0.4822293817996979 0.17986592650413513
v -0.006662109401077032 0.3952634334564209 0.1876126229763031
v 2.5295124942203984e-05 0.4824928045272827 0.1805933564901352
v 2.5295124942203984e-05 0.4824928045272827 0.1805933564901352
v -0.006662109401077032 0.3952634334564209 0.1876126229763031
v 4.2522857256699353e-05 0.3954606056213379 0.18815584480762482
v 2.5295124942203984e-05 0.4824928045272827 0.1805933564901352
v 4.2522857256699353e-05 0.3954606056213379 0.18815584480762482
v 0.00672977464273572 0.4823726415634155 0.18025444447994232
v 0.00672977464273572 0.4823726415634155 0.18025444447994232
v 4.2522857256699353e-05 0.3954606056213379 0.18815584480762482
v 0.006746990606188774 0.3953152894973755 0.1877470463514328
v 0.00672977464273572 0.4823726415634155 0.18025444447994232
v 0.006746990606188774 0.3953152894973755 0.1877470463514328
v 0.013434077613055706 0.4818839728832245 0.17889109253883362
v 0.013434077613055706 0.4818839728832245 0.17889109253883362
v 0.006746990606188774 0.3953152894973755 0.1877470463514328
v 0.013451294973492622 0.39482972025871277 0.18639227747917175
v 0.013434077613055706 0.4818839728832245 0.17889109253883362
v 0.013451294973492622 0.39482972025871277 0.18639227747917175
v 0.020138228312134743 0.48107993602752686 0.1766510307788849
v 0.020138228312134743 0.48107993602752686 0.1766510307788849
v 0.013451294973492622 0.39482972025871277 0.18639227747917175
v 0.020155439153313637 0.39401334524154663 0.1841178834438324
v 0.020138228312134743 0.48107993602752686 0.1766510307788849
v 0.020155439153313637 0.39401334524154663 0.1841178834438324
v 0.026842262595891953 0.48003172874450684 0.17373217642307281
v 0.026842262595891953 0.48003172874450684 0.17373217642307281
v 0.020155439153313637 0.39401334524154663 0.1841178834438324
v 0.026859430596232414 0.3928753435611725 0.18094943463802338
v 0.026842262595891953 0.48003172874450684 0.17373217642307281
v 0.026859430596232414 0.3928753435611725 0.18094943463802338
v 0.033563271164894104 0.3914220631122589 0.1769045740365982
v 0.033563271164894104 0.3914220631122589 0.1769045740365982
v 0.026859430596232414 0.3928753435611725 0.18094943463802338
v 0.03011574223637581 0.31000030040740967 0.18622185289859772
v 0.033563271164894104 0.3914220631122589 0.1769045740365982
v 0.03011574223637581 0.31000030040740967 0.18622185289859772
v 0.04027555137872696 0.3460938036441803 0.17564328014850616
v 0.04027555137872696 0.3460938036441803 0.17564328014850616
v 0.03011574223637581 0.31000030040740967 0.18622185289859772
v 0.03751248121261597 0.31000015139579773 0.1812814623117447
v 0.04027555137872696 0.3460938036441803 0.17564328014850616
v 0.03751248121261597 0.31000015139579773 0.1812814623117447
v 0.04476120322942734 0.3129938542842865 0.17433768510818481
v 0.04476120322942734 0.3129938542842865 0.17433768510818481
v 0.03751248121261597 0.31000015139579773 0.1812814623117447
v 0.044859226793050766 0.3100001811981201 0.17452386021614075
v -0.05794297158718109 0.2735897898674011 0.12298038601875305
v -0.056623321026563644 0.3100000023841858 0.12168871611356735
v -0.05857909098267555 0.2735937237739563 0.10727668553590775
v -0.05857909098267555 0.2735937237739563 0.10727668553590775
v -0.056623321026563644 0.3100000023841858 0.12168871611356735
v -0.057233359664678574 0.3100000023841858 0.10630704462528229
v -0.04624754935503006 0.2735758125782013 0.17703594267368317
v -0.04485922306776047 0.31000009179115295 0.17452387511730194
v -0.05053435266017914 0.27357929944992065 0.16382759809494019
v -0.05053435266017914 0.27357929944992065 0.16382759809494019
v -0.04485922306776047 0.31000009179115295 0.17452387511730194
v -0.04918508976697922 0.3100000023841858 0.16163823008537292
v -0.05053435266017914 0.27357929944992065 0.16382759809494019
v -0.04918508976697922 0.3100000023841858 0.16163823008537292
v -0.05391775071620941 0.27358278632164 0.1503870040178299
v -0.05391775071620941 0.27358278632164 0.1503870040178299
v -0.04918508976697922 0.3100000023841858 0.16163823008537292
v -0.05259346961975098 0.3100000023841858 0.14850671589374542
v -0.05391775071620941 0.27358278632164 0.1503870040178299
v -0.05259346961975098 0.3100000023841858 0.14850671589374542
v -0.05639065057039261 0.2735862731933594 0.13675352931022644
v -0.05639065057039261 0.2735862731933594 0.13675352931022644
v -0.05259346961975098 0.3100000023841858 0.14850671589374542
v -0.05507650226354599 0.3100000023841858 0.13517163693904877
v -0.05639065057039261 0.2735862731933594 0.13675352931022644
v -0.05507650226354599 0.3100000023841858 0.13517163693904877
v -0.05794297158718109 0.2735897898674011 0.12298038601875305
v -0.05794297158718109 0.2735897898674011 0.12298038601875305
v -0.05507650226354599 0.3100000023841858 0.13517163693904877
v -0.05645058676600456 0.3100000023841858 0.12372691929340363
v -0.05794297158718109 0.2735897898674011 0.12298038601875305
v -0.05645058676600456 0.3100000023841858 0.12372691929340363
v -0.056623321026563644 0.3100000023841858 0.12168871611356735
v -0.04775805026292801 0.23998990654945374 0.1797177940607071
v -0.04624754935503006 0.2735758125782013 0.17703594267368317
v -0.051989760249853134 0.23999032378196716 0.16610102355480194
v -0.051989760249853134 0.23999032378196716 0.16610102355480194
v -0.04624754935503006 0.2735758125782013 0.17703594267368317
v -0.05053435266017914 0.27357929944992065 0.16382759809494019
v -0.051989760249853134 0.23999032378196716 0.16610102355480194
v -0.05053435266017914 0.27357929944992065 0.16382759809494019
v -0.05533106252551079 0.2399907261133194 0.15226443111896515
v -0.05533106252551079 0.2399907261133194 0.15226443111896515
v -0.05053435266017914 0.27357929944992065 0.16382759809494019
v -0.05391775071620941 0.27358278632164 0.1503870040178299
v -0.05533106252551079 0.2399907261133194 0.15226443111896515
v -0.05391775071620941 0.27358278632164 0.1503870040178299
v -0.05777556449174881 0.23999114334583282 0.13824473321437836
v -0.05777556449174881 0.23999114334583282 0.13824473321437836
v -0.05391775071620941 0.27358278632164 0.1503870040178299
v -0.05639065057039261 0.2735862731933594 0.13675352931022644
v -0.05777556449174881 0.23999114334583282 0.13824473321437836
v -0.05639065057039261 0.2735862731933594 0.13675352931022644
v -0.05931391566991806 0.23999154567718506 0.12409292906522751
v -0.05931391566991806 0.23999154567718506 0.12409292906522751
v -0.05639065057039261 0.2735862731933594 0.13675352931022644
v -0.05794297158718109 0.2735897898674011 0.12298038601875305
v -0.05931391566991806 0.23999154567718506 0.12409292906522751
v -0.05794297158718109 0.2735897898674011 0.12298038601875305
v -0.059952542185783386 0.23999200761318207 0.10796654969453812
v -0.059952542185783386 0.23999200761318207 0.10796654969453812
v -0.05794297158718109 0.2735897898674011 0.12298038601875305
v -0.05857909098267555 0.2735937237739563 0.10727668553590775
v -0.05165472999215126 0.17000000178813934 0.1845150887966156
v -0.04775805026292801 0.23998990654945374 0.1797177940607071
v -0.05570485442876816 0.17000000178813934 0.17006173729896545
v -0.05570485442876816 0.17000000178813934 0.17006173729896545
v -0.04775805026292801 0.23998990654945374 0.1797177940607071
v -0.051989760249853134 0.23999032378196716 0.16610102355480194
v -0.05570485442876816 0.17000000178813934 0.17006173729896545
v -0.051989760249853134 0.23999032378196716 0.16610102355480194
v -0.05889164283871651 0.17000000178813934 0.1554144322872162
v -0.05889164283871651 0.17000000178813934 0.1554144322872162
v -0.051989760249853134 0.23999032378196716 0.16610102355480194
v -0.05533106252551079 0.2399907261133194 0.15226443111896515
v -0.05889164283871651 0.17000000178813934 0.1554144322872162
v -0.05533106252551079 0.2399907261133194 0.15226443111896515
v -0.06121012568473816 0.17000000178813934 0.14060445129871368
v -0.06121012568473816 0.17000000178813934 0.14060445129871368
v -0.05533106252551079 0.2399907261133194 0.15226443111896515
v -0.05777556449174881 0.23999114334583282 0.13824473321437836
v -0.06121012568473816 0.17000000178813934 0.14060445129871368
v -0.05777556449174881 0.23999114334583282 0.13824473321437836
v -0.06265253573656082 0.17000000178813934 0.12567807734012604
v -0.06265253573656082 0.17000000178813934 0.12567807734012604
v -0.05777556449174881 0.23999114334583282 0.13824473321437836
v -0.05931391566991806 0.23999154567718506 0.12409292906522751
v -0.06265253573656082 0.17000000178813934 0.12567807734012604
v -0.05931391566991806 0.23999154567718506 0.12409292906522751
v -0.06322069466114044 0.17000000178813934 0.10868734121322632
v -0.06322069466114044 0.17000000178813934 0.10868734121322632
v -0.05931391566991806 0.23999154567718506 0.12409292906522751
v -0.059952542185783386 0.23999200761318207 0.10796654969453812
v 0.025899292901158333 0.07145611196756363 0.10149998962879181
v 0.02937900647521019 0.07009530067443848 0.10149998962879181
v -0.04422782361507416 0.0617980919778347 0.10149998962879181
v -0.07288911193609238 0.02152957022190094 0.10149998962879181
v -0.07073747366666794 0.027803566306829453 0.10149998962879181
v 0.0664876326918602 0.036828234791755676 0.10149998962879181
v 0.0664876326918602 0.036828234791755676 0.10149998962879181
v -0.07073747366666794 0.027803566306829453 0.10149998962879181
v -0.06844069063663483 0.03305860981345177 0.10149998962879181
v 0.0664876326918602 0.036828234791755676 0.10149998962879181
v -0.06844069063663483 0.03305860981345177 0.10149998962879181
v -0.06493868678808212 0.039493486285209656 0.10149998962879181
v 0.06807795912027359 0.03379926458001137 0.10149998962879181
v 0.07073747366666794 0.027803564444184303 0.10149998962879181
v -0.06319184601306915 -0.042223405092954636 0.10149998962879181
v -0.06319184601306915 -0.042223405092954636 0.10149998962879181
v 0.07073747366666794 0.027803564444184303 0.10149998962879181
v 0.07288911193609238 0.02152956835925579 0.10149998962879181
v -0.06319184601306915 -0.042223405092954636 0.10149998962879181
v 0.07288911193609238 0.02152956835925579 0.10149998962879181
v 0.073275625705719 0.02017223834991455 0.10149998962879181
v 0.073275625705719 0.02017223834991455 0.10149998962879181
v 0.07450532913208008 0.015000030398368835 0.101500004529953
v -0.06319184601306915 -0.042223405092954636 0.10149998962879181
v -0.06319184601306915 -0.042223405092954636 0.10149998962879181
v 0.07450532913208008 0.015000030398368835 0.101500004529953
v 0.0751766487956047 0.011151539161801338 0.10149989277124405
v -0.06319184601306915 -0.042223405092954636 0.10149998962879181
v 0.0751766487956047 0.011151539161801338 0.10149989277124405
v 0.07600033283233643 3.4095013035084776e-08 0.101500004529953
v 0.06807795912027359 0.03379926458001137 0.10149998962879181
v -0.06319184601306915 -0.042223405092954636 0.10149998962879181
v 0.0664876326918602 0.036828234791755676 0.10149998962879181
v 0.0664876326918602 0.036828234791755676 0.10149998962879181
v -0.06319184601306915 -0.042223405092954636 0.10149998962879181
v -0.07021497935056686 -0.029083985835313797 0.10149998962879181
v 0.0664876326918602 0.036828234791755676 0.10149998962879181
v -0.07021497935056686 -0.029083985835313797 0.10149998962879181
v -0.07453986257314682 -0.014826880767941475 0.10149998962879181
v 0.025899292901158333 0.07145611196756363 0.10149998962879181
v -0.04422782361507416 0.0617980919778347 0.10149998962879181
v 0.0111949872225523 0.07517565041780472 0.10149998962879181
v -0.07453986257314682 -0.014826880767941475 0.10149998962879181
v -0.07599999755620956 -9.50350909079134e-14 0.10149998962879181
v 0.0664876326918602 0.036828234791755676 0.10149998962879181
v 0.0664876326918602 0.036828234791755676 0.10149998962879181
v -0.07599999755620956 -9.50350909079134e-14 0.10149998962879181
v -0.0745050311088562 0.014999999664723873 0.10149998962879181
v 0.0664876326918602 0.036828234791755676 0.10149998962879181
v -0.0745050311088562 0.014999999664723873 0.10149998962879181
v -0.07288911193609238 0.02152957022190094 0.10149998962879181
v -0.06493868678808212 0.039493486285209656 0.10149998962879181
v -0.05834823101758957 0.048695582896471024 0.10149998962879181
v 0.0664876326918602 0.036828234791755676 0.10149998962879181
v 0.0664876326918602 0.036828234791755676 0.10149998962879181
v -0.05834823101758957 0.048695582896471024 0.10149998962879181
v -0.04814142733812332 0.05879959464073181 0.10149998962879181
v 0.0664876326918602 0.036828234791755676 0.10149998962879181
v -0.04814142733812332 0.05879959464073181 0.10149998962879181
v -0.04422782361507416 0.0617980919778347 0.10149998962879181
v 0.02937900647521019 0.07009530067443848 0.10149998962879181
v 0.03758933022618294 0.06605051457881927 0.10149998962879181
v -0.04422782361507416 0.0617980919778347 0.10149998962879181
v -0.04422782361507416 0.0617980919778347 0.10149998962879181
v 0.03758933022618294 0.06605051457881927 0.10149998962879181
v 0.04569705203175545 0.060719165951013565 0.10149998962879181
v -0.04422782361507416 0.0617980919778347 0.10149998962879181
v 0.04569705203175545 0.060719165951013565 0.10149998962879181
v 0.05498094484210014 0.05246379226446152 0.10149998962879181
v 0.05498094484210014 0.05246379226446152 0.10149998962879181
v 0.05733254551887512 0.04988598823547363 0.10149998962879181
v -0.04422782361507416 0.0617980919778347 0.10149998962879181
v -0.04422782361507416 0.0617980919778347 0.10149998962879181
v 0.05733254551887512 0.04988598823547363 0.10149998962879181
v 0.06493868678808212 0.039493490010499954 0.10149998962879181
v -0.04422782361507416 0.0617980919778347 0.10149998962879181
v 0.06493868678808212 0.039493490010499954 0.10149998962879181
v 0.0664876326918602 0.036828234791755676 0.10149998962879181
v -0.02719559706747532 0.07097218185663223 0.10149998962879181
v -0.013294242322444916 0.07483355700969696 0.10149998962879181
v -0.03758933022618294 0.06605051457881927 0.10149998962879181
v -0.03758933022618294 0.06605051457881927 0.10149998962879181
v -0.013294242322444916 0.07483355700969696 0.10149998962879181
v -0.008171260356903076 0.07556277513504028 0.10149998962879181
v -0.03758933022618294 0.06605051457881927 0.10149998962879181
v -0.008171260356903076 0.07556277513504028 0.10149998962879181
v -0.04422782361507416 0.0617980919778347 0.10149998962879181
v -0.04422782361507416 0.0617980919778347 0.10149998962879181
v -0.008171260356903076 0.07556277513504028 0.10149998962879181
v -2.3565253481211412e-12 0.07599999755620956 0.10149998962879181
v -0.04422782361507416 0.0617980919778347 0.10149998962879181
v -2.3565253481211412e-12 0.07599999755620956 0.10149998962879181
v 0.0111949872225523 0.07517565041780472 0.10149998962879181
v 0.01482681930065155 -0.07453987747430801 0.10149998962879181
v -6.28928802370865e-08 -0.07599999755620956 0.10149998962879181
v 0.07021493464708328 -0.02908410131931305 0.10149998962879181
v 0.07021493464708328 -0.02908410131931305 0.10149998962879181
v -6.28928802370865e-08 -0.07599999755620956 0.10149998962879181
v 0.07453984022140503 -0.014827003702521324 0.10149998962879181
v 0.07453984022140503 -0.014827003702521324 0.10149998962879181
v -6.28928802370865e-08 -0.07599999755620956 0.10149998962879181
v 0.07600033283233643 3.4095013035084776e-08 0.101500004529953
v 0.07600033283233643 3.4095013035084776e-08 0.101500004529953
v -6.28928802370865e-08 -0.07599999755620956 0.10149998962879181
v -0.0148269422352314 -0.07453984767198563 0.10149998962879181
v 0.07600033283233643 3.4095013035084776e-08 0.101500004529953
v -0.0148269422352314 -0.07453984767198563 0.10149998962879181
v -0.029084043577313423 -0.07021495699882507 0.10149998962879181
v -0.029084043577313423 -0.07021495699882507 0.10149998962879181
v -0.042223457247018814 -0.06319180876016617 0.10149998962879181
v 0.07600033283233643 3.4095013035084776e-08 0.101500004529953
v 0.07600033283233643 3.4095013035084776e-08 0.101500004529953
v -0.042223457247018814 -0.06319180876016617 0.10149998962879181
v -0.053740244358778 -0.05374019965529442 0.10149998962879181
v 0.07600033283233643 3.4095013035084776e-08 0.101500004529953
v -0.053740244358778 -0.05374019965529442 0.10149998962879181
v -0.06319184601306915 -0.042223405092954636 0.10149998962879181
v 0.07021493464708328 -0.02908410131931305 0.10149998962879181
v 0.06319177895784378 -0.04222350940108299 0.10149998962879181
v 0.05374015495181084 -0.05374028906226158 0.10149998962879181
v 0.05374015495181084 -0.05374028906226158 0.10149998962879181
v 0.04222335293889046 -0.06319188326597214 0.10149998962879181
v 0.07021493464708328 -0.02908410131931305 0.10149998962879181
v 0.07021493464708328 -0.02908410131931305 0.10149998962879181
v 0.04222335293889046 -0.06319188326597214 0.10149998962879181
v 0.02908392809331417 -0.07021500915288925 0.10149998962879181
v 0.07021493464708328 -0.02908410131931305 0.10149998962879181
v 0.02908392809331417 -0.07021500915288925 0.10149998962879181
v 0.01482681930065155 -0.07453987747430801 0.10149998962879181
v 0.04763377830386162 0.24257566034793854 0.17951102554798126
v 0.047758013010025024 0.23999007046222687 0.17971841990947723
v 0.051989663392305374 0.23999203741550446 0.16610151529312134
v 0.044859226793050766 0.3100001811981201 0.17452386021614075
v 0.045811355113983154 0.28428807854652405 0.1762499362230301
v 0.04753892496228218 0.3100000023841858 0.16690224409103394
v 0.04753892496228218 0.3100000023841858 0.16690224409103394
v 0.045811355113983154 0.28428807854652405 0.1762499362230301
v 0.04918508976697922 0.3100000023841858 0.16163823008537292
v 0.04763377830386162 0.24257566034793854 0.17951102554798126
v 0.051989663392305374 0.23999203741550446 0.16610151529312134
v 0.045993756502866745 0.27974560856819153 0.17657797038555145
v 0.06133570149540901 0.20886285603046417 0.10841778665781021
v 0.05995217710733414 0.24000053107738495 0.10796640068292618
v 0.06071488931775093 0.20886294543743134 0.1249384805560112
v 0.06071488931775093 0.20886294543743134 0.1249384805560112
v 0.05995217710733414 0.24000053107738495 0.10796640068292618
v 0.05931362509727478 0.2399982064962387 0.12409297376871109
v 0.06322069466114044 0.17000000178813934 0.10868734121322632
v 0.06133570149540901 0.20886285603046417 0.10841778665781021
v 0.06265253573656082 0.17000000178813934 0.12567809224128723
v 0.06265253573656082 0.17000000178813934 0.12567809224128723
v 0.06133570149540901 0.20886285603046417 0.10841778665781021
v 0.06071488931775093 0.20886294543743134 0.1249384805560112
v 0.06265253573656082 0.17000000178813934 0.12567809224128723
v 0.06071488931775093 0.20886294543743134 0.1249384805560112
v 0.062491558492183685 0.17000000178813934 0.1279321014881134
v 0.0592072568833828 0.2088630050420761 0.13944348692893982
v 0.060778263956308365 0.17000000178813934 0.14385074377059937
v 0.062491558492183685 0.17000000178813934 0.1279321014881134
v 0.05995217710733414 0.24000053107738495 0.10796640068292618
v 0.057233359664678574 0.3100000023841858 0.10630704462528229
v 0.05931362509727478 0.2399982064962387 0.12409297376871109
v 0.05931362509727478 0.2399982064962387 0.12409297376871109
v 0.057233359664678574 0.3100000023841858 0.10630704462528229
v 0.056623317301273346 0.3100000023841858 0.12168873101472855
v 0.05931362509727478 0.2399982064962387 0.12409297376871109
v 0.056623317301273346 0.3100000023841858 0.12168873101472855
v 0.056478455662727356 0.3100000023841858 0.12341461330652237
v 0.062491558492183685 0.17000000178813934 0.1279321014881134
v 0.06071488931775093 0.20886294543743134 0.1249384805560112
v 0.0592072568833828 0.2088630050420761 0.13944348692893982
v 0.0592072568833828 0.2088630050420761 0.13944348692893982
v 0.06071488931775093 0.20886294543743134 0.1249384805560112
v 0.05931362509727478 0.2399982064962387 0.12409297376871109
v 0.0592072568833828 0.2088630050420761 0.13944348692893982
v 0.05931362509727478 0.2399982064962387 0.12409297376871109
v 0.057775333523750305 0.23999615013599396 0.13824492692947388
v 0.057775333523750305 0.23999615013599396 0.13824492692947388
v 0.05931362509727478 0.2399982064962387 0.12409297376871109
v 0.056478455662727356 0.3100000023841858 0.12341461330652237
v 0.057775333523750305 0.23999615013599396 0.13824492692947388
v 0.056478455662727356 0.3100000023841858 0.12341461330652237
v 0.05479412153363228 0.3100000023841858 0.13699181377887726
v 0.05889163166284561 0.17000000178813934 0.15541444718837738
v 0.056806858628988266 0.20886307954788208 0.1538233906030655
v 0.056695882230997086 0.17000000178813934 0.16592802107334137
v 0.056695882230997086 0.17000000178813934 0.16592802107334137
v 0.056806858628988266 0.20886307954788208 0.1538233906030655
v 0.05352233722805977 0.20886313915252686 0.16802926361560822
v 0.056695882230997086 0.17000000178813934 0.16592802107334137
v 0.05352233722805977 0.20886313915252686 0.16802926361560822
v 0.053997207432985306 0.17000000178813934 0.17655903100967407
v 0.053997207432985306 0.17000000178813934 0.17655903100967407
v 0.05352233722805977 0.20886313915252686 0.16802926361560822
v 0.04949461668729782 0.20639942586421967 0.18219532072544098
v 0.053997207432985306 0.17000000178813934 0.17655903100967407
v 0.04949461668729782 0.20639942586421967 0.18219532072544098
v 0.05165472626686096 0.17000000178813934 0.1845151036977768
v 0.056806858628988266 0.20886307954788208 0.1538233906030655
v 0.055330898612737656 0.2399940937757492 0.1522647589445114
v 0.05352233722805977 0.20886313915252686 0.16802926361560822
v 0.05352233722805977 0.20886313915252686 0.16802926361560822
v 0.055330898612737656 0.2399940937757492 0.1522647589445114
v 0.051989663392305374 0.23999203741550446 0.16610151529312134
v 0.05352233722805977 0.20886313915252686 0.16802926361560822
v 0.051989663392305374 0.23999203741550446 0.16610151529312134
v 0.04949461668729782 0.20639942586421967 0.18219532072544098
v 0.04949461668729782 0.20639942586421967 0.18219532072544098
v 0.051989663392305374 0.23999203741550446 0.16610151529312134
v 0.047758013010025024 0.23999007046222687 0.17971841990947723
v 0.045811355113983154 0.28428807854652405 0.1762499362230301
v 0.045993756502866745 0.27974560856819153 0.17657797038555145
v 0.04918508976697922 0.3100000023841858 0.16163823008537292
v 0.04918508976697922 0.3100000023841858 0.16163823008537292
v 0.045993756502866745 0.27974560856819153 0.17657797038555145
v 0.051989663392305374 0.23999203741550446 0.16610151529312134
v 0.04918508976697922 0.3100000023841858 0.16163823008537292
v 0.051989663392305374 0.23999203741550446 0.16610151529312134
v 0.05479412153363228 0.3100000023841858 0.13699181377887726
v 0.05479412153363228 0.3100000023841858 0.13699181377887726
v 0.051989663392305374 0.23999203741550446 0.16610151529312134
v 0.055330898612737656 0.2399940937757492 0.1522647589445114
v 0.05479412153363228 0.3100000023841858 0.13699181377887726
v 0.055330898612737656 0.2399940937757492 0.1522647589445114
v 0.057775333523750305 0.23999615013599396 0.13824492692947388
v 0.057775333523750305 0.23999615013599396 0.13824492692947388
v 0.055330898612737656 0.2399940937757492 0.1522647589445114
v 0.056806858628988266 0.20886307954788208 0.1538233906030655
v 0.057775333523750305 0.23999615013599396 0.13824492692947388
v 0.056806858628988266 0.20886307954788208 0.1538233906030655
v 0.0592072568833828 0.2088630050420761 0.13944348692893982
v 0.0592072568833828 0.2088630050420761 0.13944348692893982
v 0.056806858628988266 0.20886307954788208 0.1538233906030655
v 0.05889163166284561 0.17000000178813934 0.15541444718837738
v 0.0592072568833828 0.2088630050420761 0.13944348692893982
v 0.05889163166284561 0.17000000178813934 0.15541444718837738
v 0.060778263956308365 0.17000000178813934 0.14385074377059937
v -0.07160934060811996 0.0391729474067688 0.10507351905107498
v -0.0704016238451004 0.053431667387485504 0.10616306960582733
v -0.06508658081293106 0.06300486624240875 0.1060611829161644
v -0.06390073150396347 0.043463774025440216 0.10249990969896317
v -0.06300285458564758 0.04746878147125244 0.10326734930276871
v -0.05540051683783531 0.057211339473724365 0.10325123369693756
v 0.07107162475585938 0.045282915234565735 0.10558820515871048
v 0.07208380848169327 0.034144625067710876 0.10457676649093628
v 0.06755495071411133 0.04531201347708702 0.10466315597295761
v -0.0696227103471756 0.06356222182512283 0.10674750059843063
v -0.06764748692512512 0.09224878251552582 0.10784865915775299
v -0.06092986837029457 0.09858376532793045 0.1077781692147255
v -0.06092986837029457 0.09858376532793045 0.1077781692147255
v -0.06764748692512512 0.09224878251552582 0.10784865915775299
v -0.06530338525772095 0.13111674785614014 0.10855890810489655
v -0.06092986837029457 0.09858376532793045 0.1077781692147255
v -0.06530338525772095 0.13111674785614014 0.10855890810489655
v -0.05355347692966461 0.10438225418329239 0.10773207247257233
v -0.05355347692966461 0.10438225418329239 0.10773207247257233
v -0.06530338525772095 0.13111674785614014 0.10855890810489655
v -0.04977132007479668 0.13713926076889038 0.10851631313562393
v -0.05355347692966461 0.10438225418329239 0.10773207247257233
v -0.04977132007479668 0.13713926076889038 0.10851631313562393
v -0.04560490697622299 0.10955841839313507 0.10771011561155319
v -0.04560490697622299 0.10955841839313507 0.10771011561155319
v -0.04977132007479668 0.13713926076889038 0.10851631313562393
v -0.03716643527150154 0.11402548104524612 0.10770843178033829
v -0.03716643527150154 0.11402548104524612 0.10770843178033829
v -0.04977132007479668 0.13713926076889038 0.10851631313562393
v -0.03356549143791199 0.14195546507835388 0.10850436240434647
v -0.03716643527150154 0.11402548104524612 0.10770843178033829
v -0.03356549143791199 0.14195546507835388 0.10850436240434647
v -0.028316061943769455 0.11768647283315659 0.10772315412759781
v -0.028316061943769455 0.11768647283315659 0.10772315412759781
v -0.03356549143791199 0.14195546507835388 0.10850436240434647
v -0.025285404175519943 0.1438000649213791 0.10850744694471359
v -0.028316061943769455 0.11768647283315659 0.10772315412759781
v -0.025285404175519943 0.1438000649213791 0.10850744694471359
v -0.01912664994597435 0.1204366683959961 0.10775043815374374
v -0.03161034733057022 0.17000000178813934 0.10868734121322632
v -0.01580517366528511 0.17000000178813934 0.10868734121322632
v -0.016919158399105072 0.14519450068473816 0.10851498693227768
v -0.06530338525772095 0.13111674785614014 0.10855890810489655
v -0.06322069466114044 0.17000000178813934 0.10868734121322632
v -0.04977132007479668 0.13713926076889038 0.10851631313562393
v -0.04977132007479668 0.13713926076889038 0.10851631313562393
v -0.06322069466114044 0.17000000178813934 0.10868734121322632
v -0.04741552099585533 0.17000000178813934 0.10868734121322632
v -0.04977132007479668 0.13713926076889038 0.10851631313562393
v -0.04741552099585533 0.17000000178813934 0.10868734121322632
v -0.03356549143791199 0.14195546507835388 0.10850436240434647
v -0.03356549143791199 0.14195546507835388 0.10850436240434647
v -0.04741552099585533 0.17000000178813934 0.10868734121322632
v -0.03161034733057022 0.17000000178813934 0.10868734121322632
v -0.03356549143791199 0.14195546507835388 0.10850436240434647
v -0.03161034733057022 0.17000000178813934 0.10868734121322632
v -0.025285404175519943 0.1438000649213791 0.10850744694471359
v -0.025285404175519943 0.1438000649213791 0.10850744694471359
v -0.03161034733057022 0.17000000178813934 0.10868734121322632
v -0.016919158399105072 0.14519450068473816 0.10851498693227768
v -0.025285404175519943 0.1438000649213791 0.10850744694471359
v -0.016919158399105072 0.14519450068473816 0.10851498693227768
v -0.01912664994597435 0.1204366683959961 0.10775043815374374
v -0.009666281752288342 0.12216536700725555 0.10778645426034927
v -0.008485481142997742 0.14607588946819305 0.10852581262588501
v 3.758668469799886e-07 0.12276079505681992 0.10782736539840698
v 3.758668469799886e-07 0.12276079505681992 0.10782736539840698
v -0.008485481142997742 0.14607588946819305 0.10852581262588501
v 4.32163915320416e-07 0.1463804990053177 0.10853873938322067
v 3.758668469799886e-07 0.12276079505681992 0.10782736539840698
v 4.32163915320416e-07 0.1463804990053177 0.10853873938322067
v 0.00966703426092863 0.12215087562799454 0.10786930471658707
v 0.00966703426092863 0.12215087562799454 0.10786930471658707
v 4.32163915320416e-07 0.1463804990053177 0.10853873938322067
v 0.008486348204314709 0.14606784284114838 0.10855256766080856
v 0.00966703426092863 0.12215087562799454 0.10786930471658707
v 0.008486348204314709 0.14606784284114838 0.10855256766080856
v 0.01912740059196949 0.12040893733501434 0.10790824890136719
v 0.01912740059196949 0.12040893733501434 0.10790824890136719
v 0.008486348204314709 0.14606784284114838 0.10855256766080856
v 0.01692003197968006 0.14517898857593536 0.10856595635414124
v 0.01912740059196949 0.12040893733501434 0.10790824890136719
v 0.01692003197968006 0.14517898857593536 0.10856595635414124
v 0.028316814452409744 0.11764802038669586 0.10794012993574142
v 0.03716718778014183 0.11398009210824966 0.10796088725328445
v 0.03356638923287392 0.14192917943000793 0.10858587920665741
v 0.04560566321015358 0.1095111072063446 0.10796645283699036
v 0.04560566321015358 0.1095111072063446 0.10796645283699036
v 0.03356638923287392 0.14192917943000793 0.10858587920665741
v 0.0497722327709198 0.13711167871952057 0.10858754813671112
v 0.04560566321015358 0.1095111072063446 0.10796645283699036
v 0.0497722327709198 0.13711167871952057 0.10858754813671112
v 0.0535542257130146 0.10433932393789291 0.10795281082391739
v 0.0535542257130146 0.10433932393789291 0.10795281082391739
v 0.0497722327709198 0.13711167871952057 0.10858754813671112
v 0.06093062087893486 0.09855275601148605 0.10791593044996262
v 0.06093062087893486 0.09855275601148605 0.10791593044996262
v 0.0497722327709198 0.13711167871952057 0.10858754813671112
v 0.06537890434265137 0.12978331744670868 0.1085456907749176
v 0.06093062087893486 0.09855275601148605 0.10791593044996262
v 0.06537890434265137 0.12978331744670868 0.1085456907749176
v 0.06764858216047287 0.0922318622469902 0.1078481674194336
v 0.01580517366528511 0.17000000178813934 0.10868734121322632
v 0.03161034733057022 0.17000000178813934 0.10868734121322632
v 0.025286288931965828 0.14377829432487488 0.10857751965522766
v 0.046367108821868896 0.06555455178022385 0.10347653180360794
v 0.03758933022618294 0.06605051457881927 0.10149998962879181
v 0.036110688000917435 0.07235931605100632 0.10346020013093948
v 0.036110688000917435 0.07235931605100632 0.10346020013093948
v 0.03758933022618294 0.06605051457881927 0.10149998962879181
v 0.02937900647521019 0.07009530067443848 0.10149998962879181
v 0.036110688000917435 0.07235931605100632 0.10346020013093948
v 0.02937900647521019 0.07009530067443848 0.10149998962879181
v 0.02482992596924305 0.0774376392364502 0.10343355685472488
v 0.06300026178359985 0.04746132716536522 0.10346434265375137
v 0.05733254551887512 0.04988598823547363 0.10149998962879181
v 0.055397942662239075 0.05719732865691185 0.10347907990217209
v 0.055397942662239075 0.05719732865691185 0.10347907990217209
v 0.05733254551887512 0.04988598823547363 0.10149998962879181
v 0.05498094484210014 0.05246379226446152 0.10149998962879181
v 0.055397942662239075 0.05719732865691185 0.10347907990217209
v 0.05498094484210014 0.05246379226446152 0.10149998962879181
v 0.046367108821868896 0.06555455178022385 0.10347653180360794
v 0.046367108821868896 0.06555455178022385 0.10347653180360794
v 0.05498094484210014 0.05246379226446152 0.10149998962879181
v 0.04569705203175545 0.060719165951013565 0.10149998962879181
v 0.046367108821868896 0.06555455178022385 0.10347653180360794
v 0.04569705203175545 0.060719165951013565 0.10149998962879181
v 0.03758933022618294 0.06605051457881927 0.10149998962879181
v 0.073275625705719 0.02017223834991455 0.10149998962879181
v 0.07288911193609238 0.02152956835925579 0.10149998962879181
v 0.07241219282150269 0.023793378844857216 0.10208616405725479
v 0.07241219282150269 0.023793378844857216 0.10208616405725479
v 0.07288911193609238 0.02152956835925579 0.10149998962879181
v 0.07073747366666794 0.027803564444184303 0.10149998962879181
v 0.07241219282150269 0.023793378844857216 0.10208616405725479
v 0.07073747366666794 0.027803564444184303 0.10149998962879181
v 0.07022396475076675 0.029966862872242928 0.10209524631500244
v 0.07022396475076675 0.029966862872242928 0.10209524631500244
v 0.07073747366666794 0.027803564444184303 0.10149998962879181
v 0.06807795912027359 0.03379926458001137 0.10149998962879181
v 0.06493868678808212 0.039493490010499954 0.10149998962879181
v 0.06389875710010529 0.04345962777733803 0.10262003540992737
v 0.0664876326918602 0.036828234791755676 0.10149998962879181
v 0.0664876326918602 0.036828234791755676 0.10149998962879181
v 0.06389875710010529 0.04345962777733803 0.10262003540992737
v 0.06706555187702179 0.037947025150060654 0.10261094570159912
v 0.0664876326918602 0.036828234791755676 0.10149998962879181
v 0.06706555187702179 0.037947025150060654 0.10261094570159912
v 0.06807795912027359 0.03379926458001137 0.10149998962879181
v 0.06807795912027359 0.03379926458001137 0.10149998962879181
v 0.06706555187702179 0.037947025150060654 0.10261094570159912
v 0.06977618485689163 0.032142963260412216 0.10259843617677689
v 0.06807795912027359 0.03379926458001137 0.10149998962879181
v 0.06977618485689163 0.032142963260412216 0.10259843617677689
v 0.07022396475076675 0.029966862872242928 0.10209524631500244
v 0.07022396475076675 0.029966862872242928 0.10209524631500244
v 0.06977618485689163 0.032142963260412216 0.10259843617677689
v 0.07200375199317932 0.026069646701216698 0.10258223861455917
v 0.07022396475076675 0.029966862872242928 0.10209524631500244
v 0.07200375199317932 0.026069646701216698 0.10258223861455917
v 0.07241219282150269 0.023793378844857216 0.10208616405725479
v 0.06493868678808212 0.039493490010499954 0.10149998962879181
v 0.05733254551887512 0.04988598823547363 0.10149998962879181
v 0.06389875710010529 0.04345962777733803 0.10262003540992737
v 0.06389875710010529 0.04345962777733803 0.10262003540992737
v 0.05733254551887512 0.04988598823547363 0.10149998962879181
v 0.06300026178359985 0.04746132716536522 0.10346434265375137
v 0.06389875710010529 0.04345962777733803 0.10262003540992737
v 0.06300026178359985 0.04746132716536522 0.10346434265375137
v 0.06706555187702179 0.037947025150060654 0.10261094570159912
v 0.06706555187702179 0.037947025150060654 0.10261094570159912
v 0.06300026178359985 0.04746132716536522 0.10346434265375137
v 0.06897183507680893 0.036516547203063965 0.10342883318662643
v 0.06706555187702179 0.037947025150060654 0.10261094570159912
v 0.06897183507680893 0.036516547203063965 0.10342883318662643
v 0.06977618485689163 0.032142963260412216 0.10259843617677689
v 0.06977618485689163 0.032142963260412216 0.10259843617677689
v 0.06897183507680893 0.036516547203063965 0.10342883318662643
v 0.07128176093101501 0.030642975121736526 0.10340221226215363
v 0.06977618485689163 0.032142963260412216 0.10259843617677689
v 0.07128176093101501 0.030642975121736526 0.10340221226215363
v 0.07200375199317932 0.026069646701216698 0.10258223861455917
v 0.07450532913208008 0.015000030398368835 0.101500004529953
v 0.073275625705719 0.02017223834991455 0.10149998962879181
v 0.07408003509044647 0.01736973039805889 0.10207425057888031
v 0.07408003509044647 0.01736973039805889 0.10207425057888031
v 0.073275625705719 0.02017223834991455 0.10149998962879181
v 0.07241219282150269 0.023793378844857216 0.10208616405725479
v 0.07408003509044647 0.01736973039805889 0.10207425057888031
v 0.07241219282150269 0.023793378844857216 0.10208616405725479
v 0.0737232118844986 0.01975095458328724 0.10256176441907883
v 0.0737232118844986 0.01975095458328724 0.10256176441907883
v 0.07241219282150269 0.023793378844857216 0.10208616405725479
v 0.07200375199317932 0.026069646701216698 0.10258223861455917
v 0.0737232118844986 0.01975095458328724 0.10256176441907883
v 0.07200375199317932 0.026069646701216698 0.10258223861455917
v 0.0731084868311882 0.0245337076485157 0.10336887836456299
v 0.0731084868311882 0.0245337076485157 0.10336887836456299
v 0.07200375199317932 0.026069646701216698 0.10258223861455917
v 0.07128176093101501 0.030642975121736526 0.10340221226215363
v 0.0731084868311882 0.0245337076485157 0.10336887836456299
v 0.07128176093101501 0.030642975121736526 0.10340221226215363
v 0.07295120507478714 0.025883059948682785 0.1035662293434143
v 0.07295120507478714 0.025883059948682785 0.1035662293434143
v 0.07128176093101501 0.030642975121736526 0.10340221226215363
v 0.07208380848169327 0.034144625067710876 0.10457676649093628
v 0.07208380848169327 0.034144625067710876 0.10457676649093628
v 0.07128176093101501 0.030642975121736526 0.10340221226215363
v 0.06897183507680893 0.036516547203063965 0.10342883318662643
v 0.07208380848169327 0.034144625067710876 0.10457676649093628
v 0.06897183507680893 0.036516547203063965 0.10342883318662643
v 0.06755495071411133 0.04531201347708702 0.10466315597295761
v 0.06755495071411133 0.04531201347708702 0.10466315597295761
v 0.06897183507680893 0.036516547203063965 0.10342883318662643
v 0.06300026178359985 0.04746132716536522 0.10346434265375137
v 0.06755495071411133 0.04531201347708702 0.10466315597295761
v 0.06300026178359985 0.04746132716536522 0.10346434265375137
v 0.06137816235423088 0.055515166372060776 0.10471423715353012
v 0.06137816235423088 0.055515166372060776 0.10471423715353012
v 0.06300026178359985 0.04746132716536522 0.10346434265375137
v 0.055397942662239075 0.05719732865691185 0.10347907990217209
v 0.06137816235423088 0.055515166372060776 0.10471423715353012
v 0.055397942662239075 0.05719732865691185 0.10347907990217209
v 0.05373947694897652 0.06459670513868332 0.10473529994487762
v 0.05373947694897652 0.06459670513868332 0.10473529994487762
v 0.055397942662239075 0.05719732865691185 0.10347907990217209
v 0.046367108821868896 0.06555455178022385 0.10347653180360794
v 0.05373947694897652 0.06459670513868332 0.10473529994487762
v 0.046367108821868896 0.06555455178022385 0.10347653180360794
v 0.04482217878103256 0.07239832729101181 0.10473141074180603
v 0.04482217878103256 0.07239832729101181 0.10473141074180603
v 0.046367108821868896 0.06555455178022385 0.10347653180360794
v 0.036110688000917435 0.07235931605100632 0.10346020013093948
v 0.04482217878103256 0.07239832729101181 0.10473141074180603
v 0.036110688000917435 0.07235931605100632 0.10346020013093948
v 0.034809328615665436 0.07875670492649078 0.10470761358737946
v 0.034809328615665436 0.07875670492649078 0.10470761358737946
v 0.036110688000917435 0.07235931605100632 0.10346020013093948
v 0.02482992596924305 0.0774376392364502 0.10343355685472488
v 0.034809328615665436 0.07875670492649078 0.10470761358737946
v 0.02482992596924305 0.0774376392364502 0.10343355685472488
v 0.02388160489499569 0.08350680768489838 0.10466896742582321
v 0.02388160489499569 0.08350680768489838 0.10466896742582321
v 0.02482992596924305 0.0774376392364502 0.10343355685472488
v 0.01272517815232277 0.08061440289020538 0.1034001037478447
v 0.02388160489499569 0.08350680768489838 0.10466896742582321
v 0.01272517815232277 0.08061440289020538 0.1034001037478447
v 0.012218042276799679 0.0864814966917038 0.1046205461025238
v 0.012218042276799679 0.0864814966917038 0.1046205461025238
v 0.01272517815232277 0.08061440289020538 0.1034001037478447
v -1.2928949217894115e-06 0.08171427249908447 0.10336334258317947
v 0.012218042276799679 0.0864814966917038 0.1046205461025238
v -1.2928949217894115e-06 0.08171427249908447 0.10336334258317947
v -1.3888826515540131e-06 0.0875132828950882 0.10456740856170654
v -0.07288911193609238 0.02152957022190094 0.10149998962879181
v -0.07241352647542953 0.02378876693546772 0.10206155478954315
v -0.07073747366666794 0.027803566306829453 0.10149998962879181
v -0.07073747366666794 0.027803566306829453 0.10149998962879181
v -0.07241352647542953 0.02378876693546772 0.10206155478954315
v -0.0702252984046936 0.029965052381157875 0.10205226391553879
v -0.07073747366666794 0.027803566306829453 0.10149998962879181
v -0.0702252984046936 0.029965052381157875 0.10205226391553879
v -0.06844069063663483 0.03305860981345177 0.10149998962879181
v -0.07200571894645691 0.026061708107590675 0.10253888368606567
v -0.07128434628248215 0.030630802735686302 0.10333183407783508
v -0.06977815181016922 0.032139942049980164 0.10252227634191513
v -0.06977815181016922 0.032139942049980164 0.10252227634191513
v -0.07128434628248215 0.030630802735686302 0.10333183407783508
v -0.06897442042827606 0.03651236742734909 0.10330438613891602
v -0.06300285458564758 0.04746878147125244 0.10326734930276871
v -0.06390073150396347 0.043463774025440216 0.10249990969896317
v -0.06897442042827606 0.03651236742734909 0.10330438613891602
v -0.06897442042827606 0.03651236742734909 0.10330438613891602
v -0.06390073150396347 0.043463774025440216 0.10249990969896317
v -0.06706751883029938 0.03794800490140915 0.10250937193632126
v -0.06897442042827606 0.03651236742734909 0.10330438613891602
v -0.06706751883029938 0.03794800490140915 0.10250937193632126
v -0.06977815181016922 0.032139942049980164 0.10252227634191513
v -0.04636969417333603 0.06557084619998932 0.10325256735086441
v -0.04814142733812332 0.05879959464073181 0.10149998962879181
v -0.05540051683783531 0.057211339473724365 0.10325123369693756
v -0.05540051683783531 0.057211339473724365 0.10325123369693756
v -0.04814142733812332 0.05879959464073181 0.10149998962879181
v -0.05834823101758957 0.048695582896471024 0.10149998962879181
v -0.05540051683783531 0.057211339473724365 0.10325123369693756
v -0.05834823101758957 0.048695582896471024 0.10149998962879181
v -0.06390073150396347 0.043463774025440216 0.10249990969896317
v -0.06390073150396347 0.043463774025440216 0.10249990969896317
v -0.05834823101758957 0.048695582896471024 0.10149998962879181
v -0.06493868678808212 0.039493486285209656 0.10149998962879181
v -0.06390073150396347 0.043463774025440216 0.10249990969896317
v -0.06493868678808212 0.039493486285209656 0.10149998962879181
v -0.06706751883029938 0.03794800490140915 0.10250937193632126
v -0.06706751883029938 0.03794800490140915 0.10250937193632126
v -0.06493868678808212 0.039493486285209656 0.10149998962879181
v -0.06844069063663483 0.03305860981345177 0.10149998962879181
v -0.06706751883029938 0.03794800490140915 0.10250937193632126
v -0.06844069063663483 0.03305860981345177 0.10149998962879181
v -0.06977815181016922 0.032139942049980164 0.10252227634191513
v -0.06977815181016922 0.032139942049980164 0.10252227634191513
v -0.06844069063663483 0.03305860981345177 0.10149998962879181
v -0.0702252984046936 0.029965052381157875 0.10205226391553879
v -0.06977815181016922 0.032139942049980164 0.10252227634191513
v -0.0702252984046936 0.029965052381157875 0.10205226391553879
v -0.07200571894645691 0.026061708107590675 0.10253888368606567
v -0.07200571894645691 0.026061708107590675 0.10253888368606567
v -0.0702252984046936 0.029965052381157875 0.10205226391553879
v -0.07241352647542953 0.02378876693546772 0.10206155478954315
v 0.02937900647521019 0.07009530067443848 0.10149998962879181
v 0.025899292901158333 0.07145611196756363 0.10149998962879181
v 0.02482992596924305 0.0774376392364502 0.10343355685472488
v 0.02482992596924305 0.0774376392364502 0.10343355685472488
v 0.025899292901158333 0.07145611196756363 0.10149998962879181
v 0.0111949872225523 0.07517565041780472 0.10149998962879181
v 0.02482992596924305 0.0774376392364502 0.10343355685472488
v 0.0111949872225523 0.07517565041780472 0.10149998962879181
v 0.01272517815232277 0.08061440289020538 0.1034001037478447
v 0.01272517815232277 0.08061440289020538 0.1034001037478447
v 0.0111949872225523 0.07517565041780472 0.10149998962879181
v -2.3565253481211412e-12 0.07599999755620956 0.10149998962879181
v 0.01272517815232277 0.08061440289020538 0.1034001037478447
v -2.3565253481211412e-12 0.07599999755620956 0.10149998962879181
v -1.2928949217894115e-06 0.08171427249908447 0.10336334258317947
v -1.2928949217894115e-06 0.08171427249908447 0.10336334258317947
v -2.3565253481211412e-12 0.07599999755620956 0.10149998962879181
v -0.012727763503789902 0.08062060177326202 0.10332674533128738
v -2.3565253481211412e-12 0.07599999755620956 0.10149998962879181
v -0.008171260356903076 0.07556277513504028 0.10149998962879181
v -0.012727763503789902 0.08062060177326202 0.10332674533128738
v -0.012727763503789902 0.08062060177326202 0.10332674533128738
v -0.008171260356903076 0.07556277513504028 0.10149998962879181
v -0.013294242322444916 0.07483355700969696 0.10149998962879181
v -0.012727763503789902 0.08062060177326202 0.10332674533128738
v -0.013294242322444916 0.07483355700969696 0.10149998962879181
v -0.024832511320710182 0.07744918763637543 0.10329378396272659
v -0.024832511320710182 0.07744918763637543 0.10329378396272659
v -0.013294242322444916 0.07483355700969696 0.10149998962879181
v -0.02719559706747532 0.07097218185663223 0.10149998962879181
v -0.024832511320710182 0.07744918763637543 0.10329378396272659
v -0.02719559706747532 0.07097218185663223 0.10149998962879181
v -0.03611327335238457 0.07237450778484344 0.10326790809631348
v -0.03611327335238457 0.07237450778484344 0.10326790809631348
v -0.02719559706747532 0.07097218185663223 0.10149998962879181
v -0.03758933022618294 0.06605051457881927 0.10149998962879181
v -0.03611327335238457 0.07237450778484344 0.10326790809631348
v -0.03758933022618294 0.06605051457881927 0.10149998962879181
v -0.04636969417333603 0.06557084619998932 0.10325256735086441
v -0.04636969417333603 0.06557084619998932 0.10325256735086441
v -0.03758933022618294 0.06605051457881927 0.10149998962879181
v -0.04422782361507416 0.0617980919778347 0.10149998962879181
v -0.04636969417333603 0.06557084619998932 0.10325256735086441
v -0.04422782361507416 0.0617980919778347 0.10149998962879181
v -0.04814142733812332 0.05879959464073181 0.10149998962879181
v -1.3888826515540131e-06 0.0875132828950882 0.10456740856170654
v -1.2928949217894115e-06 0.08171427249908447 0.10336334258317947
v -0.012220820412039757 0.08649102598428726 0.10451460629701614
v -0.012220820412039757 0.08649102598428726 0.10451460629701614
v -1.2928949217894115e-06 0.08171427249908447 0.10336334258317947
v -0.012727763503789902 0.08062060177326202 0.10332674533128738
v -0.012220820412039757 0.08649102598428726 0.10451460629701614
v -0.012727763503789902 0.08062060177326202 0.10332674533128738
v -0.023884382098913193 0.08352461457252502 0.10446713864803314
v -0.023884382098913193 0.08352461457252502 0.10446713864803314
v -0.012727763503789902 0.08062060177326202 0.10332674533128738
v -0.024832511320710182 0.07744918763637543 0.10329378396272659
v -0.023884382098913193 0.08352461457252502 0.10446713864803314
v -0.024832511320710182 0.07744918763637543 0.10329378396272659
v -0.03481210768222809 0.07878030091524124 0.10443000495433807
v -0.03481210768222809 0.07878030091524124 0.10443000495433807
v -0.024832511320710182 0.07744918763637543 0.10329378396272659
v -0.03611327335238457 0.07237450778484344 0.10326790809631348
v -0.03481210768222809 0.07878030091524124 0.10443000495433807
v -0.03611327335238457 0.07237450778484344 0.10326790809631348
v -0.044824957847595215 0.07242397218942642 0.10440818220376968
v -0.044824957847595215 0.07242397218942642 0.10440818220376968
v -0.03611327335238457 0.07237450778484344 0.10326790809631348
v -0.04636969417333603 0.06557084619998932 0.10325256735086441
v -0.044824957847595215 0.07242397218942642 0.10440818220376968
v -0.04636969417333603 0.06557084619998932 0.10325256735086441
v -0.053742241114377975 0.06461942940950394 0.1044066771864891
v -0.053742241114377975 0.06461942940950394 0.1044066771864891
v -0.04636969417333603 0.06557084619998932 0.10325256735086441
v -0.05540051683783531 0.057211339473724365 0.10325123369693756
v -0.053742241114377975 0.06461942940950394 0.1044066771864891
v -0.05540051683783531 0.057211339473724365 0.10325123369693756
v -0.06138094142079353 0.05552870035171509 0.10443046689033508
v -0.06138094142079353 0.05552870035171509 0.10443046689033508
v -0.05540051683783531 0.057211339473724365 0.10325123369693756
v -0.06300285458564758 0.04746878147125244 0.10326734930276871
v -0.06138094142079353 0.05552870035171509 0.10443046689033508
v -0.06300285458564758 0.04746878147125244 0.10326734930276871
v -0.06755772233009338 0.045308902859687805 0.10448457300662994
v -0.06755772233009338 0.045308902859687805 0.10448457300662994
v -0.06300285458564758 0.04746878147125244 0.10326734930276871
v -0.06897442042827606 0.03651236742734909 0.10330438613891602
v -0.06755772233009338 0.045308902859687805 0.10448457300662994
v -0.06897442042827606 0.03651236742734909 0.10330438613891602
v -0.07208658009767532 0.034116145223379135 0.10457374155521393
v -0.07208658009767532 0.034116145223379135 0.10457374155521393
v -0.06897442042827606 0.03651236742734909 0.10330438613891602
v -0.07128434628248215 0.030630802735686302 0.10333183407783508
v -0.07208658009767532 0.034116145223379135 0.10457374155521393
v -0.07128434628248215 0.030630802735686302 0.10333183407783508
v -0.07311107218265533 0.024511927738785744 0.10336560010910034
v -0.07311107218265533 0.024511927738785744 0.10336560010910034
v -0.07128434628248215 0.030630802735686302 0.10333183407783508
v -0.07200571894645691 0.026061708107590675 0.10253888368606567
v -0.07311107218265533 0.024511927738785744 0.10336560010910034
v -0.07200571894645691 0.026061708107590675 0.10253888368606567
v -0.07375139743089676 0.019551293924450874 0.1025235503911972
v -0.07375139743089676 0.019551293924450874 0.1025235503911972
v -0.07200571894645691 0.026061708107590675 0.10253888368606567
v -0.07241352647542953 0.02378876693546772 0.10206155478954315
v -0.07375139743089676 0.019551293924450874 0.1025235503911972
v -0.07241352647542953 0.02378876693546772 0.10206155478954315
v -0.07408133149147034 0.01736181415617466 0.10207248479127884
v -0.07408133149147034 0.01736181415617466 0.10207248479127884
v -0.07241352647542953 0.02378876693546772 0.10206155478954315
v -0.07288911193609238 0.02152957022190094 0.10149998962879181
v -0.07408133149147034 0.01736181415617466 0.10207248479127884
v -0.07288911193609238 0.02152957022190094 0.10149998962879181
v -0.0745050311088562 0.014999999664723873 0.10149998962879181
v 0.06856480240821838 0.07843543589115143 0.10739951580762863
v 0.07107162475585938 0.045282915234565735 0.10558820515871048
v 0.06508471071720123 0.06299859285354614 0.10626649856567383
v 0.06508471071720123 0.06299859285354614 0.10626649856567383
v 0.07107162475585938 0.045282915234565735 0.10558820515871048
v 0.06755495071411133 0.04531201347708702 0.10466315597295761
v 0.06508471071720123 0.06299859285354614 0.10626649856567383
v 0.06755495071411133 0.04531201347708702 0.10466315597295761
v 0.05848081409931183 0.07172374427318573 0.10632471740245819
v 0.05848081409931183 0.07172374427318573 0.10632471740245819
v 0.06755495071411133 0.04531201347708702 0.10466315597295761
v 0.06137816235423088 0.055515166372060776 0.10471423715353012
v 0.05848081409931183 0.07172374427318573 0.10632471740245819
v 0.06137816235423088 0.055515166372060776 0.10471423715353012
v 0.050737831741571426 0.0794992744922638 0.10634825378656387
v 0.050737831741571426 0.0794992744922638 0.10634825378656387
v 0.06137816235423088 0.055515166372060776 0.10471423715353012
v 0.05373947694897652 0.06459670513868332 0.10473529994487762
v 0.050737831741571426 0.0794992744922638 0.10634825378656387
v 0.05373947694897652 0.06459670513868332 0.10473529994487762
v 0.04200293496251106 0.08619040995836258 0.10634297877550125
v 0.04200293496251106 0.08619040995836258 0.10634297877550125
v 0.05373947694897652 0.06459670513868332 0.10473529994487762
v 0.04482217878103256 0.07239832729101181 0.10473141074180603
v 0.04200293496251106 0.08619040995836258 0.10634297877550125
v 0.04482217878103256 0.07239832729101181 0.10473141074180603
v 0.032421331852674484 0.0916549563407898 0.1063147708773613
v 0.032421331852674484 0.0916549563407898 0.1063147708773613
v 0.04482217878103256 0.07239832729101181 0.10473141074180603
v 0.034809328615665436 0.07875670492649078 0.10470761358737946
v 0.032421331852674484 0.0916549563407898 0.1063147708773613
v 0.034809328615665436 0.07875670492649078 0.10470761358737946
v 0.022134603932499886 0.09574641287326813 0.10626953095197678
v 0.022134603932499886 0.09574641287326813 0.10626953095197678
v 0.034809328615665436 0.07875670492649078 0.10470761358737946
v 0.02388160489499569 0.08350680768489838 0.10466896742582321
v 0.022134603932499886 0.09574641287326813 0.10626953095197678
v 0.02388160489499569 0.08350680768489838 0.10466896742582321
v 0.011281291022896767 0.09831442683935165 0.10621314495801926
v 0.011281291022896767 0.09831442683935165 0.10621314495801926
v 0.02388160489499569 0.08350680768489838 0.10466896742582321
v 0.012218042276799679 0.0864814966917038 0.1046205461025238
v 0.011281291022896767 0.09831442683935165 0.10621314495801926
v 0.012218042276799679 0.0864814966917038 0.1046205461025238
v -9.350201821689552e-07 0.09920800477266312 0.1061515361070633
v -9.350201821689552e-07 0.09920800477266312 0.1061515361070633
v 0.012218042276799679 0.0864814966917038 0.1046205461025238
v -1.3888826515540131e-06 0.0875132828950882 0.10456740856170654
v -9.350201821689552e-07 0.09920800477266312 0.1061515361070633
v -1.3888826515540131e-06 0.0875132828950882 0.10456740856170654
v -0.011283161118626595 0.09832759201526642 0.10609056055545807
v -0.011283161118626595 0.09832759201526642 0.10609056055545807
v -1.3888826515540131e-06 0.0875132828950882 0.10456740856170654
v -0.012220820412039757 0.08649102598428726 0.10451460629701614
v -0.011283161118626595 0.09832759201526642 0.10609056055545807
v -0.012220820412039757 0.08649102598428726 0.10451460629701614
v -0.022136474028229713 0.09577120095491409 0.10603601485490799
v -0.022136474028229713 0.09577120095491409 0.10603601485490799
v -0.012220820412039757 0.08649102598428726 0.10451460629701614
v -0.023884382098913193 0.08352461457252502 0.10446713864803314
v -0.022136474028229713 0.09577120095491409 0.10603601485490799
v -0.023884382098913193 0.08352461457252502 0.10446713864803314
v -0.03242320194840431 0.09168831259012222 0.10599364340305328
v -0.03242320194840431 0.09168831259012222 0.10599364340305328
v -0.023884382098913193 0.08352461457252502 0.10446713864803314
v -0.03481210768222809 0.07878030091524124 0.10443000495433807
v -0.03242320194840431 0.09168831259012222 0.10599364340305328
v -0.03481210768222809 0.07878030091524124 0.10443000495433807
v -0.04200480505824089 0.08622772991657257 0.10596920549869537
v -0.04200480505824089 0.08622772991657257 0.10596920549869537
v -0.03481210768222809 0.07878030091524124 0.10443000495433807
v -0.044824957847595215 0.07242397218942642 0.10440818220376968
v -0.04200480505824089 0.08622772991657257 0.10596920549869537
v -0.044824957847595215 0.07242397218942642 0.10440818220376968
v -0.05073969438672066 0.07953443378210068 0.10596846789121628
v -0.05073969438672066 0.07953443378210068 0.10596846789121628
v -0.044824957847595215 0.07242397218942642 0.10440818220376968
v -0.053742241114377975 0.06461942940950394 0.1044066771864891
v -0.05073969438672066 0.07953443378210068 0.10596846789121628
v -0.053742241114377975 0.06461942940950394 0.1044066771864891
v -0.058482684195041656 0.07174905389547348 0.10599719732999802
v -0.058482684195041656 0.07174905389547348 0.10599719732999802
v -0.053742241114377975 0.06461942940950394 0.1044066771864891
v -0.06138094142079353 0.05552870035171509 0.10443046689033508
v -0.058482684195041656 0.07174905389547348 0.10599719732999802
v -0.06138094142079353 0.05552870035171509 0.10443046689033508
v -0.06508658081293106 0.06300486624240875 0.1060611829161644
v -0.06508658081293106 0.06300486624240875 0.1060611829161644
v -0.06138094142079353 0.05552870035171509 0.10443046689033508
v -0.06755772233009338 0.045308902859687805 0.10448457300662994
v -0.06508658081293106 0.06300486624240875 0.1060611829161644
v -0.06755772233009338 0.045308902859687805 0.10448457300662994
v -0.07160934060811996 0.0391729474067688 0.10507351905107498
v -0.07160934060811996 0.0391729474067688 0.10507351905107498
v -0.06755772233009338 0.045308902859687805 0.10448457300662994
v -0.07208658009767532 0.034116145223379135 0.10457374155521393
v 0.06322069466114044 0.17000000178813934 0.10868734121322632
v 0.06537890434265137 0.12978331744670868 0.1085456907749176
v 0.04741552099585533 0.17000000178813934 0.10868734121322632
v 0.04741552099585533 0.17000000178813934 0.10868734121322632
v 0.06537890434265137 0.12978331744670868 0.1085456907749176
v 0.0497722327709198 0.13711167871952057 0.10858754813671112
v 0.04741552099585533 0.17000000178813934 0.10868734121322632
v 0.0497722327709198 0.13711167871952057 0.10858754813671112
v 0.03161034733057022 0.17000000178813934 0.10868734121322632
v 0.03161034733057022 0.17000000178813934 0.10868734121322632
v 0.0497722327709198 0.13711167871952057 0.10858754813671112
v 0.03356638923287392 0.14192917943000793 0.10858587920665741
v 0.03161034733057022 0.17000000178813934 0.10868734121322632
v 0.03356638923287392 0.14192917943000793 0.10858587920665741
v 0.025286288931965828 0.14377829432487488 0.10857751965522766
v 0.025286288931965828 0.14377829432487488 0.10857751965522766
v 0.03356638923287392 0.14192917943000793 0.10858587920665741
v 0.03716718778014183 0.11398009210824966 0.10796088725328445
v 0.03716718778014183 0.11398009210824966 0.10796088725328445
v 0.028316814452409744 0.11764802038669586 0.10794012993574142
v 0.025286288931965828 0.14377829432487488 0.10857751965522766
v 0.025286288931965828 0.14377829432487488 0.10857751965522766
v 0.028316814452409744 0.11764802038669586 0.10794012993574142
v 0.01692003197968006 0.14517898857593536 0.10856595635414124
v 0.025286288931965828 0.14377829432487488 0.10857751965522766
v 0.01692003197968006 0.14517898857593536 0.10856595635414124
v 0.01580517366528511 0.17000000178813934 0.10868734121322632
v 0.01580517366528511 0.17000000178813934 0.10868734121322632
v 0.01692003197968006 0.14517898857593536 0.10856595635414124
v 0.008486348204314709 0.14606784284114838 0.10855256766080856
v 0.01580517366528511 0.17000000178813934 0.10868734121322632
v 0.008486348204314709 0.14606784284114838 0.10855256766080856
v 3.2229169333319874e-10 0.17000000178813934 0.10868734121322632
v 3.2229169333319874e-10 0.17000000178813934 0.10868734121322632
v 0.008486348204314709 0.14606784284114838 0.10855256766080856
v 4.32163915320416e-07 0.1463804990053177 0.10853873938322067
v 3.2229169333319874e-10 0.17000000178813934 0.10868734121322632
v 4.32163915320416e-07 0.1463804990053177 0.10853873938322067
v -0.01580517366528511 0.17000000178813934 0.10868734121322632
v -0.01580517366528511 0.17000000178813934 0.10868734121322632
v 4.32163915320416e-07 0.1463804990053177 0.10853873938322067
v -0.008485481142997742 0.14607588946819305 0.10852581262588501
v -0.01580517366528511 0.17000000178813934 0.10868734121322632
v -0.008485481142997742 0.14607588946819305 0.10852581262588501
v -0.016919158399105072 0.14519450068473816 0.10851498693227768
v -0.016919158399105072 0.14519450068473816 0.10851498693227768
v -0.008485481142997742 0.14607588946819305 0.10852581262588501
v -0.009666281752288342 0.12216536700725555 0.10778645426034927
v -0.016919158399105072 0.14519450068473816 0.10851498693227768
v -0.009666281752288342 0.12216536700725555 0.10778645426034927
v -0.01912664994597435 0.1204366683959961 0.10775043815374374
v 0.06764858216047287 0.0922318622469902 0.1078481674194336
v 0.06856480240821838 0.07843543589115143 0.10739951580762863
v 0.06093062087893486 0.09855275601148605 0.10791593044996262
v 0.06093062087893486 0.09855275601148605 0.10791593044996262
v 0.06856480240821838 0.07843543589115143 0.10739951580762863
v 0.06508471071720123 0.06299859285354614 0.10626649856567383
v 0.06093062087893486 0.09855275601148605 0.10791593044996262
v 0.06508471071720123 0.06299859285354614 0.10626649856567383
v 0.0535542257130146 0.10433932393789291 0.10795281082391739
v 0.0535542257130146 0.10433932393789291 0.10795281082391739
v 0.06508471071720123 0.06299859285354614 0.10626649856567383
v 0.05848081409931183 0.07172374427318573 0.10632471740245819
v 0.0535542257130146 0.10433932393789291 0.10795281082391739
v 0.05848081409931183 0.07172374427318573 0.10632471740245819
v 0.04560566321015358 0.1095111072063446 0.10796645283699036
v 0.04560566321015358 0.1095111072063446 0.10796645283699036
v 0.05848081409931183 0.07172374427318573 0.10632471740245819
v 0.050737831741571426 0.0794992744922638 0.10634825378656387
v 0.04560566321015358 0.1095111072063446 0.10796645283699036
v 0.050737831741571426 0.0794992744922638 0.10634825378656387
v 0.03716718778014183 0.11398009210824966 0.10796088725328445
v 0.03716718778014183 0.11398009210824966 0.10796088725328445
v 0.050737831741571426 0.0794992744922638 0.10634825378656387
v 0.04200293496251106 0.08619040995836258 0.10634297877550125
v 0.03716718778014183 0.11398009210824966 0.10796088725328445
v 0.04200293496251106 0.08619040995836258 0.10634297877550125
v 0.028316814452409744 0.11764802038669586 0.10794012993574142
v 0.028316814452409744 0.11764802038669586 0.10794012993574142
v 0.04200293496251106 0.08619040995836258 0.10634297877550125
v 0.032421331852674484 0.0916549563407898 0.1063147708773613
v 0.028316814452409744 0.11764802038669586 0.10794012993574142
v 0.032421331852674484 0.0916549563407898 0.1063147708773613
v 0.01912740059196949 0.12040893733501434 0.10790824890136719
v 0.01912740059196949 0.12040893733501434 0.10790824890136719
v 0.032421331852674484 0.0916549563407898 0.1063147708773613
v 0.022134603932499886 0.09574641287326813 0.10626953095197678
v 0.01912740059196949 0.12040893733501434 0.10790824890136719
v 0.022134603932499886 0.09574641287326813 0.10626953095197678
v 0.00966703426092863 0.12215087562799454 0.10786930471658707
v 0.00966703426092863 0.12215087562799454 0.10786930471658707
v 0.022134603932499886 0.09574641287326813 0.10626953095197678
v 0.011281291022896767 0.09831442683935165 0.10621314495801926
v 0.00966703426092863 0.12215087562799454 0.10786930471658707
v 0.011281291022896767 0.09831442683935165 0.10621314495801926
v 3.758668469799886e-07 0.12276079505681992 0.10782736539840698
v 3.758668469799886e-07 0.12276079505681992 0.10782736539840698
v 0.011281291022896767 0.09831442683935165 0.10621314495801926
v -9.350201821689552e-07 0.09920800477266312 0.1061515361070633
v 3.758668469799886e-07 0.12276079505681992 0.10782736539840698
v -9.350201821689552e-07 0.09920800477266312 0.1061515361070633
v -0.009666281752288342 0.12216536700725555 0.10778645426034927
v -0.009666281752288342 0.12216536700725555 0.10778645426034927
v -9.350201821689552e-07 0.09920800477266312 0.1061515361070633
v -0.011283161118626595 0.09832759201526642 0.10609056055545807
v -0.009666281752288342 0.12216536700725555 0.10778645426034927
v -0.011283161118626595 0.09832759201526642 0.10609056055545807
v -0.01912664994597435 0.1204366683959961 0.10775043815374374
v -0.01912664994597435 0.1204366683959961 0.10775043815374374
v -0.011283161118626595 0.09832759201526642 0.10609056055545807
v -0.022136474028229713 0.09577120095491409 0.10603601485490799
v -0.01912664994597435 0.1204366683959961 0.10775043815374374
v -0.022136474028229713 0.09577120095491409 0.10603601485490799
v -0.028316061943769455 0.11768647283315659 0.10772315412759781
v -0.028316061943769455 0.11768647283315659 0.10772315412759781
v -0.022136474028229713 0.09577120095491409 0.10603601485490799
v -0.03242320194840431 0.09168831259012222 0.10599364340305328
v -0.028316061943769455 0.11768647283315659 0.10772315412759781
v -0.03242320194840431 0.09168831259012222 0.10599364340305328
v -0.03716643527150154 0.11402548104524612 0.10770843178033829
v -0.03716643527150154 0.11402548104524612 0.10770843178033829
v -0.03242320194840431 0.09168831259012222 0.10599364340305328
v -0.04200480505824089 0.08622772991657257 0.10596920549869537
v -0.03716643527150154 0.11402548104524612 0.10770843178033829
v -0.04200480505824089 0.08622772991657257 0.10596920549869537
v -0.04560490697622299 0.10955841839313507 0.10771011561155319
v -0.04560490697622299 0.10955841839313507 0.10771011561155319
v -0.04200480505824089 0.08622772991657257 0.10596920549869537
v -0.05073969438672066 0.07953443378210068 0.10596846789121628
v -0.04560490697622299 0.10955841839313507 0.10771011561155319
v -0.05073969438672066 0.07953443378210068 0.10596846789121628
v -0.05355347692966461 0.10438225418329239 0.10773207247257233
v -0.05355347692966461 0.10438225418329239 0.10773207247257233
v -0.05073969438672066 0.07953443378210068 0.10596846789121628
v -0.058482684195041656 0.07174905389547348 0.10599719732999802
v -0.05355347692966461 0.10438225418329239 0.10773207247257233
v -0.058482684195041656 0.07174905389547348 0.10599719732999802
v -0.06092986837029457 0.09858376532793045 0.1077781692147255
v -0.06092986837029457 0.09858376532793045 0.1077781692147255
v -0.058482684195041656 0.07174905389547348 0.10599719732999802
v -0.06508658081293106 0.06300486624240875 0.1060611829161644
v -0.06092986837029457 0.09858376532793045 0.1077781692147255
v -0.06508658081293106 0.06300486624240875 0.1060611829161644
v -0.0696227103471756 0.06356222182512283 0.10674750059843063
v -0.0696227103471756 0.06356222182512283 0.10674750059843063
v -0.06508658081293106 0.06300486624240875 0.1060611829161644
v -0.0704016238451004 0.053431667387485504 0.10616306960582733
v 0.04686480388045311 0.1700001209974289 0.1875402182340622
v 0.05165472626686096 0.17000000178813934 0.1845151036977768
v 0.04949461668729782 0.20639942586421967 0.18219532072544098
v 0.039279755204916 0.17000000178813934 0.1915482133626938
v 0.039332278072834015 0.20358367264270782 0.1887364685535431
v 0.035894088447093964 0.1700000911951065 0.19305826723575592
v 0.035894088447093964 0.1700000911951065 0.19305826723575592
v 0.039332278072834015 0.20358367264270782 0.1887364685535431
v 0.026323441416025162 0.20186085999011993 0.1946646124124527
v 0.035894088447093964 0.1700000911951065 0.19305826723575592
v 0.026323441416025162 0.20186085999011993 0.1946646124124527
v 0.024285700172185898 0.17000004649162292 0.19707156717777252
v 0.024285700172185898 0.17000004649162292 0.19707156717777252
v 0.026323441416025162 0.20186085999011993 0.1946646124124527
v 0.013361455872654915 0.23759175837039948 0.19658342003822327
v 0.024285700172185898 0.17000004649162292 0.19707156717777252
v 0.013361455872654915 0.23759175837039948 0.19658342003822327
v 0.012244985438883305 0.17000001668930054 0.1995081901550293
v -0.016561057418584824 0.17000004649162292 0.19882608950138092
v -0.012907755561172962 0.17000000178813934 0.19941703975200653
v -0.012845492921769619 0.20098431408405304 0.1982903629541397
v -0.012845492921769619 0.20098431408405304 0.1982903629541397
v -0.012907755561172962 0.17000000178813934 0.19941703975200653
v -0.005656353197991848 0.1700001060962677 0.20015060901641846
v -0.012845492921769619 0.20098431408405304 0.1982903629541397
v -0.005656353197991848 0.1700001060962677 0.20015060901641846
v 0.00023455970222130418 0.20056109130382538 0.1994418352842331
v 0.00023455970222130418 0.20056109130382538 0.1994418352842331
v -0.005656353197991848 0.1700001060962677 0.20015060901641846
v 8.082517988228233e-11 0.17000000178813934 0.20032411813735962
v 0.00023455970222130418 0.20056109130382538 0.1994418352842331
v 8.082517988228233e-11 0.17000000178813934 0.20032411813735962
v 0.0008997579570859671 0.17000000178813934 0.20031970739364624
v -0.016561057418584824 0.17000004649162292 0.19882608950138092
v -0.012845492921769619 0.20098431408405304 0.1982903629541397
v -0.017836298793554306 0.1700000762939453 0.19858421385288239
v -0.017836298793554306 0.1700000762939453 0.19858421385288239
v -0.012845492921769619 0.20098431408405304 0.1982903629541397
v -0.025949276983737946 0.20212264358997345 0.19477973878383636
v -0.017836298793554306 0.1700000762939453 0.19858421385288239
v -0.025949276983737946 0.20212264358997345 0.19477973878383636
v -0.026006437838077545 0.17000000178813934 0.1965842843055725
v -0.026006437838077545 0.17000000178813934 0.1965842843055725
v -0.025949276983737946 0.20212264358997345 0.19477973878383636
v -0.02970263734459877 0.17000004649162292 0.19541391730308533
v -0.02970263734459877 0.17000004649162292 0.19541391730308533
v -0.025949276983737946 0.20212264358997345 0.19477973878383636
v -0.03907755762338638 0.20399914681911469 0.18883395195007324
v -0.02970263734459877 0.17000004649162292 0.19541391730308533
v -0.03907755762338638 0.20399914681911469 0.18883395195007324
v -0.041046738624572754 0.17000001668930054 0.19069410860538483
v -0.04775805026292801 0.23998990654945374 0.1797177940607071
v -0.05165472999215126 0.17000000178813934 0.1845150887966156
v -0.041046738624572754 0.17000001668930054 0.19069410860538483
v -0.04775805026292801 0.23998990654945374 0.1797177940607071
v -0.045602813363075256 0.24263110756874084 0.18105992674827576
v -0.04624754935503006 0.2735758125782013 0.17703594267368317
v -0.04624754935503006 0.2735758125782013 0.17703594267368317
v -0.045602813363075256 0.24263110756874084 0.18105992674827576
v -0.04555696249008179 0.2801149785518646 0.1769510954618454
v -0.04624754935503006 0.2735758125782013 0.17703594267368317
v -0.04555696249008179 0.2801149785518646 0.1769510954618454
v -0.04485922306776047 0.31000009179115295 0.17452387511730194
v -0.03542424738407135 0.3100000023841858 0.18283773958683014
v -0.032385144382715225 0.2769264578819275 0.1872251331806183
v -0.027825362980365753 0.3100002110004425 0.18745717406272888
v -0.027825362980365753 0.3100002110004425 0.18745717406272888
v -0.032385144382715225 0.2769264578819275 0.1872251331806183
v -0.025816326960921288 0.27584731578826904 0.19066281616687775
v -0.027825362980365753 0.3100002110004425 0.18745717406272888
v -0.025816326960921288 0.27584731578826904 0.19066281616687775
v -0.025756720453500748 0.3100000321865082 0.1884678304195404
v -0.025756720453500748 0.3100000321865082 0.1884678304195404
v -0.025816326960921288 0.27584731578826904 0.19066281616687775
v -0.01859622448682785 0.3100002706050873 0.19126635789871216
v -0.01277417317032814 0.2377006560564041 0.19671353697776794
v 0.0003074173291679472 0.2372310906648636 0.1980179250240326
v 0.000376616109861061 0.2740113139152527 0.19623029232025146
v 0.0026002523954957724 0.31000012159347534 0.19411253929138184
v 9.993218752502031e-11 0.3100000023841858 0.19416794180870056
v 0.000376616109861061 0.2740113139152527 0.19623029232025146
v 0.000376616109861061 0.2740113139152527 0.19623029232025146
v 9.993218752502031e-11 0.3100000023841858 0.19416794180870056
v -0.009938633069396019 0.31000012159347534 0.19335342943668365
v 0.000376616109861061 0.2740113139152527 0.19623029232025146
v -0.009938633069396019 0.31000012159347534 0.19335342943668365
v -0.01277417317032814 0.2377006560564041 0.19671353697776794
v -0.01277417317032814 0.2377006560564041 0.19671353697776794
v -0.009938633069396019 0.31000012159347534 0.19335342943668365
v -0.012641409412026405 0.3100000023841858 0.19284462928771973
v -0.01277417317032814 0.2377006560564041 0.19671353697776794
v -0.012641409412026405 0.3100000023841858 0.19284462928771973
v -0.025883300229907036 0.23899999260902405 0.1926717311143875
v 0.013430176302790642 0.2743864059448242 0.19474823772907257
v 0.013492913916707039 0.3100000321865082 0.19265802204608917
v 0.012508365325629711 0.3100000023841858 0.19287264347076416
v 0.03944259136915207 0.2779904007911682 0.18236947059631348
v 0.04591934755444527 0.279685378074646 0.17665553092956543
v 0.045811355113983154 0.28428807854652405 0.1762499362230301
v 0.013492913916707039 0.3100000321865082 0.19265802204608917
v 0.02645442821085453 0.2756446897983551 0.19035254418849945
v 0.021056462079286575 0.3100002110004425 0.19042126834392548
v 0.021056462079286575 0.3100002110004425 0.19042126834392548
v 0.02645442821085453 0.2756446897983551 0.19035254418849945
v 0.03295373544096947 0.2766600251197815 0.1868806630373001
v 0.021056462079286575 0.3100002110004425 0.19042126834392548
v 0.03295373544096947 0.2766600251197815 0.1868806630373001
v 0.03011574223637581 0.31000030040740967 0.18622185289859772
v 0.03011574223637581 0.31000030040740967 0.18622185289859772
v 0.03295373544096947 0.2766600251197815 0.1868806630373001
v 0.03944259136915207 0.2779904007911682 0.18236947059631348
v 0.03011574223637581 0.31000030040740967 0.18622185289859772
v 0.03944259136915207 0.2779904007911682 0.18236947059631348
v 0.03751248121261597 0.31000015139579773 0.1812814623117447
v 0.03751248121261597 0.31000015139579773 0.1812814623117447
v 0.03944259136915207 0.2779904007911682 0.18236947059631348
v 0.045811355113983154 0.28428807854652405 0.1762499362230301
v 0.03751248121261597 0.31000015139579773 0.1812814623117447
v 0.045811355113983154 0.28428807854652405 0.1762499362230301
v 0.044859226793050766 0.3100001811981201 0.17452386021614075
v 0.0458749495446682 0.2421577274799347 0.18090878427028656
v 0.04763377830386162 0.24257566034793854 0.17951102554798126
v 0.045993756502866745 0.27974560856819153 0.17657797038555145
v 0.039279755204916 0.17000000178813934 0.1915482133626938
v 0.04686480388045311 0.1700001209974289 0.1875402182340622
v 0.039332278072834015 0.20358367264270782 0.1887364685535431
v 0.039332278072834015 0.20358367264270782 0.1887364685535431
v 0.04686480388045311 0.1700001209974289 0.1875402182340622
v 0.04949461668729782 0.20639942586421967 0.18219532072544098
v 0.039332278072834015 0.20358367264270782 0.1887364685535431
v 0.04949461668729782 0.20639942586421967 0.18219532072544098
v 0.0458749495446682 0.2421577274799347 0.18090878427028656
v 0.0458749495446682 0.2421577274799347 0.18090878427028656
v 0.04949461668729782 0.20639942586421967 0.18219532072544098
v 0.047758013010025024 0.23999007046222687 0.17971841990947723
v 0.0458749495446682 0.2421577274799347 0.18090878427028656
v 0.047758013010025024 0.23999007046222687 0.17971841990947723
v 0.04763377830386162 0.24257566034793854 0.17951102554798126
v -0.012641409412026405 0.3100000023841858 0.19284462928771973
v -0.01859622448682785 0.3100002706050873 0.19126635789871216
v -0.025883300229907036 0.23899999260902405 0.1926717311143875
v -0.025883300229907036 0.23899999260902405 0.1926717311143875
v -0.01859622448682785 0.3100002706050873 0.19126635789871216
v -0.025816326960921288 0.27584731578826904 0.19066281616687775
v -0.025883300229907036 0.23899999260902405 0.1926717311143875
v -0.025816326960921288 0.27584731578826904 0.19066281616687775
v -0.032448578625917435 0.2399725466966629 0.18958567082881927
v -0.032448578625917435 0.2399725466966629 0.18958567082881927
v -0.025816326960921288 0.27584731578826904 0.19066281616687775
v -0.032385144382715225 0.2769264578819275 0.1872251331806183
v -0.041046738624572754 0.17000001668930054 0.19069410860538483
v -0.03907755762338638 0.20399914681911469 0.18883395195007324
v -0.04775805026292801 0.23998990654945374 0.1797177940607071
v -0.04775805026292801 0.23998990654945374 0.1797177940607071
v -0.03907755762338638 0.20399914681911469 0.18883395195007324
v -0.0390215665102005 0.24117739498615265 0.18573328852653503
v -0.04775805026292801 0.23998990654945374 0.1797177940607071
v -0.0390215665102005 0.24117739498615265 0.18573328852653503
v -0.045602813363075256 0.24263110756874084 0.18105992674827576
v -0.045602813363075256 0.24263110756874084 0.18105992674827576
v -0.0390215665102005 0.24117739498615265 0.18573328852653503
v -0.038964759558439255 0.27833110094070435 0.1827136129140854
v -0.045602813363075256 0.24263110756874084 0.18105992674827576
v -0.038964759558439255 0.27833110094070435 0.1827136129140854
v -0.04555696249008179 0.2801149785518646 0.1769510954618454
v 0.0008997579570859671 0.17000000178813934 0.20031970739364624
v 0.012244985438883305 0.17000001668930054 0.1995081901550293
v 0.00023455970222130418 0.20056109130382538 0.1994418352842331
v 0.00023455970222130418 0.20056109130382538 0.1994418352842331
v 0.012244985438883305 0.17000001668930054 0.1995081901550293
v 0.0003074173291679472 0.2372310906648636 0.1980179250240326
v 0.00023455970222130418 0.20056109130382538 0.1994418352842331
v 0.0003074173291679472 0.2372310906648636 0.1980179250240326
v -0.012845492921769619 0.20098431408405304 0.1982903629541397
v -0.012845492921769619 0.20098431408405304 0.1982903629541397
v 0.0003074173291679472 0.2372310906648636 0.1980179250240326
v -0.01277417317032814 0.2377006560564041 0.19671353697776794
v -0.012845492921769619 0.20098431408405304 0.1982903629541397
v -0.01277417317032814 0.2377006560564041 0.19671353697776794
v -0.025949276983737946 0.20212264358997345 0.19477973878383636
v -0.025949276983737946 0.20212264358997345 0.19477973878383636
v -0.01277417317032814 0.2377006560564041 0.19671353697776794
v -0.025883300229907036 0.23899999260902405 0.1926717311143875
v -0.025949276983737946 0.20212264358997345 0.19477973878383636
v -0.025883300229907036 0.23899999260902405 0.1926717311143875
v -0.03907755762338638 0.20399914681911469 0.18883395195007324
v -0.03907755762338638 0.20399914681911469 0.18883395195007324
v -0.025883300229907036 0.23899999260902405 0.1926717311143875
v -0.032448578625917435 0.2399725466966629 0.18958567082881927
v -0.03907755762338638 0.20399914681911469 0.18883395195007324
v -0.032448578625917435 0.2399725466966629 0.18958567082881927
v -0.0390215665102005 0.24117739498615265 0.18573328852653503
v -0.0390215665102005 0.24117739498615265 0.18573328852653503
v -0.032448578625917435 0.2399725466966629 0.18958567082881927
v -0.032385144382715225 0.2769264578819275 0.1872251331806183
v -0.0390215665102005 0.24117739498615265 0.18573328852653503
v -0.032385144382715225 0.2769264578819275 0.1872251331806183
v -0.038964759558439255 0.27833110094070435 0.1827136129140854
v -0.038964759558439255 0.27833110094070435 0.1827136129140854
v -0.032385144382715225 0.2769264578819275 0.1872251331806183
v -0.03542424738407135 0.3100000023841858 0.18283773958683014
v -0.038964759558439255 0.27833110094070435 0.1827136129140854
v -0.03542424738407135 0.3100000023841858 0.18283773958683014
v -0.04555696249008179 0.2801149785518646 0.1769510954618454
v -0.04555696249008179 0.2801149785518646 0.1769510954618454
v -0.03542424738407135 0.3100000023841858 0.18283773958683014
v -0.04305567219853401 0.3100002110004425 0.1763966679573059
v -0.04555696249008179 0.2801149785518646 0.1769510954618454
v -0.04305567219853401 0.3100002110004425 0.1763966679573059
v -0.04485922306776047 0.31000009179115295 0.17452387511730194
v 0.02645442821085453 0.2756446897983551 0.19035254418849945
v 0.026388458907604218 0.2387670874595642 0.19246137142181396
v 0.03295373544096947 0.2766600251197815 0.1868806630373001
v 0.03295373544096947 0.2766600251197815 0.1868806630373001
v 0.026388458907604218 0.2387670874595642 0.19246137142181396
v 0.032891564071178436 0.2396680861711502 0.1893666684627533
v 0.03295373544096947 0.2766600251197815 0.1868806630373001
v 0.032891564071178436 0.2396680861711502 0.1893666684627533
v 0.03944259136915207 0.2779904007911682 0.18236947059631348
v 0.03944259136915207 0.2779904007911682 0.18236947059631348
v 0.032891564071178436 0.2396680861711502 0.1893666684627533
v 0.03938722983002663 0.24079318344593048 0.18553270399570465
v 0.03944259136915207 0.2779904007911682 0.18236947059631348
v 0.03938722983002663 0.24079318344593048 0.18553270399570465
v 0.04591934755444527 0.279685378074646 0.17665553092956543
v 0.012244985438883305 0.17000001668930054 0.1995081901550293
v 0.013361455872654915 0.23759175837039948 0.19658342003822327
v 0.0003074173291679472 0.2372310906648636 0.1980179250240326
v 0.0003074173291679472 0.2372310906648636 0.1980179250240326
v 0.013361455872654915 0.23759175837039948 0.19658342003822327
v 0.013430176302790642 0.2743864059448242 0.19474823772907257
v 0.0003074173291679472 0.2372310906648636 0.1980179250240326
v 0.013430176302790642 0.2743864059448242 0.19474823772907257
v 0.000376616109861061 0.2740113139152527 0.19623029232025146
v 0.000376616109861061 0.2740113139152527 0.19623029232025146
v 0.013430176302790642 0.2743864059448242 0.19474823772907257
v 0.012508365325629711 0.3100000023841858 0.19287264347076416
v 0.000376616109861061 0.2740113139152527 0.19623029232025146
v 0.012508365325629711 0.3100000023841858 0.19287264347076416
v 0.0026002523954957724 0.31000012159347534 0.19411253929138184
v 0.013492913916707039 0.3100000321865082 0.19265802204608917
v 0.013430176302790642 0.2743864059448242 0.19474823772907257
v 0.02645442821085453 0.2756446897983551 0.19035254418849945
v 0.02645442821085453 0.2756446897983551 0.19035254418849945
v 0.013430176302790642 0.2743864059448242 0.19474823772907257
v 0.013361455872654915 0.23759175837039948 0.19658342003822327
v 0.02645442821085453 0.2756446897983551 0.19035254418849945
v 0.013361455872654915 0.23759175837039948 0.19658342003822327
v 0.026388458907604218 0.2387670874595642 0.19246137142181396
v 0.026388458907604218 0.2387670874595642 0.19246137142181396
v 0.013361455872654915 0.23759175837039948 0.19658342003822327
v 0.026323441416025162 0.20186085999011993 0.1946646124124527
v 0.026388458907604218 0.2387670874595642 0.19246137142181396
v 0.026323441416025162 0.20186085999011993 0.1946646124124527
v 0.032891564071178436 0.2396680861711502 0.1893666684627533
v 0.032891564071178436 0.2396680861711502 0.1893666684627533
v 0.026323441416025162 0.20186085999011993 0.1946646124124527
v 0.039332278072834015 0.20358367264270782 0.1887364685535431
v 0.032891564071178436 0.2396680861711502 0.1893666684627533
v 0.039332278072834015 0.20358367264270782 0.1887364685535431
v 0.03938722983002663 0.24079318344593048 0.18553270399570465
v 0.03938722983002663 0.24079318344593048 0.18553270399570465
v 0.039332278072834015 0.20358367264270782 0.1887364685535431
v 0.0458749495446682 0.2421577274799347 0.18090878427028656
v 0.03938722983002663 0.24079318344593048 0.18553270399570465
v 0.0458749495446682 0.2421577274799347 0.18090878427028656
v 0.04591934755444527 0.279685378074646 0.17665553092956543
v 0.04591934755444527 0.279685378074646 0.17665553092956543
v 0.0458749495446682 0.2421577274799347 0.18090878427028656
v 0.045993756502866745 0.27974560856819153 0.17657797038555145
v 0.04591934755444527 0.279685378074646 0.17665553092956543
v 0.045993756502866745 0.27974560856819153 0.17657797038555145
v 0.045811355113983154 0.28428807854652405 0.1762499362230301
v -0.06729256361722946 0.034164901822805405 0.16958224773406982
v -0.07047726213932037 0.014999999664723873 0.1691189557313919
v -0.06734983623027802 0.014999999664723873 0.1914999783039093
v -0.05534126237034798 0.1179109588265419 0.18742161989212036
v -0.05165472999215126 0.17000000178813934 0.1845150887966156
v -0.05570485442876816 0.17000000178813934 0.17006173729896545
v -0.06948306411504745 0.053428418934345245 0.12734007835388184
v -0.0704016238451004 0.053431667387485504 0.10616306960582733
v -0.07160934060811996 0.0391729474067688 0.10507351905107498
v -0.07311107218265533 0.024511927738785744 0.10336560010910034
v -0.07375139743089676 0.019551293924450874 0.1025235503911972
v -0.07103237509727478 0.024528782814741135 0.14750316739082336
v -0.07408133149147034 0.01736181415617466 0.10207248479127884
v -0.0745050311088562 0.014999999664723873 0.10149998962879181
v -0.07271359115839005 0.014999999664723873 0.14664198458194733
v -0.06769556552171707 0.05344666913151741 0.14845265448093414
v -0.06470383703708649 0.09224453568458557 0.14854194223880768
v -0.06948306411504745 0.053428418934345245 0.12734007835388184
v -0.06948306411504745 0.053428418934345245 0.12734007835388184
v -0.06470383703708649 0.09224453568458557 0.14854194223880768
v -0.06670662760734558 0.09223692119121552 0.12824378907680511
v -0.06769556552171707 0.05344666913151741 0.14845265448093414
v -0.06948306411504745 0.053428418934345245 0.12734007835388184
v -0.06974082440137863 0.034135617315769196 0.14797799289226532
v -0.06974082440137863 0.034135617315769196 0.14797799289226532
v -0.06948306411504745 0.053428418934345245 0.12734007835388184
v -0.07160934060811996 0.0391729474067688 0.10507351905107498
v -0.06974082440137863 0.034135617315769196 0.14797799289226532
v -0.07160934060811996 0.0391729474067688 0.10507351905107498
v -0.07103237509727478 0.024528782814741135 0.14750316739082336
v -0.07103237509727478 0.024528782814741135 0.14750316739082336
v -0.07160934060811996 0.0391729474067688 0.10507351905107498
v -0.07208658009767532 0.034116145223379135 0.10457374155521393
v -0.07103237509727478 0.024528782814741135 0.14750316739082336
v -0.07208658009767532 0.034116145223379135 0.10457374155521393
v -0.07311107218265533 0.024511927738785744 0.10336560010910034
v -0.06734983623027802 0.014999999664723873 0.1914999783039093
v -0.06397455185651779 0.03420321270823479 0.1910928338766098
v -0.06729256361722946 0.034164901822805405 0.16958224773406982
v -0.06729256361722946 0.034164901822805405 0.16958224773406982
v -0.06397455185651779 0.03420321270823479 0.1910928338766098
v -0.06226309761404991 0.04689888283610344 0.19065317511558533
v -0.06729256361722946 0.034164901822805405 0.16958224773406982
v -0.06226309761404991 0.04689888283610344 0.19065317511558533
v -0.06502637267112732 0.05348311364650726 0.16947968304157257
v -0.06226309761404991 0.04689888283610344 0.19065317511558533
v -0.061767857521772385 0.050934359431266785 0.19049972295761108
v -0.06502637267112732 0.05348311364650726 0.16947968304157257
v -0.06502637267112732 0.05348311364650726 0.16947968304157257
v -0.061767857521772385 0.050934359431266785 0.19049972295761108
v -0.058536890894174576 0.08117078244686127 0.189214289188385
v -0.06502637267112732 0.05348311364650726 0.16947968304157257
v -0.058536890894174576 0.08117078244686127 0.189214289188385
v -0.06163230538368225 0.09226881712675095 0.1687033623456955
v -0.06163230538368225 0.09226881712675095 0.1687033623456955
v -0.058536890894174576 0.08117078244686127 0.189214289188385
v -0.05586112290620804 0.11145053058862686 0.18775227665901184
v -0.06163230538368225 0.09226881712675095 0.1687033623456955
v -0.05586112290620804 0.11145053058862686 0.18775227665901184
v -0.05534126237034798 0.1179109588265419 0.18742161989212036
v -0.06322069466114044 0.17000000178813934 0.10868734121322632
v -0.06530338525772095 0.13111674785614014 0.10855890810489655
v -0.06670662760734558 0.09223692119121552 0.12824378907680511
v -0.06670662760734558 0.09223692119121552 0.12824378907680511
v -0.06530338525772095 0.13111674785614014 0.10855890810489655
v -0.06764748692512512 0.09224878251552582 0.10784865915775299
v -0.06670662760734558 0.09223692119121552 0.12824378907680511
v -0.06764748692512512 0.09224878251552582 0.10784865915775299
v -0.06948306411504745 0.053428418934345245 0.12734007835388184
v -0.06948306411504745 0.053428418934345245 0.12734007835388184
v -0.06764748692512512 0.09224878251552582 0.10784865915775299
v -0.0696227103471756 0.06356222182512283 0.10674750059843063
v -0.06948306411504745 0.053428418934345245 0.12734007835388184
v -0.0696227103471756 0.06356222182512283 0.10674750059843063
v -0.0704016238451004 0.053431667387485504 0.10616306960582733
v -0.05570485442876816 0.17000000178813934 0.17006173729896545
v -0.05889164283871651 0.17000000178813934 0.1554144322872162
v -0.06470383703708649 0.09224453568458557 0.14854194223880768
v -0.06470383703708649 0.09224453568458557 0.14854194223880768
v -0.05889164283871651 0.17000000178813934 0.1554144322872162
v -0.06121012568473816 0.17000000178813934 0.14060445129871368
v -0.06470383703708649 0.09224453568458557 0.14854194223880768
v -0.06121012568473816 0.17000000178813934 0.14060445129871368
v -0.06670662760734558 0.09223692119121552 0.12824378907680511
v -0.06670662760734558 0.09223692119121552 0.12824378907680511
v -0.06121012568473816 0.17000000178813934 0.14060445129871368
v -0.06265253573656082 0.17000000178813934 0.12567807734012604
v -0.06670662760734558 0.09223692119121552 0.12824378907680511
v -0.06265253573656082 0.17000000178813934 0.12567807734012604
v -0.06322069466114044 0.17000000178813934 0.10868734121322632
v -0.05534126237034798 0.1179109588265419 0.18742161989212036
v -0.05570485442876816 0.17000000178813934 0.17006173729896545
v -0.06163230538368225 0.09226881712675095 0.1687033623456955
v -0.06163230538368225 0.09226881712675095 0.1687033623456955
v -0.05570485442876816 0.17000000178813934 0.17006173729896545
v -0.06470383703708649 0.09224453568458557 0.14854194223880768
v -0.06163230538368225 0.09226881712675095 0.1687033623456955
v -0.06470383703708649 0.09224453568458557 0.14854194223880768
v -0.06502637267112732 0.05348311364650726 0.16947968304157257
v -0.06502637267112732 0.05348311364650726 0.16947968304157257
v -0.06470383703708649 0.09224453568458557 0.14854194223880768
v -0.06769556552171707 0.05344666913151741 0.14845265448093414
v -0.06502637267112732 0.05348311364650726 0.16947968304157257
v -0.06769556552171707 0.05344666913151741 0.14845265448093414
v -0.06729256361722946 0.034164901822805405 0.16958224773406982
v -0.06729256361722946 0.034164901822805405 0.16958224773406982
v -0.06769556552171707 0.05344666913151741 0.14845265448093414
v -0.06974082440137863 0.034135617315769196 0.14797799289226532
v -0.06729256361722946 0.034164901822805405 0.16958224773406982
v -0.06974082440137863 0.034135617315769196 0.14797799289226532
v -0.07047726213932037 0.014999999664723873 0.1691189557313919
v -0.07047726213932037 0.014999999664723873 0.1691189557313919
v -0.06974082440137863 0.034135617315769196 0.14797799289226532
v -0.07103237509727478 0.024528782814741135 0.14750316739082336
v -0.07047726213932037 0.014999999664723873 0.1691189557313919
v -0.07103237509727478 0.024528782814741135 0.14750316739082336
v -0.07271359115839005 0.014999999664723873 0.14664198458194733
v -0.07271359115839005 0.014999999664723873 0.14664198458194733
v -0.07103237509727478 0.024528782814741135 0.14750316739082336
v -0.07375139743089676 0.019551293924450874 0.1025235503911972
v -0.07271359115839005 0.014999999664723873 0.14664198458194733
v -0.07375139743089676 0.019551293924450874 0.1025235503911972
v -0.07408133149147034 0.01736181415617466 0.10207248479127884
v -0.07271359115839005 0.014999999664723873 0.14664198458194733
v -0.0745050311088562 0.014999999664723873 0.10149998962879181
v -0.0742475688457489 -1.3744561044859438e-13 0.14663590490818024
v -0.0742475688457489 -1.3744561044859438e-13 0.14663590490818024
v -0.0745050311088562 0.014999999664723873 0.10149998962879181
v -0.07599999755620956 -9.50350909079134e-14 0.10149998962879181
v -0.07271359115839005 0.014999999664723873 0.14664198458194733
v -0.0742475688457489 -1.3744561044859438e-13 0.14663590490818024
v -0.07047726213932037 0.014999999664723873 0.1691189557313919
v -0.07047726213932037 0.014999999664723873 0.1691189557313919
v -0.0742475688457489 -1.3744561044859438e-13 0.14663590490818024
v -0.0689999982714653 -5.201394870368858e-13 0.1914999932050705
v -0.07047726213932037 0.014999999664723873 0.1691189557313919
v -0.0689999982714653 -5.201394870368858e-13 0.1914999932050705
v -0.06734983623027802 0.014999999664723873 0.1914999783039093
v 0.07600033283233643 3.4095013035084776e-08 0.101500004529953
v 0.0742475688457489 -1.1999314608601708e-07 0.14663590490818024
v 0.07277955859899521 -0.014219273813068867 0.14663590490818024
v 0.0742475688457489 -1.1999314608601708e-07 0.14663590490818024
v 0.06900037080049515 3.833216410953355e-08 0.1915000081062317
v 0.06767432391643524 -0.013461358845233917 0.1914999932050705
v 0.0742475688457489 -1.1999314608601708e-07 0.14663590490818024
v 0.06767432391643524 -0.013461358845233917 0.1914999932050705
v 0.07277955859899521 -0.014219273813068867 0.14663590490818024
v 0.07277955859899521 -0.014219273813068867 0.14663590490818024
v 0.06767432391643524 -0.013461358845233917 0.1914999932050705
v 0.06374777108430862 -0.026405302807688713 0.1914999932050705
v 0.07277955859899521 -0.014219273813068867 0.14663590490818024
v 0.06374777108430862 -0.026405302807688713 0.1914999932050705
v 0.06845586001873016 -0.028017761185765266 0.14663590490818024
v 0.06845586001873016 -0.028017761185765266 0.14663590490818024
v 0.06374777108430862 -0.026405302807688713 0.1914999932050705
v 0.05737147852778435 -0.03833450376987457 0.1914999932050705
v 0.06845586001873016 -0.028017761185765266 0.14663590490818024
v 0.05737147852778435 -0.03833450376987457 0.1914999932050705
v 0.06147624924778938 -0.040831949561834335 0.14663590490818024
v 0.06147624924778938 -0.040831949561834335 0.14663590490818024
v 0.05737147852778435 -0.03833450376987457 0.1914999932050705
v 0.04879040643572807 -0.048790525645017624 0.1914999932050705
v 0.06147624924778938 -0.040831949561834335 0.14663590490818024
v 0.04879040643572807 -0.048790525645017624 0.1914999932050705
v 0.05213906243443489 -0.05213919281959534 0.14663590490818024
v 0.05213906243443489 -0.05213919281959534 0.14663590490818024
v 0.04879040643572807 -0.048790525645017624 0.1914999932050705
v 0.03833435848355293 -0.05737157538533211 0.1914999932050705
v 0.05213906243443489 -0.05213919281959534 0.14663590490818024
v 0.03833435848355293 -0.05737157538533211 0.1914999932050705
v 0.0408317968249321 -0.06147635355591774 0.14663590490818024
v 0.0408317968249321 -0.06147635355591774 0.14663590490818024
v 0.03833435848355293 -0.05737157538533211 0.1914999932050705
v 0.02640514448285103 -0.063747838139534 0.1914999932050705
v 0.0408317968249321 -0.06147635355591774 0.14663590490818024
v 0.02640514448285103 -0.063747838139534 0.1914999932050705
v 0.028017591685056686 -0.06845592707395554 0.14663590490818024
v 0.028017591685056686 -0.06845592707395554 0.14663590490818024
v 0.02640514448285103 -0.063747838139534 0.1914999932050705
v 0.013461191207170486 -0.06767436116933823 0.1914999932050705
v 0.028017591685056686 -0.06845592707395554 0.14663590490818024
v 0.013461191207170486 -0.06767436116933823 0.1914999932050705
v 0.01421909499913454 -0.0727795958518982 0.14663590490818024
v 0.01421909499913454 -0.0727795958518982 0.14663590490818024
v 0.013461191207170486 -0.06767436116933823 0.1914999932050705
v -5.7100116634956066e-08 -0.0689999982714653 0.1914999932050705
v 0.01421909499913454 -0.0727795958518982 0.14663590490818024
v -5.7100116634956066e-08 -0.0689999982714653 0.1914999932050705
v -5.999650198873496e-08 -0.0742475688457489 0.14663590490818024
v -5.999650198873496e-08 -0.0742475688457489 0.14663590490818024
v -5.7100116634956066e-08 -0.0689999982714653 0.1914999932050705
v -0.01346130296587944 -0.06767433881759644 0.1914999932050705
v -5.999650198873496e-08 -0.0742475688457489 0.14663590490818024
v -0.01346130296587944 -0.06767433881759644 0.1914999932050705
v -0.014219214208424091 -0.0727795660495758 0.14663590490818024
v -0.014219214208424091 -0.0727795660495758 0.14663590490818024
v -0.01346130296587944 -0.06767433881759644 0.1914999932050705
v -0.026405250653624535 -0.06374779343605042 0.1914999932050705
v -0.014219214208424091 -0.0727795660495758 0.14663590490818024
v -0.026405250653624535 -0.06374779343605042 0.1914999932050705
v -0.02801770530641079 -0.06845588237047195 0.14663590490818024
v -0.02801770530641079 -0.06845588237047195 0.14663590490818024
v -0.026405250653624535 -0.06374779343605042 0.1914999932050705
v -0.03833445534110069 -0.057371512055397034 0.1914999932050705
v -0.02801770530641079 -0.06845588237047195 0.14663590490818024
v -0.03833445534110069 -0.057371512055397034 0.1914999932050705
v -0.04083189740777016 -0.06147628650069237 0.14663590490818024
v -0.04083189740777016 -0.06147628650069237 0.14663590490818024
v -0.03833445534110069 -0.057371512055397034 0.1914999932050705
v -0.04879048466682434 -0.048790447413921356 0.1914999932050705
v -0.04083189740777016 -0.06147628650069237 0.14663590490818024
v -0.04879048466682434 -0.048790447413921356 0.1914999932050705
v -0.052139148116111755 -0.05213910713791847 0.14663590490818024
v -0.052139148116111755 -0.05213910713791847 0.14663590490818024
v -0.04879048466682434 -0.048790447413921356 0.1914999932050705
v -0.05737154185771942 -0.03833440691232681 0.1914999932050705
v -0.052139148116111755 -0.05213910713791847 0.14663590490818024
v -0.05737154185771942 -0.03833440691232681 0.1914999932050705
v -0.061476320028305054 -0.04083184525370598 0.14663590490818024
v -0.061476320028305054 -0.04083184525370598 0.14663590490818024
v -0.05737154185771942 -0.03833440691232681 0.1914999932050705
v -0.0637478157877922 -0.026405196636915207 0.1914999932050705
v -0.061476320028305054 -0.04083184525370598 0.14663590490818024
v -0.0637478157877922 -0.026405196636915207 0.1914999932050705
v -0.06845590472221375 -0.028017647564411163 0.14663590490818024
v -0.06845590472221375 -0.028017647564411163 0.14663590490818024
v -0.0637478157877922 -0.026405196636915207 0.1914999932050705
v -0.06767434626817703 -0.013461247086524963 0.1914999932050705
v -0.06845590472221375 -0.028017647564411163 0.14663590490818024
v -0.06767434626817703 -0.013461247086524963 0.1914999932050705
v -0.072779580950737 -0.014219154603779316 0.14663590490818024
v -0.072779580950737 -0.014219154603779316 0.14663590490818024
v -0.06767434626817703 -0.013461247086524963 0.1914999932050705
v -0.0689999982714653 -5.201394870368858e-13 0.1914999932050705
v -0.072779580950737 -0.014219154603779316 0.14663590490818024
v -0.0689999982714653 -5.201394870368858e-13 0.1914999932050705
v -0.0742475688457489 -1.3744561044859438e-13 0.14663590490818024
v 0.07600033283233643 3.4095013035084776e-08 0.101500004529953
v 0.07277955859899521 -0.014219273813068867 0.14663590490818024
v 0.07453984022140503 -0.014827003702521324 0.10149998962879181
v 0.07453984022140503 -0.014827003702521324 0.10149998962879181
v 0.07277955859899521 -0.014219273813068867 0.14663590490818024
v 0.06845586001873016 -0.028017761185765266 0.14663590490818024
v 0.07453984022140503 -0.014827003702521324 0.10149998962879181
v 0.06845586001873016 -0.028017761185765266 0.14663590490818024
v 0.07021493464708328 -0.02908410131931305 0.10149998962879181
v 0.07021493464708328 -0.02908410131931305 0.10149998962879181
v 0.06845586001873016 -0.028017761185765266 0.14663590490818024
v 0.06147624924778938 -0.040831949561834335 0.14663590490818024
v 0.07021493464708328 -0.02908410131931305 0.10149998962879181
v 0.06147624924778938 -0.040831949561834335 0.14663590490818024
v 0.06319177895784378 -0.04222350940108299 0.10149998962879181
v 0.06319177895784378 -0.04222350940108299 0.10149998962879181
v 0.06147624924778938 -0.040831949561834335 0.14663590490818024
v 0.05213906243443489 -0.05213919281959534 0.14663590490818024
v 0.06319177895784378 -0.04222350940108299 0.10149998962879181
v 0.05213906243443489 -0.05213919281959534 0.14663590490818024
v 0.05374015495181084 -0.05374028906226158 0.10149998962879181
v 0.05374015495181084 -0.05374028906226158 0.10149998962879181
v 0.05213906243443489 -0.05213919281959534 0.14663590490818024
v 0.0408317968249321 -0.06147635355591774 0.14663590490818024
v 0.05374015495181084 -0.05374028906226158 0.10149998962879181
v 0.0408317968249321 -0.06147635355591774 0.14663590490818024
v 0.04222335293889046 -0.06319188326597214 0.10149998962879181
v 0.04222335293889046 -0.06319188326597214 0.10149998962879181
v 0.0408317968249321 -0.06147635355591774 0.14663590490818024
v 0.028017591685056686 -0.06845592707395554 0.14663590490818024
v 0.04222335293889046 -0.06319188326597214 0.10149998962879181
v 0.028017591685056686 -0.06845592707395554 0.14663590490818024
v 0.02908392809331417 -0.07021500915288925 0.10149998962879181
v 0.02908392809331417 -0.07021500915288925 0.10149998962879181
v 0.028017591685056686 -0.06845592707395554 0.14663590490818024
v 0.01421909499913454 -0.0727795958518982 0.14663590490818024
v 0.02908392809331417 -0.07021500915288925 0.10149998962879181
v 0.01421909499913454 -0.0727795958518982 0.14663590490818024
v 0.01482681930065155 -0.07453987747430801 0.10149998962879181
v 0.01482681930065155 -0.07453987747430801 0.10149998962879181
v 0.01421909499913454 -0.0727795958518982 0.14663590490818024
v -5.999650198873496e-08 -0.0742475688457489 0.14663590490818024
v 0.01482681930065155 -0.07453987747430801 0.10149998962879181
v -5.999650198873496e-08 -0.0742475688457489 0.14663590490818024
v -6.28928802370865e-08 -0.07599999755620956 0.10149998962879181
v -6.28928802370865e-08 -0.07599999755620956 0.10149998962879181
v -5.999650198873496e-08 -0.0742475688457489 0.14663590490818024
v -0.014219214208424091 -0.0727795660495758 0.14663590490818024
v -6.28928802370865e-08 -0.07599999755620956 0.10149998962879181
v -0.014219214208424091 -0.0727795660495758 0.14663590490818024
v -0.0148269422352314 -0.07453984767198563 0.10149998962879181
v -0.0148269422352314 -0.07453984767198563 0.10149998962879181
v -0.014219214208424091 -0.0727795660495758 0.14663590490818024
v -0.02801770530641079 -0.06845588237047195 0.14663590490818024
v -0.0148269422352314 -0.07453984767198563 0.10149998962879181
v -0.02801770530641079 -0.06845588237047195 0.14663590490818024
v -0.029084043577313423 -0.07021495699882507 0.10149998962879181
v -0.029084043577313423 -0.07021495699882507 0.10149998962879181
v -0.02801770530641079 -0.06845588237047195 0.14663590490818024
v -0.04083189740777016 -0.06147628650069237 0.14663590490818024
v -0.029084043577313423 -0.07021495699882507 0.10149998962879181
v -0.04083189740777016 -0.06147628650069237 0.14663590490818024
v -0.042223457247018814 -0.06319180876016617 0.10149998962879181
v -0.042223457247018814 -0.06319180876016617 0.10149998962879181
v -0.04083189740777016 -0.06147628650069237 0.14663590490818024
v -0.052139148116111755 -0.05213910713791847 0.14663590490818024
v -0.042223457247018814 -0.06319180876016617 0.10149998962879181
v -0.052139148116111755 -0.05213910713791847 0.14663590490818024
v -0.053740244358778 -0.05374019965529442 0.10149998962879181
v -0.053740244358778 -0.05374019965529442 0.10149998962879181
v -0.052139148116111755 -0.05213910713791847 0.14663590490818024
v -0.061476320028305054 -0.04083184525370598 0.14663590490818024
v -0.053740244358778 -0.05374019965529442 0.10149998962879181
v -0.061476320028305054 -0.04083184525370598 0.14663590490818024
v -0.06319184601306915 -0.042223405092954636 0.10149998962879181
v -0.06319184601306915 -0.042223405092954636 0.10149998962879181
v -0.061476320028305054 -0.04083184525370598 0.14663590490818024
v -0.06845590472221375 -0.028017647564411163 0.14663590490818024
v -0.06319184601306915 -0.042223405092954636 0.10149998962879181
v -0.06845590472221375 -0.028017647564411163 0.14663590490818024
v -0.07021497935056686 -0.029083985835313797 0.10149998962879181
v -0.07021497935056686 -0.029083985835313797 0.10149998962879181
v -0.06845590472221375 -0.028017647564411163 0.14663590490818024
v -0.072779580950737 -0.014219154603779316 0.14663590490818024
v -0.07021497935056686 -0.029083985835313797 0.10149998962879181
v -0.072779580950737 -0.014219154603779316 0.14663590490818024
v -0.07453986257314682 -0.014826880767941475 0.10149998962879181
v -0.07453986257314682 -0.014826880767941475 0.10149998962879181
v -0.072779580950737 -0.014219154603779316 0.14663590490818024
v -0.0742475688457489 -1.3744561044859438e-13 0.14663590490818024
v -0.07453986257314682 -0.014826880767941475 0.10149998962879181
v -0.0742475688457489 -1.3744561044859438e-13 0.14663590490818024
v -0.07599999755620956 -9.50350909079134e-14 0.10149998962879181
v 0.06818348169326782 0.010583506897091866 0.1914999932050705
v 0.06900037080049515 3.833216410953355e-08 0.1915000081062317
v 0.0742475688457489 -1.1999314608601708e-07 0.14663590490818024
v 0.0742475688457489 -1.1999314608601708e-07 0.14663590490818024
v 0.07600033283233643 3.4095013035084776e-08 0.101500004529953
v 0.0751766487956047 0.011151539161801338 0.10149989277124405
v 0.06735021620988846 0.015000039711594582 0.1915000081062317
v 0.06818348169326782 0.010583506897091866 0.1914999932050705
v 0.07270114868879318 0.015000401996076107 0.14664140343666077
v 0.07270114868879318 0.015000401996076107 0.14664140343666077
v 0.06818348169326782 0.010583506897091866 0.1914999932050705
v 0.0742475688457489 -1.1999314608601708e-07 0.14663590490818024
v 0.07270114868879318 0.015000401996076107 0.14664140343666077
v 0.0742475688457489 -1.1999314608601708e-07 0.14663590490818024
v 0.07450532913208008 0.015000030398368835 0.101500004529953
v 0.07450532913208008 0.015000030398368835 0.101500004529953
v 0.0742475688457489 -1.1999314608601708e-07 0.14663590490818024
v 0.0751766487956047 0.011151539161801338 0.10149989277124405
v 0.07450532913208008 0.015000030398368835 0.101500004529953
v 0.07408003509044647 0.01736973039805889 0.10207425057888031
v 0.07252906262874603 0.024539146572351456 0.1254577338695526
v 0.07252906262874603 0.024539146572351456 0.1254577338695526
v 0.07408003509044647 0.01736973039805889 0.10207425057888031
v 0.0737232118844986 0.01975095458328724 0.10256176441907883
v 0.06677691638469696 0.09223827719688416 0.12824536859989166
v 0.06475400179624557 0.09224743396043777 0.14854800701141357
v 0.06956018507480621 0.05346225947141647 0.12734192609786987
v 0.06956018507480621 0.05346225947141647 0.12734192609786987
v 0.06475400179624557 0.09224743396043777 0.14854800701141357
v 0.06774869561195374 0.053471922874450684 0.14846043288707733
v 0.06956018507480621 0.05346225947141647 0.12734192609786987
v 0.06774869561195374 0.053471922874450684 0.14846043288707733
v 0.0713866800069809 0.03415123373270035 0.1263027787208557
v 0.0713866800069809 0.03415123373270035 0.1263027787208557
v 0.06774869561195374 0.053471922874450684 0.14846043288707733
v 0.06977182626724243 0.034159258008003235 0.14798390865325928
v 0.0713866800069809 0.03415123373270035 0.1263027787208557
v 0.06977182626724243 0.034159258008003235 0.14798390865325928
v 0.07252906262874603 0.024539146572351456 0.1254577338695526
v 0.0737232118844986 0.01975095458328724 0.10256176441907883
v 0.0731084868311882 0.0245337076485157 0.10336887836456299
v 0.07252906262874603 0.024539146572351456 0.1254577338695526
v 0.07252906262874603 0.024539146572351456 0.1254577338695526
v 0.0731084868311882 0.0245337076485157 0.10336887836456299
v 0.07295120507478714 0.025883059948682785 0.1035662293434143
v 0.07252906262874603 0.024539146572351456 0.1254577338695526
v 0.07295120507478714 0.025883059948682785 0.1035662293434143
v 0.0713866800069809 0.03415123373270035 0.1263027787208557
v 0.0713866800069809 0.03415123373270035 0.1263027787208557
v 0.07295120507478714 0.025883059948682785 0.1035662293434143
v 0.07208380848169327 0.034144625067710876 0.10457676649093628
v 0.0713866800069809 0.03415123373270035 0.1263027787208557
v 0.07208380848169327 0.034144625067710876 0.10457676649093628
v 0.06956018507480621 0.05346225947141647 0.12734192609786987
v 0.06956018507480621 0.05346225947141647 0.12734192609786987
v 0.07208380848169327 0.034144625067710876 0.10457676649093628
v 0.07107162475585938 0.045282915234565735 0.10558820515871048
v 0.06956018507480621 0.05346225947141647 0.12734192609786987
v 0.07107162475585938 0.045282915234565735 0.10558820515871048
v 0.06677691638469696 0.09223827719688416 0.12824536859989166
v 0.06677691638469696 0.09223827719688416 0.12824536859989166
v 0.07107162475585938 0.045282915234565735 0.10558820515871048
v 0.06856480240821838 0.07843543589115143 0.10739951580762863
v 0.063974529504776 0.03420422971248627 0.1910923421382904
v 0.06498871743679047 0.053483497351408005 0.16948027908802032
v 0.06127719208598137 0.055083416402339935 0.19033671915531158
v 0.06127719208598137 0.055083416402339935 0.19033671915531158
v 0.06498871743679047 0.053483497351408005 0.16948027908802032
v 0.061598993837833405 0.09225881099700928 0.16870196163654327
v 0.06127719208598137 0.055083416402339935 0.19033671915531158
v 0.061598993837833405 0.09225881099700928 0.16870196163654327
v 0.05750277638435364 0.09230821579694748 0.18869374692440033
v 0.05750277638435364 0.09230821579694748 0.18869374692440033
v 0.061598993837833405 0.09225881099700928 0.16870196163654327
v 0.055909186601638794 0.11085255444049835 0.1877828687429428
v 0.061598993837833405 0.09225881099700928 0.16870196163654327
v 0.056695882230997086 0.17000000178813934 0.16592802107334137
v 0.053997207432985306 0.17000000178813934 0.17655903100967407
v 0.053997207432985306 0.17000000178813934 0.17655903100967407
v 0.05165472626686096 0.17000000178813934 0.1845151036977768
v 0.05299065262079239 0.1498105525970459 0.18569223582744598
v 0.053997207432985306 0.17000000178813934 0.17655903100967407
v 0.05299065262079239 0.1498105525970459 0.18569223582744598
v 0.061598993837833405 0.09225881099700928 0.16870196163654327
v 0.061598993837833405 0.09225881099700928 0.16870196163654327
v 0.05299065262079239 0.1498105525970459 0.18569223582744598
v 0.053597480058670044 0.1411401629447937 0.18617823719978333
v 0.061598993837833405 0.09225881099700928 0.16870196163654327
v 0.053597480058670044 0.1411401629447937 0.18617823719978333
v 0.055909186601638794 0.11085255444049835 0.1877828687429428
v 0.06856480240821838 0.07843543589115143 0.10739951580762863
v 0.06764858216047287 0.0922318622469902 0.1078481674194336
v 0.06677691638469696 0.09223827719688416 0.12824536859989166
v 0.06677691638469696 0.09223827719688416 0.12824536859989166
v 0.06764858216047287 0.0922318622469902 0.1078481674194336
v 0.06537890434265137 0.12978331744670868 0.1085456907749176
v 0.06677691638469696 0.09223827719688416 0.12824536859989166
v 0.06537890434265137 0.12978331744670868 0.1085456907749176
v 0.06322069466114044 0.17000000178813934 0.10868734121322632
v 0.063974529504776 0.03420422971248627 0.1910923421382904
v 0.06735021620988846 0.015000039711594582 0.1915000081062317
v 0.07104477286338806 0.02454523555934429 0.14750678837299347
v 0.07104477286338806 0.02454523555934429 0.14750678837299347
v 0.06735021620988846 0.015000039711594582 0.1915000081062317
v 0.07270114868879318 0.015000401996076107 0.14664140343666077
v 0.07104477286338806 0.02454523555934429 0.14750678837299347
v 0.07270114868879318 0.015000401996076107 0.14664140343666077
v 0.07450532913208008 0.015000030398368835 0.101500004529953
v 0.06322069466114044 0.17000000178813934 0.10868734121322632
v 0.06265253573656082 0.17000000178813934 0.12567809224128723
v 0.06677691638469696 0.09223827719688416 0.12824536859989166
v 0.06677691638469696 0.09223827719688416 0.12824536859989166
v 0.06265253573656082 0.17000000178813934 0.12567809224128723
v 0.062491558492183685 0.17000000178813934 0.1279321014881134
v 0.06677691638469696 0.09223827719688416 0.12824536859989166
v 0.062491558492183685 0.17000000178813934 0.1279321014881134
v 0.06475400179624557 0.09224743396043777 0.14854800701141357
v 0.06475400179624557 0.09224743396043777 0.14854800701141357
v 0.062491558492183685 0.17000000178813934 0.1279321014881134
v 0.060778263956308365 0.17000000178813934 0.14385074377059937
v 0.06475400179624557 0.09224743396043777 0.14854800701141357
v 0.060778263956308365 0.17000000178813934 0.14385074377059937
v 0.05889163166284561 0.17000000178813934 0.15541444718837738
v 0.07450532913208008 0.015000030398368835 0.101500004529953
v 0.07252906262874603 0.024539146572351456 0.1254577338695526
v 0.07104477286338806 0.02454523555934429 0.14750678837299347
v 0.07104477286338806 0.02454523555934429 0.14750678837299347
v 0.07252906262874603 0.024539146572351456 0.1254577338695526
v 0.06977182626724243 0.034159258008003235 0.14798390865325928
v 0.07104477286338806 0.02454523555934429 0.14750678837299347
v 0.06977182626724243 0.034159258008003235 0.14798390865325928
v 0.063974529504776 0.03420422971248627 0.1910923421382904
v 0.063974529504776 0.03420422971248627 0.1910923421382904
v 0.06977182626724243 0.034159258008003235 0.14798390865325928
v 0.06774869561195374 0.053471922874450684 0.14846043288707733
v 0.063974529504776 0.03420422971248627 0.1910923421382904
v 0.06774869561195374 0.053471922874450684 0.14846043288707733
v 0.06498871743679047 0.053483497351408005 0.16948027908802032
v 0.06498871743679047 0.053483497351408005 0.16948027908802032
v 0.06774869561195374 0.053471922874450684 0.14846043288707733
v 0.06475400179624557 0.09224743396043777 0.14854800701141357
v 0.06498871743679047 0.053483497351408005 0.16948027908802032
v 0.06475400179624557 0.09224743396043777 0.14854800701141357
v 0.061598993837833405 0.09225881099700928 0.16870196163654327
v 0.061598993837833405 0.09225881099700928 0.16870196163654327
v 0.06475400179624557 0.09224743396043777 0.14854800701141357
v 0.05889163166284561 0.17000000178813934 0.15541444718837738
v 0.061598993837833405 0.09225881099700928 0.16870196163654327
v 0.05889163166284561 0.17000000178813934 0.15541444718837738
v 0.056695882230997086 0.17000000178813934 0.16592802107334137
v 0.018046244978904724 0.11096630245447159 0.19982048869132996
v 0.0005860142991878092 0.11104876548051834 0.2011132538318634
v 0.00026386522222310305 0.05053168162703514 0.20037895441055298
v -0.014889753423631191 0.039116330444812775 0.1994999796152115
v -0.01719636470079422 0.050630997866392136 0.1995927095413208
v -0.01739879883825779 0.047079265117645264 0.19949999451637268
v 0.019158093258738518 0.059018682688474655 0.1994999796152115
v 0.017724094912409782 0.050445787608623505 0.19950945675373077
v 0.01769614964723587 0.04981667920947075 0.19949999451637268
v 0.053597480058670044 0.1411401629447937 0.18617823719978333
v 0.05312778055667877 0.14115025103092194 0.18645815551280975
v 0.052966706454753876 0.11086650937795639 0.18919967114925385
v 0.05299065262079239 0.1498105525970459 0.18569223582744598
v 0.05165472626686096 0.17000000178813934 0.1845151036977768
v 0.04686480388045311 0.1700001209974289 0.1875402182340622
v 0.052966706454753876 0.11086650937795639 0.18919967114925385
v 0.05312778055667877 0.14115025103092194 0.18645815551280975
v 0.04423658922314644 0.11088267713785172 0.19293829798698425
v 0.055909186601638794 0.11085255444049835 0.1877828687429428
v 0.05280563235282898 0.08058705180883408 0.19141310453414917
v 0.05750277638435364 0.09230821579694748 0.18869374692440033
v 0.05750277638435364 0.09230821579694748 0.18869374692440033
v 0.05280563235282898 0.08058705180883408 0.19141310453414917
v 0.052644554525613785 0.05031167343258858 0.1931229680776596
v 0.05750277638435364 0.09230821579694748 0.18869374692440033
v 0.052644554525613785 0.05031167343258858 0.1931229680776596
v 0.06127719208598137 0.055083416402339935 0.19033671915531158
v 0.06127719208598137 0.055083416402339935 0.19033671915531158
v 0.052644554525613785 0.05031167343258858 0.1931229680776596
v 0.063974529504776 0.03420422971248627 0.1910923421382904
v 0.052644554525613785 0.05031167343258858 0.1931229680776596
v 0.05073736235499382 0.035720545798540115 0.19416223466396332
v 0.063974529504776 0.03420422971248627 0.1910923421382904
v 0.063974529504776 0.03420422971248627 0.1910923421382904
v 0.05073736235499382 0.035720545798540115 0.19416223466396332
v 0.055763594806194305 0.02721504494547844 0.19338050484657288
v 0.063974529504776 0.03420422971248627 0.1910923421382904
v 0.055763594806194305 0.02721504494547844 0.19338050484657288
v 0.06735021620988846 0.015000039711594582 0.1915000081062317
v 0.06735021620988846 0.015000039711594582 0.1915000081062317
v 0.055763594806194305 0.02721504494547844 0.19338050484657288
v 0.059517960995435715 0.01754564419388771 0.19297093152999878
v 0.06735021620988846 0.015000039711594582 0.1915000081062317
v 0.059517960995435715 0.01754564419388771 0.19297093152999878
v 0.06818348169326782 0.010583506897091866 0.1914999932050705
v 0.06818348169326782 0.010583506897091866 0.1914999932050705
v 0.059517960995435715 0.01754564419388771 0.19297093152999878
v 0.061464305967092514 0.00850742682814598 0.19284316897392273
v 0.06818348169326782 0.010583506897091866 0.1914999932050705
v 0.061464305967092514 0.00850742682814598 0.19284316897392273
v 0.06900037080049515 3.833216410953355e-08 0.1915000081062317
v 0.06900037080049515 3.833216410953355e-08 0.1915000081062317
v 0.061464305967092514 0.00850742682814598 0.19284316897392273
v 0.06205028295516968 -1.805777749552817e-13 0.19278189539909363
v 0.06900037080049515 3.833216410953355e-08 0.1915000081062317
v 0.06205028295516968 -1.805777749552817e-13 0.19278189539909363
v 0.06767432391643524 -0.013461358845233917 0.1914999932050705
v 0.06205028295516968 -1.805777749552817e-13 0.19278189539909363
v 0.061867713928222656 -0.004756420385092497 0.19275200366973877
v 0.06767432391643524 -0.013461358845233917 0.1914999932050705
v 0.06767432391643524 -0.013461358845233917 0.1914999932050705
v 0.061867713928222656 -0.004756420385092497 0.19275200366973877
v 0.060416724532842636 -0.014144149608910084 0.19269423186779022
v 0.06767432391643524 -0.013461358845233917 0.1914999932050705
v 0.060416724532842636 -0.014144149608910084 0.19269423186779022
v 0.06374777108430862 -0.026405302807688713 0.1914999932050705
v 0.060416724532842636 -0.014144149608910084 0.19269423186779022
v 0.057684995234012604 -0.02286216989159584 0.19264155626296997
v 0.06374777108430862 -0.026405302807688713 0.1914999932050705
v 0.06374777108430862 -0.026405302807688713 0.1914999932050705
v 0.057684995234012604 -0.02286216989159584 0.19264155626296997
v 0.055287208408117294 -0.028170235455036163 0.1926097869873047
v 0.06374777108430862 -0.026405302807688713 0.1914999932050705
v 0.055287208408117294 -0.028170235455036163 0.1926097869873047
v 0.05737147852778435 -0.03833450376987457 0.1914999932050705
v 0.055287208408117294 -0.028170235455036163 0.1926097869873047
v 0.053536225110292435 -0.03137052804231644 0.19259072840213776
v 0.05737147852778435 -0.03833450376987457 0.1914999932050705
v 0.05737147852778435 -0.03833450376987457 0.1914999932050705
v 0.053536225110292435 -0.03137052804231644 0.19259072840213776
v 0.04760794714093208 -0.03979599103331566 0.19254113733768463
v 0.05737147852778435 -0.03833450376987457 0.1914999932050705
v 0.04760794714093208 -0.03979599103331566 0.19254113733768463
v 0.04879040643572807 -0.048790525645017624 0.1914999932050705
v 0.04760794714093208 -0.03979599103331566 0.19254113733768463
v 0.043876178562641144 -0.04387617111206055 0.19251786172389984
v 0.04879040643572807 -0.048790525645017624 0.1914999932050705
v 0.04879040643572807 -0.048790525645017624 0.1914999932050705
v 0.043876178562641144 -0.04387617111206055 0.19251786172389984
v 0.04155733063817024 -0.04607847332954407 0.1925056278705597
v 0.04879040643572807 -0.048790525645017624 0.1914999932050705
v 0.04155733063817024 -0.04607847332954407 0.1925056278705597
v 0.03833435848355293 -0.05737157538533211 0.1914999932050705
v 0.03833435848355293 -0.05737157538533211 0.1914999932050705
v 0.04155733063817024 -0.04607847332954407 0.1925056278705597
v 0.03342536836862564 -0.052277933806180954 0.19247221946716309
v 0.03833435848355293 -0.05737157538533211 0.1914999932050705
v 0.03342536836862564 -0.052277933806180954 0.19247221946716309
v 0.02640514448285103 -0.063747838139534 0.1914999932050705
v 0.03342536836862564 -0.052277933806180954 0.19247221946716309
v 0.02817024104297161 -0.055287204682826996 0.19245664775371552
v 0.02640514448285103 -0.063747838139534 0.1914999932050705
v 0.02640514448285103 -0.063747838139534 0.1914999932050705
v 0.02817024104297161 -0.055287204682826996 0.19245664775371552
v 0.025025175884366035 -0.05678008496761322 0.1924491822719574
v 0.02640514448285103 -0.063747838139534 0.1914999932050705
v 0.025025175884366035 -0.05678008496761322 0.1924491822719574
v 0.013461191207170486 -0.06767436116933823 0.1914999932050705
v 0.025025175884366035 -0.05678008496761322 0.1924491822719574
v 0.016714071854948997 -0.059756819158792496 0.1924358755350113
v 0.013461191207170486 -0.06767436116933823 0.1914999932050705
v 0.013461191207170486 -0.06767436116933823 0.1914999932050705
v 0.016714071854948997 -0.059756819158792496 0.1924358755350113
v 0.008106278255581856 -0.06151849776506424 0.1924295276403427
v 0.013461191207170486 -0.06767436116933823 0.1914999932050705
v 0.008106278255581856 -0.06151849776506424 0.1924295276403427
v -5.7100116634956066e-08 -0.0689999982714653 0.1914999932050705
v -5.7100116634956066e-08 -0.0689999982714653 0.1914999932050705
v 0.008106278255581856 -0.06151849776506424 0.1924295276403427
v -0.002212290419265628 -0.062010832130908966 0.19242766499519348
v -5.7100116634956066e-08 -0.0689999982714653 0.1914999932050705
v -0.002212290419265628 -0.062010832130908966 0.19242766499519348
v -0.01346130296587944 -0.06767433881759644 0.1914999932050705
v -0.002212290419265628 -0.062010832130908966 0.19242766499519348
v -0.009706802666187286 -0.06128633767366409 0.19242918491363525
v -0.01346130296587944 -0.06767433881759644 0.1914999932050705
v -0.01346130296587944 -0.06767433881759644 0.1914999932050705
v -0.009706802666187286 -0.06128633767366409 0.19242918491363525
v -0.011523010209202766 -0.060970958322286606 0.19242997467517853
v -0.01346130296587944 -0.06767433881759644 0.1914999932050705
v -0.011523010209202766 -0.060970958322286606 0.19242997467517853
v -0.026405250653624535 -0.06374779343605042 0.1914999932050705
v -0.011523010209202766 -0.060970958322286606 0.19242997467517853
v -0.020623285323381424 -0.058522794395685196 0.19243791699409485
v -0.026405250653624535 -0.06374779343605042 0.1914999932050705
v -0.026405250653624535 -0.06374779343605042 0.1914999932050705
v -0.020623285323381424 -0.058522794395685196 0.19243791699409485
v -0.028955310583114624 -0.05488011986017227 0.19245460629463196
v -0.026405250653624535 -0.06374779343605042 0.1914999932050705
v -0.028955310583114624 -0.05488011986017227 0.19245460629463196
v -0.03833445534110069 -0.057371512055397034 0.1914999932050705
v -0.03833445534110069 -0.057371512055397034 0.1914999932050705
v -0.028955310583114624 -0.05488011986017227 0.19245460629463196
v -0.0375773087143898 -0.049377962946891785 0.19248300790786743
v -0.03833445534110069 -0.057371512055397034 0.1914999932050705
v -0.0375773087143898 -0.049377962946891785 0.19248300790786743
v -0.04879048466682434 -0.048790447413921356 0.1914999932050705
v -0.04879048466682434 -0.048790447413921356 0.1914999932050705
v -0.0375773087143898 -0.049377962946891785 0.19248300790786743
v -0.04467472434043884 -0.04306282103061676 0.19251768290996552
v -0.04879048466682434 -0.048790447413921356 0.1914999932050705
v -0.04467472434043884 -0.04306282103061676 0.19251768290996552
v -0.05737154185771942 -0.03833440691232681 0.1914999932050705
v -0.05737154185771942 -0.03833440691232681 0.1914999932050705
v -0.04467472434043884 -0.04306282103061676 0.19251768290996552
v -0.05046968162059784 -0.03609776869416237 0.19255825877189636
v -0.05737154185771942 -0.03833440691232681 0.1914999932050705
v -0.05046968162059784 -0.03609776869416237 0.19255825877189636
v -0.0637478157877922 -0.026405196636915207 0.1914999932050705
v -0.05046968162059784 -0.03609776869416237 0.19255825877189636
v -0.05525047332048416 -0.028242213651537895 0.19260548055171967
v -0.0637478157877922 -0.026405196636915207 0.1914999932050705
v -0.0637478157877922 -0.026405196636915207 0.1914999932050705
v -0.05525047332048416 -0.028242213651537895 0.19260548055171967
v -0.059059027582407 -0.01903335563838482 0.19266176223754883
v -0.0637478157877922 -0.026405196636915207 0.1914999932050705
v -0.059059027582407 -0.01903335563838482 0.19266176223754883
v -0.06767434626817703 -0.013461247086524963 0.1914999932050705
v -0.06767434626817703 -0.013461247086524963 0.1914999932050705
v -0.059059027582407 -0.01903335563838482 0.19266176223754883
v -0.06125926226377487 -0.009876243770122528 0.1927187442779541
v -0.06767434626817703 -0.013461247086524963 0.1914999932050705
v -0.06125926226377487 -0.009876243770122528 0.1927187442779541
v -0.0689999982714653 -5.201394870368858e-13 0.1914999932050705
v -0.0689999982714653 -5.201394870368858e-13 0.1914999932050705
v -0.06125926226377487 -0.009876243770122528 0.1927187442779541
v -0.06205028295516968 -1.80855330711438e-13 0.19278189539909363
v -0.0689999982714653 -5.201394870368858e-13 0.1914999932050705
v -0.06205028295516968 -1.80855330711438e-13 0.19278189539909363
v -0.06734983623027802 0.014999999664723873 0.1914999783039093
v -0.06205028295516968 -1.80855330711438e-13 0.19278189539909363
v -0.06158473342657089 0.007586712948977947 0.1928371787071228
v -0.06734983623027802 0.014999999664723873 0.1914999783039093
v -0.06734983623027802 0.014999999664723873 0.1914999783039093
v -0.06158473342657089 0.007586712948977947 0.1928371787071228
v -0.05968765169382095 0.016959410160779953 0.19296395778656006
v -0.06734983623027802 0.014999999664723873 0.1914999783039093
v -0.05968765169382095 0.016959410160779953 0.19296395778656006
v -0.06397455185651779 0.03420321270823479 0.1910928338766098
v -0.05534126237034798 0.1179109588265419 0.18742161989212036
v -0.05586112290620804 0.11145053058862686 0.18775227665901184
v -0.05179467052221298 0.11141974478960037 0.1897449791431427
v -0.05179467052221298 0.11141974478960037 0.1897449791431427
v -0.05586112290620804 0.11145053058862686 0.18775227665901184
v -0.058536890894174576 0.08117078244686127 0.189214289188385
v -0.05179467052221298 0.11141974478960037 0.1897449791431427
v -0.058536890894174576 0.08117078244686127 0.189214289188385
v -0.05195574462413788 0.0811421126127243 0.19173341989517212
v -0.05195574462413788 0.0811421126127243 0.19173341989517212
v -0.058536890894174576 0.08117078244686127 0.189214289188385
v -0.061767857521772385 0.050934359431266785 0.19049972295761108
v -0.05195574462413788 0.0811421126127243 0.19173341989517212
v -0.061767857521772385 0.050934359431266785 0.19049972295761108
v -0.052116818726062775 0.05086807906627655 0.19327735900878906
v -0.052116818726062775 0.05086807906627655 0.19327735900878906
v -0.061767857521772385 0.050934359431266785 0.19049972295761108
v -0.06226309761404991 0.04689888283610344 0.19065317511558533
v -0.052116818726062775 0.05086807906627655 0.19327735900878906
v -0.06226309761404991 0.04689888283610344 0.19065317511558533
v -0.05124586075544357 0.034987129271030426 0.19410476088523865
v -0.05124586075544357 0.034987129271030426 0.19410476088523865
v -0.06226309761404991 0.04689888283610344 0.19065317511558533
v -0.06397455185651779 0.03420321270823479 0.1910928338766098
v -0.05124586075544357 0.034987129271030426 0.19410476088523865
v -0.06397455185651779 0.03420321270823479 0.1910928338766098
v -0.05620071291923523 0.026300519704818726 0.19333834946155548
v -0.05620071291923523 0.026300519704818726 0.19333834946155548
v -0.06397455185651779 0.03420321270823479 0.1910928338766098
v -0.05968765169382095 0.016959410160779953 0.19296395778656006
v -0.043064557015895844 0.11134325712919235 0.19344758987426758
v -0.041046738624572754 0.17000001668930054 0.19069410860538483
v -0.05165472999215126 0.17000000178813934 0.1845150887966156
v -0.041046738624572754 0.17000001668930054 0.19069410860538483
v -0.043064557015895844 0.11134325712919235 0.19344758987426758
v -0.03417336940765381 0.14154259860515594 0.1953844130039215
v -0.03417336940765381 0.14154259860515594 0.1953844130039215
v -0.043064557015895844 0.11134325712919235 0.19344758987426758
v -0.034334443509578705 0.1112731322646141 0.1963655948638916
v -0.03417336940765381 0.14154259860515594 0.1953844130039215
v -0.034334443509578705 0.1112731322646141 0.1963655948638916
v -0.016874214634299278 0.1111505776643753 0.20001842081546783
v -0.017836298793554306 0.1700000762939453 0.19858421385288239
v -0.026006437838077545 0.17000000178813934 0.1965842843055725
v -0.03417336940765381 0.14154259860515594 0.1953844130039215
v -0.03417336940765381 0.14154259860515594 0.1953844130039215
v -0.026006437838077545 0.17000000178813934 0.1965842843055725
v -0.02970263734459877 0.17000004649162292 0.19541391730308533
v -0.03417336940765381 0.14154259860515594 0.1953844130039215
v -0.02970263734459877 0.17000004649162292 0.19541391730308533
v -0.041046738624572754 0.17000001668930054 0.19069410860538483
v -0.016713140532374382 0.14141520857810974 0.19963385164737701
v -0.016561057418584824 0.17000004649162292 0.19882608950138092
v -0.017836298793554306 0.1700000762939453 0.19858421385288239
v 8.082517988228233e-11 0.17000000178813934 0.20032411813735962
v -0.005656353197991848 0.1700001060962677 0.20015060901641846
v 0.0005860142991878092 0.11104876548051834 0.2011132538318634
v 0.0005860142991878092 0.11104876548051834 0.2011132538318634
v -0.005656353197991848 0.1700001060962677 0.20015060901641846
v -0.016713140532374382 0.14141520857810974 0.19963385164737701
v -0.016713140532374382 0.14141520857810974 0.19963385164737701
v -0.005656353197991848 0.1700001060962677 0.20015060901641846
v -0.012907755561172962 0.17000000178813934 0.19941703975200653
v -0.016713140532374382 0.14141520857810974 0.19963385164737701
v -0.012907755561172962 0.17000000178813934 0.19941703975200653
v -0.016561057418584824 0.17000004649162292 0.19882608950138092
v 8.082517988228233e-11 0.17000000178813934 0.20032411813735962
v 0.0005860142991878092 0.11104876548051834 0.2011132538318634
v 0.0008997579570859671 0.17000000178813934 0.20031970739364624
v 0.0008997579570859671 0.17000000178813934 0.20031970739364624
v 0.0005860142991878092 0.11104876548051834 0.2011132538318634
v 0.018046244978904724 0.11096630245447159 0.19982048869132996
v 0.0008997579570859671 0.17000000178813934 0.20031970739364624
v 0.018046244978904724 0.11096630245447159 0.19982048869132996
v 0.012244985438883305 0.17000001668930054 0.1995081901550293
v 0.012244985438883305 0.17000001668930054 0.1995081901550293
v 0.018046244978904724 0.11096630245447159 0.19982048869132996
v 0.026776358485221863 0.11093272268772125 0.1982296109199524
v 0.012244985438883305 0.17000001668930054 0.1995081901550293
v 0.026776358485221863 0.11093272268772125 0.1982296109199524
v 0.024285700172185898 0.17000004649162292 0.19707156717777252
v 0.053597480058670044 0.1411401629447937 0.18617823719978333
v 0.05299065262079239 0.1498105525970459 0.18569223582744598
v 0.05312778055667877 0.14115025103092194 0.18645815551280975
v 0.05312778055667877 0.14115025103092194 0.18645815551280975
v 0.05299065262079239 0.1498105525970459 0.18569223582744598
v 0.04686480388045311 0.1700001209974289 0.1875402182340622
v 0.05312778055667877 0.14115025103092194 0.18645815551280975
v 0.04686480388045311 0.1700001209974289 0.1875402182340622
v 0.04423658922314644 0.11088267713785172 0.19293829798698425
v 0.04423658922314644 0.11088267713785172 0.19293829798698425
v 0.04686480388045311 0.1700001209974289 0.1875402182340622
v 0.039279755204916 0.17000000178813934 0.1915482133626938
v 0.04423658922314644 0.11088267713785172 0.19293829798698425
v 0.039279755204916 0.17000000178813934 0.1915482133626938
v 0.0355064757168293 0.1109047457575798 0.19594840705394745
v 0.0355064757168293 0.1109047457575798 0.19594840705394745
v 0.039279755204916 0.17000000178813934 0.1915482133626938
v 0.035894088447093964 0.1700000911951065 0.19305826723575592
v 0.0355064757168293 0.1109047457575798 0.19594840705394745
v 0.035894088447093964 0.1700000911951065 0.19305826723575592
v 0.024285700172185898 0.17000004649162292 0.19707156717777252
v 0.004244695417582989 0.026590967550873756 0.1994999796152115
v 0.008150934241712093 0.029130470007658005 0.1994999796152115
v 0.00026386522222310305 0.05053168162703514 0.20037895441055298
v 0.00026386522222310305 0.05053168162703514 0.20037895441055298
v 0.008150934241712093 0.029130470007658005 0.1994999796152115
v 0.011848918162286282 0.033617038279771805 0.1994999796152115
v 0.00026386522222310305 0.05053168162703514 0.20037895441055298
v 0.011848918162286282 0.033617038279771805 0.1994999796152115
v 0.015048960223793983 0.04025609418749809 0.1994999796152115
v 0.00026386522222310305 0.05053168162703514 0.20037895441055298
v -0.011730383150279522 0.03304319083690643 0.1994999796152115
v -0.008207802660763264 0.028974484652280807 0.1994999796152115
v 0.004244695417582989 0.026590967550873756 0.1994999796152115
v 0.00026386522222310305 0.05053168162703514 0.20037895441055298
v 0.0001639466790948063 0.025688286870718002 0.1994999796152115
v 0.0001639466790948063 0.025688286870718002 0.1994999796152115
v 0.00026386522222310305 0.05053168162703514 0.20037895441055298
v -0.008207802660763264 0.028974484652280807 0.1994999796152115
v 0.0001639466790948063 0.025688286870718002 0.1994999796152115
v -0.008207802660763264 0.028974484652280807 0.1994999796152115
v -0.004044951405376196 0.02642262727022171 0.1994999796152115
v -0.03765449672937393 0.04931912571191788 0.1966480314731598
v -0.03475591167807579 0.05140295624732971 0.1971801370382309
v -0.0344955176115036 0.0810069590806961 0.19694022834300995
v -0.0344955176115036 0.0810069590806961 0.19694022834300995
v -0.03475591167807579 0.05140295624732971 0.1971801370382309
v -0.028981756418943405 0.054866157472133636 0.19817021489143372
v -0.0344955176115036 0.0810069590806961 0.19694022834300995
v -0.028981756418943405 0.054866157472133636 0.19817021489143372
v -0.01948404498398304 0.05891187861561775 0.1994999796152115
v -0.0344955176115036 0.0810069590806961 0.19694022834300995
v -0.05195574462413788 0.0811421126127243 0.19173341989517212
v -0.03765449672937393 0.04931912571191788 0.1966480314731598
v -0.03765449672937393 0.04931912571191788 0.1966480314731598
v -0.05195574462413788 0.0811421126127243 0.19173341989517212
v -0.052116818726062775 0.05086807906627655 0.19327735900878906
v -0.03765449672937393 0.04931912571191788 0.1966480314731598
v -0.052116818726062775 0.05086807906627655 0.19327735900878906
v -0.044908370822668076 0.042819105088710785 0.19526752829551697
v -0.044908370822668076 0.042819105088710785 0.19526752829551697
v -0.052116818726062775 0.05086807906627655 0.19327735900878906
v -0.05124586075544357 0.034987129271030426 0.19410476088523865
v -0.017836298793554306 0.1700000762939453 0.19858421385288239
v -0.03417336940765381 0.14154259860515594 0.1953844130039215
v -0.016713140532374382 0.14141520857810974 0.19963385164737701
v -0.016713140532374382 0.14141520857810974 0.19963385164737701
v -0.03417336940765381 0.14154259860515594 0.1953844130039215
v -0.016874214634299278 0.1111505776643753 0.20001842081546783
v -0.016713140532374382 0.14141520857810974 0.19963385164737701
v -0.016874214634299278 0.1111505776643753 0.20001842081546783
v 0.0005860142991878092 0.11104876548051834 0.2011132538318634
v 0.0005860142991878092 0.11104876548051834 0.2011132538318634
v -0.016874214634299278 0.1111505776643753 0.20001842081546783
v -0.01719636470079422 0.050630997866392136 0.1995927095413208
v 0.0005860142991878092 0.11104876548051834 0.2011132538318634
v -0.01719636470079422 0.050630997866392136 0.1995927095413208
v 0.00026386522222310305 0.05053168162703514 0.20037895441055298
v 0.00026386522222310305 0.05053168162703514 0.20037895441055298
v -0.01719636470079422 0.050630997866392136 0.1995927095413208
v -0.014889753423631191 0.039116330444812775 0.1994999796152115
v 0.00026386522222310305 0.05053168162703514 0.20037895441055298
v -0.014889753423631191 0.039116330444812775 0.1994999796152115
v -0.011730383150279522 0.03304319083690643 0.1994999796152115
v -0.01739879883825779 0.047079265117645264 0.19949999451637268
v -0.01719636470079422 0.050630997866392136 0.1995927095413208
v -0.01948404498398304 0.05891187861561775 0.1994999796152115
v -0.01948404498398304 0.05891187861561775 0.1994999796152115
v -0.01719636470079422 0.050630997866392136 0.1995927095413208
v -0.016874214634299278 0.1111505776643753 0.20001842081546783
v -0.01948404498398304 0.05891187861561775 0.1994999796152115
v -0.016874214634299278 0.1111505776643753 0.20001842081546783
v -0.0344955176115036 0.0810069590806961 0.19694022834300995
v -0.0344955176115036 0.0810069590806961 0.19694022834300995
v -0.016874214634299278 0.1111505776643753 0.20001842081546783
v -0.034334443509578705 0.1112731322646141 0.1963655948638916
v -0.0344955176115036 0.0810069590806961 0.19694022834300995
v -0.034334443509578705 0.1112731322646141 0.1963655948638916
v -0.05195574462413788 0.0811421126127243 0.19173341989517212
v -0.05195574462413788 0.0811421126127243 0.19173341989517212
v -0.034334443509578705 0.1112731322646141 0.1963655948638916
v -0.043064557015895844 0.11134325712919235 0.19344758987426758
v -0.05195574462413788 0.0811421126127243 0.19173341989517212
v -0.043064557015895844 0.11134325712919235 0.19344758987426758
v -0.05179467052221298 0.11141974478960037 0.1897449791431427
v -0.05179467052221298 0.11141974478960037 0.1897449791431427
v -0.043064557015895844 0.11134325712919235 0.19344758987426758
v -0.05165472999215126 0.17000000178813934 0.1845150887966156
v -0.05179467052221298 0.11141974478960037 0.1897449791431427
v -0.05165472999215126 0.17000000178813934 0.1845150887966156
v -0.05534126237034798 0.1179109588265419 0.18742161989212036
v 0.024285700172185898 0.17000004649162292 0.19707156717777252
v 0.026776358485221863 0.11093272268772125 0.1982296109199524
v 0.0355064757168293 0.1109047457575798 0.19594840705394745
v 0.0355064757168293 0.1109047457575798 0.19594840705394745
v 0.026776358485221863 0.11093272268772125 0.1982296109199524
v 0.035345401614904404 0.08063743263483047 0.19666339457035065
v 0.0355064757168293 0.1109047457575798 0.19594840705394745
v 0.035345401614904404 0.08063743263483047 0.19666339457035065
v 0.04423658922314644 0.11088267713785172 0.19293829798698425
v 0.04423658922314644 0.11088267713785172 0.19293829798698425
v 0.035345401614904404 0.08063743263483047 0.19666339457035065
v 0.05280563235282898 0.08058705180883408 0.19141310453414917
v 0.04423658922314644 0.11088267713785172 0.19293829798698425
v 0.05280563235282898 0.08058705180883408 0.19141310453414917
v 0.052966706454753876 0.11086650937795639 0.18919967114925385
v 0.052966706454753876 0.11086650937795639 0.18919967114925385
v 0.05280563235282898 0.08058705180883408 0.19141310453414917
v 0.055909186601638794 0.11085255444049835 0.1877828687429428
v 0.052966706454753876 0.11086650937795639 0.18919967114925385
v 0.055909186601638794 0.11085255444049835 0.1877828687429428
v 0.053597480058670044 0.1411401629447937 0.18617823719978333
v 0.015048960223793983 0.04025609418749809 0.1994999796152115
v 0.01769614964723587 0.04981667920947075 0.19949999451637268
v 0.00026386522222310305 0.05053168162703514 0.20037895441055298
v 0.00026386522222310305 0.05053168162703514 0.20037895441055298
v 0.01769614964723587 0.04981667920947075 0.19949999451637268
v 0.017724094912409782 0.050445787608623505 0.19950945675373077
v 0.00026386522222310305 0.05053168162703514 0.20037895441055298
v 0.017724094912409782 0.050445787608623505 0.19950945675373077
v 0.018046244978904724 0.11096630245447159 0.19982048869132996
v 0.018046244978904724 0.11096630245447159 0.19982048869132996
v 0.017724094912409782 0.050445787608623505 0.19950945675373077
v 0.019158093258738518 0.059018682688474655 0.1994999796152115
v 0.018046244978904724 0.11096630245447159 0.19982048869132996
v 0.019158093258738518 0.059018682688474655 0.1994999796152115
v 0.026776358485221863 0.11093272268772125 0.1982296109199524
v 0.026776358485221863 0.11093272268772125 0.1982296109199524
v 0.019158093258738518 0.059018682688474655 0.1994999796152115
v 0.028241239488124847 0.055250972509384155 0.19823788106441498
v 0.026776358485221863 0.11093272268772125 0.1982296109199524
v 0.028241239488124847 0.055250972509384155 0.19823788106441498
v 0.035345401614904404 0.08063743263483047 0.19666339457035065
v 0.035345401614904404 0.08063743263483047 0.19666339457035065
v 0.028241239488124847 0.055250972509384155 0.19823788106441498
v 0.0352562740445137 0.05106106773018837 0.19703584909439087
v 0.035345401614904404 0.08063743263483047 0.19666339457035065
v 0.0352562740445137 0.05106106773018837 0.19703584909439087
v 0.05280563235282898 0.08058705180883408 0.19141310453414917
v 0.05280563235282898 0.08058705180883408 0.19141310453414917
v 0.0352562740445137 0.05106106773018837 0.19703584909439087
v 0.03691143915057182 0.04987768083810806 0.19673274457454681
v 0.05280563235282898 0.08058705180883408 0.19141310453414917
v 0.03691143915057182 0.04987768083810806 0.19673274457454681
v 0.052644554525613785 0.05031167343258858 0.1931229680776596
v 0.052644554525613785 0.05031167343258858 0.1931229680776596
v 0.03691143915057182 0.04987768083810806 0.19673274457454681
v 0.04437589645385742 0.04337069392204285 0.19532380998134613
v 0.052644554525613785 0.05031167343258858 0.1931229680776596
v 0.04437589645385742 0.04337069392204285 0.19532380998134613
v 0.05073736235499382 0.035720545798540115 0.19416223466396332
v -0.02562493458390236 0.5574480891227722 0.1679999828338623
v -0.037759751081466675 0.5677276253700256 0.1679999828338623
v -0.0321529395878315 0.5621384978294373 0.16585251688957214
v -0.0321529395878315 0.5621384978294373 0.16585251688957214
v -0.037759751081466675 0.5677276253700256 0.1679999828338623
v -0.03819015249609947 0.5682381391525269 0.164004847407341
v -0.03819015249609947 0.5682381391525269 0.164004847407341
v -0.037759751081466675 0.5677276253700256 0.1679999828338623
v -0.04313857853412628 0.575375497341156 0.16271798312664032
v -0.04313857853412628 0.575375497341156 0.16271798312664032
v -0.037759751081466675 0.5677276253700256 0.1679999828338623
v -0.04702822491526604 0.5840109586715698 0.1679999828338623
v -0.04313857853412628 0.575375497341156 0.16271798312664032
v -0.04702822491526604 0.5840109586715698 0.1679999828338623
v -0.046543680131435394 0.5826509594917297 0.16205212473869324
v -0.0496719591319561 0.6000000238418579 0.1679999828338623
v -0.0496719591319561 0.6000000238418579 0.1619744896888733
v -0.04702822491526604 0.5840109586715698 0.1679999828338623
v -0.04702822491526604 0.5840109586715698 0.1679999828338623
v -0.0496719591319561 0.6000000238418579 0.1619744896888733
v -0.048808373510837555 0.5907779335975647 0.16186177730560303
v -0.04702822491526604 0.5840109586715698 0.1679999828338623
v -0.048808373510837555 0.5907779335975647 0.16186177730560303
v -0.046543680131435394 0.5826509594917297 0.16205212473869324
v -0.04952815920114517 0.6037768721580505 0.16203546524047852
v -0.0496719591319561 0.6000000238418579 0.1619744896888733
v -0.0496719591319561 0.6000000238418579 0.1679999828338623
v -0.04952815920114517 0.6037768721580505 0.16203546524047852
v -0.0496719591319561 0.6000000238418579 0.1679999828338623
v -0.04813998192548752 0.6122411489486694 0.16214340925216675
v -0.04813998192548752 0.6122411489486694 0.16214340925216675
v -0.0496719591319561 0.6000000238418579 0.1679999828338623
v -0.04879213124513626 0.609307587146759 0.1679999828338623
v -0.04813998192548752 0.6122411489486694 0.16214340925216675
v -0.04879213124513626 0.609307587146759 0.1679999828338623
v -0.0451674684882164 0.620668888092041 0.1621829867362976
v -0.0451674684882164 0.620668888092041 0.1621829867362976
v -0.04879213124513626 0.609307587146759 0.1679999828338623
v -0.04275473952293396 0.6252850890159607 0.1679999828338623
v -0.0451674684882164 0.620668888092041 0.1621829867362976
v -0.04275473952293396 0.6252850890159607 0.1679999828338623
v -0.04275473579764366 0.6252850890159607 0.1621750146150589
v -0.031662099063396454 0.6382728815078735 0.1620819866657257
v -0.03547757863998413 0.6347655653953552 0.16211333870887756
v -0.031662099063396454 0.6382728815078735 0.1679999828338623
v -0.031662099063396454 0.6382728815078735 0.1679999828338623
v -0.03547757863998413 0.6347655653953552 0.16211333870887756
v -0.03711960092186928 0.6330066323280334 0.16212762892246246
v -0.031662099063396454 0.6382728815078735 0.1679999828338623
v -0.03711960092186928 0.6330066323280334 0.16212762892246246
v -0.04275473952293396 0.6252850890159607 0.1679999828338623
v -0.04275473952293396 0.6252850890159607 0.1679999828338623
v -0.03711960092186928 0.6330066323280334 0.16212762892246246
v -0.0408833771944046 0.6282108426094055 0.1621609628200531
v -0.04275473952293396 0.6252850890159607 0.1679999828338623
v -0.0408833771944046 0.6282108426094055 0.1621609628200531
v -0.04275473579764366 0.6252850890159607 0.1621750146150589
v -0.014483240433037281 0.6475135684013367 0.16198408603668213
v -0.016825778409838676 0.6467353701591492 0.16199402511119843
v -0.016825774684548378 0.6467353701591492 0.1679999828338623
v -0.016825774684548378 0.6467353701591492 0.1679999828338623
v -0.016825778409838676 0.6467353701591492 0.16199402511119843
v -0.022566063329577446 0.6442501544952393 0.1620209515094757
v -0.016825774684548378 0.6467353701591492 0.1679999828338623
v -0.022566063329577446 0.6442501544952393 0.1620209515094757
v -0.031662099063396454 0.6382728815078735 0.1679999828338623
v -0.031662099063396454 0.6382728815078735 0.1679999828338623
v -0.022566063329577446 0.6442501544952393 0.1620209515094757
v -0.029607608914375305 0.6398835182189941 0.1620662361383438
v -0.031662099063396454 0.6382728815078735 0.1679999828338623
v -0.029607608914375305 0.6398835182189941 0.1620662361383438
v -0.031662099063396454 0.6382728815078735 0.1620819866657257
v -0.014483240433037281 0.6475135684013367 0.16198408603668213
v -0.016825774684548378 0.6467353701591492 0.1679999828338623
v -0.007471220102161169 0.6491068601608276 0.16196085512638092
v -0.007471220102161169 0.6491068601608276 0.16196085512638092
v -0.016825774684548378 0.6467353701591492 0.1679999828338623
v 1.51369936046476e-16 0.6496719717979431 0.1679999828338623
v -0.007471220102161169 0.6491068601608276 0.16196085512638092
v 1.51369936046476e-16 0.6496719717979431 0.1679999828338623
v 0.0016732546500861645 0.6496437788009644 0.16197247803211212
v 0.0016732546500861645 0.6496437788009644 0.16197247803211212
v 1.51369936046476e-16 0.6496719717979431 0.1679999828338623
v 0.010176246054470539 0.6486184000968933 0.16202419996261597
v 0.010176246054470539 0.6486184000968933 0.16202419996261597
v 1.51369936046476e-16 0.6496719717979431 0.1679999828338623
v 0.016825774684548378 0.6467353701591492 0.1679999828338623
v 0.010176246054470539 0.6486184000968933 0.16202419996261597
v 0.016825774684548378 0.6467353701591492 0.1679999828338623
v 0.018286293372511864 0.6461834907531738 0.16209836304187775
v 0.018286293372511864 0.6461834907531738 0.16209836304187775
v 0.016825774684548378 0.6467353701591492 0.1679999828338623
v 0.02521190606057644 0.6427979469299316 0.16217036545276642
v 0.02521190606057644 0.6427979469299316 0.16217036545276642
v 0.016825774684548378 0.6467353701591492 0.1679999828338623
v 0.031662099063396454 0.6382728815078735 0.1679999828338623
v 0.02521190606057644 0.6427979469299316 0.16217036545276642
v 0.031662099063396454 0.6382728815078735 0.1679999828338623
v 0.03228125721216202 0.637752115726471 0.16225765645503998
v 0.04275473952293396 0.6252850890159607 0.1679999828338623
v 0.04327002167701721 0.6243928074836731 0.1624174863100052
v 0.03832421824336052 0.6315999627113342 0.1623457372188568
v 0.04275473952293396 0.6252850890159607 0.1679999828338623
v 0.03832421824336052 0.6315999627113342 0.1623457372188568
v 0.031662099063396454 0.6382728815078735 0.1679999828338623
v 0.031662099063396454 0.6382728815078735 0.1679999828338623
v 0.03832421824336052 0.6315999627113342 0.1623457372188568
v 0.03704032301902771 0.6330955624580383 0.16232620179653168
v 0.031662099063396454 0.6382728815078735 0.1679999828338623
v 0.03704032301902771 0.6330955624580383 0.16232620179653168
v 0.03228125721216202 0.637752115726471 0.16225765645503998
v 0.04327002167701721 0.6243928074836731 0.1624174863100052
v 0.04275473952293396 0.6252850890159607 0.1679999828338623
v 0.04702090844511986 0.6160105466842651 0.16243761777877808
v 0.04702090844511986 0.6160105466842651 0.16243761777877808
v 0.04275473952293396 0.6252850890159607 0.1679999828338623
v 0.04879213124513626 0.609307587146759 0.1679999828338623
v 0.04702090844511986 0.6160105466842651 0.16243761777877808
v 0.04879213124513626 0.609307587146759 0.1679999828338623
v 0.048518285155296326 0.6106432676315308 0.1624116748571396
v 0.048518285155296326 0.6106432676315308 0.1624116748571396
v 0.04879213124513626 0.609307587146759 0.1679999828338623
v 0.049017224460840225 0.6080383658409119 0.16238854825496674
v 0.049017224460840225 0.6080383658409119 0.16238854825496674
v 0.04879213124513626 0.609307587146759 0.1679999828338623
v 0.0496719591319561 0.6000000238418579 0.1679999828338623
v 0.049017224460840225 0.6080383658409119 0.16238854825496674
v 0.0496719591319561 0.6000000238418579 0.1679999828338623
v 0.0496719591319561 0.6000000238418579 0.16228672862052917
v 0.061867713928222656 -0.004756420385092497 0.19275200366973877
v 0.06205028295516968 -1.805777749552817e-13 0.19278189539909363
v 0.06205028295516968 -1.8712809080057013e-13 0.1994999796152115
v 0.061867713928222656 -0.004756420385092497 0.19275200366973877
v 0.06205028295516968 -1.8712809080057013e-13 0.1994999796152115
v 0.060416724532842636 -0.014144149608910084 0.19269423186779022
v 0.060416724532842636 -0.014144149608910084 0.19269423186779022
v 0.06205028295516968 -1.8712809080057013e-13 0.1994999796152115
v 0.06128633767366409 -0.009706802666187286 0.1994999796152115
v 0.060416724532842636 -0.014144149608910084 0.19269423186779022
v 0.06128633767366409 -0.009706802666187286 0.1994999796152115
v 0.057684995234012604 -0.02286216989159584 0.19264155626296997
v 0.057684995234012604 -0.02286216989159584 0.19264155626296997
v 0.06128633767366409 -0.009706802666187286 0.1994999796152115
v 0.055287204682826996 -0.028170237317681313 0.1994999796152115
v 0.057684995234012604 -0.02286216989159584 0.19264155626296997
v 0.055287204682826996 -0.028170237317681313 0.1994999796152115
v 0.055287208408117294 -0.028170235455036163 0.1926097869873047
v 0.04155733063817024 -0.04607847332954407 0.1925056278705597
v 0.043876178562641144 -0.04387617111206055 0.19251786172389984
v 0.043876174837350845 -0.043876174837350845 0.1994999796152115
v 0.043876174837350845 -0.043876174837350845 0.1994999796152115
v 0.043876178562641144 -0.04387617111206055 0.19251786172389984
v 0.04760794714093208 -0.03979599103331566 0.19254113733768463
v 0.043876174837350845 -0.043876174837350845 0.1994999796152115
v 0.04760794714093208 -0.03979599103331566 0.19254113733768463
v 0.055287204682826996 -0.028170237317681313 0.1994999796152115
v 0.055287204682826996 -0.028170237317681313 0.1994999796152115
v 0.04760794714093208 -0.03979599103331566 0.19254113733768463
v 0.053536225110292435 -0.03137052804231644 0.19259072840213776
v 0.055287204682826996 -0.028170237317681313 0.1994999796152115
v 0.053536225110292435 -0.03137052804231644 0.19259072840213776
v 0.055287208408117294 -0.028170235455036163 0.1926097869873047
v 0.04155733063817024 -0.04607847332954407 0.1925056278705597
v 0.043876174837350845 -0.043876174837350845 0.1994999796152115
v 0.03342536836862564 -0.052277933806180954 0.19247221946716309
v 0.03342536836862564 -0.052277933806180954 0.19247221946716309
v 0.043876174837350845 -0.043876174837350845 0.1994999796152115
v 0.028170237317681313 -0.055287204682826996 0.1994999796152115
v 0.03342536836862564 -0.052277933806180954 0.19247221946716309
v 0.028170237317681313 -0.055287204682826996 0.1994999796152115
v 0.02817024104297161 -0.055287204682826996 0.19245664775371552
v 0.009706802666187286 -0.06128633767366409 0.1994999796152115
v 0.016714071854948997 -0.059756819158792496 0.1924358755350113
v 0.028170237317681313 -0.055287204682826996 0.1994999796152115
v 0.028170237317681313 -0.055287204682826996 0.1994999796152115
v 0.016714071854948997 -0.059756819158792496 0.1924358755350113
v 0.025025175884366035 -0.05678008496761322 0.1924491822719574
v 0.028170237317681313 -0.055287204682826996 0.1994999796152115
v 0.025025175884366035 -0.05678008496761322 0.1924491822719574
v 0.02817024104297161 -0.055287204682826996 0.19245664775371552
v -0.011523010209202766 -0.060970958322286606 0.19242997467517853
v -0.009706802666187286 -0.06128633767366409 0.19242918491363525
v -0.009706802666187286 -0.06128633767366409 0.1994999796152115
v -0.009706802666187286 -0.06128633767366409 0.1994999796152115
v -0.009706802666187286 -0.06128633767366409 0.19242918491363525
v -0.002212290419265628 -0.062010832130908966 0.19242766499519348
v -0.009706802666187286 -0.06128633767366409 0.1994999796152115
v -0.002212290419265628 -0.062010832130908966 0.19242766499519348
v 0.009706802666187286 -0.06128633767366409 0.1994999796152115
v 0.009706802666187286 -0.06128633767366409 0.1994999796152115
v -0.002212290419265628 -0.062010832130908966 0.19242766499519348
v 0.008106278255581856 -0.06151849776506424 0.1924295276403427
v 0.009706802666187286 -0.06128633767366409 0.1994999796152115
v 0.008106278255581856 -0.06151849776506424 0.1924295276403427
v 0.016714071854948997 -0.059756819158792496 0.1924358755350113
v -0.011523010209202766 -0.060970958322286606 0.19242997467517853
v -0.009706802666187286 -0.06128633767366409 0.1994999796152115
v -0.020623285323381424 -0.058522794395685196 0.19243791699409485
v -0.020623285323381424 -0.058522794395685196 0.19243791699409485
v -0.009706802666187286 -0.06128633767366409 0.1994999796152115
v -0.028170237317681313 -0.055287204682826996 0.1994999796152115
v -0.020623285323381424 -0.058522794395685196 0.19243791699409485
v -0.028170237317681313 -0.055287204682826996 0.1994999796152115
v -0.028955310583114624 -0.05488011986017227 0.19245460629463196
v -0.028955310583114624 -0.05488011986017227 0.19245460629463196
v -0.028170237317681313 -0.055287204682826996 0.1994999796152115
v -0.0375773087143898 -0.049377962946891785 0.19248300790786743
v -0.0375773087143898 -0.049377962946891785 0.19248300790786743
v -0.028170237317681313 -0.055287204682826996 0.1994999796152115
v -0.043876174837350845 -0.043876174837350845 0.1994999796152115
v -0.0375773087143898 -0.049377962946891785 0.19248300790786743
v -0.043876174837350845 -0.043876174837350845 0.1994999796152115
v -0.04467472434043884 -0.04306282103061676 0.19251768290996552
v -0.04467472434043884 -0.04306282103061676 0.19251768290996552
v -0.043876174837350845 -0.043876174837350845 0.1994999796152115
v -0.05046968162059784 -0.03609776869416237 0.19255825877189636
v -0.05046968162059784 -0.03609776869416237 0.19255825877189636
v -0.043876174837350845 -0.043876174837350845 0.1994999796152115
v -0.055287204682826996 -0.028170237317681313 0.1994999796152115
v -0.05046968162059784 -0.03609776869416237 0.19255825877189636
v -0.055287204682826996 -0.028170237317681313 0.1994999796152115
v -0.05525047332048416 -0.028242213651537895 0.19260548055171967
v -0.05525047332048416 -0.028242213651537895 0.19260548055171967
v -0.055287204682826996 -0.028170237317681313 0.1994999796152115
v -0.059059027582407 -0.01903335563838482 0.19266176223754883
v -0.059059027582407 -0.01903335563838482 0.19266176223754883
v -0.055287204682826996 -0.028170237317681313 0.1994999796152115
v -0.06128633767366409 -0.009706802666187286 0.1994999796152115
v -0.059059027582407 -0.01903335563838482 0.19266176223754883
v -0.06128633767366409 -0.009706802666187286 0.1994999796152115
v -0.06125926226377487 -0.009876243770122528 0.1927187442779541
v -0.06125926226377487 -0.009876243770122528 0.1927187442779541
v -0.06128633767366409 -0.009706802666187286 0.1994999796152115
v -0.06205028295516968 -1.8712809080057013e-13 0.1994999796152115
v -0.06125926226377487 -0.009876243770122528 0.1927187442779541
v -0.06205028295516968 -1.8712809080057013e-13 0.1994999796152115
v -0.06205028295516968 -1.80855330711438e-13 0.19278189539909363
v 0.04437589645385742 0.04337069392204285 0.19532380998134613
v 0.03691143915057182 0.04987768083810806 0.19673274457454681
v 0.04448952525854111 0.043254125863313675 0.1994999796152115
v 0.04448952525854111 0.043254125863313675 0.1994999796152115
v 0.03691143915057182 0.04987768083810806 0.19673274457454681
v 0.0352562740445137 0.05106106773018837 0.19703584909439087
v 0.04448952525854111 0.043254125863313675 0.1994999796152115
v 0.0352562740445137 0.05106106773018837 0.19703584909439087
v 0.030901318415999413 0.05380841717123985 0.1994999796152115
v 0.030901318415999413 0.05380841717123985 0.1994999796152115
v 0.0352562740445137 0.05106106773018837 0.19703584909439087
v 0.028241239488124847 0.055250972509384155 0.19823788106441498
v 0.030901318415999413 0.05380841717123985 0.1994999796152115
v 0.028241239488124847 0.055250972509384155 0.19823788106441498
v 0.019158093258738518 0.059018682688474655 0.1994999796152115
v 0.04437589645385742 0.04337069392204285 0.19532380998134613
v 0.04448952525854111 0.043254125863313675 0.1994999796152115
v 0.05073736235499382 0.035720545798540115 0.19416223466396332
v 0.05073736235499382 0.035720545798540115 0.19416223466396332
v 0.04448952525854111 0.043254125863313675 0.1994999796152115
v 0.05465707555413246 0.02937416359782219 0.1994999796152115
v 0.05073736235499382 0.035720545798540115 0.19416223466396332
v 0.05465707555413246 0.02937416359782219 0.1994999796152115
v 0.055763594806194305 0.02721504494547844 0.19338050484657288
v 0.055763594806194305 0.02721504494547844 0.19338050484657288
v 0.05465707555413246 0.02937416359782219 0.1994999796152115
v 0.06062221899628639 0.01323571428656578 0.1994999796152115
v 0.055763594806194305 0.02721504494547844 0.19338050484657288
v 0.06062221899628639 0.01323571428656578 0.1994999796152115
v 0.059517960995435715 0.01754564419388771 0.19297093152999878
v 0.06205028295516968 -1.8712809080057013e-13 0.1994999796152115
v 0.06205028295516968 -1.805777749552817e-13 0.19278189539909363
v 0.06062221899628639 0.01323571428656578 0.1994999796152115
v 0.06062221899628639 0.01323571428656578 0.1994999796152115
v 0.06205028295516968 -1.805777749552817e-13 0.19278189539909363
v 0.061464305967092514 0.00850742682814598 0.19284316897392273
v 0.06062221899628639 0.01323571428656578 0.1994999796152115
v 0.061464305967092514 0.00850742682814598 0.19284316897392273
v 0.059517960995435715 0.01754564419388771 0.19297093152999878
usemtl DefaultMaterial
f 1 2 3
f 4 5 6
f 7 8 9
f 10 11 12
f 13 14 15
f 16 17 18
f 19 20 21
f 22 23 24
f 25 26 27
f 28 29 30
f 31 32 33
f 34 35 36
f 37 38 39
f 40 41 42
f 43 44 45
f 46 47 48
f 49 50 51
f 52 53 54
f 55 56 57
f 58 59 60
f 61 62 63
f 64 65 66
f 67 68 69
f 70 71 72
f 73 74 75
f 76 77 78
f 79 80 81
f 82 83 84
f 85 86 87
f 88 89 90
f 91 92 93
f 94 95 96
f 97 98 99
f 100 101 102
f 103 104 105
f 106 107 108
f 109 110 111
f 112 113 114
f 115 116 117
f 118 119 120
f 121 122 123
f 124 125 126
f 127 128 129
f 130 131 132
f 133 134 135
f 136 137 138
f 139 140 141
f 142 143 144
f 145 146 147
f 148 149 150
f 151 152 153
f 154 155 156
f 157 158 159
f 160 161 162
f 163 164 165
f 166 167 168
f 169 170 171
f 172 173 174
f 175 176 177
f 178 179 180
f 181 182 183
f 184 185 186
f 187 188 189
f 190 191 192
f 193 194 195
f 196 197 198
f 199 200 201
f 202 203 204
f 205 206 207
f 208 209 210
f 211 212 213
f 214 215 216
f 217 218 219
f 220 221 222
f 223 224 225
f 226 227 228
f 229 230 231
f 232 233 234
f 235 236 237
f 238 239 240
f 241 242 243
f 244 245 246
f 247 248 249
f 250 251 252
f 253 254 255
f 256 257 258
f 259 260 261
f 262 263 264
f 265 266 267
f 268 269 270
f 271 272 273
f 274 275 276
f 277 278 279
f 280 281 282
f 283 284 285
f 286 287 288
f 289 290 291
f 292 293 294
f 295 296 297
f 298 299 300
f 301 302 303
f 304 305 306
f 307 308 309
f 310 311 312
f 313 314 315
f 316 317 318
f 319 320 321
f 322 323 324
f 325 326 327
f 328 329 330
f 331 332 333
f 334 335 336
f 337 338 339
f 340 341 342
f 343 344 345
f 346 347 348
f 349 350 351
f 352 353 354
f 355 356 357
f 358 359 360
f 361 362 363
f 364 365 366
f 367 368 369
f 370 371 372
f 373 374 375
f 376 377 378
f 379 380 381
f 382 383 384
f 385 386 387
f 388 389 390
f 391 392 393
f 394 395 396
f 397 398 399
f 400 401 402
f 403 404 405
f 406 407 408
f 409 410 411
f 412 413 414
f 415 416 417
f 418 419 420
f 421 422 423
f 424 425 426
f 427 428 429
f 430 431 432
f 433 434 435
f 436 437 438
f 439 440 441
f 442 443 444
f 445 446 447
f 448 449 450
f 451 452 453
f 454 455 456
f 457 458 459
f 460 461 462
f 463 464 465
f 466 467 468
f 469 470 471
f 472 473 474
f 475 476 477
f 478 479 480
f 481 482 483
f 484 485 486
f 487 488 489
f 490 491 492
f 493 494 495
f 496 497 498
f 499 500 501
f 502 503 504
f 505 506 507
f 508 509 510
f 511 512 513
f 514 515 516
f 517 518 519
f 520 521 522
f 523 524 525
f 526 527 528
f 529 530 531
f 532 533 534
f 535 536 537
f 538 539 540
f 541 542 543
f 544 545 546
f 547 548 549
f 550 551 552
f 553 554 555
f 556 557 558
f 559 560 561
f 562 563 564
f 565 566 567
f 568 569 570
f 571 572 573
f 574 575 576
f 577 578 579
f 580 581 582
f 583 584 585
f 586 587 588
f 589 590 591
f 592 593 594
f 595 596 597
f 598 599 600
f 601 602 603
f 604 605 606
f 607 608 609
f 610 611 612
f 613 614 615
f 616 617 618
f 619 620 621
f 622 623 624
f 625 626 627
f 628 629 630
f 631 632 633
f 634 635 636
f 637 638 639
f 640 641 642
f 643 644 645
f 646 647 648
f 649 650 651
f 652 653 654
f 655 656 657
f 658 659 660
f 661 662 663
f 664 665 666
f 667 668 669
f 670 671 672
f 673 674 675
f 676 677 678
f 679 680 681
f 682 683 684
f 685 686 687
f 688 689 690
f 691 692 693
f 694 695 696
f 697 698 699
f 700 701 702
f 703 704 705
f 706 707 708
f 709 710 711
f 712 713 714
f 715 716 717
f 718 719 720
f 721 722 723
f 724 725 726
f 727 728 729
f 730 731 732
f 733 734 735
f 736 737 738
f 739 740 741
f 742 743 744
f 745 746 747
f 748 749 750
f 751 752 753
f 754 755 756
f 757 758 759
f 760 761 762
f 763 764 765
f 766 767 768
f 769 770 771
f 772 773 774
f 775 776 777
f 778 779 780
f 781 782 783
f 784 785 786
f 787 788 789
f 790 791 792
f 793 794 795
f 796 797 798
f 799 800 801
f 802 803 804
f 805 806 807
f 808 809 810
f 811 812 813
f 814 815 816
f 817 818 819
f 820 821 822
f 823 824 825
f 826 827 828
f 829 830 831
f 832 833 834
f 835 836 837
f 838 839 840
f 841 842 843
f 844 845 846
f 847 848 849
f 850 851 852
f 853 854 855
f 856 857 858
f 859 860 861
f 862 863 864
f 865 866 867
f 868 869 870
f 871 872 873
f 874 875 876
f 877 878 879
f 880 881 882
f 883 884 885
f 886 887 888
f 889 890 891
f 892 893 894
f 895 896 897
f 898 899 900
f 901 902 903
f 904 905 906
f 907 908 909
f 910 911 912
f 913 914 915
f 916 917 918
f 919 920 921
f 922 923 924
f 925 926 927
f 928 929 930
f 931 932 933
f 934 935 936
f 937 938 939
f 940 941 942
f 943 944 945
f 946 947 948
f 949 950 951
f 952 953 954
f 955 956 957
f 958 959 960
f 961 962 963
f 964 965 966
f 967 968 969
f 970 971 972
f 973 974 975
f 976 977 978
f 979 980 981
f 982 983 984
f 985 986 987
f 988 989 990
f 991 992 993
f 994 995 996
f 997 998 999
f 1000 1001 1002
f 1003 1004 1005
f 1006 1007 1008
f 1009 1010 1011
f 1012 1013 1014
f 1015 1016 1017
f 1018 1019 1020
f 1021 1022 1023
f 1024 1025 1026
f 1027 1028 1029
f 1030 1031 1032
f 1033 1034 1035
f 1036 1037 1038
f 1039 1040 1041
f 1042 1043 1044
f 1045 1046 1047
f 1048 1049 1050
f 1051 1052 1053
f 1054 1055 1056
f 1057 1058 1059
f 1060 1061 1062
f 1063 1064 1065
f 1066 1067 1068
f 1069 1070 1071
f 1072 1073 1074
f 1075 1076 1077
f 1078 1079 1080
f 1081 1082 1083
f 1084 1085 1086
f 1087 1088 1089
f 1090 1091 1092
f 1093 1094 1095
f 1096 1097 1098
f 1099 1100 1101
f 1102 1103 1104
f 1105 1106 1107
f 1108 1109 1110
f 1111 1112 1113
f 1114 1115 1116
f 1117 1118 1119
f 1120 1121 1122
f 1123 1124 1125
f 1126 1127 1128
f 1129 1130 1131
f 1132 1133 1134
f 1135 1136 1137
f 1138 1139 1140
f 1141 1142 1143
f 1144 1145 1146
f 1147 1148 1149
f 1150 1151 1152
f 1153 1154 1155
f 1156 1157 1158
f 1159 1160 1161
f 1162 1163 1164
f 1165 1166 1167
f 1168 1169 1170
f 1171 1172 1173
f 1174 1175 1176
f 1177 1178 1179
f 1180 1181 1182
f 1183 1184 1185
f 1186 1187 1188
f 1189 1190 1191
f 1192 1193 1194
f 1195 1196 1197
f 1198 1199 1200
f 1201 1202 1203
f 1204 1205 1206
f 1207 1208 1209
f 1210 1211 1212
f 1213 1214 1215
f 1216 1217 1218
f 1219 1220 1221
f 1222 1223 1224
f 1225 1226 1227
f 1228 1229 1230
f 1231 1232 1233
f 1234 1235 1236
f 1237 1238 1239
f 1240 1241 1242
f 1243 1244 1245
f 1246 1247 1248
f 1249 1250 1251
f 1252 1253 1254
f 1255 1256 1257
f 1258 1259 1260
f 1261 1262 1263
f 1264 1265 1266
f 1267 1268 1269
f 1270 1271 1272
f 1273 1274 1275
f 1276 1277 1278
f 1279 1280 1281
f 1282 1283 1284
f 1285 1286 1287
f 1288 1289 1290
f 1291 1292 1293
f 1294 1295 1296
f 1297 1298 1299
f 1300 1301 1302
f 1303 1304 1305
f 1306 1307 1308
f 1309 1310 1311
f 1312 1313 1314
f 1315 1316 1317
f 1318 1319 1320
f 1321 1322 1323
f 1324 1325 1326
f 1327 1328 1329
f 1330 1331 1332
f 1333 1334 1335
f 1336 1337 1338
f 1339 1340 1341
f 1342 1343 1344
f 1345 1346 1347
f 1348 1349 1350
f 1351 1352 1353
f 1354 1355 1356
f 1357 1358 1359
f 1360 1361 1362
f 1363 1364 1365
f 1366 1367 1368
f 1369 1370 1371
f 1372 1373 1374
f 1375 1376 1377
f 1378 1379 1380
f 1381 1382 1383
f 1384 1385 1386
f 1387 1388 1389
f 1390 1391 1392
f 1393 1394 1395
f 1396 1397 1398
f 1399 1400 1401
f 1402 1403 1404
f 1405 1406 1407
f 1408 1409 1410
f 1411 1412 1413
f 1414 1415 1416
f 1417 1418 1419
f 1420 1421 1422
f 1423 1424 1425
f 1426 1427 1428
f 1429 1430 1431
f 1432 1433 1434
f 1435 1436 1437
f 1438 1439 1440
f 1441 1442 1443
f 1444 1445 1446
f 1447 1448 1449
f 1450 1451 1452
f 1453 1454 1455
f 1456 1457 1458
f 1459 1460 1461
f 1462 1463 1464
f 1465 1466 1467
f 1468 1469 1470
f 1471 1472 1473
f 1474 1475 1476
f 1477 1478 1479
f 1480 1481 1482
f 1483 1484 1485
f 1486 1487 1488
f 1489 1490 1491
f 1492 1493 1494
f 1495 1496 1497
f 1498 1499 1500
f 1501 1502 1503
f 1504 1505 1506
f 1507 1508 1509
f 1510 1511 1512
f 1513 1514 1515
f 1516 1517 1518
f 1519 1520 1521
f 1522 1523 1524
f 1525 1526 1527
f 1528 1529 1530
f 1531 1532 1533
f 1534 1535 1536
f 1537 1538 1539
f 1540 1541 1542
f 1543 1544 1545
f 1546 1547 1548
f 1549 1550 1551
f 1552 1553 1554
f 1555 1556 1557
f 1558 1559 1560
f 1561 1562 1563
f 1564 1565 1566
f 1567 1568 1569
f 1570 1571 1572
f 1573 1574 1575
f 1576 1577 1578
f 1579 1580 1581
f 1582 1583 1584
f 1585 1586 1587
f 1588 1589 1590
f 1591 1592 1593
f 1594 1595 1596
f 1597 1598 1599
f 1600 1601 1602
f 1603 1604 1605
f 1606 1607 1608
f 1609 1610 1611
f 1612 1613 1614
f 1615 1616 1617
f 1618 1619 1620
f 1621 1622 1623
f 1624 1625 1626
f 1627 1628 1629
f 1630 1631 1632
f 1633 1634 1635
f 1636 1637 1638
f 1639 1640 1641
f 1642 1643 1644
f 1645 1646 1647
f 1648 1649 1650
f 1651 1652 1653
f 1654 1655 1656
f 1657 1658 1659
f 1660 1661 1662
f 1663 1664 1665
f 1666 1667 1668
f 1669 1670 1671
f 1672 1673 1674
f 1675 1676 1677
f 1678 1679 1680
f 1681 1682 1683
f 1684 1685 1686
f 1687 1688 1689
f 1690 1691 1692
f 1693 1694 1695
f 1696 1697 1698
f 1699 1700 1701
f 1702 1703 1704
f 1705 1706 1707
f 1708 1709 1710
f 1711 1712 1713
f 1714 1715 1716
f 1717 1718 1719
f 1720 1721 1722
f 1723 1724 1725
f 1726 1727 1728
f 1729 1730 1731
f 1732 1733 1734
f 1735 1736 1737
f 1738 1739 1740
f 1741 1742 1743
f 1744 1745 1746
f 1747 1748 1749
f 1750 1751 1752
f 1753 1754 1755
f 1756 1757 1758
f 1759 1760 1761
f 1762 1763 1764
f 1765 1766 1767
f 1768 1769 1770
f 1771 1772 1773
f 1774 1775 1776
f 1777 1778 1779
f 1780 1781 1782
f 1783 1784 1785
f 1786 1787 1788
f 1789 1790 1791
f 1792 1793 1794
f 1795 1796 1797
f 1798 1799 1800
f 1801 1802 1803
f 1804 1805 1806
f 1807 1808 1809
f 1810 1811 1812
f 1813 1814 1815
f 1816 1817 1818
f 1819 1820 1821
f 1822 1823 1824
f 1825 1826 1827
f 1828 1829 1830
f 1831 1832 1833
f 1834 1835 1836
f 1837 1838 1839
f 1840 1841 1842
f 1843 1844 1845
f 1846 1847 1848
f 1849 1850 1851
f 1852 1853 1854
f 1855 1856 1857
f 1858 1859 1860
f 1861 1862 1863
f 1864 1865 1866
f 1867 1868 1869
f 1870 1871 1872
f 1873 1874 1875
f 1876 1877 1878
f 1879 1880 1881
f 1882 1883 1884
f 1885 1886 1887
f 1888 1889 1890
f 1891 1892 1893
f 1894 1895 1896
f 1897 1898 1899
f 1900 1901 1902
f 1903 1904 1905
f 1906 1907 1908
f 1909 1910 1911
f 1912 1913 1914
f 1915 1916 1917
f 1918 1919 1920
f 1921 1922 1923
f 1924 1925 1926
f 1927 1928 1929
f 1930 1931 1932
f 1933 1934 1935
f 1936 1937 1938
f 1939 1940 1941
f 1942 1943 1944
f 1945 1946 1947
f 1948 1949 1950
f 1951 1952 1953
f 1954 1955 1956
f 1957 1958 1959
f 1960 1961 1962
f 1963 1964 1965
f 1966 1967 1968
f 1969 1970 1971
f 1972 1973 1974
f 1975 1976 1977
f 1978 1979 1980
f 1981 1982 1983
f 1984 1985 1986
f 1987 1988 1989
f 1990 1991 1992
f 1993 1994 1995
f 1996 1997 1998
f 1999 2000 2001
f 2002 2003 2004
f 2005 2006 2007
f 2008 2009 2010
f 2011 2012 2013
f 2014 2015 2016
f 2017 2018 2019
f 2020 2021 2022
f 2023 2024 2025
f 2026 2027 2028
f 2029 2030 2031
f 2032 2033 2034
f 2035 2036 2037
f 2038 2039 2040
f 2041 2042 2043
f 2044 2045 2046
f 2047 2048 2049
f 2050 2051 2052
f 2053 2054 2055
f 2056 2057 2058
f 2059 2060 2061
f 2062 2063 2064
f 2065 2066 2067
f 2068 2069 2070
f 2071 2072 2073
f 2074 2075 2076
f 2077 2078 2079
f 2080 2081 2082
f 2083 2084 2085
f 2086 2087 2088
f 2089 2090 2091
f 2092 2093 2094
f 2095 2096 2097
f 2098 2099 2100
f 2101 2102 2103
f 2104 2105 2106
f 2107 2108 2109
f 2110 2111 2112
f 2113 2114 2115
f 2116 2117 2118
f 2119 2120 2121
f 2122 2123 2124
f 2125 2126 2127
f 2128 2129 2130
f 2131 2132 2133
f 2134 2135 2136
f 2137 2138 2139
f 2140 2141 2142
f 2143 2144 2145
f 2146 2147 2148
f 2149 2150 2151
f 2152 2153 2154
f 2155 2156 2157
f 2158 2159 2160
f 2161 2162 2163
f 2164 2165 2166
f 2167 2168 2169
f 2170 2171 2172
f 2173 2174 2175
f 2176 2177 2178
f 2179 2180 2181
f 2182 2183 2184
f 2185 2186 2187
f 2188 2189 2190
f 2191 2192 2193
f 2194 2195 2196
f 2197 2198 2199
f 2200 2201 2202
f 2203 2204 2205
f 2206 2207 2208
f 2209 2210 2211
f 2212 2213 2214
f 2215 2216 2217
f 2218 2219 2220
f 2221 2222 2223
f 2224 2225 2226
f 2227 2228 2229
f 2230 2231 2232
f 2233 2234 2235
f 2236 2237 2238
f 2239 2240 2241
f 2242 2243 2244
f 2245 2246 2247
f 2248 2249 2250
f 2251 2252 2253
f 2254 2255 2256
f 2257 2258 2259
f 2260 2261 2262
f 2263 2264 2265
f 2266 2267 2268
f 2269 2270 2271
f 2272 2273 2274
f 2275 2276 2277
f 2278 2279 2280
f 2281 2282 2283
f 2284 2285 2286
f 2287 2288 2289
f 2290 2291 2292
f 2293 2294 2295
f 2296 2297 2298
f 2299 2300 2301
f 2302 2303 2304
f 2305 2306 2307
f 2308 2309 2310
f 2311 2312 2313
f 2314 2315 2316
f 2317 2318 2319
f 2320 2321 2322
f 2323 2324 2325
f 2326 2327 2328
f 2329 2330 2331
f 2332 2333 2334
f 2335 2336 2337
f 2338 2339 2340
f 2341 2342 2343
f 2344 2345 2346
f 2347 2348 2349
f 2350 2351 2352
f 2353 2354 2355
f 2356 2357 2358
f 2359 2360 2361
f 2362 2363 2364
f 2365 2366 2367
f 2368 2369 2370
f 2371 2372 2373
f 2374 2375 2376
f 2377 2378 2379
f 2380 2381 2382
f 2383 2384 2385
f 2386 2387 2388
f 2389 2390 2391
f 2392 2393 2394
f 2395 2396 2397
f 2398 2399 2400
f 2401 2402 2403
f 2404 2405 2406
f 2407 2408 2409
f 2410 2411 2412
f 2413 2414 2415
f 2416 2417 2418
f 2419 2420 2421
f 2422 2423 2424
f 2425 2426 2427
f 2428 2429 2430
f 2431 2432 2433
f 2434 2435 2436
f 2437 2438 2439
f 2440 2441 2442
f 2443 2444 2445
f 2446 2447 2448
f 2449 2450 2451
f 2452 2453 2454
f 2455 2456 2457
f 2458 2459 2460
f 2461 2462 2463
f 2464 2465 2466
f 2467 2468 2469
f 2470 2471 2472
f 2473 2474 2475
f 2476 2477 2478
f 2479 2480 2481
f 2482 2483 2484
f 2485 2486 2487
f 2488 2489 2490
f 2491 2492 2493
f 2494 2495 2496
f 2497 2498 2499
f 2500 2501 2502
f 2503 2504 2505
f 2506 2507 2508
f 2509 2510 2511
f 2512 2513 2514
f 2515 2516 2517
f 2518 2519 2520
f 2521 2522 2523
f 2524 2525 2526
f 2527 2528 2529
f 2530 2531 2532
f 2533 2534 2535
f 2536 2537 2538
f 2539 2540 2541
f 2542 2543 2544
f 2545 2546 2547
f 2548 2549 2550
f 2551 2552 2553
f 2554 2555 2556
f 2557 2558 2559
f 2560 2561 2562
f 2563 2564 2565
f 2566 2567 2568
f 2569 2570 2571
f 2572 2573 2574
f 2575 2576 2577
f 2578 2579 2580
f 2581 2582 2583
f 2584 2585 2586
f 2587 2588 2589
f 2590 2591 2592
f 2593 2594 2595
f 2596 2597 2598
f 2599 2600 2601
f 2602 2603 2604
f 2605 2606 2607
f 2608 2609 2610
f 2611 2612 2613
f 2614 2615 2616
f 2617 2618 2619
f 2620 2621 2622
f 2623 2624 2625
f 2626 2627 2628
f 2629 2630 2631
f 2632 2633 2634
f 2635 2636 2637
f 2638 2639 2640
f 2641 2642 2643
f 2644 2645 2646
f 2647 2648 2649
f 2650 2651 2652
f 2653 2654 2655
f 2656 2657 2658
f 2659 2660 2661
f 2662 2663 2664
f 2665 2666 2667
f 2668 2669 2670
f 2671 2672 2673
f 2674 2675 2676
f 2677 2678 2679
f 2680 2681 2682
f 2683 2684 2685
f 2686 2687 2688
f 2689 2690 2691
f 2692 2693 2694
f 2695 2696 2697
f 2698 2699 2700
f 2701 2702 2703
f 2704 2705 2706
f 2707 2708 2709
f 2710 2711 2712
f 2713 2714 2715
f 2716 2717 2718
f 2719 2720 2721
f 2722 2723 2724
f 2725 2726 2727
f 2728 2729 2730
f 2731 2732 2733
f 2734 2735 2736
f 2737 2738 2739
f 2740 2741 2742
f 2743 2744 2745
f 2746 2747 2748
f 2749 2750 2751
f 2752 2753 2754
f 2755 2756 2757
f 2758 2759 2760
f 2761 2762 2763
f 2764 2765 2766
f 2767 2768 2769
f 2770 2771 2772
f 2773 2774 2775
f 2776 2777 2778
f 2779 2780 2781
f 2782 2783 2784
f 2785 2786 2787
f 2788 2789 2790
f 2791 2792 2793
f 2794 2795 2796
f 2797 2798 2799
f 2800 2801 2802
f 2803 2804 2805
f 2806 2807 2808
f 2809 2810 2811
f 2812 2813 2814
f 2815 2816 2817
f 2818 2819 2820
f 2821 2822 2823
f 2824 2825 2826
f 2827 2828 2829
f 2830 2831 2832
f 2833 2834 2835
f 2836 2837 2838
f 2839 2840 2841
f 2842 2843 2844
f 2845 2846 2847
f 2848 2849 2850
f 2851 2852 2853
f 2854 2855 2856
f 2857 2858 2859
f 2860 2861 2862
f 2863 2864 2865
f 2866 2867 2868
f 2869 2870 2871
f 2872 2873 2874
f 2875 2876 2877
f 2878 2879 2880
f 2881 2882 2883
f 2884 2885 2886
f 2887 2888 2889
f 2890 2891 2892
f 2893 2894 2895
f 2896 2897 2898
f 2899 2900 2901
f 2902 2903 2904
f 2905 2906 2907
f 2908 2909 2910
f 2911 2912 2913
f 2914 2915 2916
f 2917 2918 2919
f 2920 2921 2922
f 2923 2924 2925
f 2926 2927 2928
f 2929 2930 2931
f 2932 2933 2934
f 2935 2936 2937
f 2938 2939 2940
f 2941 2942 2943
f 2944 2945 2946
f 2947 2948 2949
f 2950 2951 2952
f 2953 2954 2955
f 2956 2957 2958
f 2959 2960 2961
f 2962 2963 2964
f 2965 2966 2967
f 2968 2969 2970
f 2971 2972 2973
f 2974 2975 2976
f 2977 2978 2979
f 2980 2981 2982
f 2983 2984 2985
f 2986 2987 2988
f 2989 2990 2991
f 2992 2993 2994
f 2995 2996 2997
f 2998 2999 3000
f 3001 3002 3003
f 3004 3005 3006
f 3007 3008 3009
f 3010 3011 3012
f 3013 3014 3015
f 3016 3017 3018
f 3019 3020 3021
f 3022 3023 3024
f 3025 3026 3027
f 3028 3029 3030
f 3031 3032 3033
f 3034 3035 3036
f 3037 3038 3039
f 3040 3041 3042
f 3043 3044 3045
f 3046 3047 3048
f 3049 3050 3051
f 3052 3053 3054
f 3055 3056 3057
f 3058 3059 3060
f 3061 3062 3063
f 3064 3065 3066
f 3067 3068 3069
f 3070 3071 3072
f 3073 3074 3075
f 3076 3077 3078
f 3079 3080 3081
f 3082 3083 3084
f 3085 3086 3087
f 3088 3089 3090
f 3091 3092 3093
f 3094 3095 3096
f 3097 3098 3099
f 3100 3101 3102
f 3103 3104 3105
f 3106 3107 3108
f 3109 3110 3111
f 3112 3113 3114
f 3115 3116 3117
f 3118 3119 3120
f 3121 3122 3123
f 3124 3125 3126
f 3127 3128 3129
f 3130 3131 3132
f 3133 3134 3135
f 3136 3137 3138
f 3139 3140 3141
f 3142 3143 3144
f 3145 3146 3147
f 3148 3149 3150
f 3151 3152 3153
f 3154 3155 3156
f 3157 3158 3159
f 3160 3161 3162
f 3163 3164 3165
f 3166 3167 3168
f 3169 3170 3171
f 3172 3173 3174
f 3175 3176 3177
f 3178 3179 3180
f 3181 3182 3183
f 3184 3185 3186
f 3187 3188 3189
f 3190 3191 3192
f 3193 3194 3195
f 3196 3197 3198
f 3199 3200 3201
f 3202 3203 3204
f 3205 3206 3207
f 3208 3209 3210
f 3211 3212 3213
f 3214 3215 3216
f 3217 3218 3219
f 3220 3221 3222
f 3223 3224 3225
f 3226 3227 3228
f 3229 3230 3231
f 3232 3233 3234
f 3235 3236 3237
f 3238 3239 3240
f 3241 3242 3243
f 3244 3245 3246
f 3247 3248 3249
f 3250 3251 3252
f 3253 3254 3255
f 3256 3257 3258
f 3259 3260 3261
f 3262 3263 3264
f 3265 3266 3267
f 3268 3269 3270
f 3271 3272 3273
f 3274 3275 3276
f 3277 3278 3279
f 3280 3281 3282
f 3283 3284 3285
f 3286 3287 3288
f 3289 3290 3291
f 3292 3293 3294
f 3295 3296 3297
f 3298 3299 3300
f 3301 3302 3303
f 3304 3305 3306
f 3307 3308 3309
f 3310 3311 3312
f 3313 3314 3315
f 3316 3317 3318
f 3319 3320 3321
f 3322 3323 3324
f 3325 3326 3327
f 3328 3329 3330
f 3331 3332 3333
f 3334 3335 3336
f 3337 3338 3339
f 3340 3341 3342
f 3343 3344 3345
f 3346 3347 3348
f 3349 3350 3351
f 3352 3353 3354
f 3355 3356 3357
f 3358 3359 3360
f 3361 3362 3363
f 3364 3365 3366
f 3367 3368 3369
f 3370 3371 3372
f 3373 3374 3375
f 3376 3377 3378
f 3379 3380 3381
f 3382 3383 3384
f 3385 3386 3387
f 3388 3389 3390
f 3391 3392 3393
f 3394 3395 3396
f 3397 3398 3399
f 3400 3401 3402
f 3403 3404 3405
f 3406 3407 3408
f 3409 3410 3411
f 3412 3413 3414
f 3415 3416 3417
f 3418 3419 3420
f 3421 3422 3423
f 3424 3425 3426
f 3427 3428 3429
f 3430 3431 3432
f 3433 3434 3435
f 3436 3437 3438
f 3439 3440 3441
f 3442 3443 3444
f 3445 3446 3447
f 3448 3449 3450
f 3451 3452 3453
f 3454 3455 3456
f 3457 3458 3459
f 3460 3461 3462
f 3463 3464 3465
f 3466 3467 3468
f 3469 3470 3471
f 3472 3473 3474
f 3475 3476 3477
f 3478 3479 3480
f 3481 3482 3483
f 3484 3485 3486
f 3487 3488 3489
f 3490 3491 3492
f 3493 3494 3495
f 3496 3497 3498
f 3499 3500 3501
f 3502 3503 3504
f 3505 3506 3507
f 3508 3509 3510
f 3511 3512 3513
f 3514 3515 3516
f 3517 3518 3519
f 3520 3521 3522
f 3523 3524 3525
f 3526 3527 3528
f 3529 3530 3531
f 3532 3533 3534
f 3535 3536 3537
f 3538 3539 3540
f 3541 3542 3543
f 3544 3545 3546
f 3547 3548 3549
f 3550 3551 3552
f 3553 3554 3555
f 3556 3557 3558
f 3559 3560 3561
f 3562 3563 3564
f 3565 3566 3567
f 3568 3569 3570
f 3571 3572 3573
f 3574 3575 3576
f 3577 3578 3579
f 3580 3581 3582
f 3583 3584 3585
f 3586 3587 3588
f 3589 3590 3591
f 3592 3593 3594
f 3595 3596 3597
f 3598 3599 3600
f 3601 3602 3603
f 3604 3605 3606
f 3607 3608 3609
f 3610 3611 3612
f 3613 3614 3615
f 3616 3617 3618
f 3619 3620 3621
f 3622 3623 3624
f 3625 3626 3627
f 3628 3629 3630
f 3631 3632 3633
f 3634 3635 3636
f 3637 3638 3639
f 3640 3641 3642
f 3643 3644 3645
f 3646 3647 3648
f 3649 3650 3651
f 3652 3653 3654
f 3655 3656 3657
f 3658 3659 3660
f 3661 3662 3663
f 3664 3665 3666
f 3667 3668 3669
f 3670 3671 3672
f 3673 3674 3675
f 3676 3677 3678
f 3679 3680 3681
f 3682 3683 3684
f 3685 3686 3687
f 3688 3689 3690
f 3691 3692 3693
f 3694 3695 3696
f 3697 3698 3699
f 3700 3701 3702
f 3703 3704 3705
f 3706 3707 3708
f 3709 3710 3711
f 3712 3713 3714
f 3715 3716 3717
f 3718 3719 3720
f 3721 3722 3723
f 3724 3725 3726
f 3727 3728 3729
f 3730 3731 3732
f 3733 3734 3735
f 3736 3737 3738
f 3739 3740 3741
f 3742 3743 3744
f 3745 3746 3747
f 3748 3749 3750
f 3751 3752 3753
f 3754 3755 3756
f 3757 3758 3759
f 3760 3761 3762
f 3763 3764 3765
f 3766 3767 3768
f 3769 3770 3771
f 3772 3773 3774
f 3775 3776 3777
f 3778 3779 3780
f 3781 3782 3783
f 3784 3785 3786
f 3787 3788 3789
f 3790 3791 3792
f 3793 3794 3795
f 3796 3797 3798
f 3799 3800 3801
f 3802 3803 3804
f 3805 3806 3807
f 3808 3809 3810
f 3811 3812 3813
f 3814 3815 3816
f 3817 3818 3819
f 3820 3821 3822
f 3823 3824 3825
f 3826 3827 3828
f 3829 3830 3831
f 3832 3833 3834
f 3835 3836 3837
f 3838 3839 3840
f 3841 3842 3843
f 3844 3845 3846
f 3847 3848 3849
f 3850 3851 3852
f 3853 3854 3855
f 3856 3857 3858
f 3859 3860 3861
f 3862 3863 3864
f 3865 3866 3867
f 3868 3869 3870
f 3871 3872 3873
f 3874 3875 3876
f 3877 3878 3879
f 3880 3881 3882
f 3883 3884 3885
f 3886 3887 3888
f 3889 3890 3891
f 3892 3893 3894
f 3895 3896 3897
f 3898 3899 3900
f 3901 3902 3903
f 3904 3905 3906
f 3907 3908 3909
f 3910 3911 3912
f 3913 3914 3915
f 3916 3917 3918
f 3919 3920 3921
f 3922 3923 3924
f 3925 3926 3927
f 3928 3929 3930
f 3931 3932 3933
f 3934 3935 3936
f 3937 3938 3939
f 3940 3941 3942
f 3943 3944 3945
f 3946 3947 3948
f 3949 3950 3951
f 3952 3953 3954
f 3955 3956 3957
f 3958 3959 3960
f 3961 3962 3963
f 3964 3965 3966
f 3967 3968 3969
f 3970 3971 3972
f 3973 3974 3975
f 3976 3977 3978
f 3979 3980 3981
f 3982 3983 3984
f 3985 3986 3987
f 3988 3989 3990
f 3991 3992 3993
f 3994 3995 3996
f 3997 3998 3999
f 4000 4001 4002
f 4003 4004 4005
f 4006 4007 4008
f 4009 4010 4011
f 4012 4013 4014
f 4015 4016 4017
f 4018 4019 4020
f 4021 4022 4023
f 4024 4025 4026
f 4027 4028 4029
f 4030 4031 4032
f 4033 4034 4035
f 4036 4037 4038
f 4039 4040 4041
f 4042 4043 4044
f 4045 4046 4047
f 4048 4049 4050
f 4051 4052 4053
f 4054 4055 4056
f 4057 4058 4059
f 4060 4061 4062
f 4063 4064 4065
f 4066 4067 4068
f 4069 4070 4071
f 4072 4073 4074
f 4075 4076 4077
f 4078 4079 4080
f 4081 4082 4083
f 4084 4085 4086
f 4087 4088 4089
f 4090 4091 4092
f 4093 4094 4095
f 4096 4097 4098
f 4099 4100 4101
f 4102 4103 4104
f 4105 4106 4107
f 4108 4109 4110
f 4111 4112 4113
f 4114 4115 4116
f 4117 4118 4119
f 4120 4121 4122
f 4123 4124 4125
f 4126 4127 4128
f 4129 4130 4131
f 4132 4133 4134
f 4135 4136 4137
f 4138 4139 4140
f 4141 4142 4143
f 4144 4145 4146
f 4147 4148 4149
f 4150 4151 4152
f 4153 4154 4155
f 4156 4157 4158
f 4159 4160 4161
f 4162 4163 4164
f 4165 4166 4167
f 4168 4169 4170
f 4171 4172 4173
f 4174 4175 4176
f 4177 4178 4179
f 4180 4181 4182
f 4183 4184 4185
f 4186 4187 4188
f 4189 4190 4191
f 4192 4193 4194
f 4195 4196 4197
f 4198 4199 4200
f 4201 4202 4203
f 4204 4205 4206
f 4207 4208 4209
f 4210 4211 4212
f 4213 4214 4215
f 4216 4217 4218
f 4219 4220 4221
f 4222 4223 4224
f 4225 4226 4227
f 4228 4229 4230
f 4231 4232 4233
f 4234 4235 4236
f 4237 4238 4239
f 4240 4241 4242
f 4243 4244 4245
f 4246 4247 4248
f 4249 4250 4251
f 4252 4253 4254
f 4255 4256 4257
f 4258 4259 4260
f 4261 4262 4263
f 4264 4265 4266
f 4267 4268 4269
f 4270 4271 4272
f 4273 4274 4275
f 4276 4277 4278
f 4279 4280 4281
f 4282 4283 4284
f 4285 4286 4287
f 4288 4289 4290
f 4291 4292 4293
f 4294 4295 4296
f 4297 4298 4299
f 4300 4301 4302
f 4303 4304 4305
f 4306 4307 4308
f 4309 4310 4311
f 4312 4313 4314
f 4315 4316 4317
f 4318 4319 4320
f 4321 4322 4323
f 4324 4325 4326
f 4327 4328 4329
f 4330 4331 4332
f 4333 4334 4335
f 4336 4337 4338
f 4339 4340 4341
f 4342 4343 4344
f 4345 4346 4347
f 4348 4349 4350
f 4351 4352 4353
f 4354 4355 4356
f 4357 4358 4359
f 4360 4361 4362
f 4363 4364 4365
f 4366 4367 4368
f 4369 4370 4371
f 4372 4373 4374
f 4375 4376 4377
f 4378 4379 4380
f 4381 4382 4383
f 4384 4385 4386
f 4387 4388 4389
f 4390 4391 4392
f 4393 4394 4395
f 4396 4397 4398
f 4399 4400 4401
f 4402 4403 4404
f 4405 4406 4407
f 4408 4409 4410
f 4411 4412 4413
f 4414 4415 4416
f 4417 4418 4419
f 4420 4421 4422
f 4423 4424 4425
f 4426 4427 4428
f 4429 4430 4431
f 4432 4433 4434
f 4435 4436 4437
f 4438 4439 4440
f 4441 4442 4443
f 4444 4445 4446
f 4447 4448 4449
f 4450 4451 4452
f 4453 4454 4455
f 4456 4457 4458
f 4459 4460 4461
f 4462 4463 4464
f 4465 4466 4467
f 4468 4469 4470
f 4471 4472 4473
f 4474 4475 4476
f 4477 4478 4479
f 4480 4481 4482
f 4483 4484 4485
f 4486 4487 4488
f 4489 4490 4491
f 4492 4493 4494
f 4495 4496 4497
f 4498 4499 4500
f 4501 4502 4503
f 4504 4505 4506
f 4507 4508 4509
f 4510 4511 4512
f 4513 4514 4515
f 4516 4517 4518
f 4519 4520 4521
f 4522 4523 4524
f 4525 4526 4527
f 4528 4529 4530
f 4531 4532 4533
f 4534 4535 4536
f 4537 4538 4539
f 4540 4541 4542
f 4543 4544 4545
f 4546 4547 4548
f 4549 4550 4551
f 4552 4553 4554
f 4555 4556 4557
f 4558 4559 4560
f 4561 4562 4563
f 4564 4565 4566
f 4567 4568 4569
f 4570 4571 4572
f 4573 4574 4575
f 4576 4577 4578
f 4579 4580 4581
f 4582 4583 4584
f 4585 4586 4587
f 4588 4589 4590
f 4591 4592 4593
f 4594 4595 4596
f 4597 4598 4599
f 4600 4601 4602
f 4603 4604 4605
f 4606 4607 4608
f 4609 4610 4611
f 4612 4613 4614
f 4615 4616 4617
f 4618 4619 4620
f 4621 4622 4623
f 4624 4625 4626
f 4627 4628 4629
f 4630 4631 4632
f 4633 4634 4635
f 4636 4637 4638
f 4639 4640 4641
f 4642 4643 4644
f 4645 4646 4647
f 4648 4649 4650
f 4651 4652 4653
f 4654 4655 4656
f 4657 4658 4659
f 4660 4661 4662
f 4663 4664 4665
f 4666 4667 4668
f 4669 4670 4671
f 4672 4673 4674
f 4675 4676 4677
f 4678 4679 4680
f 4681 4682 4683
f 4684 4685 4686
f 4687 4688 4689
f 4690 4691 4692
f 4693 4694 4695
f 4696 4697 4698
f 4699 4700 4701
f 4702 4703 4704
f 4705 4706 4707
f 4708 4709 4710
f 4711 4712 4713
f 4714 4715 4716
f 4717 4718 4719
f 4720 4721 4722
f 4723 4724 4725
f 4726 4727 4728
f 4729 4730 4731
f 4732 4733 4734
f 4735 4736 4737
f 4738 4739 4740
f 4741 4742 4743
f 4744 4745 4746
f 4747 4748 4749
f 4750 4751 4752
f 4753 4754 4755
f 4756 4757 4758
f 4759 4760 4761
f 4762 4763 4764
f 4765 4766 4767
f 4768 4769 4770
f 4771 4772 4773
f 4774 4775 4776
f 4777 4778 4779
f 4780 4781 4782
f 4783 4784 4785
f 4786 4787 4788
f 4789 4790 4791
f 4792 4793 4794
f 4795 4796 4797
f 4798 4799 4800
f 4801 4802 4803
f 4804 4805 4806
f 4807 4808 4809
f 4810 4811 4812
f 4813 4814 4815
f 4816 4817 4818
f 4819 4820 4821
f 4822 4823 4824
f 4825 4826 4827
f 4828 4829 4830
f 4831 4832 4833
f 4834 4835 4836
f 4837 4838 4839
f 4840 4841 4842
f 4843 4844 4845
f 4846 4847 4848
f 4849 4850 4851
f 4852 4853 4854
f 4855 4856 4857
f 4858 4859 4860
f 4861 4862 4863
f 4864 4865 4866
f 4867 4868 4869
f 4870 4871 4872
f 4873 4874 4875
f 4876 4877 4878
f 4879 4880 4881
f 4882 4883 4884
f 4885 4886 4887
f 4888 4889 4890
f 4891 4892 4893
f 4894 4895 4896
f 4897 4898 4899
f 4900 4901 4902
f 4903 4904 4905
f 4906 4907 4908
f 4909 4910 4911
f 4912 4913 4914
f 4915 4916 4917
f 4918 4919 4920
f 4921 4922 4923
f 4924 4925 4926
